solid OpenSCAD_Model
  facet normal 0.321435 0.946932 -0
    outer loop
      vertex 1.53073 3.69552 0
      vertex 1.03528 3.8637 14
      vertex 1.53073 3.69552 14
    endloop
  endfacet
  facet normal 0.321435 0.946932 0
    outer loop
      vertex 1.03528 3.8637 14
      vertex 1.53073 3.69552 0
      vertex 1.03528 3.8637 0
    endloop
  endfacet
  facet normal 0.980784 0.195096 0
    outer loop
      vertex 3.96578 0.522104 14
      vertex 3.8637 1.03528 0
      vertex 3.8637 1.03528 14
    endloop
  endfacet
  facet normal 0.980784 0.195096 0
    outer loop
      vertex 3.8637 1.03528 0
      vertex 3.96578 0.522104 14
      vertex 3.96578 0.522104 0
    endloop
  endfacet
  facet normal 0.997859 0.0654022 0
    outer loop
      vertex 4 0 14
      vertex 3.96578 0.522104 0
      vertex 3.96578 0.522104 14
    endloop
  endfacet
  facet normal 0.997859 0.0654022 0
    outer loop
      vertex 3.96578 0.522104 0
      vertex 4 0 14
      vertex 4 0 0
    endloop
  endfacet
  facet normal 0.946932 0.321435 0
    outer loop
      vertex 3.8637 1.03528 14
      vertex 3.69552 1.53073 0
      vertex 3.69552 1.53073 14
    endloop
  endfacet
  facet normal 0.946932 0.321435 0
    outer loop
      vertex 3.69552 1.53073 0
      vertex 3.8637 1.03528 14
      vertex 3.8637 1.03528 0
    endloop
  endfacet
  facet normal 0.442291 0.896871 -0
    outer loop
      vertex 2 3.4641 0
      vertex 1.53073 3.69552 14
      vertex 2 3.4641 14
    endloop
  endfacet
  facet normal 0.442291 0.896871 0
    outer loop
      vertex 1.53073 3.69552 14
      vertex 2 3.4641 0
      vertex 1.53073 3.69552 0
    endloop
  endfacet
  facet normal -0.997859 -0.0654022 0
    outer loop
      vertex -3.96578 -0.522104 0
      vertex -4 0 14
      vertex -4 0 0
    endloop
  endfacet
  facet normal -0.997859 -0.0654022 0
    outer loop
      vertex -4 0 14
      vertex -3.96578 -0.522104 0
      vertex -3.96578 -0.522104 14
    endloop
  endfacet
  facet normal 0.896871 0.442291 0
    outer loop
      vertex 3.69552 1.53073 14
      vertex 3.4641 2 0
      vertex 3.4641 2 14
    endloop
  endfacet
  facet normal 0.896871 0.442291 0
    outer loop
      vertex 3.4641 2 0
      vertex 3.69552 1.53073 14
      vertex 3.69552 1.53073 0
    endloop
  endfacet
  facet normal 0.831471 0.555569 0
    outer loop
      vertex 3.4641 2 14
      vertex 3.17341 2.43505 0
      vertex 3.17341 2.43505 14
    endloop
  endfacet
  facet normal 0.831471 0.555569 0
    outer loop
      vertex 3.17341 2.43505 0
      vertex 3.4641 2 14
      vertex 3.4641 2 0
    endloop
  endfacet
  facet normal -0.65934 0.751845 0
    outer loop
      vertex -2.43505 3.17341 0
      vertex -2.82843 2.82843 14
      vertex -2.43505 3.17341 14
    endloop
  endfacet
  facet normal -0.65934 0.751845 0
    outer loop
      vertex -2.82843 2.82843 14
      vertex -2.43505 3.17341 0
      vertex -2.82843 2.82843 0
    endloop
  endfacet
  facet normal 0.751845 0.65934 0
    outer loop
      vertex 3.17341 2.43505 14
      vertex 2.82843 2.82843 0
      vertex 2.82843 2.82843 14
    endloop
  endfacet
  facet normal 0.751845 0.65934 0
    outer loop
      vertex 2.82843 2.82843 0
      vertex 3.17341 2.43505 14
      vertex 3.17341 2.43505 0
    endloop
  endfacet
  facet normal -0.980784 0.195096 0
    outer loop
      vertex -3.96578 0.522104 0
      vertex -3.8637 1.03528 14
      vertex -3.8637 1.03528 0
    endloop
  endfacet
  facet normal -0.980784 0.195096 0
    outer loop
      vertex -3.8637 1.03528 14
      vertex -3.96578 0.522104 0
      vertex -3.96578 0.522104 14
    endloop
  endfacet
  facet normal -0.555569 -0.831471 0
    outer loop
      vertex -2.43505 -3.17341 0
      vertex -2 -3.4641 14
      vertex -2.43505 -3.17341 14
    endloop
  endfacet
  facet normal -0.555569 -0.831471 -0
    outer loop
      vertex -2 -3.4641 14
      vertex -2.43505 -3.17341 0
      vertex -2 -3.4641 0
    endloop
  endfacet
  facet normal -0.997859 0.0654022 0
    outer loop
      vertex -4 0 0
      vertex -3.96578 0.522104 14
      vertex -3.96578 0.522104 0
    endloop
  endfacet
  facet normal -0.997859 0.0654022 0
    outer loop
      vertex -3.96578 0.522104 14
      vertex -4 0 0
      vertex -4 0 14
    endloop
  endfacet
  facet normal -0.751845 -0.65934 0
    outer loop
      vertex -2.82843 -2.82843 0
      vertex -3.17341 -2.43505 14
      vertex -3.17341 -2.43505 0
    endloop
  endfacet
  facet normal -0.751845 -0.65934 0
    outer loop
      vertex -3.17341 -2.43505 14
      vertex -2.82843 -2.82843 0
      vertex -2.82843 -2.82843 14
    endloop
  endfacet
  facet normal 0.195096 -0.980784 0
    outer loop
      vertex 0.522104 -3.96578 0
      vertex 1.03528 -3.8637 14
      vertex 0.522104 -3.96578 14
    endloop
  endfacet
  facet normal 0.195096 -0.980784 0
    outer loop
      vertex 1.03528 -3.8637 14
      vertex 0.522104 -3.96578 0
      vertex 1.03528 -3.8637 0
    endloop
  endfacet
  facet normal -0.442291 0.896871 0
    outer loop
      vertex -1.53073 3.69552 0
      vertex -2 3.4641 14
      vertex -1.53073 3.69552 14
    endloop
  endfacet
  facet normal -0.442291 0.896871 0
    outer loop
      vertex -2 3.4641 14
      vertex -1.53073 3.69552 0
      vertex -2 3.4641 0
    endloop
  endfacet
  facet normal -0.321435 -0.946932 0
    outer loop
      vertex -1.53073 -3.69552 0
      vertex -1.03528 -3.8637 14
      vertex -1.53073 -3.69552 14
    endloop
  endfacet
  facet normal -0.321435 -0.946932 -0
    outer loop
      vertex -1.03528 -3.8637 14
      vertex -1.53073 -3.69552 0
      vertex -1.03528 -3.8637 0
    endloop
  endfacet
  facet normal 0.980784 -0.195096 0
    outer loop
      vertex 3.8637 -1.03528 14
      vertex 3.96578 -0.522104 0
      vertex 3.96578 -0.522104 14
    endloop
  endfacet
  facet normal 0.980784 -0.195096 0
    outer loop
      vertex 3.96578 -0.522104 0
      vertex 3.8637 -1.03528 14
      vertex 3.8637 -1.03528 0
    endloop
  endfacet
  facet normal -0.751845 0.65934 0
    outer loop
      vertex -3.17341 2.43505 0
      vertex -2.82843 2.82843 14
      vertex -2.82843 2.82843 0
    endloop
  endfacet
  facet normal -0.751845 0.65934 0
    outer loop
      vertex -2.82843 2.82843 14
      vertex -3.17341 2.43505 0
      vertex -3.17341 2.43505 14
    endloop
  endfacet
  facet normal 0.831471 -0.555569 0
    outer loop
      vertex 3.17341 -2.43505 14
      vertex 3.4641 -2 0
      vertex 3.4641 -2 14
    endloop
  endfacet
  facet normal 0.831471 -0.555569 0
    outer loop
      vertex 3.4641 -2 0
      vertex 3.17341 -2.43505 14
      vertex 3.17341 -2.43505 0
    endloop
  endfacet
  facet normal -0.321435 0.946932 0
    outer loop
      vertex -1.03528 3.8637 0
      vertex -1.53073 3.69552 14
      vertex -1.03528 3.8637 14
    endloop
  endfacet
  facet normal -0.321435 0.946932 0
    outer loop
      vertex -1.53073 3.69552 14
      vertex -1.03528 3.8637 0
      vertex -1.53073 3.69552 0
    endloop
  endfacet
  facet normal -0.980784 -0.195096 0
    outer loop
      vertex -3.8637 -1.03528 0
      vertex -3.96578 -0.522104 14
      vertex -3.96578 -0.522104 0
    endloop
  endfacet
  facet normal -0.980784 -0.195096 0
    outer loop
      vertex -3.96578 -0.522104 14
      vertex -3.8637 -1.03528 0
      vertex -3.8637 -1.03528 14
    endloop
  endfacet
  facet normal -0.195096 -0.980784 0
    outer loop
      vertex -1.03528 -3.8637 0
      vertex -0.522104 -3.96578 14
      vertex -1.03528 -3.8637 14
    endloop
  endfacet
  facet normal -0.195096 -0.980784 -0
    outer loop
      vertex -0.522104 -3.96578 14
      vertex -1.03528 -3.8637 0
      vertex -0.522104 -3.96578 0
    endloop
  endfacet
  facet normal 0.555569 0.831471 -0
    outer loop
      vertex 2.43505 3.17341 0
      vertex 2 3.4641 14
      vertex 2.43505 3.17341 14
    endloop
  endfacet
  facet normal 0.555569 0.831471 0
    outer loop
      vertex 2 3.4641 14
      vertex 2.43505 3.17341 0
      vertex 2 3.4641 0
    endloop
  endfacet
  facet normal 0.946932 -0.321435 0
    outer loop
      vertex 3.69552 -1.53073 14
      vertex 3.8637 -1.03528 0
      vertex 3.8637 -1.03528 14
    endloop
  endfacet
  facet normal 0.946932 -0.321435 0
    outer loop
      vertex 3.8637 -1.03528 0
      vertex 3.69552 -1.53073 14
      vertex 3.69552 -1.53073 0
    endloop
  endfacet
  facet normal 0.0654022 -0.997859 0
    outer loop
      vertex 0 -4 0
      vertex 0.522104 -3.96578 14
      vertex 0 -4 14
    endloop
  endfacet
  facet normal 0.0654022 -0.997859 0
    outer loop
      vertex 0.522104 -3.96578 14
      vertex 0 -4 0
      vertex 0.522104 -3.96578 0
    endloop
  endfacet
  facet normal 0.751845 -0.65934 0
    outer loop
      vertex 2.82843 -2.82843 14
      vertex 3.17341 -2.43505 0
      vertex 3.17341 -2.43505 14
    endloop
  endfacet
  facet normal 0.751845 -0.65934 0
    outer loop
      vertex 3.17341 -2.43505 0
      vertex 2.82843 -2.82843 14
      vertex 2.82843 -2.82843 0
    endloop
  endfacet
  facet normal -0.0654022 0.997859 0
    outer loop
      vertex 0 4 0
      vertex -0.522104 3.96578 14
      vertex 0 4 14
    endloop
  endfacet
  facet normal -0.0654022 0.997859 0
    outer loop
      vertex -0.522104 3.96578 14
      vertex 0 4 0
      vertex -0.522104 3.96578 0
    endloop
  endfacet
  facet normal 0.555569 -0.831471 0
    outer loop
      vertex 2 -3.4641 0
      vertex 2.43505 -3.17341 14
      vertex 2 -3.4641 14
    endloop
  endfacet
  facet normal 0.555569 -0.831471 0
    outer loop
      vertex 2.43505 -3.17341 14
      vertex 2 -3.4641 0
      vertex 2.43505 -3.17341 0
    endloop
  endfacet
  facet normal -0.65934 -0.751845 0
    outer loop
      vertex -2.82843 -2.82843 0
      vertex -2.43505 -3.17341 14
      vertex -2.82843 -2.82843 14
    endloop
  endfacet
  facet normal -0.65934 -0.751845 -0
    outer loop
      vertex -2.43505 -3.17341 14
      vertex -2.82843 -2.82843 0
      vertex -2.43505 -3.17341 0
    endloop
  endfacet
  facet normal 0.65934 0.751845 -0
    outer loop
      vertex 2.82843 2.82843 0
      vertex 2.43505 3.17341 14
      vertex 2.82843 2.82843 14
    endloop
  endfacet
  facet normal 0.65934 0.751845 0
    outer loop
      vertex 2.43505 3.17341 14
      vertex 2.82843 2.82843 0
      vertex 2.43505 3.17341 0
    endloop
  endfacet
  facet normal -0.896871 0.442291 0
    outer loop
      vertex -3.69552 1.53073 0
      vertex -3.4641 2 14
      vertex -3.4641 2 0
    endloop
  endfacet
  facet normal -0.896871 0.442291 0
    outer loop
      vertex -3.4641 2 14
      vertex -3.69552 1.53073 0
      vertex -3.69552 1.53073 14
    endloop
  endfacet
  facet normal 0.0654022 0.997859 -0
    outer loop
      vertex 0.522104 3.96578 0
      vertex 0 4 14
      vertex 0.522104 3.96578 14
    endloop
  endfacet
  facet normal 0.0654022 0.997859 0
    outer loop
      vertex 0 4 14
      vertex 0.522104 3.96578 0
      vertex 0 4 0
    endloop
  endfacet
  facet normal 0.997859 -0.0654022 0
    outer loop
      vertex 3.96578 -0.522104 14
      vertex 4 0 0
      vertex 4 0 14
    endloop
  endfacet
  facet normal 0.997859 -0.0654022 0
    outer loop
      vertex 4 0 0
      vertex 3.96578 -0.522104 14
      vertex 3.96578 -0.522104 0
    endloop
  endfacet
  facet normal -0.195096 0.980784 0
    outer loop
      vertex -0.522104 3.96578 0
      vertex -1.03528 3.8637 14
      vertex -0.522104 3.96578 14
    endloop
  endfacet
  facet normal -0.195096 0.980784 0
    outer loop
      vertex -1.03528 3.8637 14
      vertex -0.522104 3.96578 0
      vertex -1.03528 3.8637 0
    endloop
  endfacet
  facet normal -0.555569 0.831471 0
    outer loop
      vertex -2 3.4641 0
      vertex -2.43505 3.17341 14
      vertex -2 3.4641 14
    endloop
  endfacet
  facet normal -0.555569 0.831471 0
    outer loop
      vertex -2.43505 3.17341 14
      vertex -2 3.4641 0
      vertex -2.43505 3.17341 0
    endloop
  endfacet
  facet normal -0.0654022 -0.997859 0
    outer loop
      vertex -0.522104 -3.96578 0
      vertex 0 -4 14
      vertex -0.522104 -3.96578 14
    endloop
  endfacet
  facet normal -0.0654022 -0.997859 -0
    outer loop
      vertex 0 -4 14
      vertex -0.522104 -3.96578 0
      vertex 0 -4 0
    endloop
  endfacet
  facet normal 0.896871 -0.442291 0
    outer loop
      vertex 3.4641 -2 14
      vertex 3.69552 -1.53073 0
      vertex 3.69552 -1.53073 14
    endloop
  endfacet
  facet normal 0.896871 -0.442291 0
    outer loop
      vertex 3.69552 -1.53073 0
      vertex 3.4641 -2 14
      vertex 3.4641 -2 0
    endloop
  endfacet
  facet normal -0.946932 0.321435 0
    outer loop
      vertex -3.8637 1.03528 0
      vertex -3.69552 1.53073 14
      vertex -3.69552 1.53073 0
    endloop
  endfacet
  facet normal -0.946932 0.321435 0
    outer loop
      vertex -3.69552 1.53073 14
      vertex -3.8637 1.03528 0
      vertex -3.8637 1.03528 14
    endloop
  endfacet
  facet normal -0.946932 -0.321435 0
    outer loop
      vertex -3.69552 -1.53073 0
      vertex -3.8637 -1.03528 14
      vertex -3.8637 -1.03528 0
    endloop
  endfacet
  facet normal -0.946932 -0.321435 0
    outer loop
      vertex -3.8637 -1.03528 14
      vertex -3.69552 -1.53073 0
      vertex -3.69552 -1.53073 14
    endloop
  endfacet
  facet normal 0 0 -1
    outer loop
      vertex 1.45 0 0
      vertex 4 0 0
      vertex 3.96578 -0.522104 0
    endloop
  endfacet
  facet normal 0 0 -1
    outer loop
      vertex 1.43759 -0.189262 0
      vertex 3.96578 -0.522104 0
      vertex 3.8637 -1.03528 0
    endloop
  endfacet
  facet normal 0 0 -1
    outer loop
      vertex 4 0 0
      vertex 1.45 0 0
      vertex 3.96578 0.522104 0
    endloop
  endfacet
  facet normal 0 0 -1
    outer loop
      vertex 1.40059 -0.375287 0
      vertex 3.8637 -1.03528 0
      vertex 3.69552 -1.53073 0
    endloop
  endfacet
  facet normal 0 0 -1
    outer loop
      vertex 1.43759 0.189262 0
      vertex 3.96578 0.522104 0
      vertex 1.45 0 0
    endloop
  endfacet
  facet normal 0 0 -1
    outer loop
      vertex 1.33962 -0.554891 0
      vertex 3.69552 -1.53073 0
      vertex 3.4641 -2 0
    endloop
  endfacet
  facet normal -0 0 -1
    outer loop
      vertex 3.96578 0.522104 0
      vertex 1.43759 0.189262 0
      vertex 3.8637 1.03528 0
    endloop
  endfacet
  facet normal 0 0 -1
    outer loop
      vertex 1.25574 -0.724999 0
      vertex 3.4641 -2 0
      vertex 3.17341 -2.43505 0
    endloop
  endfacet
  facet normal 0 0 -1
    outer loop
      vertex 1.40059 0.375287 0
      vertex 3.8637 1.03528 0
      vertex 1.43759 0.189262 0
    endloop
  endfacet
  facet normal 0 0 -1
    outer loop
      vertex 1.15036 -0.882704 0
      vertex 3.17341 -2.43505 0
      vertex 2.82843 -2.82843 0
    endloop
  endfacet
  facet normal -0 0 -1
    outer loop
      vertex 3.8637 1.03528 0
      vertex 1.40059 0.375287 0
      vertex 3.69552 1.53073 0
    endloop
  endfacet
  facet normal 0 0 -1
    outer loop
      vertex 1.0253 -1.0253 0
      vertex 2.82843 -2.82843 0
      vertex 2.43505 -3.17341 0
    endloop
  endfacet
  facet normal 0 0 -1
    outer loop
      vertex 1.33962 0.554891 0
      vertex 3.69552 1.53073 0
      vertex 1.40059 0.375287 0
    endloop
  endfacet
  facet normal 0 0 -1
    outer loop
      vertex 0.882704 -1.15036 0
      vertex 2.43505 -3.17341 0
      vertex 2 -3.4641 0
    endloop
  endfacet
  facet normal -0 0 -1
    outer loop
      vertex 3.69552 1.53073 0
      vertex 1.33962 0.554891 0
      vertex 3.4641 2 0
    endloop
  endfacet
  facet normal 0 0 -1
    outer loop
      vertex 0.724999 -1.25574 0
      vertex 2 -3.4641 0
      vertex 1.53073 -3.69552 0
    endloop
  endfacet
  facet normal 0 0 -1
    outer loop
      vertex 1.25574 0.724999 0
      vertex 3.4641 2 0
      vertex 1.33962 0.554891 0
    endloop
  endfacet
  facet normal -0 0 -1
    outer loop
      vertex 3.4641 2 0
      vertex 1.25574 0.724999 0
      vertex 3.17341 2.43505 0
    endloop
  endfacet
  facet normal 0 0 -1
    outer loop
      vertex 3.96578 -0.522104 0
      vertex 1.43759 -0.189262 0
      vertex 1.45 0 0
    endloop
  endfacet
  facet normal 0 0 -1
    outer loop
      vertex 3.8637 -1.03528 0
      vertex 1.40059 -0.375287 0
      vertex 1.43759 -0.189262 0
    endloop
  endfacet
  facet normal 0 0 -1
    outer loop
      vertex 3.69552 -1.53073 0
      vertex 1.33962 -0.554891 0
      vertex 1.40059 -0.375287 0
    endloop
  endfacet
  facet normal 0 0 -1
    outer loop
      vertex 3.4641 -2 0
      vertex 1.25574 -0.724999 0
      vertex 1.33962 -0.554891 0
    endloop
  endfacet
  facet normal 0 0 -1
    outer loop
      vertex 3.17341 -2.43505 0
      vertex 1.15036 -0.882704 0
      vertex 1.25574 -0.724999 0
    endloop
  endfacet
  facet normal 0 0 -1
    outer loop
      vertex 0.554891 -1.33962 0
      vertex 1.53073 -3.69552 0
      vertex 1.03528 -3.8637 0
    endloop
  endfacet
  facet normal 0 0 -1
    outer loop
      vertex 2.82843 -2.82843 0
      vertex 1.0253 -1.0253 0
      vertex 1.15036 -0.882704 0
    endloop
  endfacet
  facet normal 0 0 -1
    outer loop
      vertex 2.43505 -3.17341 0
      vertex 0.882704 -1.15036 0
      vertex 1.0253 -1.0253 0
    endloop
  endfacet
  facet normal 0 0 -1
    outer loop
      vertex 2 -3.4641 0
      vertex 0.724999 -1.25574 0
      vertex 0.882704 -1.15036 0
    endloop
  endfacet
  facet normal 0 0 -1
    outer loop
      vertex 1.53073 -3.69552 0
      vertex 0.554891 -1.33962 0
      vertex 0.724999 -1.25574 0
    endloop
  endfacet
  facet normal 0 0 -1
    outer loop
      vertex 0.375287 -1.40059 0
      vertex 1.03528 -3.8637 0
      vertex 0.522104 -3.96578 0
    endloop
  endfacet
  facet normal 0 0 -1
    outer loop
      vertex 1.03528 -3.8637 0
      vertex 0.375287 -1.40059 0
      vertex 0.554891 -1.33962 0
    endloop
  endfacet
  facet normal 0 0 -1
    outer loop
      vertex 0.522104 -3.96578 0
      vertex 0.189262 -1.43759 0
      vertex 0.375287 -1.40059 0
    endloop
  endfacet
  facet normal 0 0 -1
    outer loop
      vertex 0 -4 0
      vertex 0.189262 -1.43759 0
      vertex 0.522104 -3.96578 0
    endloop
  endfacet
  facet normal 0 0 -1
    outer loop
      vertex 0 -4 0
      vertex 0 -1.45 0
      vertex 0.189262 -1.43759 0
    endloop
  endfacet
  facet normal 0 0 -1
    outer loop
      vertex 0 -4 0
      vertex -0.189262 -1.43759 0
      vertex 0 -1.45 0
    endloop
  endfacet
  facet normal 0 0 -1
    outer loop
      vertex -0.522104 -3.96578 0
      vertex -0.189262 -1.43759 0
      vertex 0 -4 0
    endloop
  endfacet
  facet normal -0 0 -1
    outer loop
      vertex -0.189262 -1.43759 0
      vertex -0.522104 -3.96578 0
      vertex -0.375287 -1.40059 0
    endloop
  endfacet
  facet normal 0 0 -1
    outer loop
      vertex -1.03528 -3.8637 0
      vertex -0.375287 -1.40059 0
      vertex -0.522104 -3.96578 0
    endloop
  endfacet
  facet normal -0 0 -1
    outer loop
      vertex -0.375287 -1.40059 0
      vertex -1.03528 -3.8637 0
      vertex -0.554891 -1.33962 0
    endloop
  endfacet
  facet normal 0 0 -1
    outer loop
      vertex -1.53073 -3.69552 0
      vertex -0.554891 -1.33962 0
      vertex -1.03528 -3.8637 0
    endloop
  endfacet
  facet normal -0 0 -1
    outer loop
      vertex -0.554891 -1.33962 0
      vertex -1.53073 -3.69552 0
      vertex -0.724999 -1.25574 0
    endloop
  endfacet
  facet normal 0 0 -1
    outer loop
      vertex -2 -3.4641 0
      vertex -0.724999 -1.25574 0
      vertex -1.53073 -3.69552 0
    endloop
  endfacet
  facet normal -0 0 -1
    outer loop
      vertex -0.724999 -1.25574 0
      vertex -2 -3.4641 0
      vertex -0.882704 -1.15036 0
    endloop
  endfacet
  facet normal 0 0 -1
    outer loop
      vertex -2.43505 -3.17341 0
      vertex -0.882704 -1.15036 0
      vertex -2 -3.4641 0
    endloop
  endfacet
  facet normal -0 0 -1
    outer loop
      vertex -0.882704 -1.15036 0
      vertex -2.43505 -3.17341 0
      vertex -1.0253 -1.0253 0
    endloop
  endfacet
  facet normal 0 0 -1
    outer loop
      vertex -2.82843 -2.82843 0
      vertex -1.0253 -1.0253 0
      vertex -2.43505 -3.17341 0
    endloop
  endfacet
  facet normal -0 0 -1
    outer loop
      vertex -1.0253 -1.0253 0
      vertex -2.82843 -2.82843 0
      vertex -1.15036 -0.882704 0
    endloop
  endfacet
  facet normal -0 0 -1
    outer loop
      vertex -1.15036 -0.882704 0
      vertex -3.17341 -2.43505 0
      vertex -1.25574 -0.724999 0
    endloop
  endfacet
  facet normal 0 0 -1
    outer loop
      vertex -3.17341 -2.43505 0
      vertex -1.15036 -0.882704 0
      vertex -2.82843 -2.82843 0
    endloop
  endfacet
  facet normal 0 0 -1
    outer loop
      vertex 1.15036 0.882704 0
      vertex 3.17341 2.43505 0
      vertex 1.25574 0.724999 0
    endloop
  endfacet
  facet normal -0 0 -1
    outer loop
      vertex 3.17341 2.43505 0
      vertex 1.15036 0.882704 0
      vertex 2.82843 2.82843 0
    endloop
  endfacet
  facet normal 0 0 -1
    outer loop
      vertex 1.0253 1.0253 0
      vertex 2.82843 2.82843 0
      vertex 1.15036 0.882704 0
    endloop
  endfacet
  facet normal -0 0 -1
    outer loop
      vertex 2.82843 2.82843 0
      vertex 1.0253 1.0253 0
      vertex 2.43505 3.17341 0
    endloop
  endfacet
  facet normal 0 0 -1
    outer loop
      vertex 0.882704 1.15036 0
      vertex 2.43505 3.17341 0
      vertex 1.0253 1.0253 0
    endloop
  endfacet
  facet normal -0 0 -1
    outer loop
      vertex 2.43505 3.17341 0
      vertex 0.882704 1.15036 0
      vertex 2 3.4641 0
    endloop
  endfacet
  facet normal 0 0 -1
    outer loop
      vertex 0.724999 1.25574 0
      vertex 2 3.4641 0
      vertex 0.882704 1.15036 0
    endloop
  endfacet
  facet normal -0 0 -1
    outer loop
      vertex 2 3.4641 0
      vertex 0.724999 1.25574 0
      vertex 1.53073 3.69552 0
    endloop
  endfacet
  facet normal 0 0 -1
    outer loop
      vertex 0.554891 1.33962 0
      vertex 1.53073 3.69552 0
      vertex 0.724999 1.25574 0
    endloop
  endfacet
  facet normal -0 0 -1
    outer loop
      vertex 1.53073 3.69552 0
      vertex 0.554891 1.33962 0
      vertex 1.03528 3.8637 0
    endloop
  endfacet
  facet normal 0 0 -1
    outer loop
      vertex 0.375287 1.40059 0
      vertex 1.03528 3.8637 0
      vertex 0.554891 1.33962 0
    endloop
  endfacet
  facet normal -0 0 -1
    outer loop
      vertex 1.03528 3.8637 0
      vertex 0.375287 1.40059 0
      vertex 0.522104 3.96578 0
    endloop
  endfacet
  facet normal 0 0 -1
    outer loop
      vertex 0.189262 1.43759 0
      vertex 0.522104 3.96578 0
      vertex 0.375287 1.40059 0
    endloop
  endfacet
  facet normal 0 0 -1
    outer loop
      vertex 0 1.45 0
      vertex 0.522104 3.96578 0
      vertex 0.189262 1.43759 0
    endloop
  endfacet
  facet normal 0 0 -1
    outer loop
      vertex 0 1.45 0
      vertex 0 4 0
      vertex 0.522104 3.96578 0
    endloop
  endfacet
  facet normal 0 0 -1
    outer loop
      vertex -0.189262 1.43759 0
      vertex 0 4 0
      vertex 0 1.45 0
    endloop
  endfacet
  facet normal 0 0 -1
    outer loop
      vertex -0.522104 3.96578 0
      vertex -0.189262 1.43759 0
      vertex -0.375287 1.40059 0
    endloop
  endfacet
  facet normal 0 0 -1
    outer loop
      vertex -0.189262 1.43759 0
      vertex -0.522104 3.96578 0
      vertex 0 4 0
    endloop
  endfacet
  facet normal 0 0 -1
    outer loop
      vertex -1.03528 3.8637 0
      vertex -0.375287 1.40059 0
      vertex -0.554891 1.33962 0
    endloop
  endfacet
  facet normal 0 0 -1
    outer loop
      vertex -1.53073 3.69552 0
      vertex -0.554891 1.33962 0
      vertex -0.724999 1.25574 0
    endloop
  endfacet
  facet normal 0 0 -1
    outer loop
      vertex -2 3.4641 0
      vertex -0.724999 1.25574 0
      vertex -0.882704 1.15036 0
    endloop
  endfacet
  facet normal 0 0 -1
    outer loop
      vertex -2.43505 3.17341 0
      vertex -0.882704 1.15036 0
      vertex -1.0253 1.0253 0
    endloop
  endfacet
  facet normal 0 0 -1
    outer loop
      vertex -0.375287 1.40059 0
      vertex -1.03528 3.8637 0
      vertex -0.522104 3.96578 0
    endloop
  endfacet
  facet normal 0 0 -1
    outer loop
      vertex -2.82843 2.82843 0
      vertex -1.0253 1.0253 0
      vertex -1.15036 0.882704 0
    endloop
  endfacet
  facet normal 0 0 -1
    outer loop
      vertex -3.17341 2.43505 0
      vertex -1.15036 0.882704 0
      vertex -1.25574 0.724999 0
    endloop
  endfacet
  facet normal 0 0 -1
    outer loop
      vertex -3.4641 2 0
      vertex -1.25574 0.724999 0
      vertex -1.33962 0.554891 0
    endloop
  endfacet
  facet normal 0 0 -1
    outer loop
      vertex -3.69552 1.53073 0
      vertex -1.33962 0.554891 0
      vertex -1.40059 0.375287 0
    endloop
  endfacet
  facet normal 0 0 -1
    outer loop
      vertex -3.8637 1.03528 0
      vertex -1.40059 0.375287 0
      vertex -1.43759 0.189262 0
    endloop
  endfacet
  facet normal 0 0 -1
    outer loop
      vertex -0.554891 1.33962 0
      vertex -1.53073 3.69552 0
      vertex -1.03528 3.8637 0
    endloop
  endfacet
  facet normal 0 0 -1
    outer loop
      vertex -3.96578 0.522104 0
      vertex -1.43759 0.189262 0
      vertex -1.45 0 0
    endloop
  endfacet
  facet normal 0 0 -1
    outer loop
      vertex -3.4641 -2 0
      vertex -1.25574 -0.724999 0
      vertex -3.17341 -2.43505 0
    endloop
  endfacet
  facet normal -0 0 -1
    outer loop
      vertex -1.25574 -0.724999 0
      vertex -3.4641 -2 0
      vertex -1.33962 -0.554891 0
    endloop
  endfacet
  facet normal 0 0 -1
    outer loop
      vertex -0.724999 1.25574 0
      vertex -2 3.4641 0
      vertex -1.53073 3.69552 0
    endloop
  endfacet
  facet normal 0 0 -1
    outer loop
      vertex -3.69552 -1.53073 0
      vertex -1.33962 -0.554891 0
      vertex -3.4641 -2 0
    endloop
  endfacet
  facet normal 0 0 -1
    outer loop
      vertex -0.882704 1.15036 0
      vertex -2.43505 3.17341 0
      vertex -2 3.4641 0
    endloop
  endfacet
  facet normal -0 0 -1
    outer loop
      vertex -1.33962 -0.554891 0
      vertex -3.69552 -1.53073 0
      vertex -1.40059 -0.375287 0
    endloop
  endfacet
  facet normal 0 0 -1
    outer loop
      vertex -1.0253 1.0253 0
      vertex -2.82843 2.82843 0
      vertex -2.43505 3.17341 0
    endloop
  endfacet
  facet normal 0 0 -1
    outer loop
      vertex -3.8637 -1.03528 0
      vertex -1.40059 -0.375287 0
      vertex -3.69552 -1.53073 0
    endloop
  endfacet
  facet normal 0 0 -1
    outer loop
      vertex -1.15036 0.882704 0
      vertex -3.17341 2.43505 0
      vertex -2.82843 2.82843 0
    endloop
  endfacet
  facet normal -0 0 -1
    outer loop
      vertex -1.40059 -0.375287 0
      vertex -3.8637 -1.03528 0
      vertex -1.43759 -0.189262 0
    endloop
  endfacet
  facet normal 0 0 -1
    outer loop
      vertex -1.25574 0.724999 0
      vertex -3.4641 2 0
      vertex -3.17341 2.43505 0
    endloop
  endfacet
  facet normal 0 0 -1
    outer loop
      vertex -3.96578 -0.522104 0
      vertex -1.43759 -0.189262 0
      vertex -3.8637 -1.03528 0
    endloop
  endfacet
  facet normal 0 0 -1
    outer loop
      vertex -1.33962 0.554891 0
      vertex -3.69552 1.53073 0
      vertex -3.4641 2 0
    endloop
  endfacet
  facet normal -0 0 -1
    outer loop
      vertex -1.43759 -0.189262 0
      vertex -3.96578 -0.522104 0
      vertex -1.45 0 0
    endloop
  endfacet
  facet normal 0 0 -1
    outer loop
      vertex -1.40059 0.375287 0
      vertex -3.8637 1.03528 0
      vertex -3.69552 1.53073 0
    endloop
  endfacet
  facet normal 0 0 -1
    outer loop
      vertex -4 0 0
      vertex -1.45 0 0
      vertex -3.96578 -0.522104 0
    endloop
  endfacet
  facet normal 0 0 -1
    outer loop
      vertex -1.43759 0.189262 0
      vertex -3.96578 0.522104 0
      vertex -3.8637 1.03528 0
    endloop
  endfacet
  facet normal 0 0 -1
    outer loop
      vertex -1.45 0 0
      vertex -4 0 0
      vertex -3.96578 0.522104 0
    endloop
  endfacet
  facet normal -0.831471 0.555569 0
    outer loop
      vertex -3.4641 2 0
      vertex -3.17341 2.43505 14
      vertex -3.17341 2.43505 0
    endloop
  endfacet
  facet normal -0.831471 0.555569 0
    outer loop
      vertex -3.17341 2.43505 14
      vertex -3.4641 2 0
      vertex -3.4641 2 14
    endloop
  endfacet
  facet normal 0.442291 -0.896871 0
    outer loop
      vertex 1.53073 -3.69552 0
      vertex 2 -3.4641 14
      vertex 1.53073 -3.69552 14
    endloop
  endfacet
  facet normal 0.442291 -0.896871 0
    outer loop
      vertex 2 -3.4641 14
      vertex 1.53073 -3.69552 0
      vertex 2 -3.4641 0
    endloop
  endfacet
  facet normal 0.321435 -0.946932 0
    outer loop
      vertex 1.03528 -3.8637 0
      vertex 1.53073 -3.69552 14
      vertex 1.03528 -3.8637 14
    endloop
  endfacet
  facet normal 0.321435 -0.946932 0
    outer loop
      vertex 1.53073 -3.69552 14
      vertex 1.03528 -3.8637 0
      vertex 1.53073 -3.69552 0
    endloop
  endfacet
  facet normal 0.65934 -0.751845 0
    outer loop
      vertex 2.43505 -3.17341 0
      vertex 2.82843 -2.82843 14
      vertex 2.43505 -3.17341 14
    endloop
  endfacet
  facet normal 0.65934 -0.751845 0
    outer loop
      vertex 2.82843 -2.82843 14
      vertex 2.43505 -3.17341 0
      vertex 2.82843 -2.82843 0
    endloop
  endfacet
  facet normal -0.896871 -0.442291 0
    outer loop
      vertex -3.4641 -2 0
      vertex -3.69552 -1.53073 14
      vertex -3.69552 -1.53073 0
    endloop
  endfacet
  facet normal -0.896871 -0.442291 0
    outer loop
      vertex -3.69552 -1.53073 14
      vertex -3.4641 -2 0
      vertex -3.4641 -2 14
    endloop
  endfacet
  facet normal 0.195096 0.980784 -0
    outer loop
      vertex 1.03528 3.8637 0
      vertex 0.522104 3.96578 14
      vertex 1.03528 3.8637 14
    endloop
  endfacet
  facet normal 0.195096 0.980784 0
    outer loop
      vertex 0.522104 3.96578 14
      vertex 1.03528 3.8637 0
      vertex 0.522104 3.96578 0
    endloop
  endfacet
  facet normal -0.442291 -0.896871 0
    outer loop
      vertex -2 -3.4641 0
      vertex -1.53073 -3.69552 14
      vertex -2 -3.4641 14
    endloop
  endfacet
  facet normal -0.442291 -0.896871 -0
    outer loop
      vertex -1.53073 -3.69552 14
      vertex -2 -3.4641 0
      vertex -1.53073 -3.69552 0
    endloop
  endfacet
  facet normal -0.831471 -0.555569 0
    outer loop
      vertex -3.17341 -2.43505 0
      vertex -3.4641 -2 14
      vertex -3.4641 -2 0
    endloop
  endfacet
  facet normal -0.831471 -0.555569 0
    outer loop
      vertex -3.4641 -2 14
      vertex -3.17341 -2.43505 0
      vertex -3.17341 -2.43505 14
    endloop
  endfacet
  facet normal 0 0 1
    outer loop
      vertex 1.45 0 14
      vertex 4 0 14
      vertex 3.96578 0.522104 14
    endloop
  endfacet
  facet normal 0 0 1
    outer loop
      vertex 1.43759 0.189262 14
      vertex 3.96578 0.522104 14
      vertex 3.8637 1.03528 14
    endloop
  endfacet
  facet normal 0 0 1
    outer loop
      vertex 4 0 14
      vertex 1.45 0 14
      vertex 3.96578 -0.522104 14
    endloop
  endfacet
  facet normal 0 0 1
    outer loop
      vertex 1.40059 0.375287 14
      vertex 3.8637 1.03528 14
      vertex 3.69552 1.53073 14
    endloop
  endfacet
  facet normal -0 0 1
    outer loop
      vertex 1.43759 -0.189262 14
      vertex 3.96578 -0.522104 14
      vertex 1.45 0 14
    endloop
  endfacet
  facet normal 0 0 1
    outer loop
      vertex 1.33962 0.554891 14
      vertex 3.69552 1.53073 14
      vertex 3.4641 2 14
    endloop
  endfacet
  facet normal 0 0 1
    outer loop
      vertex 3.96578 -0.522104 14
      vertex 1.43759 -0.189262 14
      vertex 3.8637 -1.03528 14
    endloop
  endfacet
  facet normal 0 0 1
    outer loop
      vertex 1.25574 0.724999 14
      vertex 3.4641 2 14
      vertex 3.17341 2.43505 14
    endloop
  endfacet
  facet normal -0 0 1
    outer loop
      vertex 1.40059 -0.375287 14
      vertex 3.8637 -1.03528 14
      vertex 1.43759 -0.189262 14
    endloop
  endfacet
  facet normal 0 0 1
    outer loop
      vertex 1.15036 0.882704 14
      vertex 3.17341 2.43505 14
      vertex 2.82843 2.82843 14
    endloop
  endfacet
  facet normal 0 0 1
    outer loop
      vertex 3.8637 -1.03528 14
      vertex 1.40059 -0.375287 14
      vertex 3.69552 -1.53073 14
    endloop
  endfacet
  facet normal 0 0 1
    outer loop
      vertex 1.0253 1.0253 14
      vertex 2.82843 2.82843 14
      vertex 2.43505 3.17341 14
    endloop
  endfacet
  facet normal -0 0 1
    outer loop
      vertex 1.33962 -0.554891 14
      vertex 3.69552 -1.53073 14
      vertex 1.40059 -0.375287 14
    endloop
  endfacet
  facet normal 0 0 1
    outer loop
      vertex 0.882704 1.15036 14
      vertex 2.43505 3.17341 14
      vertex 2 3.4641 14
    endloop
  endfacet
  facet normal 0 0 1
    outer loop
      vertex 3.69552 -1.53073 14
      vertex 1.33962 -0.554891 14
      vertex 3.4641 -2 14
    endloop
  endfacet
  facet normal 0 0 1
    outer loop
      vertex 0.724999 1.25574 14
      vertex 2 3.4641 14
      vertex 1.53073 3.69552 14
    endloop
  endfacet
  facet normal -0 0 1
    outer loop
      vertex 1.25574 -0.724999 14
      vertex 3.4641 -2 14
      vertex 1.33962 -0.554891 14
    endloop
  endfacet
  facet normal 0 0 1
    outer loop
      vertex 3.4641 -2 14
      vertex 1.25574 -0.724999 14
      vertex 3.17341 -2.43505 14
    endloop
  endfacet
  facet normal 0 0 1
    outer loop
      vertex 3.96578 0.522104 14
      vertex 1.43759 0.189262 14
      vertex 1.45 0 14
    endloop
  endfacet
  facet normal 0 0 1
    outer loop
      vertex 3.8637 1.03528 14
      vertex 1.40059 0.375287 14
      vertex 1.43759 0.189262 14
    endloop
  endfacet
  facet normal 0 0 1
    outer loop
      vertex 3.69552 1.53073 14
      vertex 1.33962 0.554891 14
      vertex 1.40059 0.375287 14
    endloop
  endfacet
  facet normal 0 0 1
    outer loop
      vertex 3.4641 2 14
      vertex 1.25574 0.724999 14
      vertex 1.33962 0.554891 14
    endloop
  endfacet
  facet normal 0 0 1
    outer loop
      vertex 3.17341 2.43505 14
      vertex 1.15036 0.882704 14
      vertex 1.25574 0.724999 14
    endloop
  endfacet
  facet normal 0 0 1
    outer loop
      vertex 0.554891 1.33962 14
      vertex 1.53073 3.69552 14
      vertex 1.03528 3.8637 14
    endloop
  endfacet
  facet normal 0 0 1
    outer loop
      vertex 2.82843 2.82843 14
      vertex 1.0253 1.0253 14
      vertex 1.15036 0.882704 14
    endloop
  endfacet
  facet normal 0 0 1
    outer loop
      vertex 2.43505 3.17341 14
      vertex 0.882704 1.15036 14
      vertex 1.0253 1.0253 14
    endloop
  endfacet
  facet normal 0 0 1
    outer loop
      vertex 2 3.4641 14
      vertex 0.724999 1.25574 14
      vertex 0.882704 1.15036 14
    endloop
  endfacet
  facet normal 0 0 1
    outer loop
      vertex 1.53073 3.69552 14
      vertex 0.554891 1.33962 14
      vertex 0.724999 1.25574 14
    endloop
  endfacet
  facet normal 0 0 1
    outer loop
      vertex 0.375287 1.40059 14
      vertex 1.03528 3.8637 14
      vertex 0.522104 3.96578 14
    endloop
  endfacet
  facet normal 0 0 1
    outer loop
      vertex 1.03528 3.8637 14
      vertex 0.375287 1.40059 14
      vertex 0.554891 1.33962 14
    endloop
  endfacet
  facet normal 0 0 1
    outer loop
      vertex 0.522104 3.96578 14
      vertex 0.189262 1.43759 14
      vertex 0.375287 1.40059 14
    endloop
  endfacet
  facet normal 0 0 1
    outer loop
      vertex 0 4 14
      vertex 0.189262 1.43759 14
      vertex 0.522104 3.96578 14
    endloop
  endfacet
  facet normal 0 0 1
    outer loop
      vertex 0 4 14
      vertex 0 1.45 14
      vertex 0.189262 1.43759 14
    endloop
  endfacet
  facet normal 0 0 1
    outer loop
      vertex 0 4 14
      vertex -0.189262 1.43759 14
      vertex 0 1.45 14
    endloop
  endfacet
  facet normal -0 0 1
    outer loop
      vertex -0.522104 3.96578 14
      vertex -0.189262 1.43759 14
      vertex 0 4 14
    endloop
  endfacet
  facet normal 0 0 1
    outer loop
      vertex -0.189262 1.43759 14
      vertex -0.522104 3.96578 14
      vertex -0.375287 1.40059 14
    endloop
  endfacet
  facet normal -0 0 1
    outer loop
      vertex -1.03528 3.8637 14
      vertex -0.375287 1.40059 14
      vertex -0.522104 3.96578 14
    endloop
  endfacet
  facet normal 0 0 1
    outer loop
      vertex -0.375287 1.40059 14
      vertex -1.03528 3.8637 14
      vertex -0.554891 1.33962 14
    endloop
  endfacet
  facet normal -0 0 1
    outer loop
      vertex -1.53073 3.69552 14
      vertex -0.554891 1.33962 14
      vertex -1.03528 3.8637 14
    endloop
  endfacet
  facet normal 0 0 1
    outer loop
      vertex -0.554891 1.33962 14
      vertex -1.53073 3.69552 14
      vertex -0.724999 1.25574 14
    endloop
  endfacet
  facet normal -0 0 1
    outer loop
      vertex -2 3.4641 14
      vertex -0.724999 1.25574 14
      vertex -1.53073 3.69552 14
    endloop
  endfacet
  facet normal 0 0 1
    outer loop
      vertex -0.724999 1.25574 14
      vertex -2 3.4641 14
      vertex -0.882704 1.15036 14
    endloop
  endfacet
  facet normal -0 0 1
    outer loop
      vertex -2.43505 3.17341 14
      vertex -0.882704 1.15036 14
      vertex -2 3.4641 14
    endloop
  endfacet
  facet normal 0 0 1
    outer loop
      vertex -0.882704 1.15036 14
      vertex -2.43505 3.17341 14
      vertex -1.0253 1.0253 14
    endloop
  endfacet
  facet normal -0 0 1
    outer loop
      vertex -2.82843 2.82843 14
      vertex -1.0253 1.0253 14
      vertex -2.43505 3.17341 14
    endloop
  endfacet
  facet normal 0 0 1
    outer loop
      vertex -1.0253 1.0253 14
      vertex -2.82843 2.82843 14
      vertex -1.15036 0.882704 14
    endloop
  endfacet
  facet normal 0 0 1
    outer loop
      vertex -1.15036 0.882704 14
      vertex -3.17341 2.43505 14
      vertex -1.25574 0.724999 14
    endloop
  endfacet
  facet normal -0 0 1
    outer loop
      vertex -3.17341 2.43505 14
      vertex -1.15036 0.882704 14
      vertex -2.82843 2.82843 14
    endloop
  endfacet
  facet normal -0 0 1
    outer loop
      vertex 1.15036 -0.882704 14
      vertex 3.17341 -2.43505 14
      vertex 1.25574 -0.724999 14
    endloop
  endfacet
  facet normal 0 0 1
    outer loop
      vertex 3.17341 -2.43505 14
      vertex 1.15036 -0.882704 14
      vertex 2.82843 -2.82843 14
    endloop
  endfacet
  facet normal -0 0 1
    outer loop
      vertex 1.0253 -1.0253 14
      vertex 2.82843 -2.82843 14
      vertex 1.15036 -0.882704 14
    endloop
  endfacet
  facet normal 0 0 1
    outer loop
      vertex 2.82843 -2.82843 14
      vertex 1.0253 -1.0253 14
      vertex 2.43505 -3.17341 14
    endloop
  endfacet
  facet normal -0 0 1
    outer loop
      vertex 0.882704 -1.15036 14
      vertex 2.43505 -3.17341 14
      vertex 1.0253 -1.0253 14
    endloop
  endfacet
  facet normal 0 0 1
    outer loop
      vertex 2.43505 -3.17341 14
      vertex 0.882704 -1.15036 14
      vertex 2 -3.4641 14
    endloop
  endfacet
  facet normal -0 0 1
    outer loop
      vertex 0.724999 -1.25574 14
      vertex 2 -3.4641 14
      vertex 0.882704 -1.15036 14
    endloop
  endfacet
  facet normal 0 0 1
    outer loop
      vertex 2 -3.4641 14
      vertex 0.724999 -1.25574 14
      vertex 1.53073 -3.69552 14
    endloop
  endfacet
  facet normal -0 0 1
    outer loop
      vertex 0.554891 -1.33962 14
      vertex 1.53073 -3.69552 14
      vertex 0.724999 -1.25574 14
    endloop
  endfacet
  facet normal 0 0 1
    outer loop
      vertex 1.53073 -3.69552 14
      vertex 0.554891 -1.33962 14
      vertex 1.03528 -3.8637 14
    endloop
  endfacet
  facet normal -0 0 1
    outer loop
      vertex 0.375287 -1.40059 14
      vertex 1.03528 -3.8637 14
      vertex 0.554891 -1.33962 14
    endloop
  endfacet
  facet normal 0 0 1
    outer loop
      vertex 1.03528 -3.8637 14
      vertex 0.375287 -1.40059 14
      vertex 0.522104 -3.96578 14
    endloop
  endfacet
  facet normal -0 0 1
    outer loop
      vertex 0.189262 -1.43759 14
      vertex 0.522104 -3.96578 14
      vertex 0.375287 -1.40059 14
    endloop
  endfacet
  facet normal -0 0 1
    outer loop
      vertex 0 -1.45 14
      vertex 0.522104 -3.96578 14
      vertex 0.189262 -1.43759 14
    endloop
  endfacet
  facet normal 0 0 1
    outer loop
      vertex 0 -1.45 14
      vertex 0 -4 14
      vertex 0.522104 -3.96578 14
    endloop
  endfacet
  facet normal 0 0 1
    outer loop
      vertex -0.189262 -1.43759 14
      vertex 0 -4 14
      vertex 0 -1.45 14
    endloop
  endfacet
  facet normal 0 0 1
    outer loop
      vertex -0.522104 -3.96578 14
      vertex -0.189262 -1.43759 14
      vertex -0.375287 -1.40059 14
    endloop
  endfacet
  facet normal 0 0 1
    outer loop
      vertex -0.189262 -1.43759 14
      vertex -0.522104 -3.96578 14
      vertex 0 -4 14
    endloop
  endfacet
  facet normal 0 0 1
    outer loop
      vertex -1.03528 -3.8637 14
      vertex -0.375287 -1.40059 14
      vertex -0.554891 -1.33962 14
    endloop
  endfacet
  facet normal 0 0 1
    outer loop
      vertex -1.53073 -3.69552 14
      vertex -0.554891 -1.33962 14
      vertex -0.724999 -1.25574 14
    endloop
  endfacet
  facet normal 0 0 1
    outer loop
      vertex -2 -3.4641 14
      vertex -0.724999 -1.25574 14
      vertex -0.882704 -1.15036 14
    endloop
  endfacet
  facet normal 0 0 1
    outer loop
      vertex -2.43505 -3.17341 14
      vertex -0.882704 -1.15036 14
      vertex -1.0253 -1.0253 14
    endloop
  endfacet
  facet normal 0 0 1
    outer loop
      vertex -0.375287 -1.40059 14
      vertex -1.03528 -3.8637 14
      vertex -0.522104 -3.96578 14
    endloop
  endfacet
  facet normal 0 0 1
    outer loop
      vertex -2.82843 -2.82843 14
      vertex -1.0253 -1.0253 14
      vertex -1.15036 -0.882704 14
    endloop
  endfacet
  facet normal 0 0 1
    outer loop
      vertex -3.17341 -2.43505 14
      vertex -1.15036 -0.882704 14
      vertex -1.25574 -0.724999 14
    endloop
  endfacet
  facet normal 0 0 1
    outer loop
      vertex -3.4641 -2 14
      vertex -1.25574 -0.724999 14
      vertex -1.33962 -0.554891 14
    endloop
  endfacet
  facet normal 0 0 1
    outer loop
      vertex -3.69552 -1.53073 14
      vertex -1.33962 -0.554891 14
      vertex -1.40059 -0.375287 14
    endloop
  endfacet
  facet normal 0 0 1
    outer loop
      vertex -3.8637 -1.03528 14
      vertex -1.40059 -0.375287 14
      vertex -1.43759 -0.189262 14
    endloop
  endfacet
  facet normal 0 0 1
    outer loop
      vertex -0.554891 -1.33962 14
      vertex -1.53073 -3.69552 14
      vertex -1.03528 -3.8637 14
    endloop
  endfacet
  facet normal 0 0 1
    outer loop
      vertex -3.96578 -0.522104 14
      vertex -1.43759 -0.189262 14
      vertex -1.45 0 14
    endloop
  endfacet
  facet normal -0 0 1
    outer loop
      vertex -3.4641 2 14
      vertex -1.25574 0.724999 14
      vertex -3.17341 2.43505 14
    endloop
  endfacet
  facet normal 0 0 1
    outer loop
      vertex -1.25574 0.724999 14
      vertex -3.4641 2 14
      vertex -1.33962 0.554891 14
    endloop
  endfacet
  facet normal 0 0 1
    outer loop
      vertex -0.724999 -1.25574 14
      vertex -2 -3.4641 14
      vertex -1.53073 -3.69552 14
    endloop
  endfacet
  facet normal -0 0 1
    outer loop
      vertex -3.69552 1.53073 14
      vertex -1.33962 0.554891 14
      vertex -3.4641 2 14
    endloop
  endfacet
  facet normal 0 0 1
    outer loop
      vertex -0.882704 -1.15036 14
      vertex -2.43505 -3.17341 14
      vertex -2 -3.4641 14
    endloop
  endfacet
  facet normal 0 0 1
    outer loop
      vertex -1.33962 0.554891 14
      vertex -3.69552 1.53073 14
      vertex -1.40059 0.375287 14
    endloop
  endfacet
  facet normal 0 0 1
    outer loop
      vertex -1.0253 -1.0253 14
      vertex -2.82843 -2.82843 14
      vertex -2.43505 -3.17341 14
    endloop
  endfacet
  facet normal -0 0 1
    outer loop
      vertex -3.8637 1.03528 14
      vertex -1.40059 0.375287 14
      vertex -3.69552 1.53073 14
    endloop
  endfacet
  facet normal 0 0 1
    outer loop
      vertex -1.15036 -0.882704 14
      vertex -3.17341 -2.43505 14
      vertex -2.82843 -2.82843 14
    endloop
  endfacet
  facet normal 0 0 1
    outer loop
      vertex -1.40059 0.375287 14
      vertex -3.8637 1.03528 14
      vertex -1.43759 0.189262 14
    endloop
  endfacet
  facet normal 0 0 1
    outer loop
      vertex -1.25574 -0.724999 14
      vertex -3.4641 -2 14
      vertex -3.17341 -2.43505 14
    endloop
  endfacet
  facet normal -0 0 1
    outer loop
      vertex -3.96578 0.522104 14
      vertex -1.43759 0.189262 14
      vertex -3.8637 1.03528 14
    endloop
  endfacet
  facet normal 0 0 1
    outer loop
      vertex -1.33962 -0.554891 14
      vertex -3.69552 -1.53073 14
      vertex -3.4641 -2 14
    endloop
  endfacet
  facet normal 0 0 1
    outer loop
      vertex -1.43759 0.189262 14
      vertex -3.96578 0.522104 14
      vertex -1.45 0 14
    endloop
  endfacet
  facet normal 0 0 1
    outer loop
      vertex -1.40059 -0.375287 14
      vertex -3.8637 -1.03528 14
      vertex -3.69552 -1.53073 14
    endloop
  endfacet
  facet normal 0 0 1
    outer loop
      vertex -4 0 14
      vertex -1.45 0 14
      vertex -3.96578 0.522104 14
    endloop
  endfacet
  facet normal 0 0 1
    outer loop
      vertex -1.43759 -0.189262 14
      vertex -3.96578 -0.522104 14
      vertex -3.8637 -1.03528 14
    endloop
  endfacet
  facet normal 0 0 1
    outer loop
      vertex -1.45 0 14
      vertex -4 0 14
      vertex -3.96578 -0.522104 14
    endloop
  endfacet
  facet normal -0.980788 -0.195077 0
    outer loop
      vertex 1.43759 0.189262 0
      vertex 1.40059 0.375287 14
      vertex 1.40059 0.375287 0
    endloop
  endfacet
  facet normal -0.980788 -0.195077 0
    outer loop
      vertex 1.40059 0.375287 14
      vertex 1.43759 0.189262 0
      vertex 1.43759 0.189262 14
    endloop
  endfacet
  facet normal -0.997857 -0.06543 0
    outer loop
      vertex 1.45 0 0
      vertex 1.43759 0.189262 14
      vertex 1.43759 0.189262 0
    endloop
  endfacet
  facet normal -0.997857 -0.06543 0
    outer loop
      vertex 1.43759 0.189262 14
      vertex 1.45 0 0
      vertex 1.45 0 14
    endloop
  endfacet
  facet normal -0.321452 0.946926 0
    outer loop
      vertex 0.554891 -1.33962 0
      vertex 0.375287 -1.40059 14
      vertex 0.554891 -1.33962 14
    endloop
  endfacet
  facet normal -0.321452 0.946926 0
    outer loop
      vertex 0.375287 -1.40059 14
      vertex 0.554891 -1.33962 0
      vertex 0.375287 -1.40059 0
    endloop
  endfacet
  facet normal -0.831458 -0.555588 0
    outer loop
      vertex 1.25574 0.724999 0
      vertex 1.15036 0.882704 14
      vertex 1.15036 0.882704 0
    endloop
  endfacet
  facet normal -0.831458 -0.555588 0
    outer loop
      vertex 1.15036 0.882704 14
      vertex 1.25574 0.724999 0
      vertex 1.25574 0.724999 14
    endloop
  endfacet
  facet normal 0.896889 -0.442255 0
    outer loop
      vertex -1.33962 0.554891 14
      vertex -1.25574 0.724999 0
      vertex -1.25574 0.724999 14
    endloop
  endfacet
  facet normal 0.896889 -0.442255 0
    outer loop
      vertex -1.25574 0.724999 0
      vertex -1.33962 0.554891 14
      vertex -1.33962 0.554891 0
    endloop
  endfacet
  facet normal 0.555588 -0.831458 0
    outer loop
      vertex -0.882704 1.15036 0
      vertex -0.724999 1.25574 14
      vertex -0.882704 1.15036 14
    endloop
  endfacet
  facet normal 0.555588 -0.831458 0
    outer loop
      vertex -0.724999 1.25574 14
      vertex -0.882704 1.15036 0
      vertex -0.724999 1.25574 0
    endloop
  endfacet
  facet normal 0.659366 -0.751822 0
    outer loop
      vertex -1.0253 1.0253 0
      vertex -0.882704 1.15036 14
      vertex -1.0253 1.0253 14
    endloop
  endfacet
  facet normal 0.659366 -0.751822 0
    outer loop
      vertex -0.882704 1.15036 14
      vertex -1.0253 1.0253 0
      vertex -0.882704 1.15036 0
    endloop
  endfacet
  facet normal 0.751822 -0.659366 0
    outer loop
      vertex -1.15036 0.882704 14
      vertex -1.0253 1.0253 0
      vertex -1.0253 1.0253 14
    endloop
  endfacet
  facet normal 0.751822 -0.659366 0
    outer loop
      vertex -1.0253 1.0253 0
      vertex -1.15036 0.882704 14
      vertex -1.15036 0.882704 0
    endloop
  endfacet
  facet normal -0.946926 0.321452 0
    outer loop
      vertex 1.33962 -0.554891 0
      vertex 1.40059 -0.375287 14
      vertex 1.40059 -0.375287 0
    endloop
  endfacet
  facet normal -0.946926 0.321452 0
    outer loop
      vertex 1.40059 -0.375287 14
      vertex 1.33962 -0.554891 0
      vertex 1.33962 -0.554891 14
    endloop
  endfacet
  facet normal 0.997857 -0.06543 0
    outer loop
      vertex -1.45 0 14
      vertex -1.43759 0.189262 0
      vertex -1.43759 0.189262 14
    endloop
  endfacet
  facet normal 0.997857 -0.06543 0
    outer loop
      vertex -1.43759 0.189262 0
      vertex -1.45 0 14
      vertex -1.45 0 0
    endloop
  endfacet
  facet normal -0.555588 -0.831458 0
    outer loop
      vertex 0.724999 1.25574 0
      vertex 0.882704 1.15036 14
      vertex 0.724999 1.25574 14
    endloop
  endfacet
  facet normal -0.555588 -0.831458 -0
    outer loop
      vertex 0.882704 1.15036 14
      vertex 0.724999 1.25574 0
      vertex 0.882704 1.15036 0
    endloop
  endfacet
  facet normal 0.321452 0.946926 -0
    outer loop
      vertex -0.375287 -1.40059 0
      vertex -0.554891 -1.33962 14
      vertex -0.375287 -1.40059 14
    endloop
  endfacet
  facet normal 0.321452 0.946926 0
    outer loop
      vertex -0.554891 -1.33962 14
      vertex -0.375287 -1.40059 0
      vertex -0.554891 -1.33962 0
    endloop
  endfacet
  facet normal 0.751822 0.659366 0
    outer loop
      vertex -1.0253 -1.0253 14
      vertex -1.15036 -0.882704 0
      vertex -1.15036 -0.882704 14
    endloop
  endfacet
  facet normal 0.751822 0.659366 0
    outer loop
      vertex -1.15036 -0.882704 0
      vertex -1.0253 -1.0253 14
      vertex -1.0253 -1.0253 0
    endloop
  endfacet
  facet normal -0.195077 0.980788 0
    outer loop
      vertex 0.375287 -1.40059 0
      vertex 0.189262 -1.43759 14
      vertex 0.375287 -1.40059 14
    endloop
  endfacet
  facet normal -0.195077 0.980788 0
    outer loop
      vertex 0.189262 -1.43759 14
      vertex 0.375287 -1.40059 0
      vertex 0.189262 -1.43759 0
    endloop
  endfacet
  facet normal 0.321452 -0.946926 0
    outer loop
      vertex -0.554891 1.33962 0
      vertex -0.375287 1.40059 14
      vertex -0.554891 1.33962 14
    endloop
  endfacet
  facet normal 0.321452 -0.946926 0
    outer loop
      vertex -0.375287 1.40059 14
      vertex -0.554891 1.33962 0
      vertex -0.375287 1.40059 0
    endloop
  endfacet
  facet normal 0.831458 0.555588 0
    outer loop
      vertex -1.15036 -0.882704 14
      vertex -1.25574 -0.724999 0
      vertex -1.25574 -0.724999 14
    endloop
  endfacet
  facet normal 0.831458 0.555588 0
    outer loop
      vertex -1.25574 -0.724999 0
      vertex -1.15036 -0.882704 14
      vertex -1.15036 -0.882704 0
    endloop
  endfacet
  facet normal -0.555588 0.831458 0
    outer loop
      vertex 0.882704 -1.15036 0
      vertex 0.724999 -1.25574 14
      vertex 0.882704 -1.15036 14
    endloop
  endfacet
  facet normal -0.555588 0.831458 0
    outer loop
      vertex 0.724999 -1.25574 14
      vertex 0.882704 -1.15036 0
      vertex 0.724999 -1.25574 0
    endloop
  endfacet
  facet normal 0.946926 -0.321452 0
    outer loop
      vertex -1.40059 0.375287 14
      vertex -1.33962 0.554891 0
      vertex -1.33962 0.554891 14
    endloop
  endfacet
  facet normal 0.946926 -0.321452 0
    outer loop
      vertex -1.33962 0.554891 0
      vertex -1.40059 0.375287 14
      vertex -1.40059 0.375287 0
    endloop
  endfacet
  facet normal -0.321452 -0.946926 0
    outer loop
      vertex 0.375287 1.40059 0
      vertex 0.554891 1.33962 14
      vertex 0.375287 1.40059 14
    endloop
  endfacet
  facet normal -0.321452 -0.946926 -0
    outer loop
      vertex 0.554891 1.33962 14
      vertex 0.375287 1.40059 0
      vertex 0.554891 1.33962 0
    endloop
  endfacet
  facet normal -0.06543 -0.997857 0
    outer loop
      vertex 0 1.45 0
      vertex 0.189262 1.43759 14
      vertex 0 1.45 14
    endloop
  endfacet
  facet normal -0.06543 -0.997857 -0
    outer loop
      vertex 0.189262 1.43759 14
      vertex 0 1.45 0
      vertex 0.189262 1.43759 0
    endloop
  endfacet
  facet normal 0.442255 -0.896889 0
    outer loop
      vertex -0.724999 1.25574 0
      vertex -0.554891 1.33962 14
      vertex -0.724999 1.25574 14
    endloop
  endfacet
  facet normal 0.442255 -0.896889 0
    outer loop
      vertex -0.554891 1.33962 14
      vertex -0.724999 1.25574 0
      vertex -0.554891 1.33962 0
    endloop
  endfacet
  facet normal -0.831458 0.555588 0
    outer loop
      vertex 1.15036 -0.882704 0
      vertex 1.25574 -0.724999 14
      vertex 1.25574 -0.724999 0
    endloop
  endfacet
  facet normal -0.831458 0.555588 0
    outer loop
      vertex 1.25574 -0.724999 14
      vertex 1.15036 -0.882704 0
      vertex 1.15036 -0.882704 14
    endloop
  endfacet
  facet normal 0.997857 0.06543 0
    outer loop
      vertex -1.43759 -0.189262 14
      vertex -1.45 0 0
      vertex -1.45 0 14
    endloop
  endfacet
  facet normal 0.997857 0.06543 0
    outer loop
      vertex -1.45 0 0
      vertex -1.43759 -0.189262 14
      vertex -1.43759 -0.189262 0
    endloop
  endfacet
  facet normal 0.946926 0.321452 0
    outer loop
      vertex -1.33962 -0.554891 14
      vertex -1.40059 -0.375287 0
      vertex -1.40059 -0.375287 14
    endloop
  endfacet
  facet normal 0.946926 0.321452 0
    outer loop
      vertex -1.40059 -0.375287 0
      vertex -1.33962 -0.554891 14
      vertex -1.33962 -0.554891 0
    endloop
  endfacet
  facet normal 0.659366 0.751822 -0
    outer loop
      vertex -0.882704 -1.15036 0
      vertex -1.0253 -1.0253 14
      vertex -0.882704 -1.15036 14
    endloop
  endfacet
  facet normal 0.659366 0.751822 0
    outer loop
      vertex -1.0253 -1.0253 14
      vertex -0.882704 -1.15036 0
      vertex -1.0253 -1.0253 0
    endloop
  endfacet
  facet normal -0.442255 -0.896889 0
    outer loop
      vertex 0.554891 1.33962 0
      vertex 0.724999 1.25574 14
      vertex 0.554891 1.33962 14
    endloop
  endfacet
  facet normal -0.442255 -0.896889 -0
    outer loop
      vertex 0.724999 1.25574 14
      vertex 0.554891 1.33962 0
      vertex 0.724999 1.25574 0
    endloop
  endfacet
  facet normal 0.195077 -0.980788 0
    outer loop
      vertex -0.375287 1.40059 0
      vertex -0.189262 1.43759 14
      vertex -0.375287 1.40059 14
    endloop
  endfacet
  facet normal 0.195077 -0.980788 0
    outer loop
      vertex -0.189262 1.43759 14
      vertex -0.375287 1.40059 0
      vertex -0.189262 1.43759 0
    endloop
  endfacet
  facet normal -0.751822 -0.659366 0
    outer loop
      vertex 1.15036 0.882704 0
      vertex 1.0253 1.0253 14
      vertex 1.0253 1.0253 0
    endloop
  endfacet
  facet normal -0.751822 -0.659366 0
    outer loop
      vertex 1.0253 1.0253 14
      vertex 1.15036 0.882704 0
      vertex 1.15036 0.882704 14
    endloop
  endfacet
  facet normal -0.195077 -0.980788 0
    outer loop
      vertex 0.189262 1.43759 0
      vertex 0.375287 1.40059 14
      vertex 0.189262 1.43759 14
    endloop
  endfacet
  facet normal -0.195077 -0.980788 -0
    outer loop
      vertex 0.375287 1.40059 14
      vertex 0.189262 1.43759 0
      vertex 0.375287 1.40059 0
    endloop
  endfacet
  facet normal -0.751822 0.659366 0
    outer loop
      vertex 1.0253 -1.0253 0
      vertex 1.15036 -0.882704 14
      vertex 1.15036 -0.882704 0
    endloop
  endfacet
  facet normal -0.751822 0.659366 0
    outer loop
      vertex 1.15036 -0.882704 14
      vertex 1.0253 -1.0253 0
      vertex 1.0253 -1.0253 14
    endloop
  endfacet
  facet normal 0.442255 0.896889 -0
    outer loop
      vertex -0.554891 -1.33962 0
      vertex -0.724999 -1.25574 14
      vertex -0.554891 -1.33962 14
    endloop
  endfacet
  facet normal 0.442255 0.896889 0
    outer loop
      vertex -0.724999 -1.25574 14
      vertex -0.554891 -1.33962 0
      vertex -0.724999 -1.25574 0
    endloop
  endfacet
  facet normal 0.980788 -0.195077 0
    outer loop
      vertex -1.43759 0.189262 14
      vertex -1.40059 0.375287 0
      vertex -1.40059 0.375287 14
    endloop
  endfacet
  facet normal 0.980788 -0.195077 0
    outer loop
      vertex -1.40059 0.375287 0
      vertex -1.43759 0.189262 14
      vertex -1.43759 0.189262 0
    endloop
  endfacet
  facet normal -0.06543 0.997857 0
    outer loop
      vertex 0.189262 -1.43759 0
      vertex 0 -1.45 14
      vertex 0.189262 -1.43759 14
    endloop
  endfacet
  facet normal -0.06543 0.997857 0
    outer loop
      vertex 0 -1.45 14
      vertex 0.189262 -1.43759 0
      vertex 0 -1.45 0
    endloop
  endfacet
  facet normal -0.442255 0.896889 0
    outer loop
      vertex 0.724999 -1.25574 0
      vertex 0.554891 -1.33962 14
      vertex 0.724999 -1.25574 14
    endloop
  endfacet
  facet normal -0.442255 0.896889 0
    outer loop
      vertex 0.554891 -1.33962 14
      vertex 0.724999 -1.25574 0
      vertex 0.554891 -1.33962 0
    endloop
  endfacet
  facet normal -0.659366 0.751822 0
    outer loop
      vertex 1.0253 -1.0253 0
      vertex 0.882704 -1.15036 14
      vertex 1.0253 -1.0253 14
    endloop
  endfacet
  facet normal -0.659366 0.751822 0
    outer loop
      vertex 0.882704 -1.15036 14
      vertex 1.0253 -1.0253 0
      vertex 0.882704 -1.15036 0
    endloop
  endfacet
  facet normal 0.896889 0.442255 0
    outer loop
      vertex -1.25574 -0.724999 14
      vertex -1.33962 -0.554891 0
      vertex -1.33962 -0.554891 14
    endloop
  endfacet
  facet normal 0.896889 0.442255 0
    outer loop
      vertex -1.33962 -0.554891 0
      vertex -1.25574 -0.724999 14
      vertex -1.25574 -0.724999 0
    endloop
  endfacet
  facet normal -0.896889 0.442255 0
    outer loop
      vertex 1.25574 -0.724999 0
      vertex 1.33962 -0.554891 14
      vertex 1.33962 -0.554891 0
    endloop
  endfacet
  facet normal -0.896889 0.442255 0
    outer loop
      vertex 1.33962 -0.554891 14
      vertex 1.25574 -0.724999 0
      vertex 1.25574 -0.724999 14
    endloop
  endfacet
  facet normal -0.659366 -0.751822 0
    outer loop
      vertex 0.882704 1.15036 0
      vertex 1.0253 1.0253 14
      vertex 0.882704 1.15036 14
    endloop
  endfacet
  facet normal -0.659366 -0.751822 -0
    outer loop
      vertex 1.0253 1.0253 14
      vertex 0.882704 1.15036 0
      vertex 1.0253 1.0253 0
    endloop
  endfacet
  facet normal -0.997857 0.06543 0
    outer loop
      vertex 1.43759 -0.189262 0
      vertex 1.45 0 14
      vertex 1.45 0 0
    endloop
  endfacet
  facet normal -0.997857 0.06543 0
    outer loop
      vertex 1.45 0 14
      vertex 1.43759 -0.189262 0
      vertex 1.43759 -0.189262 14
    endloop
  endfacet
  facet normal 0.555588 0.831458 -0
    outer loop
      vertex -0.724999 -1.25574 0
      vertex -0.882704 -1.15036 14
      vertex -0.724999 -1.25574 14
    endloop
  endfacet
  facet normal 0.555588 0.831458 0
    outer loop
      vertex -0.882704 -1.15036 14
      vertex -0.724999 -1.25574 0
      vertex -0.882704 -1.15036 0
    endloop
  endfacet
  facet normal -0.896889 -0.442255 0
    outer loop
      vertex 1.33962 0.554891 0
      vertex 1.25574 0.724999 14
      vertex 1.25574 0.724999 0
    endloop
  endfacet
  facet normal -0.896889 -0.442255 0
    outer loop
      vertex 1.25574 0.724999 14
      vertex 1.33962 0.554891 0
      vertex 1.33962 0.554891 14
    endloop
  endfacet
  facet normal -0.980788 0.195077 0
    outer loop
      vertex 1.40059 -0.375287 0
      vertex 1.43759 -0.189262 14
      vertex 1.43759 -0.189262 0
    endloop
  endfacet
  facet normal -0.980788 0.195077 0
    outer loop
      vertex 1.43759 -0.189262 14
      vertex 1.40059 -0.375287 0
      vertex 1.40059 -0.375287 14
    endloop
  endfacet
  facet normal -0.946926 -0.321452 0
    outer loop
      vertex 1.40059 0.375287 0
      vertex 1.33962 0.554891 14
      vertex 1.33962 0.554891 0
    endloop
  endfacet
  facet normal -0.946926 -0.321452 0
    outer loop
      vertex 1.33962 0.554891 14
      vertex 1.40059 0.375287 0
      vertex 1.40059 0.375287 14
    endloop
  endfacet
  facet normal 0.06543 -0.997857 0
    outer loop
      vertex -0.189262 1.43759 0
      vertex 0 1.45 14
      vertex -0.189262 1.43759 14
    endloop
  endfacet
  facet normal 0.06543 -0.997857 0
    outer loop
      vertex 0 1.45 14
      vertex -0.189262 1.43759 0
      vertex 0 1.45 0
    endloop
  endfacet
  facet normal 0.980788 0.195077 0
    outer loop
      vertex -1.40059 -0.375287 14
      vertex -1.43759 -0.189262 0
      vertex -1.43759 -0.189262 14
    endloop
  endfacet
  facet normal 0.980788 0.195077 0
    outer loop
      vertex -1.43759 -0.189262 0
      vertex -1.40059 -0.375287 14
      vertex -1.40059 -0.375287 0
    endloop
  endfacet
  facet normal 0.195077 0.980788 -0
    outer loop
      vertex -0.189262 -1.43759 0
      vertex -0.375287 -1.40059 14
      vertex -0.189262 -1.43759 14
    endloop
  endfacet
  facet normal 0.195077 0.980788 0
    outer loop
      vertex -0.375287 -1.40059 14
      vertex -0.189262 -1.43759 0
      vertex -0.375287 -1.40059 0
    endloop
  endfacet
  facet normal 0.831458 -0.555588 0
    outer loop
      vertex -1.25574 0.724999 14
      vertex -1.15036 0.882704 0
      vertex -1.15036 0.882704 14
    endloop
  endfacet
  facet normal 0.831458 -0.555588 0
    outer loop
      vertex -1.15036 0.882704 0
      vertex -1.25574 0.724999 14
      vertex -1.25574 0.724999 0
    endloop
  endfacet
  facet normal 0.06543 0.997857 -0
    outer loop
      vertex 0 -1.45 0
      vertex -0.189262 -1.43759 14
      vertex 0 -1.45 14
    endloop
  endfacet
  facet normal 0.06543 0.997857 0
    outer loop
      vertex -0.189262 -1.43759 14
      vertex 0 -1.45 0
      vertex -0.189262 -1.43759 0
    endloop
  endfacet
  facet normal 0.321464 0.946922 -0
    outer loop
      vertex 13.5307 3.69552 0
      vertex 13.0353 3.8637 14
      vertex 13.5307 3.69552 14
    endloop
  endfacet
  facet normal 0.321464 0.946922 0
    outer loop
      vertex 13.0353 3.8637 14
      vertex 13.5307 3.69552 0
      vertex 13.0353 3.8637 0
    endloop
  endfacet
  facet normal 0.980777 0.195133 0
    outer loop
      vertex 15.9658 0.522104 14
      vertex 15.8637 1.03528 0
      vertex 15.8637 1.03528 14
    endloop
  endfacet
  facet normal 0.980777 0.195133 0
    outer loop
      vertex 15.8637 1.03528 0
      vertex 15.9658 0.522104 14
      vertex 15.9658 0.522104 0
    endloop
  endfacet
  facet normal 0.997861 0.0653641 0
    outer loop
      vertex 16 0 14
      vertex 15.9658 0.522104 0
      vertex 15.9658 0.522104 14
    endloop
  endfacet
  facet normal 0.997861 0.0653641 0
    outer loop
      vertex 15.9658 0.522104 0
      vertex 16 0 14
      vertex 16 0 0
    endloop
  endfacet
  facet normal 0.94692 0.321469 0
    outer loop
      vertex 15.8637 1.03528 14
      vertex 15.6955 1.53073 0
      vertex 15.6955 1.53073 14
    endloop
  endfacet
  facet normal 0.94692 0.321469 0
    outer loop
      vertex 15.6955 1.53073 0
      vertex 15.8637 1.03528 14
      vertex 15.8637 1.03528 0
    endloop
  endfacet
  facet normal 0.442268 0.896883 -0
    outer loop
      vertex 14 3.4641 0
      vertex 13.5307 3.69552 14
      vertex 14 3.4641 14
    endloop
  endfacet
  facet normal 0.442268 0.896883 0
    outer loop
      vertex 13.5307 3.69552 14
      vertex 14 3.4641 0
      vertex 13.5307 3.69552 0
    endloop
  endfacet
  facet normal -0.997859 -0.0654022 0
    outer loop
      vertex 8.03422 -0.522104 0
      vertex 8 0 14
      vertex 8 0 0
    endloop
  endfacet
  facet normal -0.997859 -0.0654022 0
    outer loop
      vertex 8 0 14
      vertex 8.03422 -0.522104 0
      vertex 8.03422 -0.522104 14
    endloop
  endfacet
  facet normal 0.896887 0.44226 0
    outer loop
      vertex 15.6955 1.53073 14
      vertex 15.4641 2 0
      vertex 15.4641 2 14
    endloop
  endfacet
  facet normal 0.896887 0.44226 0
    outer loop
      vertex 15.4641 2 0
      vertex 15.6955 1.53073 14
      vertex 15.6955 1.53073 0
    endloop
  endfacet
  facet normal 0.831462 0.555582 0
    outer loop
      vertex 15.4641 2 14
      vertex 15.1734 2.43505 0
      vertex 15.1734 2.43505 14
    endloop
  endfacet
  facet normal 0.831462 0.555582 0
    outer loop
      vertex 15.1734 2.43505 0
      vertex 15.4641 2 14
      vertex 15.4641 2 0
    endloop
  endfacet
  facet normal -0.65934 0.751845 0
    outer loop
      vertex 9.56495 3.17341 0
      vertex 9.17157 2.82843 14
      vertex 9.56495 3.17341 14
    endloop
  endfacet
  facet normal -0.65934 0.751845 0
    outer loop
      vertex 9.17157 2.82843 14
      vertex 9.56495 3.17341 0
      vertex 9.17157 2.82843 0
    endloop
  endfacet
  facet normal 0.751826 0.659362 0
    outer loop
      vertex 15.1734 2.43505 14
      vertex 14.8284 2.82843 0
      vertex 14.8284 2.82843 14
    endloop
  endfacet
  facet normal 0.751826 0.659362 0
    outer loop
      vertex 14.8284 2.82843 0
      vertex 15.1734 2.43505 14
      vertex 15.1734 2.43505 0
    endloop
  endfacet
  facet normal -0.980784 0.195096 0
    outer loop
      vertex 8.03422 0.522104 0
      vertex 8.1363 1.03528 14
      vertex 8.1363 1.03528 0
    endloop
  endfacet
  facet normal -0.980784 0.195096 0
    outer loop
      vertex 8.1363 1.03528 14
      vertex 8.03422 0.522104 0
      vertex 8.03422 0.522104 14
    endloop
  endfacet
  facet normal -0.555569 -0.831471 0
    outer loop
      vertex 9.56495 -3.17341 0
      vertex 10 -3.4641 14
      vertex 9.56495 -3.17341 14
    endloop
  endfacet
  facet normal -0.555569 -0.831471 -0
    outer loop
      vertex 10 -3.4641 14
      vertex 9.56495 -3.17341 0
      vertex 10 -3.4641 0
    endloop
  endfacet
  facet normal -0.997859 0.0654022 0
    outer loop
      vertex 8 0 0
      vertex 8.03422 0.522104 14
      vertex 8.03422 0.522104 0
    endloop
  endfacet
  facet normal -0.997859 0.0654022 0
    outer loop
      vertex 8.03422 0.522104 14
      vertex 8 0 0
      vertex 8 0 14
    endloop
  endfacet
  facet normal -0.751845 -0.65934 0
    outer loop
      vertex 9.17157 -2.82843 0
      vertex 8.82659 -2.43505 14
      vertex 8.82659 -2.43505 0
    endloop
  endfacet
  facet normal -0.751845 -0.65934 0
    outer loop
      vertex 8.82659 -2.43505 14
      vertex 9.17157 -2.82843 0
      vertex 9.17157 -2.82843 14
    endloop
  endfacet
  facet normal 0.195087 -0.980786 0
    outer loop
      vertex 12.5221 -3.96578 0
      vertex 13.0353 -3.8637 14
      vertex 12.5221 -3.96578 14
    endloop
  endfacet
  facet normal 0.195087 -0.980786 0
    outer loop
      vertex 13.0353 -3.8637 14
      vertex 12.5221 -3.96578 0
      vertex 13.0353 -3.8637 0
    endloop
  endfacet
  facet normal -0.442268 0.896883 0
    outer loop
      vertex 10.4693 3.69552 0
      vertex 10 3.4641 14
      vertex 10.4693 3.69552 14
    endloop
  endfacet
  facet normal -0.442268 0.896883 0
    outer loop
      vertex 10 3.4641 14
      vertex 10.4693 3.69552 0
      vertex 10 3.4641 0
    endloop
  endfacet
  facet normal -0.321464 -0.946922 0
    outer loop
      vertex 10.4693 -3.69552 0
      vertex 10.9647 -3.8637 14
      vertex 10.4693 -3.69552 14
    endloop
  endfacet
  facet normal -0.321464 -0.946922 -0
    outer loop
      vertex 10.9647 -3.8637 14
      vertex 10.4693 -3.69552 0
      vertex 10.9647 -3.8637 0
    endloop
  endfacet
  facet normal 0.980777 -0.195133 0
    outer loop
      vertex 15.8637 -1.03528 14
      vertex 15.9658 -0.522104 0
      vertex 15.9658 -0.522104 14
    endloop
  endfacet
  facet normal 0.980777 -0.195133 0
    outer loop
      vertex 15.9658 -0.522104 0
      vertex 15.8637 -1.03528 14
      vertex 15.8637 -1.03528 0
    endloop
  endfacet
  facet normal -0.751845 0.65934 0
    outer loop
      vertex 8.82659 2.43505 0
      vertex 9.17157 2.82843 14
      vertex 9.17157 2.82843 0
    endloop
  endfacet
  facet normal -0.751845 0.65934 0
    outer loop
      vertex 9.17157 2.82843 14
      vertex 8.82659 2.43505 0
      vertex 8.82659 2.43505 14
    endloop
  endfacet
  facet normal 0.831462 -0.555582 0
    outer loop
      vertex 15.1734 -2.43505 14
      vertex 15.4641 -2 0
      vertex 15.4641 -2 14
    endloop
  endfacet
  facet normal 0.831462 -0.555582 0
    outer loop
      vertex 15.4641 -2 0
      vertex 15.1734 -2.43505 14
      vertex 15.1734 -2.43505 0
    endloop
  endfacet
  facet normal -0.321464 0.946922 0
    outer loop
      vertex 10.9647 3.8637 0
      vertex 10.4693 3.69552 14
      vertex 10.9647 3.8637 14
    endloop
  endfacet
  facet normal -0.321464 0.946922 0
    outer loop
      vertex 10.4693 3.69552 14
      vertex 10.9647 3.8637 0
      vertex 10.4693 3.69552 0
    endloop
  endfacet
  facet normal -0.980784 -0.195096 0
    outer loop
      vertex 8.1363 -1.03528 0
      vertex 8.03422 -0.522104 14
      vertex 8.03422 -0.522104 0
    endloop
  endfacet
  facet normal -0.980784 -0.195096 0
    outer loop
      vertex 8.03422 -0.522104 14
      vertex 8.1363 -1.03528 0
      vertex 8.1363 -1.03528 14
    endloop
  endfacet
  facet normal -0.195087 -0.980786 0
    outer loop
      vertex 10.9647 -3.8637 0
      vertex 11.4779 -3.96578 14
      vertex 10.9647 -3.8637 14
    endloop
  endfacet
  facet normal -0.195087 -0.980786 -0
    outer loop
      vertex 11.4779 -3.96578 14
      vertex 10.9647 -3.8637 0
      vertex 11.4779 -3.96578 0
    endloop
  endfacet
  facet normal 0.555613 0.831441 -0
    outer loop
      vertex 14.435 3.17341 0
      vertex 14 3.4641 14
      vertex 14.435 3.17341 14
    endloop
  endfacet
  facet normal 0.555613 0.831441 0
    outer loop
      vertex 14 3.4641 14
      vertex 14.435 3.17341 0
      vertex 14 3.4641 0
    endloop
  endfacet
  facet normal 0.94692 -0.321469 0
    outer loop
      vertex 15.6955 -1.53073 14
      vertex 15.8637 -1.03528 0
      vertex 15.8637 -1.03528 14
    endloop
  endfacet
  facet normal 0.94692 -0.321469 0
    outer loop
      vertex 15.8637 -1.03528 0
      vertex 15.6955 -1.53073 14
      vertex 15.6955 -1.53073 0
    endloop
  endfacet
  facet normal 0.0654027 -0.997859 0
    outer loop
      vertex 12 -4 0
      vertex 12.5221 -3.96578 14
      vertex 12 -4 14
    endloop
  endfacet
  facet normal 0.0654027 -0.997859 0
    outer loop
      vertex 12.5221 -3.96578 14
      vertex 12 -4 0
      vertex 12.5221 -3.96578 0
    endloop
  endfacet
  facet normal 0.751826 -0.659362 0
    outer loop
      vertex 14.8284 -2.82843 14
      vertex 15.1734 -2.43505 0
      vertex 15.1734 -2.43505 14
    endloop
  endfacet
  facet normal 0.751826 -0.659362 0
    outer loop
      vertex 15.1734 -2.43505 0
      vertex 14.8284 -2.82843 14
      vertex 14.8284 -2.82843 0
    endloop
  endfacet
  facet normal -0.0654027 0.997859 0
    outer loop
      vertex 12 4 0
      vertex 11.4779 3.96578 14
      vertex 12 4 14
    endloop
  endfacet
  facet normal -0.0654027 0.997859 0
    outer loop
      vertex 11.4779 3.96578 14
      vertex 12 4 0
      vertex 11.4779 3.96578 0
    endloop
  endfacet
  facet normal 0.555613 -0.831441 0
    outer loop
      vertex 14 -3.4641 0
      vertex 14.435 -3.17341 14
      vertex 14 -3.4641 14
    endloop
  endfacet
  facet normal 0.555613 -0.831441 0
    outer loop
      vertex 14.435 -3.17341 14
      vertex 14 -3.4641 0
      vertex 14.435 -3.17341 0
    endloop
  endfacet
  facet normal -0.65934 -0.751845 0
    outer loop
      vertex 9.17157 -2.82843 0
      vertex 9.56495 -3.17341 14
      vertex 9.17157 -2.82843 14
    endloop
  endfacet
  facet normal -0.65934 -0.751845 -0
    outer loop
      vertex 9.56495 -3.17341 14
      vertex 9.17157 -2.82843 0
      vertex 9.56495 -3.17341 0
    endloop
  endfacet
  facet normal 0.659321 0.751861 -0
    outer loop
      vertex 14.8284 2.82843 0
      vertex 14.435 3.17341 14
      vertex 14.8284 2.82843 14
    endloop
  endfacet
  facet normal 0.659321 0.751861 0
    outer loop
      vertex 14.435 3.17341 14
      vertex 14.8284 2.82843 0
      vertex 14.435 3.17341 0
    endloop
  endfacet
  facet normal -0.896871 0.442291 0
    outer loop
      vertex 8.30448 1.53073 0
      vertex 8.5359 2 14
      vertex 8.5359 2 0
    endloop
  endfacet
  facet normal -0.896871 0.442291 0
    outer loop
      vertex 8.5359 2 14
      vertex 8.30448 1.53073 0
      vertex 8.30448 1.53073 14
    endloop
  endfacet
  facet normal 0.0654027 0.997859 -0
    outer loop
      vertex 12.5221 3.96578 0
      vertex 12 4 14
      vertex 12.5221 3.96578 14
    endloop
  endfacet
  facet normal 0.0654027 0.997859 0
    outer loop
      vertex 12 4 14
      vertex 12.5221 3.96578 0
      vertex 12 4 0
    endloop
  endfacet
  facet normal 0.997861 -0.0653641 0
    outer loop
      vertex 15.9658 -0.522104 14
      vertex 16 0 0
      vertex 16 0 14
    endloop
  endfacet
  facet normal 0.997861 -0.0653641 0
    outer loop
      vertex 16 0 0
      vertex 15.9658 -0.522104 14
      vertex 15.9658 -0.522104 0
    endloop
  endfacet
  facet normal -0.195087 0.980786 0
    outer loop
      vertex 11.4779 3.96578 0
      vertex 10.9647 3.8637 14
      vertex 11.4779 3.96578 14
    endloop
  endfacet
  facet normal -0.195087 0.980786 0
    outer loop
      vertex 10.9647 3.8637 14
      vertex 11.4779 3.96578 0
      vertex 10.9647 3.8637 0
    endloop
  endfacet
  facet normal -0.555569 0.831471 0
    outer loop
      vertex 10 3.4641 0
      vertex 9.56495 3.17341 14
      vertex 10 3.4641 14
    endloop
  endfacet
  facet normal -0.555569 0.831471 0
    outer loop
      vertex 9.56495 3.17341 14
      vertex 10 3.4641 0
      vertex 9.56495 3.17341 0
    endloop
  endfacet
  facet normal -0.0654027 -0.997859 0
    outer loop
      vertex 11.4779 -3.96578 0
      vertex 12 -4 14
      vertex 11.4779 -3.96578 14
    endloop
  endfacet
  facet normal -0.0654027 -0.997859 -0
    outer loop
      vertex 12 -4 14
      vertex 11.4779 -3.96578 0
      vertex 12 -4 0
    endloop
  endfacet
  facet normal 0.896887 -0.44226 0
    outer loop
      vertex 15.4641 -2 14
      vertex 15.6955 -1.53073 0
      vertex 15.6955 -1.53073 14
    endloop
  endfacet
  facet normal 0.896887 -0.44226 0
    outer loop
      vertex 15.6955 -1.53073 0
      vertex 15.4641 -2 14
      vertex 15.4641 -2 0
    endloop
  endfacet
  facet normal -0.946932 0.321435 0
    outer loop
      vertex 8.1363 1.03528 0
      vertex 8.30448 1.53073 14
      vertex 8.30448 1.53073 0
    endloop
  endfacet
  facet normal -0.946932 0.321435 0
    outer loop
      vertex 8.30448 1.53073 14
      vertex 8.1363 1.03528 0
      vertex 8.1363 1.03528 14
    endloop
  endfacet
  facet normal -0.946932 -0.321435 0
    outer loop
      vertex 8.30448 -1.53073 0
      vertex 8.1363 -1.03528 14
      vertex 8.1363 -1.03528 0
    endloop
  endfacet
  facet normal -0.946932 -0.321435 0
    outer loop
      vertex 8.1363 -1.03528 14
      vertex 8.30448 -1.53073 0
      vertex 8.30448 -1.53073 14
    endloop
  endfacet
  facet normal 0 0 -1
    outer loop
      vertex 13.45 0 0
      vertex 16 0 0
      vertex 15.9658 -0.522104 0
    endloop
  endfacet
  facet normal 0 0 -1
    outer loop
      vertex 13.4376 -0.189262 0
      vertex 15.9658 -0.522104 0
      vertex 15.8637 -1.03528 0
    endloop
  endfacet
  facet normal 0 0 -1
    outer loop
      vertex 16 0 0
      vertex 13.45 0 0
      vertex 15.9658 0.522104 0
    endloop
  endfacet
  facet normal 0 0 -1
    outer loop
      vertex 13.4006 -0.375287 0
      vertex 15.8637 -1.03528 0
      vertex 15.6955 -1.53073 0
    endloop
  endfacet
  facet normal 0 0 -1
    outer loop
      vertex 13.4376 0.189262 0
      vertex 15.9658 0.522104 0
      vertex 13.45 0 0
    endloop
  endfacet
  facet normal 0 0 -1
    outer loop
      vertex 13.3396 -0.554891 0
      vertex 15.6955 -1.53073 0
      vertex 15.4641 -2 0
    endloop
  endfacet
  facet normal -0 0 -1
    outer loop
      vertex 15.9658 0.522104 0
      vertex 13.4376 0.189262 0
      vertex 15.8637 1.03528 0
    endloop
  endfacet
  facet normal 0 0 -1
    outer loop
      vertex 13.2557 -0.724999 0
      vertex 15.4641 -2 0
      vertex 15.1734 -2.43505 0
    endloop
  endfacet
  facet normal 0 0 -1
    outer loop
      vertex 13.4006 0.375287 0
      vertex 15.8637 1.03528 0
      vertex 13.4376 0.189262 0
    endloop
  endfacet
  facet normal 0 0 -1
    outer loop
      vertex 13.1504 -0.882704 0
      vertex 15.1734 -2.43505 0
      vertex 14.8284 -2.82843 0
    endloop
  endfacet
  facet normal -0 0 -1
    outer loop
      vertex 15.8637 1.03528 0
      vertex 13.4006 0.375287 0
      vertex 15.6955 1.53073 0
    endloop
  endfacet
  facet normal 0 0 -1
    outer loop
      vertex 13.0253 -1.0253 0
      vertex 14.8284 -2.82843 0
      vertex 14.435 -3.17341 0
    endloop
  endfacet
  facet normal 0 0 -1
    outer loop
      vertex 13.3396 0.554891 0
      vertex 15.6955 1.53073 0
      vertex 13.4006 0.375287 0
    endloop
  endfacet
  facet normal 0 0 -1
    outer loop
      vertex 12.8827 -1.15036 0
      vertex 14.435 -3.17341 0
      vertex 14 -3.4641 0
    endloop
  endfacet
  facet normal -0 0 -1
    outer loop
      vertex 15.6955 1.53073 0
      vertex 13.3396 0.554891 0
      vertex 15.4641 2 0
    endloop
  endfacet
  facet normal 0 0 -1
    outer loop
      vertex 12.725 -1.25574 0
      vertex 14 -3.4641 0
      vertex 13.5307 -3.69552 0
    endloop
  endfacet
  facet normal 0 0 -1
    outer loop
      vertex 13.2557 0.724999 0
      vertex 15.4641 2 0
      vertex 13.3396 0.554891 0
    endloop
  endfacet
  facet normal -0 0 -1
    outer loop
      vertex 15.4641 2 0
      vertex 13.2557 0.724999 0
      vertex 15.1734 2.43505 0
    endloop
  endfacet
  facet normal 0 0 -1
    outer loop
      vertex 15.9658 -0.522104 0
      vertex 13.4376 -0.189262 0
      vertex 13.45 0 0
    endloop
  endfacet
  facet normal 0 0 -1
    outer loop
      vertex 15.8637 -1.03528 0
      vertex 13.4006 -0.375287 0
      vertex 13.4376 -0.189262 0
    endloop
  endfacet
  facet normal 0 0 -1
    outer loop
      vertex 15.6955 -1.53073 0
      vertex 13.3396 -0.554891 0
      vertex 13.4006 -0.375287 0
    endloop
  endfacet
  facet normal 0 0 -1
    outer loop
      vertex 15.4641 -2 0
      vertex 13.2557 -0.724999 0
      vertex 13.3396 -0.554891 0
    endloop
  endfacet
  facet normal 0 0 -1
    outer loop
      vertex 15.1734 -2.43505 0
      vertex 13.1504 -0.882704 0
      vertex 13.2557 -0.724999 0
    endloop
  endfacet
  facet normal 0 0 -1
    outer loop
      vertex 12.5549 -1.33962 0
      vertex 13.5307 -3.69552 0
      vertex 13.0353 -3.8637 0
    endloop
  endfacet
  facet normal 0 0 -1
    outer loop
      vertex 14.8284 -2.82843 0
      vertex 13.0253 -1.0253 0
      vertex 13.1504 -0.882704 0
    endloop
  endfacet
  facet normal 0 0 -1
    outer loop
      vertex 14.435 -3.17341 0
      vertex 12.8827 -1.15036 0
      vertex 13.0253 -1.0253 0
    endloop
  endfacet
  facet normal 0 0 -1
    outer loop
      vertex 14 -3.4641 0
      vertex 12.725 -1.25574 0
      vertex 12.8827 -1.15036 0
    endloop
  endfacet
  facet normal 0 0 -1
    outer loop
      vertex 13.5307 -3.69552 0
      vertex 12.5549 -1.33962 0
      vertex 12.725 -1.25574 0
    endloop
  endfacet
  facet normal 0 0 -1
    outer loop
      vertex 12.3753 -1.40059 0
      vertex 13.0353 -3.8637 0
      vertex 12.5221 -3.96578 0
    endloop
  endfacet
  facet normal 0 0 -1
    outer loop
      vertex 13.0353 -3.8637 0
      vertex 12.3753 -1.40059 0
      vertex 12.5549 -1.33962 0
    endloop
  endfacet
  facet normal 0 0 -1
    outer loop
      vertex 12.5221 -3.96578 0
      vertex 12.1893 -1.43759 0
      vertex 12.3753 -1.40059 0
    endloop
  endfacet
  facet normal 0 0 -1
    outer loop
      vertex 12 -4 0
      vertex 12.1893 -1.43759 0
      vertex 12.5221 -3.96578 0
    endloop
  endfacet
  facet normal 0 0 -1
    outer loop
      vertex 12 -4 0
      vertex 12 -1.45 0
      vertex 12.1893 -1.43759 0
    endloop
  endfacet
  facet normal 0 0 -1
    outer loop
      vertex 12 -4 0
      vertex 11.8107 -1.43759 0
      vertex 12 -1.45 0
    endloop
  endfacet
  facet normal 0 0 -1
    outer loop
      vertex 11.4779 -3.96578 0
      vertex 11.8107 -1.43759 0
      vertex 12 -4 0
    endloop
  endfacet
  facet normal -0 0 -1
    outer loop
      vertex 11.8107 -1.43759 0
      vertex 11.4779 -3.96578 0
      vertex 11.6247 -1.40059 0
    endloop
  endfacet
  facet normal 0 0 -1
    outer loop
      vertex 10.9647 -3.8637 0
      vertex 11.6247 -1.40059 0
      vertex 11.4779 -3.96578 0
    endloop
  endfacet
  facet normal -0 0 -1
    outer loop
      vertex 11.6247 -1.40059 0
      vertex 10.9647 -3.8637 0
      vertex 11.4451 -1.33962 0
    endloop
  endfacet
  facet normal 0 0 -1
    outer loop
      vertex 10.4693 -3.69552 0
      vertex 11.4451 -1.33962 0
      vertex 10.9647 -3.8637 0
    endloop
  endfacet
  facet normal -0 0 -1
    outer loop
      vertex 11.4451 -1.33962 0
      vertex 10.4693 -3.69552 0
      vertex 11.275 -1.25574 0
    endloop
  endfacet
  facet normal 0 0 -1
    outer loop
      vertex 10 -3.4641 0
      vertex 11.275 -1.25574 0
      vertex 10.4693 -3.69552 0
    endloop
  endfacet
  facet normal -0 0 -1
    outer loop
      vertex 11.275 -1.25574 0
      vertex 10 -3.4641 0
      vertex 11.1173 -1.15036 0
    endloop
  endfacet
  facet normal 0 0 -1
    outer loop
      vertex 9.56495 -3.17341 0
      vertex 11.1173 -1.15036 0
      vertex 10 -3.4641 0
    endloop
  endfacet
  facet normal -0 0 -1
    outer loop
      vertex 11.1173 -1.15036 0
      vertex 9.56495 -3.17341 0
      vertex 10.9747 -1.0253 0
    endloop
  endfacet
  facet normal 0 0 -1
    outer loop
      vertex 9.17157 -2.82843 0
      vertex 10.9747 -1.0253 0
      vertex 9.56495 -3.17341 0
    endloop
  endfacet
  facet normal -0 0 -1
    outer loop
      vertex 10.9747 -1.0253 0
      vertex 9.17157 -2.82843 0
      vertex 10.8496 -0.882704 0
    endloop
  endfacet
  facet normal -0 0 -1
    outer loop
      vertex 10.8496 -0.882704 0
      vertex 8.82659 -2.43505 0
      vertex 10.7443 -0.724999 0
    endloop
  endfacet
  facet normal 0 0 -1
    outer loop
      vertex 8.82659 -2.43505 0
      vertex 10.8496 -0.882704 0
      vertex 9.17157 -2.82843 0
    endloop
  endfacet
  facet normal 0 0 -1
    outer loop
      vertex 13.1504 0.882704 0
      vertex 15.1734 2.43505 0
      vertex 13.2557 0.724999 0
    endloop
  endfacet
  facet normal -0 0 -1
    outer loop
      vertex 15.1734 2.43505 0
      vertex 13.1504 0.882704 0
      vertex 14.8284 2.82843 0
    endloop
  endfacet
  facet normal 0 0 -1
    outer loop
      vertex 13.0253 1.0253 0
      vertex 14.8284 2.82843 0
      vertex 13.1504 0.882704 0
    endloop
  endfacet
  facet normal -0 0 -1
    outer loop
      vertex 14.8284 2.82843 0
      vertex 13.0253 1.0253 0
      vertex 14.435 3.17341 0
    endloop
  endfacet
  facet normal 0 0 -1
    outer loop
      vertex 12.8827 1.15036 0
      vertex 14.435 3.17341 0
      vertex 13.0253 1.0253 0
    endloop
  endfacet
  facet normal -0 0 -1
    outer loop
      vertex 14.435 3.17341 0
      vertex 12.8827 1.15036 0
      vertex 14 3.4641 0
    endloop
  endfacet
  facet normal 0 0 -1
    outer loop
      vertex 12.725 1.25574 0
      vertex 14 3.4641 0
      vertex 12.8827 1.15036 0
    endloop
  endfacet
  facet normal -0 0 -1
    outer loop
      vertex 14 3.4641 0
      vertex 12.725 1.25574 0
      vertex 13.5307 3.69552 0
    endloop
  endfacet
  facet normal 0 0 -1
    outer loop
      vertex 12.5549 1.33962 0
      vertex 13.5307 3.69552 0
      vertex 12.725 1.25574 0
    endloop
  endfacet
  facet normal -0 0 -1
    outer loop
      vertex 13.5307 3.69552 0
      vertex 12.5549 1.33962 0
      vertex 13.0353 3.8637 0
    endloop
  endfacet
  facet normal 0 0 -1
    outer loop
      vertex 12.3753 1.40059 0
      vertex 13.0353 3.8637 0
      vertex 12.5549 1.33962 0
    endloop
  endfacet
  facet normal -0 0 -1
    outer loop
      vertex 13.0353 3.8637 0
      vertex 12.3753 1.40059 0
      vertex 12.5221 3.96578 0
    endloop
  endfacet
  facet normal 0 0 -1
    outer loop
      vertex 12.1893 1.43759 0
      vertex 12.5221 3.96578 0
      vertex 12.3753 1.40059 0
    endloop
  endfacet
  facet normal 0 0 -1
    outer loop
      vertex 12 1.45 0
      vertex 12.5221 3.96578 0
      vertex 12.1893 1.43759 0
    endloop
  endfacet
  facet normal 0 0 -1
    outer loop
      vertex 12 1.45 0
      vertex 12 4 0
      vertex 12.5221 3.96578 0
    endloop
  endfacet
  facet normal 0 0 -1
    outer loop
      vertex 11.8107 1.43759 0
      vertex 12 4 0
      vertex 12 1.45 0
    endloop
  endfacet
  facet normal 0 0 -1
    outer loop
      vertex 11.4779 3.96578 0
      vertex 11.8107 1.43759 0
      vertex 11.6247 1.40059 0
    endloop
  endfacet
  facet normal 0 0 -1
    outer loop
      vertex 11.8107 1.43759 0
      vertex 11.4779 3.96578 0
      vertex 12 4 0
    endloop
  endfacet
  facet normal 0 0 -1
    outer loop
      vertex 10.9647 3.8637 0
      vertex 11.6247 1.40059 0
      vertex 11.4451 1.33962 0
    endloop
  endfacet
  facet normal 0 0 -1
    outer loop
      vertex 10.4693 3.69552 0
      vertex 11.4451 1.33962 0
      vertex 11.275 1.25574 0
    endloop
  endfacet
  facet normal 0 0 -1
    outer loop
      vertex 10 3.4641 0
      vertex 11.275 1.25574 0
      vertex 11.1173 1.15036 0
    endloop
  endfacet
  facet normal 0 0 -1
    outer loop
      vertex 9.56495 3.17341 0
      vertex 11.1173 1.15036 0
      vertex 10.9747 1.0253 0
    endloop
  endfacet
  facet normal 0 0 -1
    outer loop
      vertex 11.6247 1.40059 0
      vertex 10.9647 3.8637 0
      vertex 11.4779 3.96578 0
    endloop
  endfacet
  facet normal 0 0 -1
    outer loop
      vertex 9.17157 2.82843 0
      vertex 10.9747 1.0253 0
      vertex 10.8496 0.882704 0
    endloop
  endfacet
  facet normal 0 0 -1
    outer loop
      vertex 8.82659 2.43505 0
      vertex 10.8496 0.882704 0
      vertex 10.7443 0.724999 0
    endloop
  endfacet
  facet normal 0 0 -1
    outer loop
      vertex 8.5359 2 0
      vertex 10.7443 0.724999 0
      vertex 10.6604 0.554891 0
    endloop
  endfacet
  facet normal 0 0 -1
    outer loop
      vertex 8.30448 1.53073 0
      vertex 10.6604 0.554891 0
      vertex 10.5994 0.375287 0
    endloop
  endfacet
  facet normal 0 0 -1
    outer loop
      vertex 8.1363 1.03528 0
      vertex 10.5994 0.375287 0
      vertex 10.5624 0.189262 0
    endloop
  endfacet
  facet normal 0 0 -1
    outer loop
      vertex 11.4451 1.33962 0
      vertex 10.4693 3.69552 0
      vertex 10.9647 3.8637 0
    endloop
  endfacet
  facet normal 0 0 -1
    outer loop
      vertex 8.03422 0.522104 0
      vertex 10.5624 0.189262 0
      vertex 10.55 0 0
    endloop
  endfacet
  facet normal 0 0 -1
    outer loop
      vertex 8.5359 -2 0
      vertex 10.7443 -0.724999 0
      vertex 8.82659 -2.43505 0
    endloop
  endfacet
  facet normal -0 0 -1
    outer loop
      vertex 10.7443 -0.724999 0
      vertex 8.5359 -2 0
      vertex 10.6604 -0.554891 0
    endloop
  endfacet
  facet normal 0 0 -1
    outer loop
      vertex 11.275 1.25574 0
      vertex 10 3.4641 0
      vertex 10.4693 3.69552 0
    endloop
  endfacet
  facet normal 0 0 -1
    outer loop
      vertex 8.30448 -1.53073 0
      vertex 10.6604 -0.554891 0
      vertex 8.5359 -2 0
    endloop
  endfacet
  facet normal 0 0 -1
    outer loop
      vertex 11.1173 1.15036 0
      vertex 9.56495 3.17341 0
      vertex 10 3.4641 0
    endloop
  endfacet
  facet normal -0 0 -1
    outer loop
      vertex 10.6604 -0.554891 0
      vertex 8.30448 -1.53073 0
      vertex 10.5994 -0.375287 0
    endloop
  endfacet
  facet normal 0 0 -1
    outer loop
      vertex 10.9747 1.0253 0
      vertex 9.17157 2.82843 0
      vertex 9.56495 3.17341 0
    endloop
  endfacet
  facet normal 0 0 -1
    outer loop
      vertex 8.1363 -1.03528 0
      vertex 10.5994 -0.375287 0
      vertex 8.30448 -1.53073 0
    endloop
  endfacet
  facet normal 0 0 -1
    outer loop
      vertex 10.8496 0.882704 0
      vertex 8.82659 2.43505 0
      vertex 9.17157 2.82843 0
    endloop
  endfacet
  facet normal -0 0 -1
    outer loop
      vertex 10.5994 -0.375287 0
      vertex 8.1363 -1.03528 0
      vertex 10.5624 -0.189262 0
    endloop
  endfacet
  facet normal 0 0 -1
    outer loop
      vertex 10.7443 0.724999 0
      vertex 8.5359 2 0
      vertex 8.82659 2.43505 0
    endloop
  endfacet
  facet normal 0 0 -1
    outer loop
      vertex 8.03422 -0.522104 0
      vertex 10.5624 -0.189262 0
      vertex 8.1363 -1.03528 0
    endloop
  endfacet
  facet normal 0 0 -1
    outer loop
      vertex 10.6604 0.554891 0
      vertex 8.30448 1.53073 0
      vertex 8.5359 2 0
    endloop
  endfacet
  facet normal -0 0 -1
    outer loop
      vertex 10.5624 -0.189262 0
      vertex 8.03422 -0.522104 0
      vertex 10.55 0 0
    endloop
  endfacet
  facet normal 0 0 -1
    outer loop
      vertex 10.5994 0.375287 0
      vertex 8.1363 1.03528 0
      vertex 8.30448 1.53073 0
    endloop
  endfacet
  facet normal 0 0 -1
    outer loop
      vertex 8 0 0
      vertex 10.55 0 0
      vertex 8.03422 -0.522104 0
    endloop
  endfacet
  facet normal 0 0 -1
    outer loop
      vertex 10.5624 0.189262 0
      vertex 8.03422 0.522104 0
      vertex 8.1363 1.03528 0
    endloop
  endfacet
  facet normal 0 0 -1
    outer loop
      vertex 10.55 0 0
      vertex 8 0 0
      vertex 8.03422 0.522104 0
    endloop
  endfacet
  facet normal -0.831471 0.555569 0
    outer loop
      vertex 8.5359 2 0
      vertex 8.82659 2.43505 14
      vertex 8.82659 2.43505 0
    endloop
  endfacet
  facet normal -0.831471 0.555569 0
    outer loop
      vertex 8.82659 2.43505 14
      vertex 8.5359 2 0
      vertex 8.5359 2 14
    endloop
  endfacet
  facet normal 0.442268 -0.896883 0
    outer loop
      vertex 13.5307 -3.69552 0
      vertex 14 -3.4641 14
      vertex 13.5307 -3.69552 14
    endloop
  endfacet
  facet normal 0.442268 -0.896883 0
    outer loop
      vertex 14 -3.4641 14
      vertex 13.5307 -3.69552 0
      vertex 14 -3.4641 0
    endloop
  endfacet
  facet normal 0.321464 -0.946922 0
    outer loop
      vertex 13.0353 -3.8637 0
      vertex 13.5307 -3.69552 14
      vertex 13.0353 -3.8637 14
    endloop
  endfacet
  facet normal 0.321464 -0.946922 0
    outer loop
      vertex 13.5307 -3.69552 14
      vertex 13.0353 -3.8637 0
      vertex 13.5307 -3.69552 0
    endloop
  endfacet
  facet normal 0.659321 -0.751861 0
    outer loop
      vertex 14.435 -3.17341 0
      vertex 14.8284 -2.82843 14
      vertex 14.435 -3.17341 14
    endloop
  endfacet
  facet normal 0.659321 -0.751861 0
    outer loop
      vertex 14.8284 -2.82843 14
      vertex 14.435 -3.17341 0
      vertex 14.8284 -2.82843 0
    endloop
  endfacet
  facet normal -0.896871 -0.442291 0
    outer loop
      vertex 8.5359 -2 0
      vertex 8.30448 -1.53073 14
      vertex 8.30448 -1.53073 0
    endloop
  endfacet
  facet normal -0.896871 -0.442291 0
    outer loop
      vertex 8.30448 -1.53073 14
      vertex 8.5359 -2 0
      vertex 8.5359 -2 14
    endloop
  endfacet
  facet normal 0.195087 0.980786 -0
    outer loop
      vertex 13.0353 3.8637 0
      vertex 12.5221 3.96578 14
      vertex 13.0353 3.8637 14
    endloop
  endfacet
  facet normal 0.195087 0.980786 0
    outer loop
      vertex 12.5221 3.96578 14
      vertex 13.0353 3.8637 0
      vertex 12.5221 3.96578 0
    endloop
  endfacet
  facet normal -0.442268 -0.896883 0
    outer loop
      vertex 10 -3.4641 0
      vertex 10.4693 -3.69552 14
      vertex 10 -3.4641 14
    endloop
  endfacet
  facet normal -0.442268 -0.896883 -0
    outer loop
      vertex 10.4693 -3.69552 14
      vertex 10 -3.4641 0
      vertex 10.4693 -3.69552 0
    endloop
  endfacet
  facet normal -0.831471 -0.555569 0
    outer loop
      vertex 8.82659 -2.43505 0
      vertex 8.5359 -2 14
      vertex 8.5359 -2 0
    endloop
  endfacet
  facet normal -0.831471 -0.555569 0
    outer loop
      vertex 8.5359 -2 14
      vertex 8.82659 -2.43505 0
      vertex 8.82659 -2.43505 14
    endloop
  endfacet
  facet normal 0 0 1
    outer loop
      vertex 13.45 0 14
      vertex 16 0 14
      vertex 15.9658 0.522104 14
    endloop
  endfacet
  facet normal 0 0 1
    outer loop
      vertex 13.4376 0.189262 14
      vertex 15.9658 0.522104 14
      vertex 15.8637 1.03528 14
    endloop
  endfacet
  facet normal 0 0 1
    outer loop
      vertex 16 0 14
      vertex 13.45 0 14
      vertex 15.9658 -0.522104 14
    endloop
  endfacet
  facet normal 0 0 1
    outer loop
      vertex 13.4006 0.375287 14
      vertex 15.8637 1.03528 14
      vertex 15.6955 1.53073 14
    endloop
  endfacet
  facet normal -0 0 1
    outer loop
      vertex 13.4376 -0.189262 14
      vertex 15.9658 -0.522104 14
      vertex 13.45 0 14
    endloop
  endfacet
  facet normal 0 0 1
    outer loop
      vertex 13.3396 0.554891 14
      vertex 15.6955 1.53073 14
      vertex 15.4641 2 14
    endloop
  endfacet
  facet normal 0 0 1
    outer loop
      vertex 15.9658 -0.522104 14
      vertex 13.4376 -0.189262 14
      vertex 15.8637 -1.03528 14
    endloop
  endfacet
  facet normal 0 0 1
    outer loop
      vertex 13.2557 0.724999 14
      vertex 15.4641 2 14
      vertex 15.1734 2.43505 14
    endloop
  endfacet
  facet normal -0 0 1
    outer loop
      vertex 13.4006 -0.375287 14
      vertex 15.8637 -1.03528 14
      vertex 13.4376 -0.189262 14
    endloop
  endfacet
  facet normal 0 0 1
    outer loop
      vertex 13.1504 0.882704 14
      vertex 15.1734 2.43505 14
      vertex 14.8284 2.82843 14
    endloop
  endfacet
  facet normal 0 0 1
    outer loop
      vertex 15.8637 -1.03528 14
      vertex 13.4006 -0.375287 14
      vertex 15.6955 -1.53073 14
    endloop
  endfacet
  facet normal 0 0 1
    outer loop
      vertex 13.0253 1.0253 14
      vertex 14.8284 2.82843 14
      vertex 14.435 3.17341 14
    endloop
  endfacet
  facet normal -0 0 1
    outer loop
      vertex 13.3396 -0.554891 14
      vertex 15.6955 -1.53073 14
      vertex 13.4006 -0.375287 14
    endloop
  endfacet
  facet normal 0 0 1
    outer loop
      vertex 12.8827 1.15036 14
      vertex 14.435 3.17341 14
      vertex 14 3.4641 14
    endloop
  endfacet
  facet normal 0 0 1
    outer loop
      vertex 15.6955 -1.53073 14
      vertex 13.3396 -0.554891 14
      vertex 15.4641 -2 14
    endloop
  endfacet
  facet normal 0 0 1
    outer loop
      vertex 12.725 1.25574 14
      vertex 14 3.4641 14
      vertex 13.5307 3.69552 14
    endloop
  endfacet
  facet normal -0 0 1
    outer loop
      vertex 13.2557 -0.724999 14
      vertex 15.4641 -2 14
      vertex 13.3396 -0.554891 14
    endloop
  endfacet
  facet normal 0 0 1
    outer loop
      vertex 15.4641 -2 14
      vertex 13.2557 -0.724999 14
      vertex 15.1734 -2.43505 14
    endloop
  endfacet
  facet normal 0 0 1
    outer loop
      vertex 15.9658 0.522104 14
      vertex 13.4376 0.189262 14
      vertex 13.45 0 14
    endloop
  endfacet
  facet normal 0 0 1
    outer loop
      vertex 15.8637 1.03528 14
      vertex 13.4006 0.375287 14
      vertex 13.4376 0.189262 14
    endloop
  endfacet
  facet normal 0 0 1
    outer loop
      vertex 15.6955 1.53073 14
      vertex 13.3396 0.554891 14
      vertex 13.4006 0.375287 14
    endloop
  endfacet
  facet normal 0 0 1
    outer loop
      vertex 15.4641 2 14
      vertex 13.2557 0.724999 14
      vertex 13.3396 0.554891 14
    endloop
  endfacet
  facet normal 0 0 1
    outer loop
      vertex 15.1734 2.43505 14
      vertex 13.1504 0.882704 14
      vertex 13.2557 0.724999 14
    endloop
  endfacet
  facet normal 0 0 1
    outer loop
      vertex 12.5549 1.33962 14
      vertex 13.5307 3.69552 14
      vertex 13.0353 3.8637 14
    endloop
  endfacet
  facet normal 0 0 1
    outer loop
      vertex 14.8284 2.82843 14
      vertex 13.0253 1.0253 14
      vertex 13.1504 0.882704 14
    endloop
  endfacet
  facet normal 0 0 1
    outer loop
      vertex 14.435 3.17341 14
      vertex 12.8827 1.15036 14
      vertex 13.0253 1.0253 14
    endloop
  endfacet
  facet normal 0 0 1
    outer loop
      vertex 14 3.4641 14
      vertex 12.725 1.25574 14
      vertex 12.8827 1.15036 14
    endloop
  endfacet
  facet normal 0 0 1
    outer loop
      vertex 13.5307 3.69552 14
      vertex 12.5549 1.33962 14
      vertex 12.725 1.25574 14
    endloop
  endfacet
  facet normal 0 0 1
    outer loop
      vertex 12.3753 1.40059 14
      vertex 13.0353 3.8637 14
      vertex 12.5221 3.96578 14
    endloop
  endfacet
  facet normal 0 0 1
    outer loop
      vertex 13.0353 3.8637 14
      vertex 12.3753 1.40059 14
      vertex 12.5549 1.33962 14
    endloop
  endfacet
  facet normal 0 0 1
    outer loop
      vertex 12.5221 3.96578 14
      vertex 12.1893 1.43759 14
      vertex 12.3753 1.40059 14
    endloop
  endfacet
  facet normal 0 0 1
    outer loop
      vertex 12 4 14
      vertex 12.1893 1.43759 14
      vertex 12.5221 3.96578 14
    endloop
  endfacet
  facet normal 0 0 1
    outer loop
      vertex 12 4 14
      vertex 12 1.45 14
      vertex 12.1893 1.43759 14
    endloop
  endfacet
  facet normal 0 0 1
    outer loop
      vertex 12 4 14
      vertex 11.8107 1.43759 14
      vertex 12 1.45 14
    endloop
  endfacet
  facet normal -0 0 1
    outer loop
      vertex 11.4779 3.96578 14
      vertex 11.8107 1.43759 14
      vertex 12 4 14
    endloop
  endfacet
  facet normal 0 0 1
    outer loop
      vertex 11.8107 1.43759 14
      vertex 11.4779 3.96578 14
      vertex 11.6247 1.40059 14
    endloop
  endfacet
  facet normal -0 0 1
    outer loop
      vertex 10.9647 3.8637 14
      vertex 11.6247 1.40059 14
      vertex 11.4779 3.96578 14
    endloop
  endfacet
  facet normal 0 0 1
    outer loop
      vertex 11.6247 1.40059 14
      vertex 10.9647 3.8637 14
      vertex 11.4451 1.33962 14
    endloop
  endfacet
  facet normal -0 0 1
    outer loop
      vertex 10.4693 3.69552 14
      vertex 11.4451 1.33962 14
      vertex 10.9647 3.8637 14
    endloop
  endfacet
  facet normal 0 0 1
    outer loop
      vertex 11.4451 1.33962 14
      vertex 10.4693 3.69552 14
      vertex 11.275 1.25574 14
    endloop
  endfacet
  facet normal -0 0 1
    outer loop
      vertex 10 3.4641 14
      vertex 11.275 1.25574 14
      vertex 10.4693 3.69552 14
    endloop
  endfacet
  facet normal 0 0 1
    outer loop
      vertex 11.275 1.25574 14
      vertex 10 3.4641 14
      vertex 11.1173 1.15036 14
    endloop
  endfacet
  facet normal -0 0 1
    outer loop
      vertex 9.56495 3.17341 14
      vertex 11.1173 1.15036 14
      vertex 10 3.4641 14
    endloop
  endfacet
  facet normal 0 0 1
    outer loop
      vertex 11.1173 1.15036 14
      vertex 9.56495 3.17341 14
      vertex 10.9747 1.0253 14
    endloop
  endfacet
  facet normal -0 0 1
    outer loop
      vertex 9.17157 2.82843 14
      vertex 10.9747 1.0253 14
      vertex 9.56495 3.17341 14
    endloop
  endfacet
  facet normal 0 0 1
    outer loop
      vertex 10.9747 1.0253 14
      vertex 9.17157 2.82843 14
      vertex 10.8496 0.882704 14
    endloop
  endfacet
  facet normal 0 0 1
    outer loop
      vertex 10.8496 0.882704 14
      vertex 8.82659 2.43505 14
      vertex 10.7443 0.724999 14
    endloop
  endfacet
  facet normal -0 0 1
    outer loop
      vertex 8.82659 2.43505 14
      vertex 10.8496 0.882704 14
      vertex 9.17157 2.82843 14
    endloop
  endfacet
  facet normal -0 0 1
    outer loop
      vertex 13.1504 -0.882704 14
      vertex 15.1734 -2.43505 14
      vertex 13.2557 -0.724999 14
    endloop
  endfacet
  facet normal 0 0 1
    outer loop
      vertex 15.1734 -2.43505 14
      vertex 13.1504 -0.882704 14
      vertex 14.8284 -2.82843 14
    endloop
  endfacet
  facet normal -0 0 1
    outer loop
      vertex 13.0253 -1.0253 14
      vertex 14.8284 -2.82843 14
      vertex 13.1504 -0.882704 14
    endloop
  endfacet
  facet normal 0 0 1
    outer loop
      vertex 14.8284 -2.82843 14
      vertex 13.0253 -1.0253 14
      vertex 14.435 -3.17341 14
    endloop
  endfacet
  facet normal -0 0 1
    outer loop
      vertex 12.8827 -1.15036 14
      vertex 14.435 -3.17341 14
      vertex 13.0253 -1.0253 14
    endloop
  endfacet
  facet normal 0 0 1
    outer loop
      vertex 14.435 -3.17341 14
      vertex 12.8827 -1.15036 14
      vertex 14 -3.4641 14
    endloop
  endfacet
  facet normal -0 0 1
    outer loop
      vertex 12.725 -1.25574 14
      vertex 14 -3.4641 14
      vertex 12.8827 -1.15036 14
    endloop
  endfacet
  facet normal 0 0 1
    outer loop
      vertex 14 -3.4641 14
      vertex 12.725 -1.25574 14
      vertex 13.5307 -3.69552 14
    endloop
  endfacet
  facet normal -0 0 1
    outer loop
      vertex 12.5549 -1.33962 14
      vertex 13.5307 -3.69552 14
      vertex 12.725 -1.25574 14
    endloop
  endfacet
  facet normal 0 0 1
    outer loop
      vertex 13.5307 -3.69552 14
      vertex 12.5549 -1.33962 14
      vertex 13.0353 -3.8637 14
    endloop
  endfacet
  facet normal -0 0 1
    outer loop
      vertex 12.3753 -1.40059 14
      vertex 13.0353 -3.8637 14
      vertex 12.5549 -1.33962 14
    endloop
  endfacet
  facet normal 0 0 1
    outer loop
      vertex 13.0353 -3.8637 14
      vertex 12.3753 -1.40059 14
      vertex 12.5221 -3.96578 14
    endloop
  endfacet
  facet normal -0 0 1
    outer loop
      vertex 12.1893 -1.43759 14
      vertex 12.5221 -3.96578 14
      vertex 12.3753 -1.40059 14
    endloop
  endfacet
  facet normal -0 0 1
    outer loop
      vertex 12 -1.45 14
      vertex 12.5221 -3.96578 14
      vertex 12.1893 -1.43759 14
    endloop
  endfacet
  facet normal 0 0 1
    outer loop
      vertex 12 -1.45 14
      vertex 12 -4 14
      vertex 12.5221 -3.96578 14
    endloop
  endfacet
  facet normal 0 0 1
    outer loop
      vertex 11.8107 -1.43759 14
      vertex 12 -4 14
      vertex 12 -1.45 14
    endloop
  endfacet
  facet normal 0 0 1
    outer loop
      vertex 11.4779 -3.96578 14
      vertex 11.8107 -1.43759 14
      vertex 11.6247 -1.40059 14
    endloop
  endfacet
  facet normal 0 0 1
    outer loop
      vertex 11.8107 -1.43759 14
      vertex 11.4779 -3.96578 14
      vertex 12 -4 14
    endloop
  endfacet
  facet normal 0 0 1
    outer loop
      vertex 10.9647 -3.8637 14
      vertex 11.6247 -1.40059 14
      vertex 11.4451 -1.33962 14
    endloop
  endfacet
  facet normal 0 0 1
    outer loop
      vertex 10.4693 -3.69552 14
      vertex 11.4451 -1.33962 14
      vertex 11.275 -1.25574 14
    endloop
  endfacet
  facet normal 0 0 1
    outer loop
      vertex 10 -3.4641 14
      vertex 11.275 -1.25574 14
      vertex 11.1173 -1.15036 14
    endloop
  endfacet
  facet normal 0 0 1
    outer loop
      vertex 9.56495 -3.17341 14
      vertex 11.1173 -1.15036 14
      vertex 10.9747 -1.0253 14
    endloop
  endfacet
  facet normal 0 0 1
    outer loop
      vertex 11.6247 -1.40059 14
      vertex 10.9647 -3.8637 14
      vertex 11.4779 -3.96578 14
    endloop
  endfacet
  facet normal 0 0 1
    outer loop
      vertex 9.17157 -2.82843 14
      vertex 10.9747 -1.0253 14
      vertex 10.8496 -0.882704 14
    endloop
  endfacet
  facet normal 0 0 1
    outer loop
      vertex 8.82659 -2.43505 14
      vertex 10.8496 -0.882704 14
      vertex 10.7443 -0.724999 14
    endloop
  endfacet
  facet normal 0 0 1
    outer loop
      vertex 8.5359 -2 14
      vertex 10.7443 -0.724999 14
      vertex 10.6604 -0.554891 14
    endloop
  endfacet
  facet normal 0 0 1
    outer loop
      vertex 8.30448 -1.53073 14
      vertex 10.6604 -0.554891 14
      vertex 10.5994 -0.375287 14
    endloop
  endfacet
  facet normal 0 0 1
    outer loop
      vertex 8.1363 -1.03528 14
      vertex 10.5994 -0.375287 14
      vertex 10.5624 -0.189262 14
    endloop
  endfacet
  facet normal 0 0 1
    outer loop
      vertex 11.4451 -1.33962 14
      vertex 10.4693 -3.69552 14
      vertex 10.9647 -3.8637 14
    endloop
  endfacet
  facet normal 0 0 1
    outer loop
      vertex 8.03422 -0.522104 14
      vertex 10.5624 -0.189262 14
      vertex 10.55 0 14
    endloop
  endfacet
  facet normal -0 0 1
    outer loop
      vertex 8.5359 2 14
      vertex 10.7443 0.724999 14
      vertex 8.82659 2.43505 14
    endloop
  endfacet
  facet normal 0 0 1
    outer loop
      vertex 10.7443 0.724999 14
      vertex 8.5359 2 14
      vertex 10.6604 0.554891 14
    endloop
  endfacet
  facet normal 0 0 1
    outer loop
      vertex 11.275 -1.25574 14
      vertex 10 -3.4641 14
      vertex 10.4693 -3.69552 14
    endloop
  endfacet
  facet normal -0 0 1
    outer loop
      vertex 8.30448 1.53073 14
      vertex 10.6604 0.554891 14
      vertex 8.5359 2 14
    endloop
  endfacet
  facet normal 0 0 1
    outer loop
      vertex 11.1173 -1.15036 14
      vertex 9.56495 -3.17341 14
      vertex 10 -3.4641 14
    endloop
  endfacet
  facet normal 0 0 1
    outer loop
      vertex 10.6604 0.554891 14
      vertex 8.30448 1.53073 14
      vertex 10.5994 0.375287 14
    endloop
  endfacet
  facet normal 0 0 1
    outer loop
      vertex 10.9747 -1.0253 14
      vertex 9.17157 -2.82843 14
      vertex 9.56495 -3.17341 14
    endloop
  endfacet
  facet normal -0 0 1
    outer loop
      vertex 8.1363 1.03528 14
      vertex 10.5994 0.375287 14
      vertex 8.30448 1.53073 14
    endloop
  endfacet
  facet normal 0 0 1
    outer loop
      vertex 10.8496 -0.882704 14
      vertex 8.82659 -2.43505 14
      vertex 9.17157 -2.82843 14
    endloop
  endfacet
  facet normal 0 0 1
    outer loop
      vertex 10.5994 0.375287 14
      vertex 8.1363 1.03528 14
      vertex 10.5624 0.189262 14
    endloop
  endfacet
  facet normal 0 0 1
    outer loop
      vertex 10.7443 -0.724999 14
      vertex 8.5359 -2 14
      vertex 8.82659 -2.43505 14
    endloop
  endfacet
  facet normal -0 0 1
    outer loop
      vertex 8.03422 0.522104 14
      vertex 10.5624 0.189262 14
      vertex 8.1363 1.03528 14
    endloop
  endfacet
  facet normal 0 0 1
    outer loop
      vertex 10.6604 -0.554891 14
      vertex 8.30448 -1.53073 14
      vertex 8.5359 -2 14
    endloop
  endfacet
  facet normal 0 0 1
    outer loop
      vertex 10.5624 0.189262 14
      vertex 8.03422 0.522104 14
      vertex 10.55 0 14
    endloop
  endfacet
  facet normal 0 0 1
    outer loop
      vertex 10.5994 -0.375287 14
      vertex 8.1363 -1.03528 14
      vertex 8.30448 -1.53073 14
    endloop
  endfacet
  facet normal 0 0 1
    outer loop
      vertex 8 0 14
      vertex 10.55 0 14
      vertex 8.03422 0.522104 14
    endloop
  endfacet
  facet normal 0 0 1
    outer loop
      vertex 10.5624 -0.189262 14
      vertex 8.03422 -0.522104 14
      vertex 8.1363 -1.03528 14
    endloop
  endfacet
  facet normal 0 0 1
    outer loop
      vertex 10.55 0 14
      vertex 8 0 14
      vertex 8.03422 -0.522104 14
    endloop
  endfacet
  facet normal -0.980788 -0.195077 0
    outer loop
      vertex 13.4376 0.189262 0
      vertex 13.4006 0.375287 14
      vertex 13.4006 0.375287 0
    endloop
  endfacet
  facet normal -0.980788 -0.195077 0
    outer loop
      vertex 13.4006 0.375287 14
      vertex 13.4376 0.189262 0
      vertex 13.4376 0.189262 14
    endloop
  endfacet
  facet normal -0.997861 -0.0653775 0
    outer loop
      vertex 13.45 0 0
      vertex 13.4376 0.189262 14
      vertex 13.4376 0.189262 0
    endloop
  endfacet
  facet normal -0.997861 -0.0653775 0
    outer loop
      vertex 13.4376 0.189262 14
      vertex 13.45 0 0
      vertex 13.45 0 14
    endloop
  endfacet
  facet normal -0.321458 0.946924 0
    outer loop
      vertex 12.5549 -1.33962 0
      vertex 12.3753 -1.40059 14
      vertex 12.5549 -1.33962 14
    endloop
  endfacet
  facet normal -0.321458 0.946924 0
    outer loop
      vertex 12.3753 -1.40059 14
      vertex 12.5549 -1.33962 0
      vertex 12.3753 -1.40059 0
    endloop
  endfacet
  facet normal -0.831653 -0.555296 0
    outer loop
      vertex 13.2557 0.724999 0
      vertex 13.1504 0.882704 14
      vertex 13.1504 0.882704 0
    endloop
  endfacet
  facet normal -0.831653 -0.555296 0
    outer loop
      vertex 13.1504 0.882704 14
      vertex 13.2557 0.724999 0
      vertex 13.2557 0.724999 14
    endloop
  endfacet
  facet normal 0.896848 -0.44234 0
    outer loop
      vertex 10.6604 0.554891 14
      vertex 10.7443 0.724999 0
      vertex 10.7443 0.724999 14
    endloop
  endfacet
  facet normal 0.896848 -0.44234 0
    outer loop
      vertex 10.7443 0.724999 0
      vertex 10.6604 0.554891 14
      vertex 10.6604 0.554891 0
    endloop
  endfacet
  facet normal 0.5556 -0.83145 0
    outer loop
      vertex 11.1173 1.15036 0
      vertex 11.275 1.25574 14
      vertex 11.1173 1.15036 14
    endloop
  endfacet
  facet normal 0.5556 -0.83145 0
    outer loop
      vertex 11.275 1.25574 14
      vertex 11.1173 1.15036 0
      vertex 11.275 1.25574 0
    endloop
  endfacet
  facet normal 0.659355 -0.751832 0
    outer loop
      vertex 10.9747 1.0253 0
      vertex 11.1173 1.15036 14
      vertex 10.9747 1.0253 14
    endloop
  endfacet
  facet normal 0.659355 -0.751832 0
    outer loop
      vertex 11.1173 1.15036 14
      vertex 10.9747 1.0253 0
      vertex 11.1173 1.15036 0
    endloop
  endfacet
  facet normal 0.751718 -0.659485 0
    outer loop
      vertex 10.8496 0.882704 14
      vertex 10.9747 1.0253 0
      vertex 10.9747 1.0253 14
    endloop
  endfacet
  facet normal 0.751718 -0.659485 0
    outer loop
      vertex 10.9747 1.0253 0
      vertex 10.8496 0.882704 14
      vertex 10.8496 0.882704 0
    endloop
  endfacet
  facet normal -0.946878 0.321594 0
    outer loop
      vertex 13.3396 -0.554891 0
      vertex 13.4006 -0.375287 14
      vertex 13.4006 -0.375287 0
    endloop
  endfacet
  facet normal -0.946878 0.321594 0
    outer loop
      vertex 13.4006 -0.375287 14
      vertex 13.3396 -0.554891 0
      vertex 13.3396 -0.554891 14
    endloop
  endfacet
  facet normal 0.997861 -0.0653775 0
    outer loop
      vertex 10.55 0 14
      vertex 10.5624 0.189262 0
      vertex 10.5624 0.189262 14
    endloop
  endfacet
  facet normal 0.997861 -0.0653775 0
    outer loop
      vertex 10.5624 0.189262 0
      vertex 10.55 0 14
      vertex 10.55 0 0
    endloop
  endfacet
  facet normal -0.5556 -0.83145 0
    outer loop
      vertex 12.725 1.25574 0
      vertex 12.8827 1.15036 14
      vertex 12.725 1.25574 14
    endloop
  endfacet
  facet normal -0.5556 -0.83145 -0
    outer loop
      vertex 12.8827 1.15036 14
      vertex 12.725 1.25574 0
      vertex 12.8827 1.15036 0
    endloop
  endfacet
  facet normal 0.321458 0.946924 -0
    outer loop
      vertex 11.6247 -1.40059 0
      vertex 11.4451 -1.33962 14
      vertex 11.6247 -1.40059 14
    endloop
  endfacet
  facet normal 0.321458 0.946924 0
    outer loop
      vertex 11.4451 -1.33962 14
      vertex 11.6247 -1.40059 0
      vertex 11.4451 -1.33962 0
    endloop
  endfacet
  facet normal 0.751718 0.659485 0
    outer loop
      vertex 10.9747 -1.0253 14
      vertex 10.8496 -0.882704 0
      vertex 10.8496 -0.882704 14
    endloop
  endfacet
  facet normal 0.751718 0.659485 0
    outer loop
      vertex 10.8496 -0.882704 0
      vertex 10.9747 -1.0253 14
      vertex 10.9747 -1.0253 0
    endloop
  endfacet
  facet normal -0.195102 0.980783 0
    outer loop
      vertex 12.3753 -1.40059 0
      vertex 12.1893 -1.43759 14
      vertex 12.3753 -1.40059 14
    endloop
  endfacet
  facet normal -0.195102 0.980783 0
    outer loop
      vertex 12.1893 -1.43759 14
      vertex 12.3753 -1.40059 0
      vertex 12.1893 -1.43759 0
    endloop
  endfacet
  facet normal 0.321458 -0.946924 0
    outer loop
      vertex 11.4451 1.33962 0
      vertex 11.6247 1.40059 14
      vertex 11.4451 1.33962 14
    endloop
  endfacet
  facet normal 0.321458 -0.946924 0
    outer loop
      vertex 11.6247 1.40059 14
      vertex 11.4451 1.33962 0
      vertex 11.6247 1.40059 0
    endloop
  endfacet
  facet normal 0.831653 0.555296 0
    outer loop
      vertex 10.8496 -0.882704 14
      vertex 10.7443 -0.724999 0
      vertex 10.7443 -0.724999 14
    endloop
  endfacet
  facet normal 0.831653 0.555296 0
    outer loop
      vertex 10.7443 -0.724999 0
      vertex 10.8496 -0.882704 14
      vertex 10.8496 -0.882704 0
    endloop
  endfacet
  facet normal -0.5556 0.83145 0
    outer loop
      vertex 12.8827 -1.15036 0
      vertex 12.725 -1.25574 14
      vertex 12.8827 -1.15036 14
    endloop
  endfacet
  facet normal -0.5556 0.83145 0
    outer loop
      vertex 12.725 -1.25574 14
      vertex 12.8827 -1.15036 0
      vertex 12.725 -1.25574 0
    endloop
  endfacet
  facet normal 0.946878 -0.321594 0
    outer loop
      vertex 10.5994 0.375287 14
      vertex 10.6604 0.554891 0
      vertex 10.6604 0.554891 14
    endloop
  endfacet
  facet normal 0.946878 -0.321594 0
    outer loop
      vertex 10.6604 0.554891 0
      vertex 10.5994 0.375287 14
      vertex 10.5994 0.375287 0
    endloop
  endfacet
  facet normal -0.321458 -0.946924 0
    outer loop
      vertex 12.3753 1.40059 0
      vertex 12.5549 1.33962 14
      vertex 12.3753 1.40059 14
    endloop
  endfacet
  facet normal -0.321458 -0.946924 -0
    outer loop
      vertex 12.5549 1.33962 14
      vertex 12.3753 1.40059 0
      vertex 12.5549 1.33962 0
    endloop
  endfacet
  facet normal -0.0654169 -0.997858 0
    outer loop
      vertex 12 1.45 0
      vertex 12.1893 1.43759 14
      vertex 12 1.45 14
    endloop
  endfacet
  facet normal -0.0654169 -0.997858 -0
    outer loop
      vertex 12.1893 1.43759 14
      vertex 12 1.45 0
      vertex 12.1893 1.43759 0
    endloop
  endfacet
  facet normal 0.442272 -0.896881 0
    outer loop
      vertex 11.275 1.25574 0
      vertex 11.4451 1.33962 14
      vertex 11.275 1.25574 14
    endloop
  endfacet
  facet normal 0.442272 -0.896881 0
    outer loop
      vertex 11.4451 1.33962 14
      vertex 11.275 1.25574 0
      vertex 11.4451 1.33962 0
    endloop
  endfacet
  facet normal -0.831653 0.555296 0
    outer loop
      vertex 13.1504 -0.882704 0
      vertex 13.2557 -0.724999 14
      vertex 13.2557 -0.724999 0
    endloop
  endfacet
  facet normal -0.831653 0.555296 0
    outer loop
      vertex 13.2557 -0.724999 14
      vertex 13.1504 -0.882704 0
      vertex 13.1504 -0.882704 14
    endloop
  endfacet
  facet normal 0.997861 0.0653775 0
    outer loop
      vertex 10.5624 -0.189262 14
      vertex 10.55 0 0
      vertex 10.55 0 14
    endloop
  endfacet
  facet normal 0.997861 0.0653775 0
    outer loop
      vertex 10.55 0 0
      vertex 10.5624 -0.189262 14
      vertex 10.5624 -0.189262 0
    endloop
  endfacet
  facet normal 0.946878 0.321594 0
    outer loop
      vertex 10.6604 -0.554891 14
      vertex 10.5994 -0.375287 0
      vertex 10.5994 -0.375287 14
    endloop
  endfacet
  facet normal 0.946878 0.321594 0
    outer loop
      vertex 10.5994 -0.375287 0
      vertex 10.6604 -0.554891 14
      vertex 10.6604 -0.554891 0
    endloop
  endfacet
  facet normal 0.659355 0.751832 -0
    outer loop
      vertex 11.1173 -1.15036 0
      vertex 10.9747 -1.0253 14
      vertex 11.1173 -1.15036 14
    endloop
  endfacet
  facet normal 0.659355 0.751832 0
    outer loop
      vertex 10.9747 -1.0253 14
      vertex 11.1173 -1.15036 0
      vertex 10.9747 -1.0253 0
    endloop
  endfacet
  facet normal -0.442272 -0.896881 0
    outer loop
      vertex 12.5549 1.33962 0
      vertex 12.725 1.25574 14
      vertex 12.5549 1.33962 14
    endloop
  endfacet
  facet normal -0.442272 -0.896881 -0
    outer loop
      vertex 12.725 1.25574 14
      vertex 12.5549 1.33962 0
      vertex 12.725 1.25574 0
    endloop
  endfacet
  facet normal 0.195102 -0.980783 0
    outer loop
      vertex 11.6247 1.40059 0
      vertex 11.8107 1.43759 14
      vertex 11.6247 1.40059 14
    endloop
  endfacet
  facet normal 0.195102 -0.980783 0
    outer loop
      vertex 11.8107 1.43759 14
      vertex 11.6247 1.40059 0
      vertex 11.8107 1.43759 0
    endloop
  endfacet
  facet normal -0.751718 -0.659485 0
    outer loop
      vertex 13.1504 0.882704 0
      vertex 13.0253 1.0253 14
      vertex 13.0253 1.0253 0
    endloop
  endfacet
  facet normal -0.751718 -0.659485 0
    outer loop
      vertex 13.0253 1.0253 14
      vertex 13.1504 0.882704 0
      vertex 13.1504 0.882704 14
    endloop
  endfacet
  facet normal -0.195102 -0.980783 0
    outer loop
      vertex 12.1893 1.43759 0
      vertex 12.3753 1.40059 14
      vertex 12.1893 1.43759 14
    endloop
  endfacet
  facet normal -0.195102 -0.980783 -0
    outer loop
      vertex 12.3753 1.40059 14
      vertex 12.1893 1.43759 0
      vertex 12.3753 1.40059 0
    endloop
  endfacet
  facet normal -0.751718 0.659485 0
    outer loop
      vertex 13.0253 -1.0253 0
      vertex 13.1504 -0.882704 14
      vertex 13.1504 -0.882704 0
    endloop
  endfacet
  facet normal -0.751718 0.659485 0
    outer loop
      vertex 13.1504 -0.882704 14
      vertex 13.0253 -1.0253 0
      vertex 13.0253 -1.0253 14
    endloop
  endfacet
  facet normal 0.442272 0.896881 -0
    outer loop
      vertex 11.4451 -1.33962 0
      vertex 11.275 -1.25574 14
      vertex 11.4451 -1.33962 14
    endloop
  endfacet
  facet normal 0.442272 0.896881 0
    outer loop
      vertex 11.275 -1.25574 14
      vertex 11.4451 -1.33962 0
      vertex 11.275 -1.25574 0
    endloop
  endfacet
  facet normal 0.980788 -0.195077 0
    outer loop
      vertex 10.5624 0.189262 14
      vertex 10.5994 0.375287 0
      vertex 10.5994 0.375287 14
    endloop
  endfacet
  facet normal 0.980788 -0.195077 0
    outer loop
      vertex 10.5994 0.375287 0
      vertex 10.5624 0.189262 14
      vertex 10.5624 0.189262 0
    endloop
  endfacet
  facet normal -0.0654169 0.997858 0
    outer loop
      vertex 12.1893 -1.43759 0
      vertex 12 -1.45 14
      vertex 12.1893 -1.43759 14
    endloop
  endfacet
  facet normal -0.0654169 0.997858 0
    outer loop
      vertex 12 -1.45 14
      vertex 12.1893 -1.43759 0
      vertex 12 -1.45 0
    endloop
  endfacet
  facet normal -0.442272 0.896881 0
    outer loop
      vertex 12.725 -1.25574 0
      vertex 12.5549 -1.33962 14
      vertex 12.725 -1.25574 14
    endloop
  endfacet
  facet normal -0.442272 0.896881 0
    outer loop
      vertex 12.5549 -1.33962 14
      vertex 12.725 -1.25574 0
      vertex 12.5549 -1.33962 0
    endloop
  endfacet
  facet normal -0.659355 0.751832 0
    outer loop
      vertex 13.0253 -1.0253 0
      vertex 12.8827 -1.15036 14
      vertex 13.0253 -1.0253 14
    endloop
  endfacet
  facet normal -0.659355 0.751832 0
    outer loop
      vertex 12.8827 -1.15036 14
      vertex 13.0253 -1.0253 0
      vertex 12.8827 -1.15036 0
    endloop
  endfacet
  facet normal 0.896848 0.44234 0
    outer loop
      vertex 10.7443 -0.724999 14
      vertex 10.6604 -0.554891 0
      vertex 10.6604 -0.554891 14
    endloop
  endfacet
  facet normal 0.896848 0.44234 0
    outer loop
      vertex 10.6604 -0.554891 0
      vertex 10.7443 -0.724999 14
      vertex 10.7443 -0.724999 0
    endloop
  endfacet
  facet normal -0.896848 0.44234 0
    outer loop
      vertex 13.2557 -0.724999 0
      vertex 13.3396 -0.554891 14
      vertex 13.3396 -0.554891 0
    endloop
  endfacet
  facet normal -0.896848 0.44234 0
    outer loop
      vertex 13.3396 -0.554891 14
      vertex 13.2557 -0.724999 0
      vertex 13.2557 -0.724999 14
    endloop
  endfacet
  facet normal -0.659355 -0.751832 0
    outer loop
      vertex 12.8827 1.15036 0
      vertex 13.0253 1.0253 14
      vertex 12.8827 1.15036 14
    endloop
  endfacet
  facet normal -0.659355 -0.751832 -0
    outer loop
      vertex 13.0253 1.0253 14
      vertex 12.8827 1.15036 0
      vertex 13.0253 1.0253 0
    endloop
  endfacet
  facet normal -0.997861 0.0653775 0
    outer loop
      vertex 13.4376 -0.189262 0
      vertex 13.45 0 14
      vertex 13.45 0 0
    endloop
  endfacet
  facet normal -0.997861 0.0653775 0
    outer loop
      vertex 13.45 0 14
      vertex 13.4376 -0.189262 0
      vertex 13.4376 -0.189262 14
    endloop
  endfacet
  facet normal 0.5556 0.83145 -0
    outer loop
      vertex 11.275 -1.25574 0
      vertex 11.1173 -1.15036 14
      vertex 11.275 -1.25574 14
    endloop
  endfacet
  facet normal 0.5556 0.83145 0
    outer loop
      vertex 11.1173 -1.15036 14
      vertex 11.275 -1.25574 0
      vertex 11.1173 -1.15036 0
    endloop
  endfacet
  facet normal -0.896848 -0.44234 0
    outer loop
      vertex 13.3396 0.554891 0
      vertex 13.2557 0.724999 14
      vertex 13.2557 0.724999 0
    endloop
  endfacet
  facet normal -0.896848 -0.44234 0
    outer loop
      vertex 13.2557 0.724999 14
      vertex 13.3396 0.554891 0
      vertex 13.3396 0.554891 14
    endloop
  endfacet
  facet normal -0.980788 0.195077 0
    outer loop
      vertex 13.4006 -0.375287 0
      vertex 13.4376 -0.189262 14
      vertex 13.4376 -0.189262 0
    endloop
  endfacet
  facet normal -0.980788 0.195077 0
    outer loop
      vertex 13.4376 -0.189262 14
      vertex 13.4006 -0.375287 0
      vertex 13.4006 -0.375287 14
    endloop
  endfacet
  facet normal -0.946878 -0.321594 0
    outer loop
      vertex 13.4006 0.375287 0
      vertex 13.3396 0.554891 14
      vertex 13.3396 0.554891 0
    endloop
  endfacet
  facet normal -0.946878 -0.321594 0
    outer loop
      vertex 13.3396 0.554891 14
      vertex 13.4006 0.375287 0
      vertex 13.4006 0.375287 14
    endloop
  endfacet
  facet normal 0.0654169 -0.997858 0
    outer loop
      vertex 11.8107 1.43759 0
      vertex 12 1.45 14
      vertex 11.8107 1.43759 14
    endloop
  endfacet
  facet normal 0.0654169 -0.997858 0
    outer loop
      vertex 12 1.45 14
      vertex 11.8107 1.43759 0
      vertex 12 1.45 0
    endloop
  endfacet
  facet normal 0.980788 0.195077 0
    outer loop
      vertex 10.5994 -0.375287 14
      vertex 10.5624 -0.189262 0
      vertex 10.5624 -0.189262 14
    endloop
  endfacet
  facet normal 0.980788 0.195077 0
    outer loop
      vertex 10.5624 -0.189262 0
      vertex 10.5994 -0.375287 14
      vertex 10.5994 -0.375287 0
    endloop
  endfacet
  facet normal 0.195102 0.980783 -0
    outer loop
      vertex 11.8107 -1.43759 0
      vertex 11.6247 -1.40059 14
      vertex 11.8107 -1.43759 14
    endloop
  endfacet
  facet normal 0.195102 0.980783 0
    outer loop
      vertex 11.6247 -1.40059 14
      vertex 11.8107 -1.43759 0
      vertex 11.6247 -1.40059 0
    endloop
  endfacet
  facet normal 0.831653 -0.555296 0
    outer loop
      vertex 10.7443 0.724999 14
      vertex 10.8496 0.882704 0
      vertex 10.8496 0.882704 14
    endloop
  endfacet
  facet normal 0.831653 -0.555296 0
    outer loop
      vertex 10.8496 0.882704 0
      vertex 10.7443 0.724999 14
      vertex 10.7443 0.724999 0
    endloop
  endfacet
  facet normal 0.0654169 0.997858 -0
    outer loop
      vertex 12 -1.45 0
      vertex 11.8107 -1.43759 14
      vertex 12 -1.45 14
    endloop
  endfacet
  facet normal 0.0654169 0.997858 0
    outer loop
      vertex 11.8107 -1.43759 14
      vertex 12 -1.45 0
      vertex 11.8107 -1.43759 0
    endloop
  endfacet
  facet normal 0.321464 0.946922 -0
    outer loop
      vertex 25.5307 3.69552 0
      vertex 25.0353 3.8637 14
      vertex 25.5307 3.69552 14
    endloop
  endfacet
  facet normal 0.321464 0.946922 0
    outer loop
      vertex 25.0353 3.8637 14
      vertex 25.5307 3.69552 0
      vertex 25.0353 3.8637 0
    endloop
  endfacet
  facet normal 0.980777 0.195133 0
    outer loop
      vertex 27.9658 0.522104 14
      vertex 27.8637 1.03528 0
      vertex 27.8637 1.03528 14
    endloop
  endfacet
  facet normal 0.980777 0.195133 0
    outer loop
      vertex 27.8637 1.03528 0
      vertex 27.9658 0.522104 14
      vertex 27.9658 0.522104 0
    endloop
  endfacet
  facet normal 0.997861 0.0653641 0
    outer loop
      vertex 28 0 14
      vertex 27.9658 0.522104 0
      vertex 27.9658 0.522104 14
    endloop
  endfacet
  facet normal 0.997861 0.0653641 0
    outer loop
      vertex 27.9658 0.522104 0
      vertex 28 0 14
      vertex 28 0 0
    endloop
  endfacet
  facet normal 0.94692 0.321469 0
    outer loop
      vertex 27.8637 1.03528 14
      vertex 27.6955 1.53073 0
      vertex 27.6955 1.53073 14
    endloop
  endfacet
  facet normal 0.94692 0.321469 0
    outer loop
      vertex 27.6955 1.53073 0
      vertex 27.8637 1.03528 14
      vertex 27.8637 1.03528 0
    endloop
  endfacet
  facet normal 0.442268 0.896883 -0
    outer loop
      vertex 26 3.4641 0
      vertex 25.5307 3.69552 14
      vertex 26 3.4641 14
    endloop
  endfacet
  facet normal 0.442268 0.896883 0
    outer loop
      vertex 25.5307 3.69552 14
      vertex 26 3.4641 0
      vertex 25.5307 3.69552 0
    endloop
  endfacet
  facet normal -0.997861 -0.0653641 0
    outer loop
      vertex 20.0342 -0.522104 0
      vertex 20 0 14
      vertex 20 0 0
    endloop
  endfacet
  facet normal -0.997861 -0.0653641 0
    outer loop
      vertex 20 0 14
      vertex 20.0342 -0.522104 0
      vertex 20.0342 -0.522104 14
    endloop
  endfacet
  facet normal 0.896887 0.44226 0
    outer loop
      vertex 27.6955 1.53073 14
      vertex 27.4641 2 0
      vertex 27.4641 2 14
    endloop
  endfacet
  facet normal 0.896887 0.44226 0
    outer loop
      vertex 27.4641 2 0
      vertex 27.6955 1.53073 14
      vertex 27.6955 1.53073 0
    endloop
  endfacet
  facet normal 0.831462 0.555582 0
    outer loop
      vertex 27.4641 2 14
      vertex 27.1734 2.43505 0
      vertex 27.1734 2.43505 14
    endloop
  endfacet
  facet normal 0.831462 0.555582 0
    outer loop
      vertex 27.1734 2.43505 0
      vertex 27.4641 2 14
      vertex 27.4641 2 0
    endloop
  endfacet
  facet normal -0.659321 0.751861 0
    outer loop
      vertex 21.565 3.17341 0
      vertex 21.1716 2.82843 14
      vertex 21.565 3.17341 14
    endloop
  endfacet
  facet normal -0.659321 0.751861 0
    outer loop
      vertex 21.1716 2.82843 14
      vertex 21.565 3.17341 0
      vertex 21.1716 2.82843 0
    endloop
  endfacet
  facet normal 0.751826 0.659362 0
    outer loop
      vertex 27.1734 2.43505 14
      vertex 26.8284 2.82843 0
      vertex 26.8284 2.82843 14
    endloop
  endfacet
  facet normal 0.751826 0.659362 0
    outer loop
      vertex 26.8284 2.82843 0
      vertex 27.1734 2.43505 14
      vertex 27.1734 2.43505 0
    endloop
  endfacet
  facet normal -0.980777 0.195133 0
    outer loop
      vertex 20.0342 0.522104 0
      vertex 20.1363 1.03528 14
      vertex 20.1363 1.03528 0
    endloop
  endfacet
  facet normal -0.980777 0.195133 0
    outer loop
      vertex 20.1363 1.03528 14
      vertex 20.0342 0.522104 0
      vertex 20.0342 0.522104 14
    endloop
  endfacet
  facet normal -0.555613 -0.831441 0
    outer loop
      vertex 21.565 -3.17341 0
      vertex 22 -3.4641 14
      vertex 21.565 -3.17341 14
    endloop
  endfacet
  facet normal -0.555613 -0.831441 -0
    outer loop
      vertex 22 -3.4641 14
      vertex 21.565 -3.17341 0
      vertex 22 -3.4641 0
    endloop
  endfacet
  facet normal -0.997861 0.0653641 0
    outer loop
      vertex 20 0 0
      vertex 20.0342 0.522104 14
      vertex 20.0342 0.522104 0
    endloop
  endfacet
  facet normal -0.997861 0.0653641 0
    outer loop
      vertex 20.0342 0.522104 14
      vertex 20 0 0
      vertex 20 0 14
    endloop
  endfacet
  facet normal -0.751826 -0.659362 0
    outer loop
      vertex 21.1716 -2.82843 0
      vertex 20.8266 -2.43505 14
      vertex 20.8266 -2.43505 0
    endloop
  endfacet
  facet normal -0.751826 -0.659362 0
    outer loop
      vertex 20.8266 -2.43505 14
      vertex 21.1716 -2.82843 0
      vertex 21.1716 -2.82843 14
    endloop
  endfacet
  facet normal 0.195087 -0.980786 0
    outer loop
      vertex 24.5221 -3.96578 0
      vertex 25.0353 -3.8637 14
      vertex 24.5221 -3.96578 14
    endloop
  endfacet
  facet normal 0.195087 -0.980786 0
    outer loop
      vertex 25.0353 -3.8637 14
      vertex 24.5221 -3.96578 0
      vertex 25.0353 -3.8637 0
    endloop
  endfacet
  facet normal -0.442268 0.896883 0
    outer loop
      vertex 22.4693 3.69552 0
      vertex 22 3.4641 14
      vertex 22.4693 3.69552 14
    endloop
  endfacet
  facet normal -0.442268 0.896883 0
    outer loop
      vertex 22 3.4641 14
      vertex 22.4693 3.69552 0
      vertex 22 3.4641 0
    endloop
  endfacet
  facet normal -0.321464 -0.946922 0
    outer loop
      vertex 22.4693 -3.69552 0
      vertex 22.9647 -3.8637 14
      vertex 22.4693 -3.69552 14
    endloop
  endfacet
  facet normal -0.321464 -0.946922 -0
    outer loop
      vertex 22.9647 -3.8637 14
      vertex 22.4693 -3.69552 0
      vertex 22.9647 -3.8637 0
    endloop
  endfacet
  facet normal 0.980777 -0.195133 0
    outer loop
      vertex 27.8637 -1.03528 14
      vertex 27.9658 -0.522104 0
      vertex 27.9658 -0.522104 14
    endloop
  endfacet
  facet normal 0.980777 -0.195133 0
    outer loop
      vertex 27.9658 -0.522104 0
      vertex 27.8637 -1.03528 14
      vertex 27.8637 -1.03528 0
    endloop
  endfacet
  facet normal -0.751826 0.659362 0
    outer loop
      vertex 20.8266 2.43505 0
      vertex 21.1716 2.82843 14
      vertex 21.1716 2.82843 0
    endloop
  endfacet
  facet normal -0.751826 0.659362 0
    outer loop
      vertex 21.1716 2.82843 14
      vertex 20.8266 2.43505 0
      vertex 20.8266 2.43505 14
    endloop
  endfacet
  facet normal 0.831462 -0.555582 0
    outer loop
      vertex 27.1734 -2.43505 14
      vertex 27.4641 -2 0
      vertex 27.4641 -2 14
    endloop
  endfacet
  facet normal 0.831462 -0.555582 0
    outer loop
      vertex 27.4641 -2 0
      vertex 27.1734 -2.43505 14
      vertex 27.1734 -2.43505 0
    endloop
  endfacet
  facet normal -0.321464 0.946922 0
    outer loop
      vertex 22.9647 3.8637 0
      vertex 22.4693 3.69552 14
      vertex 22.9647 3.8637 14
    endloop
  endfacet
  facet normal -0.321464 0.946922 0
    outer loop
      vertex 22.4693 3.69552 14
      vertex 22.9647 3.8637 0
      vertex 22.4693 3.69552 0
    endloop
  endfacet
  facet normal -0.980777 -0.195133 0
    outer loop
      vertex 20.1363 -1.03528 0
      vertex 20.0342 -0.522104 14
      vertex 20.0342 -0.522104 0
    endloop
  endfacet
  facet normal -0.980777 -0.195133 0
    outer loop
      vertex 20.0342 -0.522104 14
      vertex 20.1363 -1.03528 0
      vertex 20.1363 -1.03528 14
    endloop
  endfacet
  facet normal -0.195087 -0.980786 0
    outer loop
      vertex 22.9647 -3.8637 0
      vertex 23.4779 -3.96578 14
      vertex 22.9647 -3.8637 14
    endloop
  endfacet
  facet normal -0.195087 -0.980786 -0
    outer loop
      vertex 23.4779 -3.96578 14
      vertex 22.9647 -3.8637 0
      vertex 23.4779 -3.96578 0
    endloop
  endfacet
  facet normal 0.555613 0.831441 -0
    outer loop
      vertex 26.435 3.17341 0
      vertex 26 3.4641 14
      vertex 26.435 3.17341 14
    endloop
  endfacet
  facet normal 0.555613 0.831441 0
    outer loop
      vertex 26 3.4641 14
      vertex 26.435 3.17341 0
      vertex 26 3.4641 0
    endloop
  endfacet
  facet normal 0.94692 -0.321469 0
    outer loop
      vertex 27.6955 -1.53073 14
      vertex 27.8637 -1.03528 0
      vertex 27.8637 -1.03528 14
    endloop
  endfacet
  facet normal 0.94692 -0.321469 0
    outer loop
      vertex 27.8637 -1.03528 0
      vertex 27.6955 -1.53073 14
      vertex 27.6955 -1.53073 0
    endloop
  endfacet
  facet normal 0.0654027 -0.997859 0
    outer loop
      vertex 24 -4 0
      vertex 24.5221 -3.96578 14
      vertex 24 -4 14
    endloop
  endfacet
  facet normal 0.0654027 -0.997859 0
    outer loop
      vertex 24.5221 -3.96578 14
      vertex 24 -4 0
      vertex 24.5221 -3.96578 0
    endloop
  endfacet
  facet normal 0.751826 -0.659362 0
    outer loop
      vertex 26.8284 -2.82843 14
      vertex 27.1734 -2.43505 0
      vertex 27.1734 -2.43505 14
    endloop
  endfacet
  facet normal 0.751826 -0.659362 0
    outer loop
      vertex 27.1734 -2.43505 0
      vertex 26.8284 -2.82843 14
      vertex 26.8284 -2.82843 0
    endloop
  endfacet
  facet normal -0.0654027 0.997859 0
    outer loop
      vertex 24 4 0
      vertex 23.4779 3.96578 14
      vertex 24 4 14
    endloop
  endfacet
  facet normal -0.0654027 0.997859 0
    outer loop
      vertex 23.4779 3.96578 14
      vertex 24 4 0
      vertex 23.4779 3.96578 0
    endloop
  endfacet
  facet normal 0.555613 -0.831441 0
    outer loop
      vertex 26 -3.4641 0
      vertex 26.435 -3.17341 14
      vertex 26 -3.4641 14
    endloop
  endfacet
  facet normal 0.555613 -0.831441 0
    outer loop
      vertex 26.435 -3.17341 14
      vertex 26 -3.4641 0
      vertex 26.435 -3.17341 0
    endloop
  endfacet
  facet normal -0.659321 -0.751861 0
    outer loop
      vertex 21.1716 -2.82843 0
      vertex 21.565 -3.17341 14
      vertex 21.1716 -2.82843 14
    endloop
  endfacet
  facet normal -0.659321 -0.751861 -0
    outer loop
      vertex 21.565 -3.17341 14
      vertex 21.1716 -2.82843 0
      vertex 21.565 -3.17341 0
    endloop
  endfacet
  facet normal 0.659321 0.751861 -0
    outer loop
      vertex 26.8284 2.82843 0
      vertex 26.435 3.17341 14
      vertex 26.8284 2.82843 14
    endloop
  endfacet
  facet normal 0.659321 0.751861 0
    outer loop
      vertex 26.435 3.17341 14
      vertex 26.8284 2.82843 0
      vertex 26.435 3.17341 0
    endloop
  endfacet
  facet normal -0.896887 0.44226 0
    outer loop
      vertex 20.3045 1.53073 0
      vertex 20.5359 2 14
      vertex 20.5359 2 0
    endloop
  endfacet
  facet normal -0.896887 0.44226 0
    outer loop
      vertex 20.5359 2 14
      vertex 20.3045 1.53073 0
      vertex 20.3045 1.53073 14
    endloop
  endfacet
  facet normal 0.0654027 0.997859 -0
    outer loop
      vertex 24.5221 3.96578 0
      vertex 24 4 14
      vertex 24.5221 3.96578 14
    endloop
  endfacet
  facet normal 0.0654027 0.997859 0
    outer loop
      vertex 24 4 14
      vertex 24.5221 3.96578 0
      vertex 24 4 0
    endloop
  endfacet
  facet normal 0.997861 -0.0653641 0
    outer loop
      vertex 27.9658 -0.522104 14
      vertex 28 0 0
      vertex 28 0 14
    endloop
  endfacet
  facet normal 0.997861 -0.0653641 0
    outer loop
      vertex 28 0 0
      vertex 27.9658 -0.522104 14
      vertex 27.9658 -0.522104 0
    endloop
  endfacet
  facet normal -0.195087 0.980786 0
    outer loop
      vertex 23.4779 3.96578 0
      vertex 22.9647 3.8637 14
      vertex 23.4779 3.96578 14
    endloop
  endfacet
  facet normal -0.195087 0.980786 0
    outer loop
      vertex 22.9647 3.8637 14
      vertex 23.4779 3.96578 0
      vertex 22.9647 3.8637 0
    endloop
  endfacet
  facet normal -0.555613 0.831441 0
    outer loop
      vertex 22 3.4641 0
      vertex 21.565 3.17341 14
      vertex 22 3.4641 14
    endloop
  endfacet
  facet normal -0.555613 0.831441 0
    outer loop
      vertex 21.565 3.17341 14
      vertex 22 3.4641 0
      vertex 21.565 3.17341 0
    endloop
  endfacet
  facet normal -0.0654027 -0.997859 0
    outer loop
      vertex 23.4779 -3.96578 0
      vertex 24 -4 14
      vertex 23.4779 -3.96578 14
    endloop
  endfacet
  facet normal -0.0654027 -0.997859 -0
    outer loop
      vertex 24 -4 14
      vertex 23.4779 -3.96578 0
      vertex 24 -4 0
    endloop
  endfacet
  facet normal 0.896887 -0.44226 0
    outer loop
      vertex 27.4641 -2 14
      vertex 27.6955 -1.53073 0
      vertex 27.6955 -1.53073 14
    endloop
  endfacet
  facet normal 0.896887 -0.44226 0
    outer loop
      vertex 27.6955 -1.53073 0
      vertex 27.4641 -2 14
      vertex 27.4641 -2 0
    endloop
  endfacet
  facet normal -0.94692 0.321469 0
    outer loop
      vertex 20.1363 1.03528 0
      vertex 20.3045 1.53073 14
      vertex 20.3045 1.53073 0
    endloop
  endfacet
  facet normal -0.94692 0.321469 0
    outer loop
      vertex 20.3045 1.53073 14
      vertex 20.1363 1.03528 0
      vertex 20.1363 1.03528 14
    endloop
  endfacet
  facet normal -0.94692 -0.321469 0
    outer loop
      vertex 20.3045 -1.53073 0
      vertex 20.1363 -1.03528 14
      vertex 20.1363 -1.03528 0
    endloop
  endfacet
  facet normal -0.94692 -0.321469 0
    outer loop
      vertex 20.1363 -1.03528 14
      vertex 20.3045 -1.53073 0
      vertex 20.3045 -1.53073 14
    endloop
  endfacet
  facet normal 0 0 -1
    outer loop
      vertex 25.45 0 0
      vertex 28 0 0
      vertex 27.9658 -0.522104 0
    endloop
  endfacet
  facet normal 0 0 -1
    outer loop
      vertex 25.4376 -0.189262 0
      vertex 27.9658 -0.522104 0
      vertex 27.8637 -1.03528 0
    endloop
  endfacet
  facet normal 0 0 -1
    outer loop
      vertex 28 0 0
      vertex 25.45 0 0
      vertex 27.9658 0.522104 0
    endloop
  endfacet
  facet normal 0 0 -1
    outer loop
      vertex 25.4006 -0.375287 0
      vertex 27.8637 -1.03528 0
      vertex 27.6955 -1.53073 0
    endloop
  endfacet
  facet normal 0 0 -1
    outer loop
      vertex 25.4376 0.189262 0
      vertex 27.9658 0.522104 0
      vertex 25.45 0 0
    endloop
  endfacet
  facet normal 0 0 -1
    outer loop
      vertex 25.3396 -0.554891 0
      vertex 27.6955 -1.53073 0
      vertex 27.4641 -2 0
    endloop
  endfacet
  facet normal -0 0 -1
    outer loop
      vertex 27.9658 0.522104 0
      vertex 25.4376 0.189262 0
      vertex 27.8637 1.03528 0
    endloop
  endfacet
  facet normal 0 0 -1
    outer loop
      vertex 25.2557 -0.724999 0
      vertex 27.4641 -2 0
      vertex 27.1734 -2.43505 0
    endloop
  endfacet
  facet normal 0 0 -1
    outer loop
      vertex 25.4006 0.375287 0
      vertex 27.8637 1.03528 0
      vertex 25.4376 0.189262 0
    endloop
  endfacet
  facet normal 0 0 -1
    outer loop
      vertex 25.1504 -0.882704 0
      vertex 27.1734 -2.43505 0
      vertex 26.8284 -2.82843 0
    endloop
  endfacet
  facet normal -0 0 -1
    outer loop
      vertex 27.8637 1.03528 0
      vertex 25.4006 0.375287 0
      vertex 27.6955 1.53073 0
    endloop
  endfacet
  facet normal 0 0 -1
    outer loop
      vertex 25.0253 -1.0253 0
      vertex 26.8284 -2.82843 0
      vertex 26.435 -3.17341 0
    endloop
  endfacet
  facet normal 0 0 -1
    outer loop
      vertex 25.3396 0.554891 0
      vertex 27.6955 1.53073 0
      vertex 25.4006 0.375287 0
    endloop
  endfacet
  facet normal 0 0 -1
    outer loop
      vertex 24.8827 -1.15036 0
      vertex 26.435 -3.17341 0
      vertex 26 -3.4641 0
    endloop
  endfacet
  facet normal -0 0 -1
    outer loop
      vertex 27.6955 1.53073 0
      vertex 25.3396 0.554891 0
      vertex 27.4641 2 0
    endloop
  endfacet
  facet normal 0 0 -1
    outer loop
      vertex 24.725 -1.25574 0
      vertex 26 -3.4641 0
      vertex 25.5307 -3.69552 0
    endloop
  endfacet
  facet normal 0 0 -1
    outer loop
      vertex 25.2557 0.724999 0
      vertex 27.4641 2 0
      vertex 25.3396 0.554891 0
    endloop
  endfacet
  facet normal -0 0 -1
    outer loop
      vertex 27.4641 2 0
      vertex 25.2557 0.724999 0
      vertex 27.1734 2.43505 0
    endloop
  endfacet
  facet normal 0 0 -1
    outer loop
      vertex 27.9658 -0.522104 0
      vertex 25.4376 -0.189262 0
      vertex 25.45 0 0
    endloop
  endfacet
  facet normal 0 0 -1
    outer loop
      vertex 27.8637 -1.03528 0
      vertex 25.4006 -0.375287 0
      vertex 25.4376 -0.189262 0
    endloop
  endfacet
  facet normal 0 0 -1
    outer loop
      vertex 27.6955 -1.53073 0
      vertex 25.3396 -0.554891 0
      vertex 25.4006 -0.375287 0
    endloop
  endfacet
  facet normal 0 0 -1
    outer loop
      vertex 27.4641 -2 0
      vertex 25.2557 -0.724999 0
      vertex 25.3396 -0.554891 0
    endloop
  endfacet
  facet normal 0 0 -1
    outer loop
      vertex 27.1734 -2.43505 0
      vertex 25.1504 -0.882704 0
      vertex 25.2557 -0.724999 0
    endloop
  endfacet
  facet normal 0 0 -1
    outer loop
      vertex 24.5549 -1.33962 0
      vertex 25.5307 -3.69552 0
      vertex 25.0353 -3.8637 0
    endloop
  endfacet
  facet normal 0 0 -1
    outer loop
      vertex 26.8284 -2.82843 0
      vertex 25.0253 -1.0253 0
      vertex 25.1504 -0.882704 0
    endloop
  endfacet
  facet normal 0 0 -1
    outer loop
      vertex 26.435 -3.17341 0
      vertex 24.8827 -1.15036 0
      vertex 25.0253 -1.0253 0
    endloop
  endfacet
  facet normal 0 0 -1
    outer loop
      vertex 26 -3.4641 0
      vertex 24.725 -1.25574 0
      vertex 24.8827 -1.15036 0
    endloop
  endfacet
  facet normal 0 0 -1
    outer loop
      vertex 25.5307 -3.69552 0
      vertex 24.5549 -1.33962 0
      vertex 24.725 -1.25574 0
    endloop
  endfacet
  facet normal 0 0 -1
    outer loop
      vertex 24.3753 -1.40059 0
      vertex 25.0353 -3.8637 0
      vertex 24.5221 -3.96578 0
    endloop
  endfacet
  facet normal 0 0 -1
    outer loop
      vertex 25.0353 -3.8637 0
      vertex 24.3753 -1.40059 0
      vertex 24.5549 -1.33962 0
    endloop
  endfacet
  facet normal 0 0 -1
    outer loop
      vertex 24.5221 -3.96578 0
      vertex 24.1893 -1.43759 0
      vertex 24.3753 -1.40059 0
    endloop
  endfacet
  facet normal 0 0 -1
    outer loop
      vertex 24 -4 0
      vertex 24.1893 -1.43759 0
      vertex 24.5221 -3.96578 0
    endloop
  endfacet
  facet normal 0 0 -1
    outer loop
      vertex 24 -4 0
      vertex 24 -1.45 0
      vertex 24.1893 -1.43759 0
    endloop
  endfacet
  facet normal 0 0 -1
    outer loop
      vertex 24 -4 0
      vertex 23.8107 -1.43759 0
      vertex 24 -1.45 0
    endloop
  endfacet
  facet normal 0 0 -1
    outer loop
      vertex 23.4779 -3.96578 0
      vertex 23.8107 -1.43759 0
      vertex 24 -4 0
    endloop
  endfacet
  facet normal -0 0 -1
    outer loop
      vertex 23.8107 -1.43759 0
      vertex 23.4779 -3.96578 0
      vertex 23.6247 -1.40059 0
    endloop
  endfacet
  facet normal 0 0 -1
    outer loop
      vertex 22.9647 -3.8637 0
      vertex 23.6247 -1.40059 0
      vertex 23.4779 -3.96578 0
    endloop
  endfacet
  facet normal -0 0 -1
    outer loop
      vertex 23.6247 -1.40059 0
      vertex 22.9647 -3.8637 0
      vertex 23.4451 -1.33962 0
    endloop
  endfacet
  facet normal 0 0 -1
    outer loop
      vertex 22.4693 -3.69552 0
      vertex 23.4451 -1.33962 0
      vertex 22.9647 -3.8637 0
    endloop
  endfacet
  facet normal -0 0 -1
    outer loop
      vertex 23.4451 -1.33962 0
      vertex 22.4693 -3.69552 0
      vertex 23.275 -1.25574 0
    endloop
  endfacet
  facet normal 0 0 -1
    outer loop
      vertex 22 -3.4641 0
      vertex 23.275 -1.25574 0
      vertex 22.4693 -3.69552 0
    endloop
  endfacet
  facet normal -0 0 -1
    outer loop
      vertex 23.275 -1.25574 0
      vertex 22 -3.4641 0
      vertex 23.1173 -1.15036 0
    endloop
  endfacet
  facet normal 0 0 -1
    outer loop
      vertex 21.565 -3.17341 0
      vertex 23.1173 -1.15036 0
      vertex 22 -3.4641 0
    endloop
  endfacet
  facet normal -0 0 -1
    outer loop
      vertex 23.1173 -1.15036 0
      vertex 21.565 -3.17341 0
      vertex 22.9747 -1.0253 0
    endloop
  endfacet
  facet normal 0 0 -1
    outer loop
      vertex 21.1716 -2.82843 0
      vertex 22.9747 -1.0253 0
      vertex 21.565 -3.17341 0
    endloop
  endfacet
  facet normal -0 0 -1
    outer loop
      vertex 22.9747 -1.0253 0
      vertex 21.1716 -2.82843 0
      vertex 22.8496 -0.882704 0
    endloop
  endfacet
  facet normal -0 0 -1
    outer loop
      vertex 22.8496 -0.882704 0
      vertex 20.8266 -2.43505 0
      vertex 22.7443 -0.724999 0
    endloop
  endfacet
  facet normal 0 0 -1
    outer loop
      vertex 20.8266 -2.43505 0
      vertex 22.8496 -0.882704 0
      vertex 21.1716 -2.82843 0
    endloop
  endfacet
  facet normal 0 0 -1
    outer loop
      vertex 25.1504 0.882704 0
      vertex 27.1734 2.43505 0
      vertex 25.2557 0.724999 0
    endloop
  endfacet
  facet normal -0 0 -1
    outer loop
      vertex 27.1734 2.43505 0
      vertex 25.1504 0.882704 0
      vertex 26.8284 2.82843 0
    endloop
  endfacet
  facet normal 0 0 -1
    outer loop
      vertex 25.0253 1.0253 0
      vertex 26.8284 2.82843 0
      vertex 25.1504 0.882704 0
    endloop
  endfacet
  facet normal -0 0 -1
    outer loop
      vertex 26.8284 2.82843 0
      vertex 25.0253 1.0253 0
      vertex 26.435 3.17341 0
    endloop
  endfacet
  facet normal 0 0 -1
    outer loop
      vertex 24.8827 1.15036 0
      vertex 26.435 3.17341 0
      vertex 25.0253 1.0253 0
    endloop
  endfacet
  facet normal -0 0 -1
    outer loop
      vertex 26.435 3.17341 0
      vertex 24.8827 1.15036 0
      vertex 26 3.4641 0
    endloop
  endfacet
  facet normal 0 0 -1
    outer loop
      vertex 24.725 1.25574 0
      vertex 26 3.4641 0
      vertex 24.8827 1.15036 0
    endloop
  endfacet
  facet normal -0 0 -1
    outer loop
      vertex 26 3.4641 0
      vertex 24.725 1.25574 0
      vertex 25.5307 3.69552 0
    endloop
  endfacet
  facet normal 0 0 -1
    outer loop
      vertex 24.5549 1.33962 0
      vertex 25.5307 3.69552 0
      vertex 24.725 1.25574 0
    endloop
  endfacet
  facet normal -0 0 -1
    outer loop
      vertex 25.5307 3.69552 0
      vertex 24.5549 1.33962 0
      vertex 25.0353 3.8637 0
    endloop
  endfacet
  facet normal 0 0 -1
    outer loop
      vertex 24.3753 1.40059 0
      vertex 25.0353 3.8637 0
      vertex 24.5549 1.33962 0
    endloop
  endfacet
  facet normal -0 0 -1
    outer loop
      vertex 25.0353 3.8637 0
      vertex 24.3753 1.40059 0
      vertex 24.5221 3.96578 0
    endloop
  endfacet
  facet normal 0 0 -1
    outer loop
      vertex 24.1893 1.43759 0
      vertex 24.5221 3.96578 0
      vertex 24.3753 1.40059 0
    endloop
  endfacet
  facet normal 0 0 -1
    outer loop
      vertex 24 1.45 0
      vertex 24.5221 3.96578 0
      vertex 24.1893 1.43759 0
    endloop
  endfacet
  facet normal 0 0 -1
    outer loop
      vertex 24 1.45 0
      vertex 24 4 0
      vertex 24.5221 3.96578 0
    endloop
  endfacet
  facet normal 0 0 -1
    outer loop
      vertex 23.8107 1.43759 0
      vertex 24 4 0
      vertex 24 1.45 0
    endloop
  endfacet
  facet normal 0 0 -1
    outer loop
      vertex 23.4779 3.96578 0
      vertex 23.8107 1.43759 0
      vertex 23.6247 1.40059 0
    endloop
  endfacet
  facet normal 0 0 -1
    outer loop
      vertex 23.8107 1.43759 0
      vertex 23.4779 3.96578 0
      vertex 24 4 0
    endloop
  endfacet
  facet normal 0 0 -1
    outer loop
      vertex 22.9647 3.8637 0
      vertex 23.6247 1.40059 0
      vertex 23.4451 1.33962 0
    endloop
  endfacet
  facet normal 0 0 -1
    outer loop
      vertex 22.4693 3.69552 0
      vertex 23.4451 1.33962 0
      vertex 23.275 1.25574 0
    endloop
  endfacet
  facet normal 0 0 -1
    outer loop
      vertex 22 3.4641 0
      vertex 23.275 1.25574 0
      vertex 23.1173 1.15036 0
    endloop
  endfacet
  facet normal 0 0 -1
    outer loop
      vertex 21.565 3.17341 0
      vertex 23.1173 1.15036 0
      vertex 22.9747 1.0253 0
    endloop
  endfacet
  facet normal 0 0 -1
    outer loop
      vertex 23.6247 1.40059 0
      vertex 22.9647 3.8637 0
      vertex 23.4779 3.96578 0
    endloop
  endfacet
  facet normal 0 0 -1
    outer loop
      vertex 21.1716 2.82843 0
      vertex 22.9747 1.0253 0
      vertex 22.8496 0.882704 0
    endloop
  endfacet
  facet normal 0 0 -1
    outer loop
      vertex 20.8266 2.43505 0
      vertex 22.8496 0.882704 0
      vertex 22.7443 0.724999 0
    endloop
  endfacet
  facet normal 0 0 -1
    outer loop
      vertex 20.5359 2 0
      vertex 22.7443 0.724999 0
      vertex 22.6604 0.554891 0
    endloop
  endfacet
  facet normal 0 0 -1
    outer loop
      vertex 20.3045 1.53073 0
      vertex 22.6604 0.554891 0
      vertex 22.5994 0.375287 0
    endloop
  endfacet
  facet normal 0 0 -1
    outer loop
      vertex 20.1363 1.03528 0
      vertex 22.5994 0.375287 0
      vertex 22.5624 0.189262 0
    endloop
  endfacet
  facet normal 0 0 -1
    outer loop
      vertex 23.4451 1.33962 0
      vertex 22.4693 3.69552 0
      vertex 22.9647 3.8637 0
    endloop
  endfacet
  facet normal 0 0 -1
    outer loop
      vertex 20.0342 0.522104 0
      vertex 22.5624 0.189262 0
      vertex 22.55 0 0
    endloop
  endfacet
  facet normal 0 0 -1
    outer loop
      vertex 20.5359 -2 0
      vertex 22.7443 -0.724999 0
      vertex 20.8266 -2.43505 0
    endloop
  endfacet
  facet normal -0 0 -1
    outer loop
      vertex 22.7443 -0.724999 0
      vertex 20.5359 -2 0
      vertex 22.6604 -0.554891 0
    endloop
  endfacet
  facet normal 0 0 -1
    outer loop
      vertex 23.275 1.25574 0
      vertex 22 3.4641 0
      vertex 22.4693 3.69552 0
    endloop
  endfacet
  facet normal 0 0 -1
    outer loop
      vertex 20.3045 -1.53073 0
      vertex 22.6604 -0.554891 0
      vertex 20.5359 -2 0
    endloop
  endfacet
  facet normal 0 0 -1
    outer loop
      vertex 23.1173 1.15036 0
      vertex 21.565 3.17341 0
      vertex 22 3.4641 0
    endloop
  endfacet
  facet normal -0 0 -1
    outer loop
      vertex 22.6604 -0.554891 0
      vertex 20.3045 -1.53073 0
      vertex 22.5994 -0.375287 0
    endloop
  endfacet
  facet normal 0 0 -1
    outer loop
      vertex 22.9747 1.0253 0
      vertex 21.1716 2.82843 0
      vertex 21.565 3.17341 0
    endloop
  endfacet
  facet normal 0 0 -1
    outer loop
      vertex 20.1363 -1.03528 0
      vertex 22.5994 -0.375287 0
      vertex 20.3045 -1.53073 0
    endloop
  endfacet
  facet normal 0 0 -1
    outer loop
      vertex 22.8496 0.882704 0
      vertex 20.8266 2.43505 0
      vertex 21.1716 2.82843 0
    endloop
  endfacet
  facet normal -0 0 -1
    outer loop
      vertex 22.5994 -0.375287 0
      vertex 20.1363 -1.03528 0
      vertex 22.5624 -0.189262 0
    endloop
  endfacet
  facet normal 0 0 -1
    outer loop
      vertex 22.7443 0.724999 0
      vertex 20.5359 2 0
      vertex 20.8266 2.43505 0
    endloop
  endfacet
  facet normal 0 0 -1
    outer loop
      vertex 20.0342 -0.522104 0
      vertex 22.5624 -0.189262 0
      vertex 20.1363 -1.03528 0
    endloop
  endfacet
  facet normal 0 0 -1
    outer loop
      vertex 22.6604 0.554891 0
      vertex 20.3045 1.53073 0
      vertex 20.5359 2 0
    endloop
  endfacet
  facet normal -0 0 -1
    outer loop
      vertex 22.5624 -0.189262 0
      vertex 20.0342 -0.522104 0
      vertex 22.55 0 0
    endloop
  endfacet
  facet normal 0 0 -1
    outer loop
      vertex 22.5994 0.375287 0
      vertex 20.1363 1.03528 0
      vertex 20.3045 1.53073 0
    endloop
  endfacet
  facet normal 0 0 -1
    outer loop
      vertex 20 0 0
      vertex 22.55 0 0
      vertex 20.0342 -0.522104 0
    endloop
  endfacet
  facet normal 0 0 -1
    outer loop
      vertex 22.5624 0.189262 0
      vertex 20.0342 0.522104 0
      vertex 20.1363 1.03528 0
    endloop
  endfacet
  facet normal 0 0 -1
    outer loop
      vertex 22.55 0 0
      vertex 20 0 0
      vertex 20.0342 0.522104 0
    endloop
  endfacet
  facet normal -0.831462 0.555582 0
    outer loop
      vertex 20.5359 2 0
      vertex 20.8266 2.43505 14
      vertex 20.8266 2.43505 0
    endloop
  endfacet
  facet normal -0.831462 0.555582 0
    outer loop
      vertex 20.8266 2.43505 14
      vertex 20.5359 2 0
      vertex 20.5359 2 14
    endloop
  endfacet
  facet normal 0.442268 -0.896883 0
    outer loop
      vertex 25.5307 -3.69552 0
      vertex 26 -3.4641 14
      vertex 25.5307 -3.69552 14
    endloop
  endfacet
  facet normal 0.442268 -0.896883 0
    outer loop
      vertex 26 -3.4641 14
      vertex 25.5307 -3.69552 0
      vertex 26 -3.4641 0
    endloop
  endfacet
  facet normal 0.321464 -0.946922 0
    outer loop
      vertex 25.0353 -3.8637 0
      vertex 25.5307 -3.69552 14
      vertex 25.0353 -3.8637 14
    endloop
  endfacet
  facet normal 0.321464 -0.946922 0
    outer loop
      vertex 25.5307 -3.69552 14
      vertex 25.0353 -3.8637 0
      vertex 25.5307 -3.69552 0
    endloop
  endfacet
  facet normal 0.659321 -0.751861 0
    outer loop
      vertex 26.435 -3.17341 0
      vertex 26.8284 -2.82843 14
      vertex 26.435 -3.17341 14
    endloop
  endfacet
  facet normal 0.659321 -0.751861 0
    outer loop
      vertex 26.8284 -2.82843 14
      vertex 26.435 -3.17341 0
      vertex 26.8284 -2.82843 0
    endloop
  endfacet
  facet normal -0.896887 -0.44226 0
    outer loop
      vertex 20.5359 -2 0
      vertex 20.3045 -1.53073 14
      vertex 20.3045 -1.53073 0
    endloop
  endfacet
  facet normal -0.896887 -0.44226 0
    outer loop
      vertex 20.3045 -1.53073 14
      vertex 20.5359 -2 0
      vertex 20.5359 -2 14
    endloop
  endfacet
  facet normal 0.195087 0.980786 -0
    outer loop
      vertex 25.0353 3.8637 0
      vertex 24.5221 3.96578 14
      vertex 25.0353 3.8637 14
    endloop
  endfacet
  facet normal 0.195087 0.980786 0
    outer loop
      vertex 24.5221 3.96578 14
      vertex 25.0353 3.8637 0
      vertex 24.5221 3.96578 0
    endloop
  endfacet
  facet normal -0.442268 -0.896883 0
    outer loop
      vertex 22 -3.4641 0
      vertex 22.4693 -3.69552 14
      vertex 22 -3.4641 14
    endloop
  endfacet
  facet normal -0.442268 -0.896883 -0
    outer loop
      vertex 22.4693 -3.69552 14
      vertex 22 -3.4641 0
      vertex 22.4693 -3.69552 0
    endloop
  endfacet
  facet normal -0.831462 -0.555582 0
    outer loop
      vertex 20.8266 -2.43505 0
      vertex 20.5359 -2 14
      vertex 20.5359 -2 0
    endloop
  endfacet
  facet normal -0.831462 -0.555582 0
    outer loop
      vertex 20.5359 -2 14
      vertex 20.8266 -2.43505 0
      vertex 20.8266 -2.43505 14
    endloop
  endfacet
  facet normal 0 0 1
    outer loop
      vertex 25.45 0 14
      vertex 28 0 14
      vertex 27.9658 0.522104 14
    endloop
  endfacet
  facet normal 0 0 1
    outer loop
      vertex 25.4376 0.189262 14
      vertex 27.9658 0.522104 14
      vertex 27.8637 1.03528 14
    endloop
  endfacet
  facet normal 0 0 1
    outer loop
      vertex 28 0 14
      vertex 25.45 0 14
      vertex 27.9658 -0.522104 14
    endloop
  endfacet
  facet normal 0 0 1
    outer loop
      vertex 25.4006 0.375287 14
      vertex 27.8637 1.03528 14
      vertex 27.6955 1.53073 14
    endloop
  endfacet
  facet normal -0 0 1
    outer loop
      vertex 25.4376 -0.189262 14
      vertex 27.9658 -0.522104 14
      vertex 25.45 0 14
    endloop
  endfacet
  facet normal 0 0 1
    outer loop
      vertex 25.3396 0.554891 14
      vertex 27.6955 1.53073 14
      vertex 27.4641 2 14
    endloop
  endfacet
  facet normal 0 0 1
    outer loop
      vertex 27.9658 -0.522104 14
      vertex 25.4376 -0.189262 14
      vertex 27.8637 -1.03528 14
    endloop
  endfacet
  facet normal 0 0 1
    outer loop
      vertex 25.2557 0.724999 14
      vertex 27.4641 2 14
      vertex 27.1734 2.43505 14
    endloop
  endfacet
  facet normal -0 0 1
    outer loop
      vertex 25.4006 -0.375287 14
      vertex 27.8637 -1.03528 14
      vertex 25.4376 -0.189262 14
    endloop
  endfacet
  facet normal 0 0 1
    outer loop
      vertex 25.1504 0.882704 14
      vertex 27.1734 2.43505 14
      vertex 26.8284 2.82843 14
    endloop
  endfacet
  facet normal 0 0 1
    outer loop
      vertex 27.8637 -1.03528 14
      vertex 25.4006 -0.375287 14
      vertex 27.6955 -1.53073 14
    endloop
  endfacet
  facet normal 0 0 1
    outer loop
      vertex 25.0253 1.0253 14
      vertex 26.8284 2.82843 14
      vertex 26.435 3.17341 14
    endloop
  endfacet
  facet normal -0 0 1
    outer loop
      vertex 25.3396 -0.554891 14
      vertex 27.6955 -1.53073 14
      vertex 25.4006 -0.375287 14
    endloop
  endfacet
  facet normal 0 0 1
    outer loop
      vertex 24.8827 1.15036 14
      vertex 26.435 3.17341 14
      vertex 26 3.4641 14
    endloop
  endfacet
  facet normal 0 0 1
    outer loop
      vertex 27.6955 -1.53073 14
      vertex 25.3396 -0.554891 14
      vertex 27.4641 -2 14
    endloop
  endfacet
  facet normal 0 0 1
    outer loop
      vertex 24.725 1.25574 14
      vertex 26 3.4641 14
      vertex 25.5307 3.69552 14
    endloop
  endfacet
  facet normal -0 0 1
    outer loop
      vertex 25.2557 -0.724999 14
      vertex 27.4641 -2 14
      vertex 25.3396 -0.554891 14
    endloop
  endfacet
  facet normal 0 0 1
    outer loop
      vertex 27.4641 -2 14
      vertex 25.2557 -0.724999 14
      vertex 27.1734 -2.43505 14
    endloop
  endfacet
  facet normal 0 0 1
    outer loop
      vertex 27.9658 0.522104 14
      vertex 25.4376 0.189262 14
      vertex 25.45 0 14
    endloop
  endfacet
  facet normal 0 0 1
    outer loop
      vertex 27.8637 1.03528 14
      vertex 25.4006 0.375287 14
      vertex 25.4376 0.189262 14
    endloop
  endfacet
  facet normal 0 0 1
    outer loop
      vertex 27.6955 1.53073 14
      vertex 25.3396 0.554891 14
      vertex 25.4006 0.375287 14
    endloop
  endfacet
  facet normal 0 0 1
    outer loop
      vertex 27.4641 2 14
      vertex 25.2557 0.724999 14
      vertex 25.3396 0.554891 14
    endloop
  endfacet
  facet normal 0 0 1
    outer loop
      vertex 27.1734 2.43505 14
      vertex 25.1504 0.882704 14
      vertex 25.2557 0.724999 14
    endloop
  endfacet
  facet normal 0 0 1
    outer loop
      vertex 24.5549 1.33962 14
      vertex 25.5307 3.69552 14
      vertex 25.0353 3.8637 14
    endloop
  endfacet
  facet normal 0 0 1
    outer loop
      vertex 26.8284 2.82843 14
      vertex 25.0253 1.0253 14
      vertex 25.1504 0.882704 14
    endloop
  endfacet
  facet normal 0 0 1
    outer loop
      vertex 26.435 3.17341 14
      vertex 24.8827 1.15036 14
      vertex 25.0253 1.0253 14
    endloop
  endfacet
  facet normal 0 0 1
    outer loop
      vertex 26 3.4641 14
      vertex 24.725 1.25574 14
      vertex 24.8827 1.15036 14
    endloop
  endfacet
  facet normal 0 0 1
    outer loop
      vertex 25.5307 3.69552 14
      vertex 24.5549 1.33962 14
      vertex 24.725 1.25574 14
    endloop
  endfacet
  facet normal 0 0 1
    outer loop
      vertex 24.3753 1.40059 14
      vertex 25.0353 3.8637 14
      vertex 24.5221 3.96578 14
    endloop
  endfacet
  facet normal 0 0 1
    outer loop
      vertex 25.0353 3.8637 14
      vertex 24.3753 1.40059 14
      vertex 24.5549 1.33962 14
    endloop
  endfacet
  facet normal 0 0 1
    outer loop
      vertex 24.5221 3.96578 14
      vertex 24.1893 1.43759 14
      vertex 24.3753 1.40059 14
    endloop
  endfacet
  facet normal 0 0 1
    outer loop
      vertex 24 4 14
      vertex 24.1893 1.43759 14
      vertex 24.5221 3.96578 14
    endloop
  endfacet
  facet normal 0 0 1
    outer loop
      vertex 24 4 14
      vertex 24 1.45 14
      vertex 24.1893 1.43759 14
    endloop
  endfacet
  facet normal 0 0 1
    outer loop
      vertex 24 4 14
      vertex 23.8107 1.43759 14
      vertex 24 1.45 14
    endloop
  endfacet
  facet normal -0 0 1
    outer loop
      vertex 23.4779 3.96578 14
      vertex 23.8107 1.43759 14
      vertex 24 4 14
    endloop
  endfacet
  facet normal 0 0 1
    outer loop
      vertex 23.8107 1.43759 14
      vertex 23.4779 3.96578 14
      vertex 23.6247 1.40059 14
    endloop
  endfacet
  facet normal -0 0 1
    outer loop
      vertex 22.9647 3.8637 14
      vertex 23.6247 1.40059 14
      vertex 23.4779 3.96578 14
    endloop
  endfacet
  facet normal 0 0 1
    outer loop
      vertex 23.6247 1.40059 14
      vertex 22.9647 3.8637 14
      vertex 23.4451 1.33962 14
    endloop
  endfacet
  facet normal -0 0 1
    outer loop
      vertex 22.4693 3.69552 14
      vertex 23.4451 1.33962 14
      vertex 22.9647 3.8637 14
    endloop
  endfacet
  facet normal 0 0 1
    outer loop
      vertex 23.4451 1.33962 14
      vertex 22.4693 3.69552 14
      vertex 23.275 1.25574 14
    endloop
  endfacet
  facet normal -0 0 1
    outer loop
      vertex 22 3.4641 14
      vertex 23.275 1.25574 14
      vertex 22.4693 3.69552 14
    endloop
  endfacet
  facet normal 0 0 1
    outer loop
      vertex 23.275 1.25574 14
      vertex 22 3.4641 14
      vertex 23.1173 1.15036 14
    endloop
  endfacet
  facet normal -0 0 1
    outer loop
      vertex 21.565 3.17341 14
      vertex 23.1173 1.15036 14
      vertex 22 3.4641 14
    endloop
  endfacet
  facet normal 0 0 1
    outer loop
      vertex 23.1173 1.15036 14
      vertex 21.565 3.17341 14
      vertex 22.9747 1.0253 14
    endloop
  endfacet
  facet normal -0 0 1
    outer loop
      vertex 21.1716 2.82843 14
      vertex 22.9747 1.0253 14
      vertex 21.565 3.17341 14
    endloop
  endfacet
  facet normal 0 0 1
    outer loop
      vertex 22.9747 1.0253 14
      vertex 21.1716 2.82843 14
      vertex 22.8496 0.882704 14
    endloop
  endfacet
  facet normal 0 0 1
    outer loop
      vertex 22.8496 0.882704 14
      vertex 20.8266 2.43505 14
      vertex 22.7443 0.724999 14
    endloop
  endfacet
  facet normal -0 0 1
    outer loop
      vertex 20.8266 2.43505 14
      vertex 22.8496 0.882704 14
      vertex 21.1716 2.82843 14
    endloop
  endfacet
  facet normal -0 0 1
    outer loop
      vertex 25.1504 -0.882704 14
      vertex 27.1734 -2.43505 14
      vertex 25.2557 -0.724999 14
    endloop
  endfacet
  facet normal 0 0 1
    outer loop
      vertex 27.1734 -2.43505 14
      vertex 25.1504 -0.882704 14
      vertex 26.8284 -2.82843 14
    endloop
  endfacet
  facet normal -0 0 1
    outer loop
      vertex 25.0253 -1.0253 14
      vertex 26.8284 -2.82843 14
      vertex 25.1504 -0.882704 14
    endloop
  endfacet
  facet normal 0 0 1
    outer loop
      vertex 26.8284 -2.82843 14
      vertex 25.0253 -1.0253 14
      vertex 26.435 -3.17341 14
    endloop
  endfacet
  facet normal -0 0 1
    outer loop
      vertex 24.8827 -1.15036 14
      vertex 26.435 -3.17341 14
      vertex 25.0253 -1.0253 14
    endloop
  endfacet
  facet normal 0 0 1
    outer loop
      vertex 26.435 -3.17341 14
      vertex 24.8827 -1.15036 14
      vertex 26 -3.4641 14
    endloop
  endfacet
  facet normal -0 0 1
    outer loop
      vertex 24.725 -1.25574 14
      vertex 26 -3.4641 14
      vertex 24.8827 -1.15036 14
    endloop
  endfacet
  facet normal 0 0 1
    outer loop
      vertex 26 -3.4641 14
      vertex 24.725 -1.25574 14
      vertex 25.5307 -3.69552 14
    endloop
  endfacet
  facet normal -0 0 1
    outer loop
      vertex 24.5549 -1.33962 14
      vertex 25.5307 -3.69552 14
      vertex 24.725 -1.25574 14
    endloop
  endfacet
  facet normal 0 0 1
    outer loop
      vertex 25.5307 -3.69552 14
      vertex 24.5549 -1.33962 14
      vertex 25.0353 -3.8637 14
    endloop
  endfacet
  facet normal -0 0 1
    outer loop
      vertex 24.3753 -1.40059 14
      vertex 25.0353 -3.8637 14
      vertex 24.5549 -1.33962 14
    endloop
  endfacet
  facet normal 0 0 1
    outer loop
      vertex 25.0353 -3.8637 14
      vertex 24.3753 -1.40059 14
      vertex 24.5221 -3.96578 14
    endloop
  endfacet
  facet normal -0 0 1
    outer loop
      vertex 24.1893 -1.43759 14
      vertex 24.5221 -3.96578 14
      vertex 24.3753 -1.40059 14
    endloop
  endfacet
  facet normal -0 0 1
    outer loop
      vertex 24 -1.45 14
      vertex 24.5221 -3.96578 14
      vertex 24.1893 -1.43759 14
    endloop
  endfacet
  facet normal 0 0 1
    outer loop
      vertex 24 -1.45 14
      vertex 24 -4 14
      vertex 24.5221 -3.96578 14
    endloop
  endfacet
  facet normal 0 0 1
    outer loop
      vertex 23.8107 -1.43759 14
      vertex 24 -4 14
      vertex 24 -1.45 14
    endloop
  endfacet
  facet normal 0 0 1
    outer loop
      vertex 23.4779 -3.96578 14
      vertex 23.8107 -1.43759 14
      vertex 23.6247 -1.40059 14
    endloop
  endfacet
  facet normal 0 0 1
    outer loop
      vertex 23.8107 -1.43759 14
      vertex 23.4779 -3.96578 14
      vertex 24 -4 14
    endloop
  endfacet
  facet normal 0 0 1
    outer loop
      vertex 22.9647 -3.8637 14
      vertex 23.6247 -1.40059 14
      vertex 23.4451 -1.33962 14
    endloop
  endfacet
  facet normal 0 0 1
    outer loop
      vertex 22.4693 -3.69552 14
      vertex 23.4451 -1.33962 14
      vertex 23.275 -1.25574 14
    endloop
  endfacet
  facet normal 0 0 1
    outer loop
      vertex 22 -3.4641 14
      vertex 23.275 -1.25574 14
      vertex 23.1173 -1.15036 14
    endloop
  endfacet
  facet normal 0 0 1
    outer loop
      vertex 21.565 -3.17341 14
      vertex 23.1173 -1.15036 14
      vertex 22.9747 -1.0253 14
    endloop
  endfacet
  facet normal 0 0 1
    outer loop
      vertex 23.6247 -1.40059 14
      vertex 22.9647 -3.8637 14
      vertex 23.4779 -3.96578 14
    endloop
  endfacet
  facet normal 0 0 1
    outer loop
      vertex 21.1716 -2.82843 14
      vertex 22.9747 -1.0253 14
      vertex 22.8496 -0.882704 14
    endloop
  endfacet
  facet normal 0 0 1
    outer loop
      vertex 20.8266 -2.43505 14
      vertex 22.8496 -0.882704 14
      vertex 22.7443 -0.724999 14
    endloop
  endfacet
  facet normal 0 0 1
    outer loop
      vertex 20.5359 -2 14
      vertex 22.7443 -0.724999 14
      vertex 22.6604 -0.554891 14
    endloop
  endfacet
  facet normal 0 0 1
    outer loop
      vertex 20.3045 -1.53073 14
      vertex 22.6604 -0.554891 14
      vertex 22.5994 -0.375287 14
    endloop
  endfacet
  facet normal 0 0 1
    outer loop
      vertex 20.1363 -1.03528 14
      vertex 22.5994 -0.375287 14
      vertex 22.5624 -0.189262 14
    endloop
  endfacet
  facet normal 0 0 1
    outer loop
      vertex 23.4451 -1.33962 14
      vertex 22.4693 -3.69552 14
      vertex 22.9647 -3.8637 14
    endloop
  endfacet
  facet normal 0 0 1
    outer loop
      vertex 20.0342 -0.522104 14
      vertex 22.5624 -0.189262 14
      vertex 22.55 0 14
    endloop
  endfacet
  facet normal -0 0 1
    outer loop
      vertex 20.5359 2 14
      vertex 22.7443 0.724999 14
      vertex 20.8266 2.43505 14
    endloop
  endfacet
  facet normal 0 0 1
    outer loop
      vertex 22.7443 0.724999 14
      vertex 20.5359 2 14
      vertex 22.6604 0.554891 14
    endloop
  endfacet
  facet normal 0 0 1
    outer loop
      vertex 23.275 -1.25574 14
      vertex 22 -3.4641 14
      vertex 22.4693 -3.69552 14
    endloop
  endfacet
  facet normal -0 0 1
    outer loop
      vertex 20.3045 1.53073 14
      vertex 22.6604 0.554891 14
      vertex 20.5359 2 14
    endloop
  endfacet
  facet normal 0 0 1
    outer loop
      vertex 23.1173 -1.15036 14
      vertex 21.565 -3.17341 14
      vertex 22 -3.4641 14
    endloop
  endfacet
  facet normal 0 0 1
    outer loop
      vertex 22.6604 0.554891 14
      vertex 20.3045 1.53073 14
      vertex 22.5994 0.375287 14
    endloop
  endfacet
  facet normal 0 0 1
    outer loop
      vertex 22.9747 -1.0253 14
      vertex 21.1716 -2.82843 14
      vertex 21.565 -3.17341 14
    endloop
  endfacet
  facet normal -0 0 1
    outer loop
      vertex 20.1363 1.03528 14
      vertex 22.5994 0.375287 14
      vertex 20.3045 1.53073 14
    endloop
  endfacet
  facet normal 0 0 1
    outer loop
      vertex 22.8496 -0.882704 14
      vertex 20.8266 -2.43505 14
      vertex 21.1716 -2.82843 14
    endloop
  endfacet
  facet normal 0 0 1
    outer loop
      vertex 22.5994 0.375287 14
      vertex 20.1363 1.03528 14
      vertex 22.5624 0.189262 14
    endloop
  endfacet
  facet normal 0 0 1
    outer loop
      vertex 22.7443 -0.724999 14
      vertex 20.5359 -2 14
      vertex 20.8266 -2.43505 14
    endloop
  endfacet
  facet normal -0 0 1
    outer loop
      vertex 20.0342 0.522104 14
      vertex 22.5624 0.189262 14
      vertex 20.1363 1.03528 14
    endloop
  endfacet
  facet normal 0 0 1
    outer loop
      vertex 22.6604 -0.554891 14
      vertex 20.3045 -1.53073 14
      vertex 20.5359 -2 14
    endloop
  endfacet
  facet normal 0 0 1
    outer loop
      vertex 22.5624 0.189262 14
      vertex 20.0342 0.522104 14
      vertex 22.55 0 14
    endloop
  endfacet
  facet normal 0 0 1
    outer loop
      vertex 22.5994 -0.375287 14
      vertex 20.1363 -1.03528 14
      vertex 20.3045 -1.53073 14
    endloop
  endfacet
  facet normal 0 0 1
    outer loop
      vertex 20 0 14
      vertex 22.55 0 14
      vertex 20.0342 0.522104 14
    endloop
  endfacet
  facet normal 0 0 1
    outer loop
      vertex 22.5624 -0.189262 14
      vertex 20.0342 -0.522104 14
      vertex 20.1363 -1.03528 14
    endloop
  endfacet
  facet normal 0 0 1
    outer loop
      vertex 22.55 0 14
      vertex 20 0 14
      vertex 20.0342 -0.522104 14
    endloop
  endfacet
  facet normal -0.980788 -0.195077 0
    outer loop
      vertex 25.4376 0.189262 0
      vertex 25.4006 0.375287 14
      vertex 25.4006 0.375287 0
    endloop
  endfacet
  facet normal -0.980788 -0.195077 0
    outer loop
      vertex 25.4006 0.375287 14
      vertex 25.4376 0.189262 0
      vertex 25.4376 0.189262 14
    endloop
  endfacet
  facet normal -0.997861 -0.0653775 0
    outer loop
      vertex 25.45 0 0
      vertex 25.4376 0.189262 14
      vertex 25.4376 0.189262 0
    endloop
  endfacet
  facet normal -0.997861 -0.0653775 0
    outer loop
      vertex 25.4376 0.189262 14
      vertex 25.45 0 0
      vertex 25.45 0 14
    endloop
  endfacet
  facet normal -0.321458 0.946924 0
    outer loop
      vertex 24.5549 -1.33962 0
      vertex 24.3753 -1.40059 14
      vertex 24.5549 -1.33962 14
    endloop
  endfacet
  facet normal -0.321458 0.946924 0
    outer loop
      vertex 24.3753 -1.40059 14
      vertex 24.5549 -1.33962 0
      vertex 24.3753 -1.40059 0
    endloop
  endfacet
  facet normal -0.831653 -0.555296 0
    outer loop
      vertex 25.2557 0.724999 0
      vertex 25.1504 0.882704 14
      vertex 25.1504 0.882704 0
    endloop
  endfacet
  facet normal -0.831653 -0.555296 0
    outer loop
      vertex 25.1504 0.882704 14
      vertex 25.2557 0.724999 0
      vertex 25.2557 0.724999 14
    endloop
  endfacet
  facet normal 0.896848 -0.44234 0
    outer loop
      vertex 22.6604 0.554891 14
      vertex 22.7443 0.724999 0
      vertex 22.7443 0.724999 14
    endloop
  endfacet
  facet normal 0.896848 -0.44234 0
    outer loop
      vertex 22.7443 0.724999 0
      vertex 22.6604 0.554891 14
      vertex 22.6604 0.554891 0
    endloop
  endfacet
  facet normal 0.5556 -0.83145 0
    outer loop
      vertex 23.1173 1.15036 0
      vertex 23.275 1.25574 14
      vertex 23.1173 1.15036 14
    endloop
  endfacet
  facet normal 0.5556 -0.83145 0
    outer loop
      vertex 23.275 1.25574 14
      vertex 23.1173 1.15036 0
      vertex 23.275 1.25574 0
    endloop
  endfacet
  facet normal 0.659355 -0.751832 0
    outer loop
      vertex 22.9747 1.0253 0
      vertex 23.1173 1.15036 14
      vertex 22.9747 1.0253 14
    endloop
  endfacet
  facet normal 0.659355 -0.751832 0
    outer loop
      vertex 23.1173 1.15036 14
      vertex 22.9747 1.0253 0
      vertex 23.1173 1.15036 0
    endloop
  endfacet
  facet normal 0.751718 -0.659485 0
    outer loop
      vertex 22.8496 0.882704 14
      vertex 22.9747 1.0253 0
      vertex 22.9747 1.0253 14
    endloop
  endfacet
  facet normal 0.751718 -0.659485 0
    outer loop
      vertex 22.9747 1.0253 0
      vertex 22.8496 0.882704 14
      vertex 22.8496 0.882704 0
    endloop
  endfacet
  facet normal -0.946878 0.321594 0
    outer loop
      vertex 25.3396 -0.554891 0
      vertex 25.4006 -0.375287 14
      vertex 25.4006 -0.375287 0
    endloop
  endfacet
  facet normal -0.946878 0.321594 0
    outer loop
      vertex 25.4006 -0.375287 14
      vertex 25.3396 -0.554891 0
      vertex 25.3396 -0.554891 14
    endloop
  endfacet
  facet normal 0.997861 -0.0653775 0
    outer loop
      vertex 22.55 0 14
      vertex 22.5624 0.189262 0
      vertex 22.5624 0.189262 14
    endloop
  endfacet
  facet normal 0.997861 -0.0653775 0
    outer loop
      vertex 22.5624 0.189262 0
      vertex 22.55 0 14
      vertex 22.55 0 0
    endloop
  endfacet
  facet normal -0.5556 -0.83145 0
    outer loop
      vertex 24.725 1.25574 0
      vertex 24.8827 1.15036 14
      vertex 24.725 1.25574 14
    endloop
  endfacet
  facet normal -0.5556 -0.83145 -0
    outer loop
      vertex 24.8827 1.15036 14
      vertex 24.725 1.25574 0
      vertex 24.8827 1.15036 0
    endloop
  endfacet
  facet normal 0.321458 0.946924 -0
    outer loop
      vertex 23.6247 -1.40059 0
      vertex 23.4451 -1.33962 14
      vertex 23.6247 -1.40059 14
    endloop
  endfacet
  facet normal 0.321458 0.946924 0
    outer loop
      vertex 23.4451 -1.33962 14
      vertex 23.6247 -1.40059 0
      vertex 23.4451 -1.33962 0
    endloop
  endfacet
  facet normal 0.751718 0.659485 0
    outer loop
      vertex 22.9747 -1.0253 14
      vertex 22.8496 -0.882704 0
      vertex 22.8496 -0.882704 14
    endloop
  endfacet
  facet normal 0.751718 0.659485 0
    outer loop
      vertex 22.8496 -0.882704 0
      vertex 22.9747 -1.0253 14
      vertex 22.9747 -1.0253 0
    endloop
  endfacet
  facet normal -0.195102 0.980783 0
    outer loop
      vertex 24.3753 -1.40059 0
      vertex 24.1893 -1.43759 14
      vertex 24.3753 -1.40059 14
    endloop
  endfacet
  facet normal -0.195102 0.980783 0
    outer loop
      vertex 24.1893 -1.43759 14
      vertex 24.3753 -1.40059 0
      vertex 24.1893 -1.43759 0
    endloop
  endfacet
  facet normal 0.321458 -0.946924 0
    outer loop
      vertex 23.4451 1.33962 0
      vertex 23.6247 1.40059 14
      vertex 23.4451 1.33962 14
    endloop
  endfacet
  facet normal 0.321458 -0.946924 0
    outer loop
      vertex 23.6247 1.40059 14
      vertex 23.4451 1.33962 0
      vertex 23.6247 1.40059 0
    endloop
  endfacet
  facet normal 0.831653 0.555296 0
    outer loop
      vertex 22.8496 -0.882704 14
      vertex 22.7443 -0.724999 0
      vertex 22.7443 -0.724999 14
    endloop
  endfacet
  facet normal 0.831653 0.555296 0
    outer loop
      vertex 22.7443 -0.724999 0
      vertex 22.8496 -0.882704 14
      vertex 22.8496 -0.882704 0
    endloop
  endfacet
  facet normal -0.5556 0.83145 0
    outer loop
      vertex 24.8827 -1.15036 0
      vertex 24.725 -1.25574 14
      vertex 24.8827 -1.15036 14
    endloop
  endfacet
  facet normal -0.5556 0.83145 0
    outer loop
      vertex 24.725 -1.25574 14
      vertex 24.8827 -1.15036 0
      vertex 24.725 -1.25574 0
    endloop
  endfacet
  facet normal 0.946878 -0.321594 0
    outer loop
      vertex 22.5994 0.375287 14
      vertex 22.6604 0.554891 0
      vertex 22.6604 0.554891 14
    endloop
  endfacet
  facet normal 0.946878 -0.321594 0
    outer loop
      vertex 22.6604 0.554891 0
      vertex 22.5994 0.375287 14
      vertex 22.5994 0.375287 0
    endloop
  endfacet
  facet normal -0.321458 -0.946924 0
    outer loop
      vertex 24.3753 1.40059 0
      vertex 24.5549 1.33962 14
      vertex 24.3753 1.40059 14
    endloop
  endfacet
  facet normal -0.321458 -0.946924 -0
    outer loop
      vertex 24.5549 1.33962 14
      vertex 24.3753 1.40059 0
      vertex 24.5549 1.33962 0
    endloop
  endfacet
  facet normal -0.0654169 -0.997858 0
    outer loop
      vertex 24 1.45 0
      vertex 24.1893 1.43759 14
      vertex 24 1.45 14
    endloop
  endfacet
  facet normal -0.0654169 -0.997858 -0
    outer loop
      vertex 24.1893 1.43759 14
      vertex 24 1.45 0
      vertex 24.1893 1.43759 0
    endloop
  endfacet
  facet normal 0.442272 -0.896881 0
    outer loop
      vertex 23.275 1.25574 0
      vertex 23.4451 1.33962 14
      vertex 23.275 1.25574 14
    endloop
  endfacet
  facet normal 0.442272 -0.896881 0
    outer loop
      vertex 23.4451 1.33962 14
      vertex 23.275 1.25574 0
      vertex 23.4451 1.33962 0
    endloop
  endfacet
  facet normal -0.831653 0.555296 0
    outer loop
      vertex 25.1504 -0.882704 0
      vertex 25.2557 -0.724999 14
      vertex 25.2557 -0.724999 0
    endloop
  endfacet
  facet normal -0.831653 0.555296 0
    outer loop
      vertex 25.2557 -0.724999 14
      vertex 25.1504 -0.882704 0
      vertex 25.1504 -0.882704 14
    endloop
  endfacet
  facet normal 0.997861 0.0653775 0
    outer loop
      vertex 22.5624 -0.189262 14
      vertex 22.55 0 0
      vertex 22.55 0 14
    endloop
  endfacet
  facet normal 0.997861 0.0653775 0
    outer loop
      vertex 22.55 0 0
      vertex 22.5624 -0.189262 14
      vertex 22.5624 -0.189262 0
    endloop
  endfacet
  facet normal 0.946878 0.321594 0
    outer loop
      vertex 22.6604 -0.554891 14
      vertex 22.5994 -0.375287 0
      vertex 22.5994 -0.375287 14
    endloop
  endfacet
  facet normal 0.946878 0.321594 0
    outer loop
      vertex 22.5994 -0.375287 0
      vertex 22.6604 -0.554891 14
      vertex 22.6604 -0.554891 0
    endloop
  endfacet
  facet normal 0.659355 0.751832 -0
    outer loop
      vertex 23.1173 -1.15036 0
      vertex 22.9747 -1.0253 14
      vertex 23.1173 -1.15036 14
    endloop
  endfacet
  facet normal 0.659355 0.751832 0
    outer loop
      vertex 22.9747 -1.0253 14
      vertex 23.1173 -1.15036 0
      vertex 22.9747 -1.0253 0
    endloop
  endfacet
  facet normal -0.442272 -0.896881 0
    outer loop
      vertex 24.5549 1.33962 0
      vertex 24.725 1.25574 14
      vertex 24.5549 1.33962 14
    endloop
  endfacet
  facet normal -0.442272 -0.896881 -0
    outer loop
      vertex 24.725 1.25574 14
      vertex 24.5549 1.33962 0
      vertex 24.725 1.25574 0
    endloop
  endfacet
  facet normal 0.195102 -0.980783 0
    outer loop
      vertex 23.6247 1.40059 0
      vertex 23.8107 1.43759 14
      vertex 23.6247 1.40059 14
    endloop
  endfacet
  facet normal 0.195102 -0.980783 0
    outer loop
      vertex 23.8107 1.43759 14
      vertex 23.6247 1.40059 0
      vertex 23.8107 1.43759 0
    endloop
  endfacet
  facet normal -0.751718 -0.659485 0
    outer loop
      vertex 25.1504 0.882704 0
      vertex 25.0253 1.0253 14
      vertex 25.0253 1.0253 0
    endloop
  endfacet
  facet normal -0.751718 -0.659485 0
    outer loop
      vertex 25.0253 1.0253 14
      vertex 25.1504 0.882704 0
      vertex 25.1504 0.882704 14
    endloop
  endfacet
  facet normal -0.195102 -0.980783 0
    outer loop
      vertex 24.1893 1.43759 0
      vertex 24.3753 1.40059 14
      vertex 24.1893 1.43759 14
    endloop
  endfacet
  facet normal -0.195102 -0.980783 -0
    outer loop
      vertex 24.3753 1.40059 14
      vertex 24.1893 1.43759 0
      vertex 24.3753 1.40059 0
    endloop
  endfacet
  facet normal -0.751718 0.659485 0
    outer loop
      vertex 25.0253 -1.0253 0
      vertex 25.1504 -0.882704 14
      vertex 25.1504 -0.882704 0
    endloop
  endfacet
  facet normal -0.751718 0.659485 0
    outer loop
      vertex 25.1504 -0.882704 14
      vertex 25.0253 -1.0253 0
      vertex 25.0253 -1.0253 14
    endloop
  endfacet
  facet normal 0.442272 0.896881 -0
    outer loop
      vertex 23.4451 -1.33962 0
      vertex 23.275 -1.25574 14
      vertex 23.4451 -1.33962 14
    endloop
  endfacet
  facet normal 0.442272 0.896881 0
    outer loop
      vertex 23.275 -1.25574 14
      vertex 23.4451 -1.33962 0
      vertex 23.275 -1.25574 0
    endloop
  endfacet
  facet normal 0.980788 -0.195077 0
    outer loop
      vertex 22.5624 0.189262 14
      vertex 22.5994 0.375287 0
      vertex 22.5994 0.375287 14
    endloop
  endfacet
  facet normal 0.980788 -0.195077 0
    outer loop
      vertex 22.5994 0.375287 0
      vertex 22.5624 0.189262 14
      vertex 22.5624 0.189262 0
    endloop
  endfacet
  facet normal -0.0654169 0.997858 0
    outer loop
      vertex 24.1893 -1.43759 0
      vertex 24 -1.45 14
      vertex 24.1893 -1.43759 14
    endloop
  endfacet
  facet normal -0.0654169 0.997858 0
    outer loop
      vertex 24 -1.45 14
      vertex 24.1893 -1.43759 0
      vertex 24 -1.45 0
    endloop
  endfacet
  facet normal -0.442272 0.896881 0
    outer loop
      vertex 24.725 -1.25574 0
      vertex 24.5549 -1.33962 14
      vertex 24.725 -1.25574 14
    endloop
  endfacet
  facet normal -0.442272 0.896881 0
    outer loop
      vertex 24.5549 -1.33962 14
      vertex 24.725 -1.25574 0
      vertex 24.5549 -1.33962 0
    endloop
  endfacet
  facet normal -0.659355 0.751832 0
    outer loop
      vertex 25.0253 -1.0253 0
      vertex 24.8827 -1.15036 14
      vertex 25.0253 -1.0253 14
    endloop
  endfacet
  facet normal -0.659355 0.751832 0
    outer loop
      vertex 24.8827 -1.15036 14
      vertex 25.0253 -1.0253 0
      vertex 24.8827 -1.15036 0
    endloop
  endfacet
  facet normal 0.896848 0.44234 0
    outer loop
      vertex 22.7443 -0.724999 14
      vertex 22.6604 -0.554891 0
      vertex 22.6604 -0.554891 14
    endloop
  endfacet
  facet normal 0.896848 0.44234 0
    outer loop
      vertex 22.6604 -0.554891 0
      vertex 22.7443 -0.724999 14
      vertex 22.7443 -0.724999 0
    endloop
  endfacet
  facet normal -0.896848 0.44234 0
    outer loop
      vertex 25.2557 -0.724999 0
      vertex 25.3396 -0.554891 14
      vertex 25.3396 -0.554891 0
    endloop
  endfacet
  facet normal -0.896848 0.44234 0
    outer loop
      vertex 25.3396 -0.554891 14
      vertex 25.2557 -0.724999 0
      vertex 25.2557 -0.724999 14
    endloop
  endfacet
  facet normal -0.659355 -0.751832 0
    outer loop
      vertex 24.8827 1.15036 0
      vertex 25.0253 1.0253 14
      vertex 24.8827 1.15036 14
    endloop
  endfacet
  facet normal -0.659355 -0.751832 -0
    outer loop
      vertex 25.0253 1.0253 14
      vertex 24.8827 1.15036 0
      vertex 25.0253 1.0253 0
    endloop
  endfacet
  facet normal -0.997861 0.0653775 0
    outer loop
      vertex 25.4376 -0.189262 0
      vertex 25.45 0 14
      vertex 25.45 0 0
    endloop
  endfacet
  facet normal -0.997861 0.0653775 0
    outer loop
      vertex 25.45 0 14
      vertex 25.4376 -0.189262 0
      vertex 25.4376 -0.189262 14
    endloop
  endfacet
  facet normal 0.5556 0.83145 -0
    outer loop
      vertex 23.275 -1.25574 0
      vertex 23.1173 -1.15036 14
      vertex 23.275 -1.25574 14
    endloop
  endfacet
  facet normal 0.5556 0.83145 0
    outer loop
      vertex 23.1173 -1.15036 14
      vertex 23.275 -1.25574 0
      vertex 23.1173 -1.15036 0
    endloop
  endfacet
  facet normal -0.896848 -0.44234 0
    outer loop
      vertex 25.3396 0.554891 0
      vertex 25.2557 0.724999 14
      vertex 25.2557 0.724999 0
    endloop
  endfacet
  facet normal -0.896848 -0.44234 0
    outer loop
      vertex 25.2557 0.724999 14
      vertex 25.3396 0.554891 0
      vertex 25.3396 0.554891 14
    endloop
  endfacet
  facet normal -0.980788 0.195077 0
    outer loop
      vertex 25.4006 -0.375287 0
      vertex 25.4376 -0.189262 14
      vertex 25.4376 -0.189262 0
    endloop
  endfacet
  facet normal -0.980788 0.195077 0
    outer loop
      vertex 25.4376 -0.189262 14
      vertex 25.4006 -0.375287 0
      vertex 25.4006 -0.375287 14
    endloop
  endfacet
  facet normal -0.946878 -0.321594 0
    outer loop
      vertex 25.4006 0.375287 0
      vertex 25.3396 0.554891 14
      vertex 25.3396 0.554891 0
    endloop
  endfacet
  facet normal -0.946878 -0.321594 0
    outer loop
      vertex 25.3396 0.554891 14
      vertex 25.4006 0.375287 0
      vertex 25.4006 0.375287 14
    endloop
  endfacet
  facet normal 0.0654169 -0.997858 0
    outer loop
      vertex 23.8107 1.43759 0
      vertex 24 1.45 14
      vertex 23.8107 1.43759 14
    endloop
  endfacet
  facet normal 0.0654169 -0.997858 0
    outer loop
      vertex 24 1.45 14
      vertex 23.8107 1.43759 0
      vertex 24 1.45 0
    endloop
  endfacet
  facet normal 0.980788 0.195077 0
    outer loop
      vertex 22.5994 -0.375287 14
      vertex 22.5624 -0.189262 0
      vertex 22.5624 -0.189262 14
    endloop
  endfacet
  facet normal 0.980788 0.195077 0
    outer loop
      vertex 22.5624 -0.189262 0
      vertex 22.5994 -0.375287 14
      vertex 22.5994 -0.375287 0
    endloop
  endfacet
  facet normal 0.195102 0.980783 -0
    outer loop
      vertex 23.8107 -1.43759 0
      vertex 23.6247 -1.40059 14
      vertex 23.8107 -1.43759 14
    endloop
  endfacet
  facet normal 0.195102 0.980783 0
    outer loop
      vertex 23.6247 -1.40059 14
      vertex 23.8107 -1.43759 0
      vertex 23.6247 -1.40059 0
    endloop
  endfacet
  facet normal 0.831653 -0.555296 0
    outer loop
      vertex 22.7443 0.724999 14
      vertex 22.8496 0.882704 0
      vertex 22.8496 0.882704 14
    endloop
  endfacet
  facet normal 0.831653 -0.555296 0
    outer loop
      vertex 22.8496 0.882704 0
      vertex 22.7443 0.724999 14
      vertex 22.7443 0.724999 0
    endloop
  endfacet
  facet normal 0.0654169 0.997858 -0
    outer loop
      vertex 24 -1.45 0
      vertex 23.8107 -1.43759 14
      vertex 24 -1.45 14
    endloop
  endfacet
  facet normal 0.0654169 0.997858 0
    outer loop
      vertex 23.8107 -1.43759 14
      vertex 24 -1.45 0
      vertex 23.8107 -1.43759 0
    endloop
  endfacet
  facet normal 0.321464 0.946922 -0
    outer loop
      vertex 37.5307 3.69552 0
      vertex 37.0353 3.8637 14
      vertex 37.5307 3.69552 14
    endloop
  endfacet
  facet normal 0.321464 0.946922 0
    outer loop
      vertex 37.0353 3.8637 14
      vertex 37.5307 3.69552 0
      vertex 37.0353 3.8637 0
    endloop
  endfacet
  facet normal 0.980777 0.195133 0
    outer loop
      vertex 39.9658 0.522104 14
      vertex 39.8637 1.03528 0
      vertex 39.8637 1.03528 14
    endloop
  endfacet
  facet normal 0.980777 0.195133 0
    outer loop
      vertex 39.8637 1.03528 0
      vertex 39.9658 0.522104 14
      vertex 39.9658 0.522104 0
    endloop
  endfacet
  facet normal 0.997861 0.0653641 0
    outer loop
      vertex 40 0 14
      vertex 39.9658 0.522104 0
      vertex 39.9658 0.522104 14
    endloop
  endfacet
  facet normal 0.997861 0.0653641 0
    outer loop
      vertex 39.9658 0.522104 0
      vertex 40 0 14
      vertex 40 0 0
    endloop
  endfacet
  facet normal 0.94692 0.321469 0
    outer loop
      vertex 39.8637 1.03528 14
      vertex 39.6955 1.53073 0
      vertex 39.6955 1.53073 14
    endloop
  endfacet
  facet normal 0.94692 0.321469 0
    outer loop
      vertex 39.6955 1.53073 0
      vertex 39.8637 1.03528 14
      vertex 39.8637 1.03528 0
    endloop
  endfacet
  facet normal 0.442268 0.896883 -0
    outer loop
      vertex 38 3.4641 0
      vertex 37.5307 3.69552 14
      vertex 38 3.4641 14
    endloop
  endfacet
  facet normal 0.442268 0.896883 0
    outer loop
      vertex 37.5307 3.69552 14
      vertex 38 3.4641 0
      vertex 37.5307 3.69552 0
    endloop
  endfacet
  facet normal -0.997861 -0.0653641 0
    outer loop
      vertex 32.0342 -0.522104 0
      vertex 32 0 14
      vertex 32 0 0
    endloop
  endfacet
  facet normal -0.997861 -0.0653641 0
    outer loop
      vertex 32 0 14
      vertex 32.0342 -0.522104 0
      vertex 32.0342 -0.522104 14
    endloop
  endfacet
  facet normal 0.896887 0.44226 0
    outer loop
      vertex 39.6955 1.53073 14
      vertex 39.4641 2 0
      vertex 39.4641 2 14
    endloop
  endfacet
  facet normal 0.896887 0.44226 0
    outer loop
      vertex 39.4641 2 0
      vertex 39.6955 1.53073 14
      vertex 39.6955 1.53073 0
    endloop
  endfacet
  facet normal 0.831462 0.555582 0
    outer loop
      vertex 39.4641 2 14
      vertex 39.1734 2.43505 0
      vertex 39.1734 2.43505 14
    endloop
  endfacet
  facet normal 0.831462 0.555582 0
    outer loop
      vertex 39.1734 2.43505 0
      vertex 39.4641 2 14
      vertex 39.4641 2 0
    endloop
  endfacet
  facet normal -0.659321 0.751861 0
    outer loop
      vertex 33.565 3.17341 0
      vertex 33.1716 2.82843 14
      vertex 33.565 3.17341 14
    endloop
  endfacet
  facet normal -0.659321 0.751861 0
    outer loop
      vertex 33.1716 2.82843 14
      vertex 33.565 3.17341 0
      vertex 33.1716 2.82843 0
    endloop
  endfacet
  facet normal 0.751826 0.659362 0
    outer loop
      vertex 39.1734 2.43505 14
      vertex 38.8284 2.82843 0
      vertex 38.8284 2.82843 14
    endloop
  endfacet
  facet normal 0.751826 0.659362 0
    outer loop
      vertex 38.8284 2.82843 0
      vertex 39.1734 2.43505 14
      vertex 39.1734 2.43505 0
    endloop
  endfacet
  facet normal -0.980777 0.195133 0
    outer loop
      vertex 32.0342 0.522104 0
      vertex 32.1363 1.03528 14
      vertex 32.1363 1.03528 0
    endloop
  endfacet
  facet normal -0.980777 0.195133 0
    outer loop
      vertex 32.1363 1.03528 14
      vertex 32.0342 0.522104 0
      vertex 32.0342 0.522104 14
    endloop
  endfacet
  facet normal -0.555613 -0.831441 0
    outer loop
      vertex 33.565 -3.17341 0
      vertex 34 -3.4641 14
      vertex 33.565 -3.17341 14
    endloop
  endfacet
  facet normal -0.555613 -0.831441 -0
    outer loop
      vertex 34 -3.4641 14
      vertex 33.565 -3.17341 0
      vertex 34 -3.4641 0
    endloop
  endfacet
  facet normal -0.997861 0.0653641 0
    outer loop
      vertex 32 0 0
      vertex 32.0342 0.522104 14
      vertex 32.0342 0.522104 0
    endloop
  endfacet
  facet normal -0.997861 0.0653641 0
    outer loop
      vertex 32.0342 0.522104 14
      vertex 32 0 0
      vertex 32 0 14
    endloop
  endfacet
  facet normal -0.751826 -0.659362 0
    outer loop
      vertex 33.1716 -2.82843 0
      vertex 32.8266 -2.43505 14
      vertex 32.8266 -2.43505 0
    endloop
  endfacet
  facet normal -0.751826 -0.659362 0
    outer loop
      vertex 32.8266 -2.43505 14
      vertex 33.1716 -2.82843 0
      vertex 33.1716 -2.82843 14
    endloop
  endfacet
  facet normal 0.195087 -0.980786 0
    outer loop
      vertex 36.5221 -3.96578 0
      vertex 37.0353 -3.8637 14
      vertex 36.5221 -3.96578 14
    endloop
  endfacet
  facet normal 0.195087 -0.980786 0
    outer loop
      vertex 37.0353 -3.8637 14
      vertex 36.5221 -3.96578 0
      vertex 37.0353 -3.8637 0
    endloop
  endfacet
  facet normal -0.442268 0.896883 0
    outer loop
      vertex 34.4693 3.69552 0
      vertex 34 3.4641 14
      vertex 34.4693 3.69552 14
    endloop
  endfacet
  facet normal -0.442268 0.896883 0
    outer loop
      vertex 34 3.4641 14
      vertex 34.4693 3.69552 0
      vertex 34 3.4641 0
    endloop
  endfacet
  facet normal -0.321464 -0.946922 0
    outer loop
      vertex 34.4693 -3.69552 0
      vertex 34.9647 -3.8637 14
      vertex 34.4693 -3.69552 14
    endloop
  endfacet
  facet normal -0.321464 -0.946922 -0
    outer loop
      vertex 34.9647 -3.8637 14
      vertex 34.4693 -3.69552 0
      vertex 34.9647 -3.8637 0
    endloop
  endfacet
  facet normal 0.980777 -0.195133 0
    outer loop
      vertex 39.8637 -1.03528 14
      vertex 39.9658 -0.522104 0
      vertex 39.9658 -0.522104 14
    endloop
  endfacet
  facet normal 0.980777 -0.195133 0
    outer loop
      vertex 39.9658 -0.522104 0
      vertex 39.8637 -1.03528 14
      vertex 39.8637 -1.03528 0
    endloop
  endfacet
  facet normal -0.751826 0.659362 0
    outer loop
      vertex 32.8266 2.43505 0
      vertex 33.1716 2.82843 14
      vertex 33.1716 2.82843 0
    endloop
  endfacet
  facet normal -0.751826 0.659362 0
    outer loop
      vertex 33.1716 2.82843 14
      vertex 32.8266 2.43505 0
      vertex 32.8266 2.43505 14
    endloop
  endfacet
  facet normal 0.831462 -0.555582 0
    outer loop
      vertex 39.1734 -2.43505 14
      vertex 39.4641 -2 0
      vertex 39.4641 -2 14
    endloop
  endfacet
  facet normal 0.831462 -0.555582 0
    outer loop
      vertex 39.4641 -2 0
      vertex 39.1734 -2.43505 14
      vertex 39.1734 -2.43505 0
    endloop
  endfacet
  facet normal -0.321464 0.946922 0
    outer loop
      vertex 34.9647 3.8637 0
      vertex 34.4693 3.69552 14
      vertex 34.9647 3.8637 14
    endloop
  endfacet
  facet normal -0.321464 0.946922 0
    outer loop
      vertex 34.4693 3.69552 14
      vertex 34.9647 3.8637 0
      vertex 34.4693 3.69552 0
    endloop
  endfacet
  facet normal -0.980777 -0.195133 0
    outer loop
      vertex 32.1363 -1.03528 0
      vertex 32.0342 -0.522104 14
      vertex 32.0342 -0.522104 0
    endloop
  endfacet
  facet normal -0.980777 -0.195133 0
    outer loop
      vertex 32.0342 -0.522104 14
      vertex 32.1363 -1.03528 0
      vertex 32.1363 -1.03528 14
    endloop
  endfacet
  facet normal -0.195087 -0.980786 0
    outer loop
      vertex 34.9647 -3.8637 0
      vertex 35.4779 -3.96578 14
      vertex 34.9647 -3.8637 14
    endloop
  endfacet
  facet normal -0.195087 -0.980786 -0
    outer loop
      vertex 35.4779 -3.96578 14
      vertex 34.9647 -3.8637 0
      vertex 35.4779 -3.96578 0
    endloop
  endfacet
  facet normal 0.555613 0.831441 -0
    outer loop
      vertex 38.435 3.17341 0
      vertex 38 3.4641 14
      vertex 38.435 3.17341 14
    endloop
  endfacet
  facet normal 0.555613 0.831441 0
    outer loop
      vertex 38 3.4641 14
      vertex 38.435 3.17341 0
      vertex 38 3.4641 0
    endloop
  endfacet
  facet normal 0.94692 -0.321469 0
    outer loop
      vertex 39.6955 -1.53073 14
      vertex 39.8637 -1.03528 0
      vertex 39.8637 -1.03528 14
    endloop
  endfacet
  facet normal 0.94692 -0.321469 0
    outer loop
      vertex 39.8637 -1.03528 0
      vertex 39.6955 -1.53073 14
      vertex 39.6955 -1.53073 0
    endloop
  endfacet
  facet normal 0.0654027 -0.997859 0
    outer loop
      vertex 36 -4 0
      vertex 36.5221 -3.96578 14
      vertex 36 -4 14
    endloop
  endfacet
  facet normal 0.0654027 -0.997859 0
    outer loop
      vertex 36.5221 -3.96578 14
      vertex 36 -4 0
      vertex 36.5221 -3.96578 0
    endloop
  endfacet
  facet normal 0.751826 -0.659362 0
    outer loop
      vertex 38.8284 -2.82843 14
      vertex 39.1734 -2.43505 0
      vertex 39.1734 -2.43505 14
    endloop
  endfacet
  facet normal 0.751826 -0.659362 0
    outer loop
      vertex 39.1734 -2.43505 0
      vertex 38.8284 -2.82843 14
      vertex 38.8284 -2.82843 0
    endloop
  endfacet
  facet normal -0.0654027 0.997859 0
    outer loop
      vertex 36 4 0
      vertex 35.4779 3.96578 14
      vertex 36 4 14
    endloop
  endfacet
  facet normal -0.0654027 0.997859 0
    outer loop
      vertex 35.4779 3.96578 14
      vertex 36 4 0
      vertex 35.4779 3.96578 0
    endloop
  endfacet
  facet normal 0.555613 -0.831441 0
    outer loop
      vertex 38 -3.4641 0
      vertex 38.435 -3.17341 14
      vertex 38 -3.4641 14
    endloop
  endfacet
  facet normal 0.555613 -0.831441 0
    outer loop
      vertex 38.435 -3.17341 14
      vertex 38 -3.4641 0
      vertex 38.435 -3.17341 0
    endloop
  endfacet
  facet normal -0.659321 -0.751861 0
    outer loop
      vertex 33.1716 -2.82843 0
      vertex 33.565 -3.17341 14
      vertex 33.1716 -2.82843 14
    endloop
  endfacet
  facet normal -0.659321 -0.751861 -0
    outer loop
      vertex 33.565 -3.17341 14
      vertex 33.1716 -2.82843 0
      vertex 33.565 -3.17341 0
    endloop
  endfacet
  facet normal 0.659321 0.751861 -0
    outer loop
      vertex 38.8284 2.82843 0
      vertex 38.435 3.17341 14
      vertex 38.8284 2.82843 14
    endloop
  endfacet
  facet normal 0.659321 0.751861 0
    outer loop
      vertex 38.435 3.17341 14
      vertex 38.8284 2.82843 0
      vertex 38.435 3.17341 0
    endloop
  endfacet
  facet normal -0.896887 0.44226 0
    outer loop
      vertex 32.3045 1.53073 0
      vertex 32.5359 2 14
      vertex 32.5359 2 0
    endloop
  endfacet
  facet normal -0.896887 0.44226 0
    outer loop
      vertex 32.5359 2 14
      vertex 32.3045 1.53073 0
      vertex 32.3045 1.53073 14
    endloop
  endfacet
  facet normal 0.0654027 0.997859 -0
    outer loop
      vertex 36.5221 3.96578 0
      vertex 36 4 14
      vertex 36.5221 3.96578 14
    endloop
  endfacet
  facet normal 0.0654027 0.997859 0
    outer loop
      vertex 36 4 14
      vertex 36.5221 3.96578 0
      vertex 36 4 0
    endloop
  endfacet
  facet normal 0.997861 -0.0653641 0
    outer loop
      vertex 39.9658 -0.522104 14
      vertex 40 0 0
      vertex 40 0 14
    endloop
  endfacet
  facet normal 0.997861 -0.0653641 0
    outer loop
      vertex 40 0 0
      vertex 39.9658 -0.522104 14
      vertex 39.9658 -0.522104 0
    endloop
  endfacet
  facet normal -0.195087 0.980786 0
    outer loop
      vertex 35.4779 3.96578 0
      vertex 34.9647 3.8637 14
      vertex 35.4779 3.96578 14
    endloop
  endfacet
  facet normal -0.195087 0.980786 0
    outer loop
      vertex 34.9647 3.8637 14
      vertex 35.4779 3.96578 0
      vertex 34.9647 3.8637 0
    endloop
  endfacet
  facet normal -0.555613 0.831441 0
    outer loop
      vertex 34 3.4641 0
      vertex 33.565 3.17341 14
      vertex 34 3.4641 14
    endloop
  endfacet
  facet normal -0.555613 0.831441 0
    outer loop
      vertex 33.565 3.17341 14
      vertex 34 3.4641 0
      vertex 33.565 3.17341 0
    endloop
  endfacet
  facet normal -0.0654027 -0.997859 0
    outer loop
      vertex 35.4779 -3.96578 0
      vertex 36 -4 14
      vertex 35.4779 -3.96578 14
    endloop
  endfacet
  facet normal -0.0654027 -0.997859 -0
    outer loop
      vertex 36 -4 14
      vertex 35.4779 -3.96578 0
      vertex 36 -4 0
    endloop
  endfacet
  facet normal 0.896887 -0.44226 0
    outer loop
      vertex 39.4641 -2 14
      vertex 39.6955 -1.53073 0
      vertex 39.6955 -1.53073 14
    endloop
  endfacet
  facet normal 0.896887 -0.44226 0
    outer loop
      vertex 39.6955 -1.53073 0
      vertex 39.4641 -2 14
      vertex 39.4641 -2 0
    endloop
  endfacet
  facet normal -0.94692 0.321469 0
    outer loop
      vertex 32.1363 1.03528 0
      vertex 32.3045 1.53073 14
      vertex 32.3045 1.53073 0
    endloop
  endfacet
  facet normal -0.94692 0.321469 0
    outer loop
      vertex 32.3045 1.53073 14
      vertex 32.1363 1.03528 0
      vertex 32.1363 1.03528 14
    endloop
  endfacet
  facet normal -0.94692 -0.321469 0
    outer loop
      vertex 32.3045 -1.53073 0
      vertex 32.1363 -1.03528 14
      vertex 32.1363 -1.03528 0
    endloop
  endfacet
  facet normal -0.94692 -0.321469 0
    outer loop
      vertex 32.1363 -1.03528 14
      vertex 32.3045 -1.53073 0
      vertex 32.3045 -1.53073 14
    endloop
  endfacet
  facet normal 0 0 -1
    outer loop
      vertex 37.45 0 0
      vertex 40 0 0
      vertex 39.9658 -0.522104 0
    endloop
  endfacet
  facet normal 0 0 -1
    outer loop
      vertex 37.4376 -0.189262 0
      vertex 39.9658 -0.522104 0
      vertex 39.8637 -1.03528 0
    endloop
  endfacet
  facet normal 0 0 -1
    outer loop
      vertex 40 0 0
      vertex 37.45 0 0
      vertex 39.9658 0.522104 0
    endloop
  endfacet
  facet normal 0 0 -1
    outer loop
      vertex 37.4006 -0.375287 0
      vertex 39.8637 -1.03528 0
      vertex 39.6955 -1.53073 0
    endloop
  endfacet
  facet normal 0 0 -1
    outer loop
      vertex 37.4376 0.189262 0
      vertex 39.9658 0.522104 0
      vertex 37.45 0 0
    endloop
  endfacet
  facet normal 0 0 -1
    outer loop
      vertex 37.3396 -0.554891 0
      vertex 39.6955 -1.53073 0
      vertex 39.4641 -2 0
    endloop
  endfacet
  facet normal -0 0 -1
    outer loop
      vertex 39.9658 0.522104 0
      vertex 37.4376 0.189262 0
      vertex 39.8637 1.03528 0
    endloop
  endfacet
  facet normal 0 0 -1
    outer loop
      vertex 37.2557 -0.724999 0
      vertex 39.4641 -2 0
      vertex 39.1734 -2.43505 0
    endloop
  endfacet
  facet normal 0 0 -1
    outer loop
      vertex 37.4006 0.375287 0
      vertex 39.8637 1.03528 0
      vertex 37.4376 0.189262 0
    endloop
  endfacet
  facet normal 0 0 -1
    outer loop
      vertex 37.1504 -0.882704 0
      vertex 39.1734 -2.43505 0
      vertex 38.8284 -2.82843 0
    endloop
  endfacet
  facet normal -0 0 -1
    outer loop
      vertex 39.8637 1.03528 0
      vertex 37.4006 0.375287 0
      vertex 39.6955 1.53073 0
    endloop
  endfacet
  facet normal 0 0 -1
    outer loop
      vertex 37.0253 -1.0253 0
      vertex 38.8284 -2.82843 0
      vertex 38.435 -3.17341 0
    endloop
  endfacet
  facet normal 0 0 -1
    outer loop
      vertex 37.3396 0.554891 0
      vertex 39.6955 1.53073 0
      vertex 37.4006 0.375287 0
    endloop
  endfacet
  facet normal 0 0 -1
    outer loop
      vertex 36.8827 -1.15036 0
      vertex 38.435 -3.17341 0
      vertex 38 -3.4641 0
    endloop
  endfacet
  facet normal -0 0 -1
    outer loop
      vertex 39.6955 1.53073 0
      vertex 37.3396 0.554891 0
      vertex 39.4641 2 0
    endloop
  endfacet
  facet normal 0 0 -1
    outer loop
      vertex 36.725 -1.25574 0
      vertex 38 -3.4641 0
      vertex 37.5307 -3.69552 0
    endloop
  endfacet
  facet normal 0 0 -1
    outer loop
      vertex 37.2557 0.724999 0
      vertex 39.4641 2 0
      vertex 37.3396 0.554891 0
    endloop
  endfacet
  facet normal -0 0 -1
    outer loop
      vertex 39.4641 2 0
      vertex 37.2557 0.724999 0
      vertex 39.1734 2.43505 0
    endloop
  endfacet
  facet normal 0 0 -1
    outer loop
      vertex 39.9658 -0.522104 0
      vertex 37.4376 -0.189262 0
      vertex 37.45 0 0
    endloop
  endfacet
  facet normal 0 0 -1
    outer loop
      vertex 39.8637 -1.03528 0
      vertex 37.4006 -0.375287 0
      vertex 37.4376 -0.189262 0
    endloop
  endfacet
  facet normal 0 0 -1
    outer loop
      vertex 39.6955 -1.53073 0
      vertex 37.3396 -0.554891 0
      vertex 37.4006 -0.375287 0
    endloop
  endfacet
  facet normal 0 0 -1
    outer loop
      vertex 39.4641 -2 0
      vertex 37.2557 -0.724999 0
      vertex 37.3396 -0.554891 0
    endloop
  endfacet
  facet normal 0 0 -1
    outer loop
      vertex 39.1734 -2.43505 0
      vertex 37.1504 -0.882704 0
      vertex 37.2557 -0.724999 0
    endloop
  endfacet
  facet normal 0 0 -1
    outer loop
      vertex 36.5549 -1.33962 0
      vertex 37.5307 -3.69552 0
      vertex 37.0353 -3.8637 0
    endloop
  endfacet
  facet normal 0 0 -1
    outer loop
      vertex 38.8284 -2.82843 0
      vertex 37.0253 -1.0253 0
      vertex 37.1504 -0.882704 0
    endloop
  endfacet
  facet normal 0 0 -1
    outer loop
      vertex 38.435 -3.17341 0
      vertex 36.8827 -1.15036 0
      vertex 37.0253 -1.0253 0
    endloop
  endfacet
  facet normal 0 0 -1
    outer loop
      vertex 38 -3.4641 0
      vertex 36.725 -1.25574 0
      vertex 36.8827 -1.15036 0
    endloop
  endfacet
  facet normal 0 0 -1
    outer loop
      vertex 37.5307 -3.69552 0
      vertex 36.5549 -1.33962 0
      vertex 36.725 -1.25574 0
    endloop
  endfacet
  facet normal 0 0 -1
    outer loop
      vertex 36.3753 -1.40059 0
      vertex 37.0353 -3.8637 0
      vertex 36.5221 -3.96578 0
    endloop
  endfacet
  facet normal 0 0 -1
    outer loop
      vertex 37.0353 -3.8637 0
      vertex 36.3753 -1.40059 0
      vertex 36.5549 -1.33962 0
    endloop
  endfacet
  facet normal 0 0 -1
    outer loop
      vertex 36.5221 -3.96578 0
      vertex 36.1893 -1.43759 0
      vertex 36.3753 -1.40059 0
    endloop
  endfacet
  facet normal 0 0 -1
    outer loop
      vertex 36 -4 0
      vertex 36.1893 -1.43759 0
      vertex 36.5221 -3.96578 0
    endloop
  endfacet
  facet normal 0 0 -1
    outer loop
      vertex 36 -4 0
      vertex 36 -1.45 0
      vertex 36.1893 -1.43759 0
    endloop
  endfacet
  facet normal 0 0 -1
    outer loop
      vertex 36 -4 0
      vertex 35.8107 -1.43759 0
      vertex 36 -1.45 0
    endloop
  endfacet
  facet normal 0 0 -1
    outer loop
      vertex 35.4779 -3.96578 0
      vertex 35.8107 -1.43759 0
      vertex 36 -4 0
    endloop
  endfacet
  facet normal -0 0 -1
    outer loop
      vertex 35.8107 -1.43759 0
      vertex 35.4779 -3.96578 0
      vertex 35.6247 -1.40059 0
    endloop
  endfacet
  facet normal 0 0 -1
    outer loop
      vertex 34.9647 -3.8637 0
      vertex 35.6247 -1.40059 0
      vertex 35.4779 -3.96578 0
    endloop
  endfacet
  facet normal -0 0 -1
    outer loop
      vertex 35.6247 -1.40059 0
      vertex 34.9647 -3.8637 0
      vertex 35.4451 -1.33962 0
    endloop
  endfacet
  facet normal 0 0 -1
    outer loop
      vertex 34.4693 -3.69552 0
      vertex 35.4451 -1.33962 0
      vertex 34.9647 -3.8637 0
    endloop
  endfacet
  facet normal -0 0 -1
    outer loop
      vertex 35.4451 -1.33962 0
      vertex 34.4693 -3.69552 0
      vertex 35.275 -1.25574 0
    endloop
  endfacet
  facet normal 0 0 -1
    outer loop
      vertex 34 -3.4641 0
      vertex 35.275 -1.25574 0
      vertex 34.4693 -3.69552 0
    endloop
  endfacet
  facet normal -0 0 -1
    outer loop
      vertex 35.275 -1.25574 0
      vertex 34 -3.4641 0
      vertex 35.1173 -1.15036 0
    endloop
  endfacet
  facet normal 0 0 -1
    outer loop
      vertex 33.565 -3.17341 0
      vertex 35.1173 -1.15036 0
      vertex 34 -3.4641 0
    endloop
  endfacet
  facet normal -0 0 -1
    outer loop
      vertex 35.1173 -1.15036 0
      vertex 33.565 -3.17341 0
      vertex 34.9747 -1.0253 0
    endloop
  endfacet
  facet normal 0 0 -1
    outer loop
      vertex 33.1716 -2.82843 0
      vertex 34.9747 -1.0253 0
      vertex 33.565 -3.17341 0
    endloop
  endfacet
  facet normal -0 0 -1
    outer loop
      vertex 34.9747 -1.0253 0
      vertex 33.1716 -2.82843 0
      vertex 34.8496 -0.882704 0
    endloop
  endfacet
  facet normal -0 0 -1
    outer loop
      vertex 34.8496 -0.882704 0
      vertex 32.8266 -2.43505 0
      vertex 34.7443 -0.724999 0
    endloop
  endfacet
  facet normal 0 0 -1
    outer loop
      vertex 32.8266 -2.43505 0
      vertex 34.8496 -0.882704 0
      vertex 33.1716 -2.82843 0
    endloop
  endfacet
  facet normal 0 0 -1
    outer loop
      vertex 37.1504 0.882704 0
      vertex 39.1734 2.43505 0
      vertex 37.2557 0.724999 0
    endloop
  endfacet
  facet normal -0 0 -1
    outer loop
      vertex 39.1734 2.43505 0
      vertex 37.1504 0.882704 0
      vertex 38.8284 2.82843 0
    endloop
  endfacet
  facet normal 0 0 -1
    outer loop
      vertex 37.0253 1.0253 0
      vertex 38.8284 2.82843 0
      vertex 37.1504 0.882704 0
    endloop
  endfacet
  facet normal -0 0 -1
    outer loop
      vertex 38.8284 2.82843 0
      vertex 37.0253 1.0253 0
      vertex 38.435 3.17341 0
    endloop
  endfacet
  facet normal 0 0 -1
    outer loop
      vertex 36.8827 1.15036 0
      vertex 38.435 3.17341 0
      vertex 37.0253 1.0253 0
    endloop
  endfacet
  facet normal -0 0 -1
    outer loop
      vertex 38.435 3.17341 0
      vertex 36.8827 1.15036 0
      vertex 38 3.4641 0
    endloop
  endfacet
  facet normal 0 0 -1
    outer loop
      vertex 36.725 1.25574 0
      vertex 38 3.4641 0
      vertex 36.8827 1.15036 0
    endloop
  endfacet
  facet normal -0 0 -1
    outer loop
      vertex 38 3.4641 0
      vertex 36.725 1.25574 0
      vertex 37.5307 3.69552 0
    endloop
  endfacet
  facet normal 0 0 -1
    outer loop
      vertex 36.5549 1.33962 0
      vertex 37.5307 3.69552 0
      vertex 36.725 1.25574 0
    endloop
  endfacet
  facet normal -0 0 -1
    outer loop
      vertex 37.5307 3.69552 0
      vertex 36.5549 1.33962 0
      vertex 37.0353 3.8637 0
    endloop
  endfacet
  facet normal 0 0 -1
    outer loop
      vertex 36.3753 1.40059 0
      vertex 37.0353 3.8637 0
      vertex 36.5549 1.33962 0
    endloop
  endfacet
  facet normal -0 0 -1
    outer loop
      vertex 37.0353 3.8637 0
      vertex 36.3753 1.40059 0
      vertex 36.5221 3.96578 0
    endloop
  endfacet
  facet normal 0 0 -1
    outer loop
      vertex 36.1893 1.43759 0
      vertex 36.5221 3.96578 0
      vertex 36.3753 1.40059 0
    endloop
  endfacet
  facet normal 0 0 -1
    outer loop
      vertex 36 1.45 0
      vertex 36.5221 3.96578 0
      vertex 36.1893 1.43759 0
    endloop
  endfacet
  facet normal 0 0 -1
    outer loop
      vertex 36 1.45 0
      vertex 36 4 0
      vertex 36.5221 3.96578 0
    endloop
  endfacet
  facet normal 0 0 -1
    outer loop
      vertex 35.8107 1.43759 0
      vertex 36 4 0
      vertex 36 1.45 0
    endloop
  endfacet
  facet normal 0 0 -1
    outer loop
      vertex 35.4779 3.96578 0
      vertex 35.8107 1.43759 0
      vertex 35.6247 1.40059 0
    endloop
  endfacet
  facet normal 0 0 -1
    outer loop
      vertex 35.8107 1.43759 0
      vertex 35.4779 3.96578 0
      vertex 36 4 0
    endloop
  endfacet
  facet normal 0 0 -1
    outer loop
      vertex 34.9647 3.8637 0
      vertex 35.6247 1.40059 0
      vertex 35.4451 1.33962 0
    endloop
  endfacet
  facet normal 0 0 -1
    outer loop
      vertex 34.4693 3.69552 0
      vertex 35.4451 1.33962 0
      vertex 35.275 1.25574 0
    endloop
  endfacet
  facet normal 0 0 -1
    outer loop
      vertex 34 3.4641 0
      vertex 35.275 1.25574 0
      vertex 35.1173 1.15036 0
    endloop
  endfacet
  facet normal 0 0 -1
    outer loop
      vertex 33.565 3.17341 0
      vertex 35.1173 1.15036 0
      vertex 34.9747 1.0253 0
    endloop
  endfacet
  facet normal 0 0 -1
    outer loop
      vertex 35.6247 1.40059 0
      vertex 34.9647 3.8637 0
      vertex 35.4779 3.96578 0
    endloop
  endfacet
  facet normal 0 0 -1
    outer loop
      vertex 33.1716 2.82843 0
      vertex 34.9747 1.0253 0
      vertex 34.8496 0.882704 0
    endloop
  endfacet
  facet normal 0 0 -1
    outer loop
      vertex 32.8266 2.43505 0
      vertex 34.8496 0.882704 0
      vertex 34.7443 0.724999 0
    endloop
  endfacet
  facet normal 0 0 -1
    outer loop
      vertex 32.5359 2 0
      vertex 34.7443 0.724999 0
      vertex 34.6604 0.554891 0
    endloop
  endfacet
  facet normal 0 0 -1
    outer loop
      vertex 32.3045 1.53073 0
      vertex 34.6604 0.554891 0
      vertex 34.5994 0.375287 0
    endloop
  endfacet
  facet normal 0 0 -1
    outer loop
      vertex 32.1363 1.03528 0
      vertex 34.5994 0.375287 0
      vertex 34.5624 0.189262 0
    endloop
  endfacet
  facet normal 0 0 -1
    outer loop
      vertex 35.4451 1.33962 0
      vertex 34.4693 3.69552 0
      vertex 34.9647 3.8637 0
    endloop
  endfacet
  facet normal 0 0 -1
    outer loop
      vertex 32.0342 0.522104 0
      vertex 34.5624 0.189262 0
      vertex 34.55 0 0
    endloop
  endfacet
  facet normal 0 0 -1
    outer loop
      vertex 32.5359 -2 0
      vertex 34.7443 -0.724999 0
      vertex 32.8266 -2.43505 0
    endloop
  endfacet
  facet normal -0 0 -1
    outer loop
      vertex 34.7443 -0.724999 0
      vertex 32.5359 -2 0
      vertex 34.6604 -0.554891 0
    endloop
  endfacet
  facet normal 0 0 -1
    outer loop
      vertex 35.275 1.25574 0
      vertex 34 3.4641 0
      vertex 34.4693 3.69552 0
    endloop
  endfacet
  facet normal 0 0 -1
    outer loop
      vertex 32.3045 -1.53073 0
      vertex 34.6604 -0.554891 0
      vertex 32.5359 -2 0
    endloop
  endfacet
  facet normal 0 0 -1
    outer loop
      vertex 35.1173 1.15036 0
      vertex 33.565 3.17341 0
      vertex 34 3.4641 0
    endloop
  endfacet
  facet normal -0 0 -1
    outer loop
      vertex 34.6604 -0.554891 0
      vertex 32.3045 -1.53073 0
      vertex 34.5994 -0.375287 0
    endloop
  endfacet
  facet normal 0 0 -1
    outer loop
      vertex 34.9747 1.0253 0
      vertex 33.1716 2.82843 0
      vertex 33.565 3.17341 0
    endloop
  endfacet
  facet normal 0 0 -1
    outer loop
      vertex 32.1363 -1.03528 0
      vertex 34.5994 -0.375287 0
      vertex 32.3045 -1.53073 0
    endloop
  endfacet
  facet normal 0 0 -1
    outer loop
      vertex 34.8496 0.882704 0
      vertex 32.8266 2.43505 0
      vertex 33.1716 2.82843 0
    endloop
  endfacet
  facet normal -0 0 -1
    outer loop
      vertex 34.5994 -0.375287 0
      vertex 32.1363 -1.03528 0
      vertex 34.5624 -0.189262 0
    endloop
  endfacet
  facet normal 0 0 -1
    outer loop
      vertex 34.7443 0.724999 0
      vertex 32.5359 2 0
      vertex 32.8266 2.43505 0
    endloop
  endfacet
  facet normal 0 0 -1
    outer loop
      vertex 32.0342 -0.522104 0
      vertex 34.5624 -0.189262 0
      vertex 32.1363 -1.03528 0
    endloop
  endfacet
  facet normal 0 0 -1
    outer loop
      vertex 34.6604 0.554891 0
      vertex 32.3045 1.53073 0
      vertex 32.5359 2 0
    endloop
  endfacet
  facet normal -0 0 -1
    outer loop
      vertex 34.5624 -0.189262 0
      vertex 32.0342 -0.522104 0
      vertex 34.55 0 0
    endloop
  endfacet
  facet normal 0 0 -1
    outer loop
      vertex 34.5994 0.375287 0
      vertex 32.1363 1.03528 0
      vertex 32.3045 1.53073 0
    endloop
  endfacet
  facet normal 0 0 -1
    outer loop
      vertex 32 0 0
      vertex 34.55 0 0
      vertex 32.0342 -0.522104 0
    endloop
  endfacet
  facet normal 0 0 -1
    outer loop
      vertex 34.5624 0.189262 0
      vertex 32.0342 0.522104 0
      vertex 32.1363 1.03528 0
    endloop
  endfacet
  facet normal 0 0 -1
    outer loop
      vertex 34.55 0 0
      vertex 32 0 0
      vertex 32.0342 0.522104 0
    endloop
  endfacet
  facet normal -0.831462 0.555582 0
    outer loop
      vertex 32.5359 2 0
      vertex 32.8266 2.43505 14
      vertex 32.8266 2.43505 0
    endloop
  endfacet
  facet normal -0.831462 0.555582 0
    outer loop
      vertex 32.8266 2.43505 14
      vertex 32.5359 2 0
      vertex 32.5359 2 14
    endloop
  endfacet
  facet normal 0.442268 -0.896883 0
    outer loop
      vertex 37.5307 -3.69552 0
      vertex 38 -3.4641 14
      vertex 37.5307 -3.69552 14
    endloop
  endfacet
  facet normal 0.442268 -0.896883 0
    outer loop
      vertex 38 -3.4641 14
      vertex 37.5307 -3.69552 0
      vertex 38 -3.4641 0
    endloop
  endfacet
  facet normal 0.321464 -0.946922 0
    outer loop
      vertex 37.0353 -3.8637 0
      vertex 37.5307 -3.69552 14
      vertex 37.0353 -3.8637 14
    endloop
  endfacet
  facet normal 0.321464 -0.946922 0
    outer loop
      vertex 37.5307 -3.69552 14
      vertex 37.0353 -3.8637 0
      vertex 37.5307 -3.69552 0
    endloop
  endfacet
  facet normal 0.659321 -0.751861 0
    outer loop
      vertex 38.435 -3.17341 0
      vertex 38.8284 -2.82843 14
      vertex 38.435 -3.17341 14
    endloop
  endfacet
  facet normal 0.659321 -0.751861 0
    outer loop
      vertex 38.8284 -2.82843 14
      vertex 38.435 -3.17341 0
      vertex 38.8284 -2.82843 0
    endloop
  endfacet
  facet normal -0.896887 -0.44226 0
    outer loop
      vertex 32.5359 -2 0
      vertex 32.3045 -1.53073 14
      vertex 32.3045 -1.53073 0
    endloop
  endfacet
  facet normal -0.896887 -0.44226 0
    outer loop
      vertex 32.3045 -1.53073 14
      vertex 32.5359 -2 0
      vertex 32.5359 -2 14
    endloop
  endfacet
  facet normal 0.195087 0.980786 -0
    outer loop
      vertex 37.0353 3.8637 0
      vertex 36.5221 3.96578 14
      vertex 37.0353 3.8637 14
    endloop
  endfacet
  facet normal 0.195087 0.980786 0
    outer loop
      vertex 36.5221 3.96578 14
      vertex 37.0353 3.8637 0
      vertex 36.5221 3.96578 0
    endloop
  endfacet
  facet normal -0.442268 -0.896883 0
    outer loop
      vertex 34 -3.4641 0
      vertex 34.4693 -3.69552 14
      vertex 34 -3.4641 14
    endloop
  endfacet
  facet normal -0.442268 -0.896883 -0
    outer loop
      vertex 34.4693 -3.69552 14
      vertex 34 -3.4641 0
      vertex 34.4693 -3.69552 0
    endloop
  endfacet
  facet normal -0.831462 -0.555582 0
    outer loop
      vertex 32.8266 -2.43505 0
      vertex 32.5359 -2 14
      vertex 32.5359 -2 0
    endloop
  endfacet
  facet normal -0.831462 -0.555582 0
    outer loop
      vertex 32.5359 -2 14
      vertex 32.8266 -2.43505 0
      vertex 32.8266 -2.43505 14
    endloop
  endfacet
  facet normal 0 0 1
    outer loop
      vertex 37.45 0 14
      vertex 40 0 14
      vertex 39.9658 0.522104 14
    endloop
  endfacet
  facet normal 0 0 1
    outer loop
      vertex 37.4376 0.189262 14
      vertex 39.9658 0.522104 14
      vertex 39.8637 1.03528 14
    endloop
  endfacet
  facet normal 0 0 1
    outer loop
      vertex 40 0 14
      vertex 37.45 0 14
      vertex 39.9658 -0.522104 14
    endloop
  endfacet
  facet normal 0 0 1
    outer loop
      vertex 37.4006 0.375287 14
      vertex 39.8637 1.03528 14
      vertex 39.6955 1.53073 14
    endloop
  endfacet
  facet normal -0 0 1
    outer loop
      vertex 37.4376 -0.189262 14
      vertex 39.9658 -0.522104 14
      vertex 37.45 0 14
    endloop
  endfacet
  facet normal 0 0 1
    outer loop
      vertex 37.3396 0.554891 14
      vertex 39.6955 1.53073 14
      vertex 39.4641 2 14
    endloop
  endfacet
  facet normal 0 0 1
    outer loop
      vertex 39.9658 -0.522104 14
      vertex 37.4376 -0.189262 14
      vertex 39.8637 -1.03528 14
    endloop
  endfacet
  facet normal 0 0 1
    outer loop
      vertex 37.2557 0.724999 14
      vertex 39.4641 2 14
      vertex 39.1734 2.43505 14
    endloop
  endfacet
  facet normal -0 0 1
    outer loop
      vertex 37.4006 -0.375287 14
      vertex 39.8637 -1.03528 14
      vertex 37.4376 -0.189262 14
    endloop
  endfacet
  facet normal 0 0 1
    outer loop
      vertex 37.1504 0.882704 14
      vertex 39.1734 2.43505 14
      vertex 38.8284 2.82843 14
    endloop
  endfacet
  facet normal 0 0 1
    outer loop
      vertex 39.8637 -1.03528 14
      vertex 37.4006 -0.375287 14
      vertex 39.6955 -1.53073 14
    endloop
  endfacet
  facet normal 0 0 1
    outer loop
      vertex 37.0253 1.0253 14
      vertex 38.8284 2.82843 14
      vertex 38.435 3.17341 14
    endloop
  endfacet
  facet normal -0 0 1
    outer loop
      vertex 37.3396 -0.554891 14
      vertex 39.6955 -1.53073 14
      vertex 37.4006 -0.375287 14
    endloop
  endfacet
  facet normal 0 0 1
    outer loop
      vertex 36.8827 1.15036 14
      vertex 38.435 3.17341 14
      vertex 38 3.4641 14
    endloop
  endfacet
  facet normal 0 0 1
    outer loop
      vertex 39.6955 -1.53073 14
      vertex 37.3396 -0.554891 14
      vertex 39.4641 -2 14
    endloop
  endfacet
  facet normal 0 0 1
    outer loop
      vertex 36.725 1.25574 14
      vertex 38 3.4641 14
      vertex 37.5307 3.69552 14
    endloop
  endfacet
  facet normal -0 0 1
    outer loop
      vertex 37.2557 -0.724999 14
      vertex 39.4641 -2 14
      vertex 37.3396 -0.554891 14
    endloop
  endfacet
  facet normal 0 0 1
    outer loop
      vertex 39.4641 -2 14
      vertex 37.2557 -0.724999 14
      vertex 39.1734 -2.43505 14
    endloop
  endfacet
  facet normal 0 0 1
    outer loop
      vertex 39.9658 0.522104 14
      vertex 37.4376 0.189262 14
      vertex 37.45 0 14
    endloop
  endfacet
  facet normal 0 0 1
    outer loop
      vertex 39.8637 1.03528 14
      vertex 37.4006 0.375287 14
      vertex 37.4376 0.189262 14
    endloop
  endfacet
  facet normal 0 0 1
    outer loop
      vertex 39.6955 1.53073 14
      vertex 37.3396 0.554891 14
      vertex 37.4006 0.375287 14
    endloop
  endfacet
  facet normal 0 0 1
    outer loop
      vertex 39.4641 2 14
      vertex 37.2557 0.724999 14
      vertex 37.3396 0.554891 14
    endloop
  endfacet
  facet normal 0 0 1
    outer loop
      vertex 39.1734 2.43505 14
      vertex 37.1504 0.882704 14
      vertex 37.2557 0.724999 14
    endloop
  endfacet
  facet normal 0 0 1
    outer loop
      vertex 36.5549 1.33962 14
      vertex 37.5307 3.69552 14
      vertex 37.0353 3.8637 14
    endloop
  endfacet
  facet normal 0 0 1
    outer loop
      vertex 38.8284 2.82843 14
      vertex 37.0253 1.0253 14
      vertex 37.1504 0.882704 14
    endloop
  endfacet
  facet normal 0 0 1
    outer loop
      vertex 38.435 3.17341 14
      vertex 36.8827 1.15036 14
      vertex 37.0253 1.0253 14
    endloop
  endfacet
  facet normal 0 0 1
    outer loop
      vertex 38 3.4641 14
      vertex 36.725 1.25574 14
      vertex 36.8827 1.15036 14
    endloop
  endfacet
  facet normal 0 0 1
    outer loop
      vertex 37.5307 3.69552 14
      vertex 36.5549 1.33962 14
      vertex 36.725 1.25574 14
    endloop
  endfacet
  facet normal 0 0 1
    outer loop
      vertex 36.3753 1.40059 14
      vertex 37.0353 3.8637 14
      vertex 36.5221 3.96578 14
    endloop
  endfacet
  facet normal 0 0 1
    outer loop
      vertex 37.0353 3.8637 14
      vertex 36.3753 1.40059 14
      vertex 36.5549 1.33962 14
    endloop
  endfacet
  facet normal 0 0 1
    outer loop
      vertex 36.5221 3.96578 14
      vertex 36.1893 1.43759 14
      vertex 36.3753 1.40059 14
    endloop
  endfacet
  facet normal 0 0 1
    outer loop
      vertex 36 4 14
      vertex 36.1893 1.43759 14
      vertex 36.5221 3.96578 14
    endloop
  endfacet
  facet normal 0 0 1
    outer loop
      vertex 36 4 14
      vertex 36 1.45 14
      vertex 36.1893 1.43759 14
    endloop
  endfacet
  facet normal 0 0 1
    outer loop
      vertex 36 4 14
      vertex 35.8107 1.43759 14
      vertex 36 1.45 14
    endloop
  endfacet
  facet normal -0 0 1
    outer loop
      vertex 35.4779 3.96578 14
      vertex 35.8107 1.43759 14
      vertex 36 4 14
    endloop
  endfacet
  facet normal 0 0 1
    outer loop
      vertex 35.8107 1.43759 14
      vertex 35.4779 3.96578 14
      vertex 35.6247 1.40059 14
    endloop
  endfacet
  facet normal -0 0 1
    outer loop
      vertex 34.9647 3.8637 14
      vertex 35.6247 1.40059 14
      vertex 35.4779 3.96578 14
    endloop
  endfacet
  facet normal 0 0 1
    outer loop
      vertex 35.6247 1.40059 14
      vertex 34.9647 3.8637 14
      vertex 35.4451 1.33962 14
    endloop
  endfacet
  facet normal -0 0 1
    outer loop
      vertex 34.4693 3.69552 14
      vertex 35.4451 1.33962 14
      vertex 34.9647 3.8637 14
    endloop
  endfacet
  facet normal 0 0 1
    outer loop
      vertex 35.4451 1.33962 14
      vertex 34.4693 3.69552 14
      vertex 35.275 1.25574 14
    endloop
  endfacet
  facet normal -0 0 1
    outer loop
      vertex 34 3.4641 14
      vertex 35.275 1.25574 14
      vertex 34.4693 3.69552 14
    endloop
  endfacet
  facet normal 0 0 1
    outer loop
      vertex 35.275 1.25574 14
      vertex 34 3.4641 14
      vertex 35.1173 1.15036 14
    endloop
  endfacet
  facet normal -0 0 1
    outer loop
      vertex 33.565 3.17341 14
      vertex 35.1173 1.15036 14
      vertex 34 3.4641 14
    endloop
  endfacet
  facet normal 0 0 1
    outer loop
      vertex 35.1173 1.15036 14
      vertex 33.565 3.17341 14
      vertex 34.9747 1.0253 14
    endloop
  endfacet
  facet normal -0 0 1
    outer loop
      vertex 33.1716 2.82843 14
      vertex 34.9747 1.0253 14
      vertex 33.565 3.17341 14
    endloop
  endfacet
  facet normal 0 0 1
    outer loop
      vertex 34.9747 1.0253 14
      vertex 33.1716 2.82843 14
      vertex 34.8496 0.882704 14
    endloop
  endfacet
  facet normal 0 0 1
    outer loop
      vertex 34.8496 0.882704 14
      vertex 32.8266 2.43505 14
      vertex 34.7443 0.724999 14
    endloop
  endfacet
  facet normal -0 0 1
    outer loop
      vertex 32.8266 2.43505 14
      vertex 34.8496 0.882704 14
      vertex 33.1716 2.82843 14
    endloop
  endfacet
  facet normal -0 0 1
    outer loop
      vertex 37.1504 -0.882704 14
      vertex 39.1734 -2.43505 14
      vertex 37.2557 -0.724999 14
    endloop
  endfacet
  facet normal 0 0 1
    outer loop
      vertex 39.1734 -2.43505 14
      vertex 37.1504 -0.882704 14
      vertex 38.8284 -2.82843 14
    endloop
  endfacet
  facet normal -0 0 1
    outer loop
      vertex 37.0253 -1.0253 14
      vertex 38.8284 -2.82843 14
      vertex 37.1504 -0.882704 14
    endloop
  endfacet
  facet normal 0 0 1
    outer loop
      vertex 38.8284 -2.82843 14
      vertex 37.0253 -1.0253 14
      vertex 38.435 -3.17341 14
    endloop
  endfacet
  facet normal -0 0 1
    outer loop
      vertex 36.8827 -1.15036 14
      vertex 38.435 -3.17341 14
      vertex 37.0253 -1.0253 14
    endloop
  endfacet
  facet normal 0 0 1
    outer loop
      vertex 38.435 -3.17341 14
      vertex 36.8827 -1.15036 14
      vertex 38 -3.4641 14
    endloop
  endfacet
  facet normal -0 0 1
    outer loop
      vertex 36.725 -1.25574 14
      vertex 38 -3.4641 14
      vertex 36.8827 -1.15036 14
    endloop
  endfacet
  facet normal 0 0 1
    outer loop
      vertex 38 -3.4641 14
      vertex 36.725 -1.25574 14
      vertex 37.5307 -3.69552 14
    endloop
  endfacet
  facet normal -0 0 1
    outer loop
      vertex 36.5549 -1.33962 14
      vertex 37.5307 -3.69552 14
      vertex 36.725 -1.25574 14
    endloop
  endfacet
  facet normal 0 0 1
    outer loop
      vertex 37.5307 -3.69552 14
      vertex 36.5549 -1.33962 14
      vertex 37.0353 -3.8637 14
    endloop
  endfacet
  facet normal -0 0 1
    outer loop
      vertex 36.3753 -1.40059 14
      vertex 37.0353 -3.8637 14
      vertex 36.5549 -1.33962 14
    endloop
  endfacet
  facet normal 0 0 1
    outer loop
      vertex 37.0353 -3.8637 14
      vertex 36.3753 -1.40059 14
      vertex 36.5221 -3.96578 14
    endloop
  endfacet
  facet normal -0 0 1
    outer loop
      vertex 36.1893 -1.43759 14
      vertex 36.5221 -3.96578 14
      vertex 36.3753 -1.40059 14
    endloop
  endfacet
  facet normal -0 0 1
    outer loop
      vertex 36 -1.45 14
      vertex 36.5221 -3.96578 14
      vertex 36.1893 -1.43759 14
    endloop
  endfacet
  facet normal 0 0 1
    outer loop
      vertex 36 -1.45 14
      vertex 36 -4 14
      vertex 36.5221 -3.96578 14
    endloop
  endfacet
  facet normal 0 0 1
    outer loop
      vertex 35.8107 -1.43759 14
      vertex 36 -4 14
      vertex 36 -1.45 14
    endloop
  endfacet
  facet normal 0 0 1
    outer loop
      vertex 35.4779 -3.96578 14
      vertex 35.8107 -1.43759 14
      vertex 35.6247 -1.40059 14
    endloop
  endfacet
  facet normal 0 0 1
    outer loop
      vertex 35.8107 -1.43759 14
      vertex 35.4779 -3.96578 14
      vertex 36 -4 14
    endloop
  endfacet
  facet normal 0 0 1
    outer loop
      vertex 34.9647 -3.8637 14
      vertex 35.6247 -1.40059 14
      vertex 35.4451 -1.33962 14
    endloop
  endfacet
  facet normal 0 0 1
    outer loop
      vertex 34.4693 -3.69552 14
      vertex 35.4451 -1.33962 14
      vertex 35.275 -1.25574 14
    endloop
  endfacet
  facet normal 0 0 1
    outer loop
      vertex 34 -3.4641 14
      vertex 35.275 -1.25574 14
      vertex 35.1173 -1.15036 14
    endloop
  endfacet
  facet normal 0 0 1
    outer loop
      vertex 33.565 -3.17341 14
      vertex 35.1173 -1.15036 14
      vertex 34.9747 -1.0253 14
    endloop
  endfacet
  facet normal 0 0 1
    outer loop
      vertex 35.6247 -1.40059 14
      vertex 34.9647 -3.8637 14
      vertex 35.4779 -3.96578 14
    endloop
  endfacet
  facet normal 0 0 1
    outer loop
      vertex 33.1716 -2.82843 14
      vertex 34.9747 -1.0253 14
      vertex 34.8496 -0.882704 14
    endloop
  endfacet
  facet normal 0 0 1
    outer loop
      vertex 32.8266 -2.43505 14
      vertex 34.8496 -0.882704 14
      vertex 34.7443 -0.724999 14
    endloop
  endfacet
  facet normal 0 0 1
    outer loop
      vertex 32.5359 -2 14
      vertex 34.7443 -0.724999 14
      vertex 34.6604 -0.554891 14
    endloop
  endfacet
  facet normal 0 0 1
    outer loop
      vertex 32.3045 -1.53073 14
      vertex 34.6604 -0.554891 14
      vertex 34.5994 -0.375287 14
    endloop
  endfacet
  facet normal 0 0 1
    outer loop
      vertex 32.1363 -1.03528 14
      vertex 34.5994 -0.375287 14
      vertex 34.5624 -0.189262 14
    endloop
  endfacet
  facet normal 0 0 1
    outer loop
      vertex 35.4451 -1.33962 14
      vertex 34.4693 -3.69552 14
      vertex 34.9647 -3.8637 14
    endloop
  endfacet
  facet normal 0 0 1
    outer loop
      vertex 32.0342 -0.522104 14
      vertex 34.5624 -0.189262 14
      vertex 34.55 0 14
    endloop
  endfacet
  facet normal -0 0 1
    outer loop
      vertex 32.5359 2 14
      vertex 34.7443 0.724999 14
      vertex 32.8266 2.43505 14
    endloop
  endfacet
  facet normal 0 0 1
    outer loop
      vertex 34.7443 0.724999 14
      vertex 32.5359 2 14
      vertex 34.6604 0.554891 14
    endloop
  endfacet
  facet normal 0 0 1
    outer loop
      vertex 35.275 -1.25574 14
      vertex 34 -3.4641 14
      vertex 34.4693 -3.69552 14
    endloop
  endfacet
  facet normal -0 0 1
    outer loop
      vertex 32.3045 1.53073 14
      vertex 34.6604 0.554891 14
      vertex 32.5359 2 14
    endloop
  endfacet
  facet normal 0 0 1
    outer loop
      vertex 35.1173 -1.15036 14
      vertex 33.565 -3.17341 14
      vertex 34 -3.4641 14
    endloop
  endfacet
  facet normal 0 0 1
    outer loop
      vertex 34.6604 0.554891 14
      vertex 32.3045 1.53073 14
      vertex 34.5994 0.375287 14
    endloop
  endfacet
  facet normal 0 0 1
    outer loop
      vertex 34.9747 -1.0253 14
      vertex 33.1716 -2.82843 14
      vertex 33.565 -3.17341 14
    endloop
  endfacet
  facet normal -0 0 1
    outer loop
      vertex 32.1363 1.03528 14
      vertex 34.5994 0.375287 14
      vertex 32.3045 1.53073 14
    endloop
  endfacet
  facet normal 0 0 1
    outer loop
      vertex 34.8496 -0.882704 14
      vertex 32.8266 -2.43505 14
      vertex 33.1716 -2.82843 14
    endloop
  endfacet
  facet normal 0 0 1
    outer loop
      vertex 34.5994 0.375287 14
      vertex 32.1363 1.03528 14
      vertex 34.5624 0.189262 14
    endloop
  endfacet
  facet normal 0 0 1
    outer loop
      vertex 34.7443 -0.724999 14
      vertex 32.5359 -2 14
      vertex 32.8266 -2.43505 14
    endloop
  endfacet
  facet normal -0 0 1
    outer loop
      vertex 32.0342 0.522104 14
      vertex 34.5624 0.189262 14
      vertex 32.1363 1.03528 14
    endloop
  endfacet
  facet normal 0 0 1
    outer loop
      vertex 34.6604 -0.554891 14
      vertex 32.3045 -1.53073 14
      vertex 32.5359 -2 14
    endloop
  endfacet
  facet normal 0 0 1
    outer loop
      vertex 34.5624 0.189262 14
      vertex 32.0342 0.522104 14
      vertex 34.55 0 14
    endloop
  endfacet
  facet normal 0 0 1
    outer loop
      vertex 34.5994 -0.375287 14
      vertex 32.1363 -1.03528 14
      vertex 32.3045 -1.53073 14
    endloop
  endfacet
  facet normal 0 0 1
    outer loop
      vertex 32 0 14
      vertex 34.55 0 14
      vertex 32.0342 0.522104 14
    endloop
  endfacet
  facet normal 0 0 1
    outer loop
      vertex 34.5624 -0.189262 14
      vertex 32.0342 -0.522104 14
      vertex 32.1363 -1.03528 14
    endloop
  endfacet
  facet normal 0 0 1
    outer loop
      vertex 34.55 0 14
      vertex 32 0 14
      vertex 32.0342 -0.522104 14
    endloop
  endfacet
  facet normal -0.980788 -0.195077 0
    outer loop
      vertex 37.4376 0.189262 0
      vertex 37.4006 0.375287 14
      vertex 37.4006 0.375287 0
    endloop
  endfacet
  facet normal -0.980788 -0.195077 0
    outer loop
      vertex 37.4006 0.375287 14
      vertex 37.4376 0.189262 0
      vertex 37.4376 0.189262 14
    endloop
  endfacet
  facet normal -0.997861 -0.0653775 0
    outer loop
      vertex 37.45 0 0
      vertex 37.4376 0.189262 14
      vertex 37.4376 0.189262 0
    endloop
  endfacet
  facet normal -0.997861 -0.0653775 0
    outer loop
      vertex 37.4376 0.189262 14
      vertex 37.45 0 0
      vertex 37.45 0 14
    endloop
  endfacet
  facet normal -0.321458 0.946924 0
    outer loop
      vertex 36.5549 -1.33962 0
      vertex 36.3753 -1.40059 14
      vertex 36.5549 -1.33962 14
    endloop
  endfacet
  facet normal -0.321458 0.946924 0
    outer loop
      vertex 36.3753 -1.40059 14
      vertex 36.5549 -1.33962 0
      vertex 36.3753 -1.40059 0
    endloop
  endfacet
  facet normal -0.831653 -0.555296 0
    outer loop
      vertex 37.2557 0.724999 0
      vertex 37.1504 0.882704 14
      vertex 37.1504 0.882704 0
    endloop
  endfacet
  facet normal -0.831653 -0.555296 0
    outer loop
      vertex 37.1504 0.882704 14
      vertex 37.2557 0.724999 0
      vertex 37.2557 0.724999 14
    endloop
  endfacet
  facet normal 0.896848 -0.44234 0
    outer loop
      vertex 34.6604 0.554891 14
      vertex 34.7443 0.724999 0
      vertex 34.7443 0.724999 14
    endloop
  endfacet
  facet normal 0.896848 -0.44234 0
    outer loop
      vertex 34.7443 0.724999 0
      vertex 34.6604 0.554891 14
      vertex 34.6604 0.554891 0
    endloop
  endfacet
  facet normal 0.5556 -0.83145 0
    outer loop
      vertex 35.1173 1.15036 0
      vertex 35.275 1.25574 14
      vertex 35.1173 1.15036 14
    endloop
  endfacet
  facet normal 0.5556 -0.83145 0
    outer loop
      vertex 35.275 1.25574 14
      vertex 35.1173 1.15036 0
      vertex 35.275 1.25574 0
    endloop
  endfacet
  facet normal 0.659355 -0.751832 0
    outer loop
      vertex 34.9747 1.0253 0
      vertex 35.1173 1.15036 14
      vertex 34.9747 1.0253 14
    endloop
  endfacet
  facet normal 0.659355 -0.751832 0
    outer loop
      vertex 35.1173 1.15036 14
      vertex 34.9747 1.0253 0
      vertex 35.1173 1.15036 0
    endloop
  endfacet
  facet normal 0.751718 -0.659485 0
    outer loop
      vertex 34.8496 0.882704 14
      vertex 34.9747 1.0253 0
      vertex 34.9747 1.0253 14
    endloop
  endfacet
  facet normal 0.751718 -0.659485 0
    outer loop
      vertex 34.9747 1.0253 0
      vertex 34.8496 0.882704 14
      vertex 34.8496 0.882704 0
    endloop
  endfacet
  facet normal -0.946878 0.321594 0
    outer loop
      vertex 37.3396 -0.554891 0
      vertex 37.4006 -0.375287 14
      vertex 37.4006 -0.375287 0
    endloop
  endfacet
  facet normal -0.946878 0.321594 0
    outer loop
      vertex 37.4006 -0.375287 14
      vertex 37.3396 -0.554891 0
      vertex 37.3396 -0.554891 14
    endloop
  endfacet
  facet normal 0.997861 -0.0653775 0
    outer loop
      vertex 34.55 0 14
      vertex 34.5624 0.189262 0
      vertex 34.5624 0.189262 14
    endloop
  endfacet
  facet normal 0.997861 -0.0653775 0
    outer loop
      vertex 34.5624 0.189262 0
      vertex 34.55 0 14
      vertex 34.55 0 0
    endloop
  endfacet
  facet normal -0.5556 -0.83145 0
    outer loop
      vertex 36.725 1.25574 0
      vertex 36.8827 1.15036 14
      vertex 36.725 1.25574 14
    endloop
  endfacet
  facet normal -0.5556 -0.83145 -0
    outer loop
      vertex 36.8827 1.15036 14
      vertex 36.725 1.25574 0
      vertex 36.8827 1.15036 0
    endloop
  endfacet
  facet normal 0.321458 0.946924 -0
    outer loop
      vertex 35.6247 -1.40059 0
      vertex 35.4451 -1.33962 14
      vertex 35.6247 -1.40059 14
    endloop
  endfacet
  facet normal 0.321458 0.946924 0
    outer loop
      vertex 35.4451 -1.33962 14
      vertex 35.6247 -1.40059 0
      vertex 35.4451 -1.33962 0
    endloop
  endfacet
  facet normal 0.751718 0.659485 0
    outer loop
      vertex 34.9747 -1.0253 14
      vertex 34.8496 -0.882704 0
      vertex 34.8496 -0.882704 14
    endloop
  endfacet
  facet normal 0.751718 0.659485 0
    outer loop
      vertex 34.8496 -0.882704 0
      vertex 34.9747 -1.0253 14
      vertex 34.9747 -1.0253 0
    endloop
  endfacet
  facet normal -0.195102 0.980783 0
    outer loop
      vertex 36.3753 -1.40059 0
      vertex 36.1893 -1.43759 14
      vertex 36.3753 -1.40059 14
    endloop
  endfacet
  facet normal -0.195102 0.980783 0
    outer loop
      vertex 36.1893 -1.43759 14
      vertex 36.3753 -1.40059 0
      vertex 36.1893 -1.43759 0
    endloop
  endfacet
  facet normal 0.321458 -0.946924 0
    outer loop
      vertex 35.4451 1.33962 0
      vertex 35.6247 1.40059 14
      vertex 35.4451 1.33962 14
    endloop
  endfacet
  facet normal 0.321458 -0.946924 0
    outer loop
      vertex 35.6247 1.40059 14
      vertex 35.4451 1.33962 0
      vertex 35.6247 1.40059 0
    endloop
  endfacet
  facet normal 0.831653 0.555296 0
    outer loop
      vertex 34.8496 -0.882704 14
      vertex 34.7443 -0.724999 0
      vertex 34.7443 -0.724999 14
    endloop
  endfacet
  facet normal 0.831653 0.555296 0
    outer loop
      vertex 34.7443 -0.724999 0
      vertex 34.8496 -0.882704 14
      vertex 34.8496 -0.882704 0
    endloop
  endfacet
  facet normal -0.5556 0.83145 0
    outer loop
      vertex 36.8827 -1.15036 0
      vertex 36.725 -1.25574 14
      vertex 36.8827 -1.15036 14
    endloop
  endfacet
  facet normal -0.5556 0.83145 0
    outer loop
      vertex 36.725 -1.25574 14
      vertex 36.8827 -1.15036 0
      vertex 36.725 -1.25574 0
    endloop
  endfacet
  facet normal 0.946878 -0.321594 0
    outer loop
      vertex 34.5994 0.375287 14
      vertex 34.6604 0.554891 0
      vertex 34.6604 0.554891 14
    endloop
  endfacet
  facet normal 0.946878 -0.321594 0
    outer loop
      vertex 34.6604 0.554891 0
      vertex 34.5994 0.375287 14
      vertex 34.5994 0.375287 0
    endloop
  endfacet
  facet normal -0.321458 -0.946924 0
    outer loop
      vertex 36.3753 1.40059 0
      vertex 36.5549 1.33962 14
      vertex 36.3753 1.40059 14
    endloop
  endfacet
  facet normal -0.321458 -0.946924 -0
    outer loop
      vertex 36.5549 1.33962 14
      vertex 36.3753 1.40059 0
      vertex 36.5549 1.33962 0
    endloop
  endfacet
  facet normal -0.0654169 -0.997858 0
    outer loop
      vertex 36 1.45 0
      vertex 36.1893 1.43759 14
      vertex 36 1.45 14
    endloop
  endfacet
  facet normal -0.0654169 -0.997858 -0
    outer loop
      vertex 36.1893 1.43759 14
      vertex 36 1.45 0
      vertex 36.1893 1.43759 0
    endloop
  endfacet
  facet normal 0.442272 -0.896881 0
    outer loop
      vertex 35.275 1.25574 0
      vertex 35.4451 1.33962 14
      vertex 35.275 1.25574 14
    endloop
  endfacet
  facet normal 0.442272 -0.896881 0
    outer loop
      vertex 35.4451 1.33962 14
      vertex 35.275 1.25574 0
      vertex 35.4451 1.33962 0
    endloop
  endfacet
  facet normal -0.831653 0.555296 0
    outer loop
      vertex 37.1504 -0.882704 0
      vertex 37.2557 -0.724999 14
      vertex 37.2557 -0.724999 0
    endloop
  endfacet
  facet normal -0.831653 0.555296 0
    outer loop
      vertex 37.2557 -0.724999 14
      vertex 37.1504 -0.882704 0
      vertex 37.1504 -0.882704 14
    endloop
  endfacet
  facet normal 0.997861 0.0653775 0
    outer loop
      vertex 34.5624 -0.189262 14
      vertex 34.55 0 0
      vertex 34.55 0 14
    endloop
  endfacet
  facet normal 0.997861 0.0653775 0
    outer loop
      vertex 34.55 0 0
      vertex 34.5624 -0.189262 14
      vertex 34.5624 -0.189262 0
    endloop
  endfacet
  facet normal 0.946878 0.321594 0
    outer loop
      vertex 34.6604 -0.554891 14
      vertex 34.5994 -0.375287 0
      vertex 34.5994 -0.375287 14
    endloop
  endfacet
  facet normal 0.946878 0.321594 0
    outer loop
      vertex 34.5994 -0.375287 0
      vertex 34.6604 -0.554891 14
      vertex 34.6604 -0.554891 0
    endloop
  endfacet
  facet normal 0.659355 0.751832 -0
    outer loop
      vertex 35.1173 -1.15036 0
      vertex 34.9747 -1.0253 14
      vertex 35.1173 -1.15036 14
    endloop
  endfacet
  facet normal 0.659355 0.751832 0
    outer loop
      vertex 34.9747 -1.0253 14
      vertex 35.1173 -1.15036 0
      vertex 34.9747 -1.0253 0
    endloop
  endfacet
  facet normal -0.442272 -0.896881 0
    outer loop
      vertex 36.5549 1.33962 0
      vertex 36.725 1.25574 14
      vertex 36.5549 1.33962 14
    endloop
  endfacet
  facet normal -0.442272 -0.896881 -0
    outer loop
      vertex 36.725 1.25574 14
      vertex 36.5549 1.33962 0
      vertex 36.725 1.25574 0
    endloop
  endfacet
  facet normal 0.195102 -0.980783 0
    outer loop
      vertex 35.6247 1.40059 0
      vertex 35.8107 1.43759 14
      vertex 35.6247 1.40059 14
    endloop
  endfacet
  facet normal 0.195102 -0.980783 0
    outer loop
      vertex 35.8107 1.43759 14
      vertex 35.6247 1.40059 0
      vertex 35.8107 1.43759 0
    endloop
  endfacet
  facet normal -0.751718 -0.659485 0
    outer loop
      vertex 37.1504 0.882704 0
      vertex 37.0253 1.0253 14
      vertex 37.0253 1.0253 0
    endloop
  endfacet
  facet normal -0.751718 -0.659485 0
    outer loop
      vertex 37.0253 1.0253 14
      vertex 37.1504 0.882704 0
      vertex 37.1504 0.882704 14
    endloop
  endfacet
  facet normal -0.195102 -0.980783 0
    outer loop
      vertex 36.1893 1.43759 0
      vertex 36.3753 1.40059 14
      vertex 36.1893 1.43759 14
    endloop
  endfacet
  facet normal -0.195102 -0.980783 -0
    outer loop
      vertex 36.3753 1.40059 14
      vertex 36.1893 1.43759 0
      vertex 36.3753 1.40059 0
    endloop
  endfacet
  facet normal -0.751718 0.659485 0
    outer loop
      vertex 37.0253 -1.0253 0
      vertex 37.1504 -0.882704 14
      vertex 37.1504 -0.882704 0
    endloop
  endfacet
  facet normal -0.751718 0.659485 0
    outer loop
      vertex 37.1504 -0.882704 14
      vertex 37.0253 -1.0253 0
      vertex 37.0253 -1.0253 14
    endloop
  endfacet
  facet normal 0.442272 0.896881 -0
    outer loop
      vertex 35.4451 -1.33962 0
      vertex 35.275 -1.25574 14
      vertex 35.4451 -1.33962 14
    endloop
  endfacet
  facet normal 0.442272 0.896881 0
    outer loop
      vertex 35.275 -1.25574 14
      vertex 35.4451 -1.33962 0
      vertex 35.275 -1.25574 0
    endloop
  endfacet
  facet normal 0.980788 -0.195077 0
    outer loop
      vertex 34.5624 0.189262 14
      vertex 34.5994 0.375287 0
      vertex 34.5994 0.375287 14
    endloop
  endfacet
  facet normal 0.980788 -0.195077 0
    outer loop
      vertex 34.5994 0.375287 0
      vertex 34.5624 0.189262 14
      vertex 34.5624 0.189262 0
    endloop
  endfacet
  facet normal -0.0654169 0.997858 0
    outer loop
      vertex 36.1893 -1.43759 0
      vertex 36 -1.45 14
      vertex 36.1893 -1.43759 14
    endloop
  endfacet
  facet normal -0.0654169 0.997858 0
    outer loop
      vertex 36 -1.45 14
      vertex 36.1893 -1.43759 0
      vertex 36 -1.45 0
    endloop
  endfacet
  facet normal -0.442272 0.896881 0
    outer loop
      vertex 36.725 -1.25574 0
      vertex 36.5549 -1.33962 14
      vertex 36.725 -1.25574 14
    endloop
  endfacet
  facet normal -0.442272 0.896881 0
    outer loop
      vertex 36.5549 -1.33962 14
      vertex 36.725 -1.25574 0
      vertex 36.5549 -1.33962 0
    endloop
  endfacet
  facet normal -0.659355 0.751832 0
    outer loop
      vertex 37.0253 -1.0253 0
      vertex 36.8827 -1.15036 14
      vertex 37.0253 -1.0253 14
    endloop
  endfacet
  facet normal -0.659355 0.751832 0
    outer loop
      vertex 36.8827 -1.15036 14
      vertex 37.0253 -1.0253 0
      vertex 36.8827 -1.15036 0
    endloop
  endfacet
  facet normal 0.896848 0.44234 0
    outer loop
      vertex 34.7443 -0.724999 14
      vertex 34.6604 -0.554891 0
      vertex 34.6604 -0.554891 14
    endloop
  endfacet
  facet normal 0.896848 0.44234 0
    outer loop
      vertex 34.6604 -0.554891 0
      vertex 34.7443 -0.724999 14
      vertex 34.7443 -0.724999 0
    endloop
  endfacet
  facet normal -0.896848 0.44234 0
    outer loop
      vertex 37.2557 -0.724999 0
      vertex 37.3396 -0.554891 14
      vertex 37.3396 -0.554891 0
    endloop
  endfacet
  facet normal -0.896848 0.44234 0
    outer loop
      vertex 37.3396 -0.554891 14
      vertex 37.2557 -0.724999 0
      vertex 37.2557 -0.724999 14
    endloop
  endfacet
  facet normal -0.659355 -0.751832 0
    outer loop
      vertex 36.8827 1.15036 0
      vertex 37.0253 1.0253 14
      vertex 36.8827 1.15036 14
    endloop
  endfacet
  facet normal -0.659355 -0.751832 -0
    outer loop
      vertex 37.0253 1.0253 14
      vertex 36.8827 1.15036 0
      vertex 37.0253 1.0253 0
    endloop
  endfacet
  facet normal -0.997861 0.0653775 0
    outer loop
      vertex 37.4376 -0.189262 0
      vertex 37.45 0 14
      vertex 37.45 0 0
    endloop
  endfacet
  facet normal -0.997861 0.0653775 0
    outer loop
      vertex 37.45 0 14
      vertex 37.4376 -0.189262 0
      vertex 37.4376 -0.189262 14
    endloop
  endfacet
  facet normal 0.5556 0.83145 -0
    outer loop
      vertex 35.275 -1.25574 0
      vertex 35.1173 -1.15036 14
      vertex 35.275 -1.25574 14
    endloop
  endfacet
  facet normal 0.5556 0.83145 0
    outer loop
      vertex 35.1173 -1.15036 14
      vertex 35.275 -1.25574 0
      vertex 35.1173 -1.15036 0
    endloop
  endfacet
  facet normal -0.896848 -0.44234 0
    outer loop
      vertex 37.3396 0.554891 0
      vertex 37.2557 0.724999 14
      vertex 37.2557 0.724999 0
    endloop
  endfacet
  facet normal -0.896848 -0.44234 0
    outer loop
      vertex 37.2557 0.724999 14
      vertex 37.3396 0.554891 0
      vertex 37.3396 0.554891 14
    endloop
  endfacet
  facet normal -0.980788 0.195077 0
    outer loop
      vertex 37.4006 -0.375287 0
      vertex 37.4376 -0.189262 14
      vertex 37.4376 -0.189262 0
    endloop
  endfacet
  facet normal -0.980788 0.195077 0
    outer loop
      vertex 37.4376 -0.189262 14
      vertex 37.4006 -0.375287 0
      vertex 37.4006 -0.375287 14
    endloop
  endfacet
  facet normal -0.946878 -0.321594 0
    outer loop
      vertex 37.4006 0.375287 0
      vertex 37.3396 0.554891 14
      vertex 37.3396 0.554891 0
    endloop
  endfacet
  facet normal -0.946878 -0.321594 0
    outer loop
      vertex 37.3396 0.554891 14
      vertex 37.4006 0.375287 0
      vertex 37.4006 0.375287 14
    endloop
  endfacet
  facet normal 0.0654169 -0.997858 0
    outer loop
      vertex 35.8107 1.43759 0
      vertex 36 1.45 14
      vertex 35.8107 1.43759 14
    endloop
  endfacet
  facet normal 0.0654169 -0.997858 0
    outer loop
      vertex 36 1.45 14
      vertex 35.8107 1.43759 0
      vertex 36 1.45 0
    endloop
  endfacet
  facet normal 0.980788 0.195077 0
    outer loop
      vertex 34.5994 -0.375287 14
      vertex 34.5624 -0.189262 0
      vertex 34.5624 -0.189262 14
    endloop
  endfacet
  facet normal 0.980788 0.195077 0
    outer loop
      vertex 34.5624 -0.189262 0
      vertex 34.5994 -0.375287 14
      vertex 34.5994 -0.375287 0
    endloop
  endfacet
  facet normal 0.195102 0.980783 -0
    outer loop
      vertex 35.8107 -1.43759 0
      vertex 35.6247 -1.40059 14
      vertex 35.8107 -1.43759 14
    endloop
  endfacet
  facet normal 0.195102 0.980783 0
    outer loop
      vertex 35.6247 -1.40059 14
      vertex 35.8107 -1.43759 0
      vertex 35.6247 -1.40059 0
    endloop
  endfacet
  facet normal 0.831653 -0.555296 0
    outer loop
      vertex 34.7443 0.724999 14
      vertex 34.8496 0.882704 0
      vertex 34.8496 0.882704 14
    endloop
  endfacet
  facet normal 0.831653 -0.555296 0
    outer loop
      vertex 34.8496 0.882704 0
      vertex 34.7443 0.724999 14
      vertex 34.7443 0.724999 0
    endloop
  endfacet
  facet normal 0.0654169 0.997858 -0
    outer loop
      vertex 36 -1.45 0
      vertex 35.8107 -1.43759 14
      vertex 36 -1.45 14
    endloop
  endfacet
  facet normal 0.0654169 0.997858 0
    outer loop
      vertex 35.8107 -1.43759 14
      vertex 36 -1.45 0
      vertex 35.8107 -1.43759 0
    endloop
  endfacet
  facet normal 0.321469 0.94692 -0
    outer loop
      vertex 1.53073 15.6955 0
      vertex 1.03528 15.8637 14
      vertex 1.53073 15.6955 14
    endloop
  endfacet
  facet normal 0.321469 0.94692 0
    outer loop
      vertex 1.03528 15.8637 14
      vertex 1.53073 15.6955 0
      vertex 1.03528 15.8637 0
    endloop
  endfacet
  facet normal 0.980786 0.195087 0
    outer loop
      vertex 3.96578 12.5221 14
      vertex 3.8637 13.0353 0
      vertex 3.8637 13.0353 14
    endloop
  endfacet
  facet normal 0.980786 0.195087 0
    outer loop
      vertex 3.8637 13.0353 0
      vertex 3.96578 12.5221 14
      vertex 3.96578 12.5221 0
    endloop
  endfacet
  facet normal 0.997859 0.0654027 0
    outer loop
      vertex 4 12 14
      vertex 3.96578 12.5221 0
      vertex 3.96578 12.5221 14
    endloop
  endfacet
  facet normal 0.997859 0.0654027 0
    outer loop
      vertex 3.96578 12.5221 0
      vertex 4 12 14
      vertex 4 12 0
    endloop
  endfacet
  facet normal 0.946922 0.321464 0
    outer loop
      vertex 3.8637 13.0353 14
      vertex 3.69552 13.5307 0
      vertex 3.69552 13.5307 14
    endloop
  endfacet
  facet normal 0.946922 0.321464 0
    outer loop
      vertex 3.69552 13.5307 0
      vertex 3.8637 13.0353 14
      vertex 3.8637 13.0353 0
    endloop
  endfacet
  facet normal 0.44226 0.896887 -0
    outer loop
      vertex 2 15.4641 0
      vertex 1.53073 15.6955 14
      vertex 2 15.4641 14
    endloop
  endfacet
  facet normal 0.44226 0.896887 0
    outer loop
      vertex 1.53073 15.6955 14
      vertex 2 15.4641 0
      vertex 1.53073 15.6955 0
    endloop
  endfacet
  facet normal -0.997859 -0.0654027 0
    outer loop
      vertex -3.96578 11.4779 0
      vertex -4 12 14
      vertex -4 12 0
    endloop
  endfacet
  facet normal -0.997859 -0.0654027 0
    outer loop
      vertex -4 12 14
      vertex -3.96578 11.4779 0
      vertex -3.96578 11.4779 14
    endloop
  endfacet
  facet normal 0.896883 0.442268 0
    outer loop
      vertex 3.69552 13.5307 14
      vertex 3.4641 14 0
      vertex 3.4641 14 14
    endloop
  endfacet
  facet normal 0.896883 0.442268 0
    outer loop
      vertex 3.4641 14 0
      vertex 3.69552 13.5307 14
      vertex 3.69552 13.5307 0
    endloop
  endfacet
  facet normal 0.831441 0.555613 0
    outer loop
      vertex 3.4641 14 14
      vertex 3.17341 14.435 0
      vertex 3.17341 14.435 14
    endloop
  endfacet
  facet normal 0.831441 0.555613 0
    outer loop
      vertex 3.17341 14.435 0
      vertex 3.4641 14 14
      vertex 3.4641 14 0
    endloop
  endfacet
  facet normal -0.659362 0.751826 0
    outer loop
      vertex -2.43505 15.1734 0
      vertex -2.82843 14.8284 14
      vertex -2.43505 15.1734 14
    endloop
  endfacet
  facet normal -0.659362 0.751826 0
    outer loop
      vertex -2.82843 14.8284 14
      vertex -2.43505 15.1734 0
      vertex -2.82843 14.8284 0
    endloop
  endfacet
  facet normal 0.751861 0.659321 0
    outer loop
      vertex 3.17341 14.435 14
      vertex 2.82843 14.8284 0
      vertex 2.82843 14.8284 14
    endloop
  endfacet
  facet normal 0.751861 0.659321 0
    outer loop
      vertex 2.82843 14.8284 0
      vertex 3.17341 14.435 14
      vertex 3.17341 14.435 0
    endloop
  endfacet
  facet normal -0.980786 0.195087 0
    outer loop
      vertex -3.96578 12.5221 0
      vertex -3.8637 13.0353 14
      vertex -3.8637 13.0353 0
    endloop
  endfacet
  facet normal -0.980786 0.195087 0
    outer loop
      vertex -3.8637 13.0353 14
      vertex -3.96578 12.5221 0
      vertex -3.96578 12.5221 14
    endloop
  endfacet
  facet normal -0.555569 -0.831471 0
    outer loop
      vertex -2.43505 8.82659 0
      vertex -2 8.5359 14
      vertex -2.43505 8.82659 14
    endloop
  endfacet
  facet normal -0.555569 -0.831471 -0
    outer loop
      vertex -2 8.5359 14
      vertex -2.43505 8.82659 0
      vertex -2 8.5359 0
    endloop
  endfacet
  facet normal -0.997859 0.0654027 0
    outer loop
      vertex -4 12 0
      vertex -3.96578 12.5221 14
      vertex -3.96578 12.5221 0
    endloop
  endfacet
  facet normal -0.997859 0.0654027 0
    outer loop
      vertex -3.96578 12.5221 14
      vertex -4 12 0
      vertex -4 12 14
    endloop
  endfacet
  facet normal -0.751845 -0.65934 0
    outer loop
      vertex -2.82843 9.17157 0
      vertex -3.17341 9.56495 14
      vertex -3.17341 9.56495 0
    endloop
  endfacet
  facet normal -0.751845 -0.65934 0
    outer loop
      vertex -3.17341 9.56495 14
      vertex -2.82843 9.17157 0
      vertex -2.82843 9.17157 14
    endloop
  endfacet
  facet normal 0.195096 -0.980784 0
    outer loop
      vertex 0.522104 8.03422 0
      vertex 1.03528 8.1363 14
      vertex 0.522104 8.03422 14
    endloop
  endfacet
  facet normal 0.195096 -0.980784 0
    outer loop
      vertex 1.03528 8.1363 14
      vertex 0.522104 8.03422 0
      vertex 1.03528 8.1363 0
    endloop
  endfacet
  facet normal -0.44226 0.896887 0
    outer loop
      vertex -1.53073 15.6955 0
      vertex -2 15.4641 14
      vertex -1.53073 15.6955 14
    endloop
  endfacet
  facet normal -0.44226 0.896887 0
    outer loop
      vertex -2 15.4641 14
      vertex -1.53073 15.6955 0
      vertex -2 15.4641 0
    endloop
  endfacet
  facet normal -0.321435 -0.946932 0
    outer loop
      vertex -1.53073 8.30448 0
      vertex -1.03528 8.1363 14
      vertex -1.53073 8.30448 14
    endloop
  endfacet
  facet normal -0.321435 -0.946932 -0
    outer loop
      vertex -1.03528 8.1363 14
      vertex -1.53073 8.30448 0
      vertex -1.03528 8.1363 0
    endloop
  endfacet
  facet normal 0.980786 -0.195087 0
    outer loop
      vertex 3.8637 10.9647 14
      vertex 3.96578 11.4779 0
      vertex 3.96578 11.4779 14
    endloop
  endfacet
  facet normal 0.980786 -0.195087 0
    outer loop
      vertex 3.96578 11.4779 0
      vertex 3.8637 10.9647 14
      vertex 3.8637 10.9647 0
    endloop
  endfacet
  facet normal -0.751861 0.659321 0
    outer loop
      vertex -3.17341 14.435 0
      vertex -2.82843 14.8284 14
      vertex -2.82843 14.8284 0
    endloop
  endfacet
  facet normal -0.751861 0.659321 0
    outer loop
      vertex -2.82843 14.8284 14
      vertex -3.17341 14.435 0
      vertex -3.17341 14.435 14
    endloop
  endfacet
  facet normal 0.831471 -0.555569 0
    outer loop
      vertex 3.17341 9.56495 14
      vertex 3.4641 10 0
      vertex 3.4641 10 14
    endloop
  endfacet
  facet normal 0.831471 -0.555569 0
    outer loop
      vertex 3.4641 10 0
      vertex 3.17341 9.56495 14
      vertex 3.17341 9.56495 0
    endloop
  endfacet
  facet normal -0.321469 0.94692 0
    outer loop
      vertex -1.03528 15.8637 0
      vertex -1.53073 15.6955 14
      vertex -1.03528 15.8637 14
    endloop
  endfacet
  facet normal -0.321469 0.94692 0
    outer loop
      vertex -1.53073 15.6955 14
      vertex -1.03528 15.8637 0
      vertex -1.53073 15.6955 0
    endloop
  endfacet
  facet normal -0.980786 -0.195087 0
    outer loop
      vertex -3.8637 10.9647 0
      vertex -3.96578 11.4779 14
      vertex -3.96578 11.4779 0
    endloop
  endfacet
  facet normal -0.980786 -0.195087 0
    outer loop
      vertex -3.96578 11.4779 14
      vertex -3.8637 10.9647 0
      vertex -3.8637 10.9647 14
    endloop
  endfacet
  facet normal -0.195096 -0.980784 0
    outer loop
      vertex -1.03528 8.1363 0
      vertex -0.522104 8.03422 14
      vertex -1.03528 8.1363 14
    endloop
  endfacet
  facet normal -0.195096 -0.980784 -0
    outer loop
      vertex -0.522104 8.03422 14
      vertex -1.03528 8.1363 0
      vertex -0.522104 8.03422 0
    endloop
  endfacet
  facet normal 0.555582 0.831462 -0
    outer loop
      vertex 2.43505 15.1734 0
      vertex 2 15.4641 14
      vertex 2.43505 15.1734 14
    endloop
  endfacet
  facet normal 0.555582 0.831462 0
    outer loop
      vertex 2 15.4641 14
      vertex 2.43505 15.1734 0
      vertex 2 15.4641 0
    endloop
  endfacet
  facet normal 0.946922 -0.321464 0
    outer loop
      vertex 3.69552 10.4693 14
      vertex 3.8637 10.9647 0
      vertex 3.8637 10.9647 14
    endloop
  endfacet
  facet normal 0.946922 -0.321464 0
    outer loop
      vertex 3.8637 10.9647 0
      vertex 3.69552 10.4693 14
      vertex 3.69552 10.4693 0
    endloop
  endfacet
  facet normal 0.0654022 -0.997859 0
    outer loop
      vertex 0 8 0
      vertex 0.522104 8.03422 14
      vertex 0 8 14
    endloop
  endfacet
  facet normal 0.0654022 -0.997859 0
    outer loop
      vertex 0.522104 8.03422 14
      vertex 0 8 0
      vertex 0.522104 8.03422 0
    endloop
  endfacet
  facet normal 0.751845 -0.65934 0
    outer loop
      vertex 2.82843 9.17157 14
      vertex 3.17341 9.56495 0
      vertex 3.17341 9.56495 14
    endloop
  endfacet
  facet normal 0.751845 -0.65934 0
    outer loop
      vertex 3.17341 9.56495 0
      vertex 2.82843 9.17157 14
      vertex 2.82843 9.17157 0
    endloop
  endfacet
  facet normal -0.0653641 0.997861 0
    outer loop
      vertex 0 16 0
      vertex -0.522104 15.9658 14
      vertex 0 16 14
    endloop
  endfacet
  facet normal -0.0653641 0.997861 0
    outer loop
      vertex -0.522104 15.9658 14
      vertex 0 16 0
      vertex -0.522104 15.9658 0
    endloop
  endfacet
  facet normal 0.555569 -0.831471 0
    outer loop
      vertex 2 8.5359 0
      vertex 2.43505 8.82659 14
      vertex 2 8.5359 14
    endloop
  endfacet
  facet normal 0.555569 -0.831471 0
    outer loop
      vertex 2.43505 8.82659 14
      vertex 2 8.5359 0
      vertex 2.43505 8.82659 0
    endloop
  endfacet
  facet normal -0.65934 -0.751845 0
    outer loop
      vertex -2.82843 9.17157 0
      vertex -2.43505 8.82659 14
      vertex -2.82843 9.17157 14
    endloop
  endfacet
  facet normal -0.65934 -0.751845 -0
    outer loop
      vertex -2.43505 8.82659 14
      vertex -2.82843 9.17157 0
      vertex -2.43505 8.82659 0
    endloop
  endfacet
  facet normal 0.659362 0.751826 -0
    outer loop
      vertex 2.82843 14.8284 0
      vertex 2.43505 15.1734 14
      vertex 2.82843 14.8284 14
    endloop
  endfacet
  facet normal 0.659362 0.751826 0
    outer loop
      vertex 2.43505 15.1734 14
      vertex 2.82843 14.8284 0
      vertex 2.43505 15.1734 0
    endloop
  endfacet
  facet normal -0.896883 0.442268 0
    outer loop
      vertex -3.69552 13.5307 0
      vertex -3.4641 14 14
      vertex -3.4641 14 0
    endloop
  endfacet
  facet normal -0.896883 0.442268 0
    outer loop
      vertex -3.4641 14 14
      vertex -3.69552 13.5307 0
      vertex -3.69552 13.5307 14
    endloop
  endfacet
  facet normal 0.0653641 0.997861 -0
    outer loop
      vertex 0.522104 15.9658 0
      vertex 0 16 14
      vertex 0.522104 15.9658 14
    endloop
  endfacet
  facet normal 0.0653641 0.997861 0
    outer loop
      vertex 0 16 14
      vertex 0.522104 15.9658 0
      vertex 0 16 0
    endloop
  endfacet
  facet normal 0.997859 -0.0654027 0
    outer loop
      vertex 3.96578 11.4779 14
      vertex 4 12 0
      vertex 4 12 14
    endloop
  endfacet
  facet normal 0.997859 -0.0654027 0
    outer loop
      vertex 4 12 0
      vertex 3.96578 11.4779 14
      vertex 3.96578 11.4779 0
    endloop
  endfacet
  facet normal -0.195133 0.980777 0
    outer loop
      vertex -0.522104 15.9658 0
      vertex -1.03528 15.8637 14
      vertex -0.522104 15.9658 14
    endloop
  endfacet
  facet normal -0.195133 0.980777 0
    outer loop
      vertex -1.03528 15.8637 14
      vertex -0.522104 15.9658 0
      vertex -1.03528 15.8637 0
    endloop
  endfacet
  facet normal -0.555582 0.831462 0
    outer loop
      vertex -2 15.4641 0
      vertex -2.43505 15.1734 14
      vertex -2 15.4641 14
    endloop
  endfacet
  facet normal -0.555582 0.831462 0
    outer loop
      vertex -2.43505 15.1734 14
      vertex -2 15.4641 0
      vertex -2.43505 15.1734 0
    endloop
  endfacet
  facet normal -0.0654022 -0.997859 0
    outer loop
      vertex -0.522104 8.03422 0
      vertex 0 8 14
      vertex -0.522104 8.03422 14
    endloop
  endfacet
  facet normal -0.0654022 -0.997859 -0
    outer loop
      vertex 0 8 14
      vertex -0.522104 8.03422 0
      vertex 0 8 0
    endloop
  endfacet
  facet normal 0.896883 -0.442268 0
    outer loop
      vertex 3.4641 10 14
      vertex 3.69552 10.4693 0
      vertex 3.69552 10.4693 14
    endloop
  endfacet
  facet normal 0.896883 -0.442268 0
    outer loop
      vertex 3.69552 10.4693 0
      vertex 3.4641 10 14
      vertex 3.4641 10 0
    endloop
  endfacet
  facet normal -0.946922 0.321464 0
    outer loop
      vertex -3.8637 13.0353 0
      vertex -3.69552 13.5307 14
      vertex -3.69552 13.5307 0
    endloop
  endfacet
  facet normal -0.946922 0.321464 0
    outer loop
      vertex -3.69552 13.5307 14
      vertex -3.8637 13.0353 0
      vertex -3.8637 13.0353 14
    endloop
  endfacet
  facet normal -0.946922 -0.321464 0
    outer loop
      vertex -3.69552 10.4693 0
      vertex -3.8637 10.9647 14
      vertex -3.8637 10.9647 0
    endloop
  endfacet
  facet normal -0.946922 -0.321464 0
    outer loop
      vertex -3.8637 10.9647 14
      vertex -3.69552 10.4693 0
      vertex -3.69552 10.4693 14
    endloop
  endfacet
  facet normal 0 0 -1
    outer loop
      vertex 1.45 12 0
      vertex 4 12 0
      vertex 3.96578 11.4779 0
    endloop
  endfacet
  facet normal 0 0 -1
    outer loop
      vertex 1.43759 11.8107 0
      vertex 3.96578 11.4779 0
      vertex 3.8637 10.9647 0
    endloop
  endfacet
  facet normal 0 0 -1
    outer loop
      vertex 4 12 0
      vertex 1.45 12 0
      vertex 3.96578 12.5221 0
    endloop
  endfacet
  facet normal 0 0 -1
    outer loop
      vertex 1.40059 11.6247 0
      vertex 3.8637 10.9647 0
      vertex 3.69552 10.4693 0
    endloop
  endfacet
  facet normal 0 0 -1
    outer loop
      vertex 1.43759 12.1893 0
      vertex 3.96578 12.5221 0
      vertex 1.45 12 0
    endloop
  endfacet
  facet normal 0 0 -1
    outer loop
      vertex 1.33962 11.4451 0
      vertex 3.69552 10.4693 0
      vertex 3.4641 10 0
    endloop
  endfacet
  facet normal -0 0 -1
    outer loop
      vertex 3.96578 12.5221 0
      vertex 1.43759 12.1893 0
      vertex 3.8637 13.0353 0
    endloop
  endfacet
  facet normal 0 0 -1
    outer loop
      vertex 1.25574 11.275 0
      vertex 3.4641 10 0
      vertex 3.17341 9.56495 0
    endloop
  endfacet
  facet normal 0 0 -1
    outer loop
      vertex 1.40059 12.3753 0
      vertex 3.8637 13.0353 0
      vertex 1.43759 12.1893 0
    endloop
  endfacet
  facet normal 0 0 -1
    outer loop
      vertex 1.15036 11.1173 0
      vertex 3.17341 9.56495 0
      vertex 2.82843 9.17157 0
    endloop
  endfacet
  facet normal -0 0 -1
    outer loop
      vertex 3.8637 13.0353 0
      vertex 1.40059 12.3753 0
      vertex 3.69552 13.5307 0
    endloop
  endfacet
  facet normal 0 0 -1
    outer loop
      vertex 1.0253 10.9747 0
      vertex 2.82843 9.17157 0
      vertex 2.43505 8.82659 0
    endloop
  endfacet
  facet normal 0 0 -1
    outer loop
      vertex 1.33962 12.5549 0
      vertex 3.69552 13.5307 0
      vertex 1.40059 12.3753 0
    endloop
  endfacet
  facet normal 0 0 -1
    outer loop
      vertex 0.882704 10.8496 0
      vertex 2.43505 8.82659 0
      vertex 2 8.5359 0
    endloop
  endfacet
  facet normal -0 0 -1
    outer loop
      vertex 3.69552 13.5307 0
      vertex 1.33962 12.5549 0
      vertex 3.4641 14 0
    endloop
  endfacet
  facet normal 0 0 -1
    outer loop
      vertex 0.724999 10.7443 0
      vertex 2 8.5359 0
      vertex 1.53073 8.30448 0
    endloop
  endfacet
  facet normal 0 0 -1
    outer loop
      vertex 1.25574 12.725 0
      vertex 3.4641 14 0
      vertex 1.33962 12.5549 0
    endloop
  endfacet
  facet normal -0 0 -1
    outer loop
      vertex 3.4641 14 0
      vertex 1.25574 12.725 0
      vertex 3.17341 14.435 0
    endloop
  endfacet
  facet normal 0 0 -1
    outer loop
      vertex 3.96578 11.4779 0
      vertex 1.43759 11.8107 0
      vertex 1.45 12 0
    endloop
  endfacet
  facet normal 0 0 -1
    outer loop
      vertex 3.8637 10.9647 0
      vertex 1.40059 11.6247 0
      vertex 1.43759 11.8107 0
    endloop
  endfacet
  facet normal 0 0 -1
    outer loop
      vertex 3.69552 10.4693 0
      vertex 1.33962 11.4451 0
      vertex 1.40059 11.6247 0
    endloop
  endfacet
  facet normal 0 0 -1
    outer loop
      vertex 3.4641 10 0
      vertex 1.25574 11.275 0
      vertex 1.33962 11.4451 0
    endloop
  endfacet
  facet normal 0 0 -1
    outer loop
      vertex 3.17341 9.56495 0
      vertex 1.15036 11.1173 0
      vertex 1.25574 11.275 0
    endloop
  endfacet
  facet normal 0 0 -1
    outer loop
      vertex 0.554891 10.6604 0
      vertex 1.53073 8.30448 0
      vertex 1.03528 8.1363 0
    endloop
  endfacet
  facet normal 0 0 -1
    outer loop
      vertex 2.82843 9.17157 0
      vertex 1.0253 10.9747 0
      vertex 1.15036 11.1173 0
    endloop
  endfacet
  facet normal 0 0 -1
    outer loop
      vertex 2.43505 8.82659 0
      vertex 0.882704 10.8496 0
      vertex 1.0253 10.9747 0
    endloop
  endfacet
  facet normal 0 0 -1
    outer loop
      vertex 2 8.5359 0
      vertex 0.724999 10.7443 0
      vertex 0.882704 10.8496 0
    endloop
  endfacet
  facet normal 0 0 -1
    outer loop
      vertex 1.53073 8.30448 0
      vertex 0.554891 10.6604 0
      vertex 0.724999 10.7443 0
    endloop
  endfacet
  facet normal 0 0 -1
    outer loop
      vertex 0.375287 10.5994 0
      vertex 1.03528 8.1363 0
      vertex 0.522104 8.03422 0
    endloop
  endfacet
  facet normal 0 0 -1
    outer loop
      vertex 1.03528 8.1363 0
      vertex 0.375287 10.5994 0
      vertex 0.554891 10.6604 0
    endloop
  endfacet
  facet normal 0 0 -1
    outer loop
      vertex 0.522104 8.03422 0
      vertex 0.189262 10.5624 0
      vertex 0.375287 10.5994 0
    endloop
  endfacet
  facet normal 0 0 -1
    outer loop
      vertex 0 8 0
      vertex 0.189262 10.5624 0
      vertex 0.522104 8.03422 0
    endloop
  endfacet
  facet normal 0 0 -1
    outer loop
      vertex 0 8 0
      vertex 0 10.55 0
      vertex 0.189262 10.5624 0
    endloop
  endfacet
  facet normal 0 0 -1
    outer loop
      vertex 0 8 0
      vertex -0.189262 10.5624 0
      vertex 0 10.55 0
    endloop
  endfacet
  facet normal 0 0 -1
    outer loop
      vertex -0.522104 8.03422 0
      vertex -0.189262 10.5624 0
      vertex 0 8 0
    endloop
  endfacet
  facet normal -0 0 -1
    outer loop
      vertex -0.189262 10.5624 0
      vertex -0.522104 8.03422 0
      vertex -0.375287 10.5994 0
    endloop
  endfacet
  facet normal 0 0 -1
    outer loop
      vertex -1.03528 8.1363 0
      vertex -0.375287 10.5994 0
      vertex -0.522104 8.03422 0
    endloop
  endfacet
  facet normal -0 0 -1
    outer loop
      vertex -0.375287 10.5994 0
      vertex -1.03528 8.1363 0
      vertex -0.554891 10.6604 0
    endloop
  endfacet
  facet normal 0 0 -1
    outer loop
      vertex -1.53073 8.30448 0
      vertex -0.554891 10.6604 0
      vertex -1.03528 8.1363 0
    endloop
  endfacet
  facet normal -0 0 -1
    outer loop
      vertex -0.554891 10.6604 0
      vertex -1.53073 8.30448 0
      vertex -0.724999 10.7443 0
    endloop
  endfacet
  facet normal 0 0 -1
    outer loop
      vertex -2 8.5359 0
      vertex -0.724999 10.7443 0
      vertex -1.53073 8.30448 0
    endloop
  endfacet
  facet normal -0 0 -1
    outer loop
      vertex -0.724999 10.7443 0
      vertex -2 8.5359 0
      vertex -0.882704 10.8496 0
    endloop
  endfacet
  facet normal 0 0 -1
    outer loop
      vertex -2.43505 8.82659 0
      vertex -0.882704 10.8496 0
      vertex -2 8.5359 0
    endloop
  endfacet
  facet normal -0 0 -1
    outer loop
      vertex -0.882704 10.8496 0
      vertex -2.43505 8.82659 0
      vertex -1.0253 10.9747 0
    endloop
  endfacet
  facet normal 0 0 -1
    outer loop
      vertex -2.82843 9.17157 0
      vertex -1.0253 10.9747 0
      vertex -2.43505 8.82659 0
    endloop
  endfacet
  facet normal -0 0 -1
    outer loop
      vertex -1.0253 10.9747 0
      vertex -2.82843 9.17157 0
      vertex -1.15036 11.1173 0
    endloop
  endfacet
  facet normal -0 0 -1
    outer loop
      vertex -1.15036 11.1173 0
      vertex -3.17341 9.56495 0
      vertex -1.25574 11.275 0
    endloop
  endfacet
  facet normal 0 0 -1
    outer loop
      vertex -3.17341 9.56495 0
      vertex -1.15036 11.1173 0
      vertex -2.82843 9.17157 0
    endloop
  endfacet
  facet normal 0 0 -1
    outer loop
      vertex 1.15036 12.8827 0
      vertex 3.17341 14.435 0
      vertex 1.25574 12.725 0
    endloop
  endfacet
  facet normal -0 0 -1
    outer loop
      vertex 3.17341 14.435 0
      vertex 1.15036 12.8827 0
      vertex 2.82843 14.8284 0
    endloop
  endfacet
  facet normal 0 0 -1
    outer loop
      vertex 1.0253 13.0253 0
      vertex 2.82843 14.8284 0
      vertex 1.15036 12.8827 0
    endloop
  endfacet
  facet normal -0 0 -1
    outer loop
      vertex 2.82843 14.8284 0
      vertex 1.0253 13.0253 0
      vertex 2.43505 15.1734 0
    endloop
  endfacet
  facet normal 0 0 -1
    outer loop
      vertex 0.882704 13.1504 0
      vertex 2.43505 15.1734 0
      vertex 1.0253 13.0253 0
    endloop
  endfacet
  facet normal -0 0 -1
    outer loop
      vertex 2.43505 15.1734 0
      vertex 0.882704 13.1504 0
      vertex 2 15.4641 0
    endloop
  endfacet
  facet normal 0 0 -1
    outer loop
      vertex 0.724999 13.2557 0
      vertex 2 15.4641 0
      vertex 0.882704 13.1504 0
    endloop
  endfacet
  facet normal -0 0 -1
    outer loop
      vertex 2 15.4641 0
      vertex 0.724999 13.2557 0
      vertex 1.53073 15.6955 0
    endloop
  endfacet
  facet normal 0 0 -1
    outer loop
      vertex 0.554891 13.3396 0
      vertex 1.53073 15.6955 0
      vertex 0.724999 13.2557 0
    endloop
  endfacet
  facet normal -0 0 -1
    outer loop
      vertex 1.53073 15.6955 0
      vertex 0.554891 13.3396 0
      vertex 1.03528 15.8637 0
    endloop
  endfacet
  facet normal 0 0 -1
    outer loop
      vertex 0.375287 13.4006 0
      vertex 1.03528 15.8637 0
      vertex 0.554891 13.3396 0
    endloop
  endfacet
  facet normal -0 0 -1
    outer loop
      vertex 1.03528 15.8637 0
      vertex 0.375287 13.4006 0
      vertex 0.522104 15.9658 0
    endloop
  endfacet
  facet normal 0 0 -1
    outer loop
      vertex 0.189262 13.4376 0
      vertex 0.522104 15.9658 0
      vertex 0.375287 13.4006 0
    endloop
  endfacet
  facet normal 0 0 -1
    outer loop
      vertex 0 13.45 0
      vertex 0.522104 15.9658 0
      vertex 0.189262 13.4376 0
    endloop
  endfacet
  facet normal 0 0 -1
    outer loop
      vertex 0 13.45 0
      vertex 0 16 0
      vertex 0.522104 15.9658 0
    endloop
  endfacet
  facet normal 0 0 -1
    outer loop
      vertex -0.189262 13.4376 0
      vertex 0 16 0
      vertex 0 13.45 0
    endloop
  endfacet
  facet normal 0 0 -1
    outer loop
      vertex -0.522104 15.9658 0
      vertex -0.189262 13.4376 0
      vertex -0.375287 13.4006 0
    endloop
  endfacet
  facet normal 0 0 -1
    outer loop
      vertex -0.189262 13.4376 0
      vertex -0.522104 15.9658 0
      vertex 0 16 0
    endloop
  endfacet
  facet normal 0 0 -1
    outer loop
      vertex -1.03528 15.8637 0
      vertex -0.375287 13.4006 0
      vertex -0.554891 13.3396 0
    endloop
  endfacet
  facet normal 0 0 -1
    outer loop
      vertex -1.53073 15.6955 0
      vertex -0.554891 13.3396 0
      vertex -0.724999 13.2557 0
    endloop
  endfacet
  facet normal 0 0 -1
    outer loop
      vertex -2 15.4641 0
      vertex -0.724999 13.2557 0
      vertex -0.882704 13.1504 0
    endloop
  endfacet
  facet normal 0 0 -1
    outer loop
      vertex -2.43505 15.1734 0
      vertex -0.882704 13.1504 0
      vertex -1.0253 13.0253 0
    endloop
  endfacet
  facet normal 0 0 -1
    outer loop
      vertex -0.375287 13.4006 0
      vertex -1.03528 15.8637 0
      vertex -0.522104 15.9658 0
    endloop
  endfacet
  facet normal 0 0 -1
    outer loop
      vertex -2.82843 14.8284 0
      vertex -1.0253 13.0253 0
      vertex -1.15036 12.8827 0
    endloop
  endfacet
  facet normal 0 0 -1
    outer loop
      vertex -3.17341 14.435 0
      vertex -1.15036 12.8827 0
      vertex -1.25574 12.725 0
    endloop
  endfacet
  facet normal 0 0 -1
    outer loop
      vertex -3.4641 14 0
      vertex -1.25574 12.725 0
      vertex -1.33962 12.5549 0
    endloop
  endfacet
  facet normal 0 0 -1
    outer loop
      vertex -3.69552 13.5307 0
      vertex -1.33962 12.5549 0
      vertex -1.40059 12.3753 0
    endloop
  endfacet
  facet normal 0 0 -1
    outer loop
      vertex -3.8637 13.0353 0
      vertex -1.40059 12.3753 0
      vertex -1.43759 12.1893 0
    endloop
  endfacet
  facet normal 0 0 -1
    outer loop
      vertex -0.554891 13.3396 0
      vertex -1.53073 15.6955 0
      vertex -1.03528 15.8637 0
    endloop
  endfacet
  facet normal 0 0 -1
    outer loop
      vertex -3.96578 12.5221 0
      vertex -1.43759 12.1893 0
      vertex -1.45 12 0
    endloop
  endfacet
  facet normal 0 0 -1
    outer loop
      vertex -3.4641 10 0
      vertex -1.25574 11.275 0
      vertex -3.17341 9.56495 0
    endloop
  endfacet
  facet normal -0 0 -1
    outer loop
      vertex -1.25574 11.275 0
      vertex -3.4641 10 0
      vertex -1.33962 11.4451 0
    endloop
  endfacet
  facet normal 0 0 -1
    outer loop
      vertex -0.724999 13.2557 0
      vertex -2 15.4641 0
      vertex -1.53073 15.6955 0
    endloop
  endfacet
  facet normal 0 0 -1
    outer loop
      vertex -3.69552 10.4693 0
      vertex -1.33962 11.4451 0
      vertex -3.4641 10 0
    endloop
  endfacet
  facet normal 0 0 -1
    outer loop
      vertex -0.882704 13.1504 0
      vertex -2.43505 15.1734 0
      vertex -2 15.4641 0
    endloop
  endfacet
  facet normal -0 0 -1
    outer loop
      vertex -1.33962 11.4451 0
      vertex -3.69552 10.4693 0
      vertex -1.40059 11.6247 0
    endloop
  endfacet
  facet normal 0 0 -1
    outer loop
      vertex -1.0253 13.0253 0
      vertex -2.82843 14.8284 0
      vertex -2.43505 15.1734 0
    endloop
  endfacet
  facet normal 0 0 -1
    outer loop
      vertex -3.8637 10.9647 0
      vertex -1.40059 11.6247 0
      vertex -3.69552 10.4693 0
    endloop
  endfacet
  facet normal 0 0 -1
    outer loop
      vertex -1.15036 12.8827 0
      vertex -3.17341 14.435 0
      vertex -2.82843 14.8284 0
    endloop
  endfacet
  facet normal -0 0 -1
    outer loop
      vertex -1.40059 11.6247 0
      vertex -3.8637 10.9647 0
      vertex -1.43759 11.8107 0
    endloop
  endfacet
  facet normal 0 0 -1
    outer loop
      vertex -1.25574 12.725 0
      vertex -3.4641 14 0
      vertex -3.17341 14.435 0
    endloop
  endfacet
  facet normal 0 0 -1
    outer loop
      vertex -3.96578 11.4779 0
      vertex -1.43759 11.8107 0
      vertex -3.8637 10.9647 0
    endloop
  endfacet
  facet normal 0 0 -1
    outer loop
      vertex -1.33962 12.5549 0
      vertex -3.69552 13.5307 0
      vertex -3.4641 14 0
    endloop
  endfacet
  facet normal -0 0 -1
    outer loop
      vertex -1.43759 11.8107 0
      vertex -3.96578 11.4779 0
      vertex -1.45 12 0
    endloop
  endfacet
  facet normal 0 0 -1
    outer loop
      vertex -1.40059 12.3753 0
      vertex -3.8637 13.0353 0
      vertex -3.69552 13.5307 0
    endloop
  endfacet
  facet normal 0 0 -1
    outer loop
      vertex -4 12 0
      vertex -1.45 12 0
      vertex -3.96578 11.4779 0
    endloop
  endfacet
  facet normal 0 0 -1
    outer loop
      vertex -1.43759 12.1893 0
      vertex -3.96578 12.5221 0
      vertex -3.8637 13.0353 0
    endloop
  endfacet
  facet normal 0 0 -1
    outer loop
      vertex -1.45 12 0
      vertex -4 12 0
      vertex -3.96578 12.5221 0
    endloop
  endfacet
  facet normal -0.831441 0.555613 0
    outer loop
      vertex -3.4641 14 0
      vertex -3.17341 14.435 14
      vertex -3.17341 14.435 0
    endloop
  endfacet
  facet normal -0.831441 0.555613 0
    outer loop
      vertex -3.17341 14.435 14
      vertex -3.4641 14 0
      vertex -3.4641 14 14
    endloop
  endfacet
  facet normal 0.442291 -0.896871 0
    outer loop
      vertex 1.53073 8.30448 0
      vertex 2 8.5359 14
      vertex 1.53073 8.30448 14
    endloop
  endfacet
  facet normal 0.442291 -0.896871 0
    outer loop
      vertex 2 8.5359 14
      vertex 1.53073 8.30448 0
      vertex 2 8.5359 0
    endloop
  endfacet
  facet normal 0.321435 -0.946932 0
    outer loop
      vertex 1.03528 8.1363 0
      vertex 1.53073 8.30448 14
      vertex 1.03528 8.1363 14
    endloop
  endfacet
  facet normal 0.321435 -0.946932 0
    outer loop
      vertex 1.53073 8.30448 14
      vertex 1.03528 8.1363 0
      vertex 1.53073 8.30448 0
    endloop
  endfacet
  facet normal 0.65934 -0.751845 0
    outer loop
      vertex 2.43505 8.82659 0
      vertex 2.82843 9.17157 14
      vertex 2.43505 8.82659 14
    endloop
  endfacet
  facet normal 0.65934 -0.751845 0
    outer loop
      vertex 2.82843 9.17157 14
      vertex 2.43505 8.82659 0
      vertex 2.82843 9.17157 0
    endloop
  endfacet
  facet normal -0.896883 -0.442268 0
    outer loop
      vertex -3.4641 10 0
      vertex -3.69552 10.4693 14
      vertex -3.69552 10.4693 0
    endloop
  endfacet
  facet normal -0.896883 -0.442268 0
    outer loop
      vertex -3.69552 10.4693 14
      vertex -3.4641 10 0
      vertex -3.4641 10 14
    endloop
  endfacet
  facet normal 0.195133 0.980777 -0
    outer loop
      vertex 1.03528 15.8637 0
      vertex 0.522104 15.9658 14
      vertex 1.03528 15.8637 14
    endloop
  endfacet
  facet normal 0.195133 0.980777 0
    outer loop
      vertex 0.522104 15.9658 14
      vertex 1.03528 15.8637 0
      vertex 0.522104 15.9658 0
    endloop
  endfacet
  facet normal -0.442291 -0.896871 0
    outer loop
      vertex -2 8.5359 0
      vertex -1.53073 8.30448 14
      vertex -2 8.5359 14
    endloop
  endfacet
  facet normal -0.442291 -0.896871 -0
    outer loop
      vertex -1.53073 8.30448 14
      vertex -2 8.5359 0
      vertex -1.53073 8.30448 0
    endloop
  endfacet
  facet normal -0.831471 -0.555569 0
    outer loop
      vertex -3.17341 9.56495 0
      vertex -3.4641 10 14
      vertex -3.4641 10 0
    endloop
  endfacet
  facet normal -0.831471 -0.555569 0
    outer loop
      vertex -3.4641 10 14
      vertex -3.17341 9.56495 0
      vertex -3.17341 9.56495 14
    endloop
  endfacet
  facet normal 0 0 1
    outer loop
      vertex 1.45 12 14
      vertex 4 12 14
      vertex 3.96578 12.5221 14
    endloop
  endfacet
  facet normal 0 0 1
    outer loop
      vertex 1.43759 12.1893 14
      vertex 3.96578 12.5221 14
      vertex 3.8637 13.0353 14
    endloop
  endfacet
  facet normal 0 0 1
    outer loop
      vertex 4 12 14
      vertex 1.45 12 14
      vertex 3.96578 11.4779 14
    endloop
  endfacet
  facet normal 0 0 1
    outer loop
      vertex 1.40059 12.3753 14
      vertex 3.8637 13.0353 14
      vertex 3.69552 13.5307 14
    endloop
  endfacet
  facet normal -0 0 1
    outer loop
      vertex 1.43759 11.8107 14
      vertex 3.96578 11.4779 14
      vertex 1.45 12 14
    endloop
  endfacet
  facet normal 0 0 1
    outer loop
      vertex 1.33962 12.5549 14
      vertex 3.69552 13.5307 14
      vertex 3.4641 14 14
    endloop
  endfacet
  facet normal 0 0 1
    outer loop
      vertex 3.96578 11.4779 14
      vertex 1.43759 11.8107 14
      vertex 3.8637 10.9647 14
    endloop
  endfacet
  facet normal 0 0 1
    outer loop
      vertex 1.25574 12.725 14
      vertex 3.4641 14 14
      vertex 3.17341 14.435 14
    endloop
  endfacet
  facet normal -0 0 1
    outer loop
      vertex 1.40059 11.6247 14
      vertex 3.8637 10.9647 14
      vertex 1.43759 11.8107 14
    endloop
  endfacet
  facet normal 0 0 1
    outer loop
      vertex 1.15036 12.8827 14
      vertex 3.17341 14.435 14
      vertex 2.82843 14.8284 14
    endloop
  endfacet
  facet normal 0 0 1
    outer loop
      vertex 3.8637 10.9647 14
      vertex 1.40059 11.6247 14
      vertex 3.69552 10.4693 14
    endloop
  endfacet
  facet normal 0 0 1
    outer loop
      vertex 1.0253 13.0253 14
      vertex 2.82843 14.8284 14
      vertex 2.43505 15.1734 14
    endloop
  endfacet
  facet normal -0 0 1
    outer loop
      vertex 1.33962 11.4451 14
      vertex 3.69552 10.4693 14
      vertex 1.40059 11.6247 14
    endloop
  endfacet
  facet normal 0 0 1
    outer loop
      vertex 0.882704 13.1504 14
      vertex 2.43505 15.1734 14
      vertex 2 15.4641 14
    endloop
  endfacet
  facet normal 0 0 1
    outer loop
      vertex 3.69552 10.4693 14
      vertex 1.33962 11.4451 14
      vertex 3.4641 10 14
    endloop
  endfacet
  facet normal 0 0 1
    outer loop
      vertex 0.724999 13.2557 14
      vertex 2 15.4641 14
      vertex 1.53073 15.6955 14
    endloop
  endfacet
  facet normal -0 0 1
    outer loop
      vertex 1.25574 11.275 14
      vertex 3.4641 10 14
      vertex 1.33962 11.4451 14
    endloop
  endfacet
  facet normal 0 0 1
    outer loop
      vertex 3.4641 10 14
      vertex 1.25574 11.275 14
      vertex 3.17341 9.56495 14
    endloop
  endfacet
  facet normal 0 0 1
    outer loop
      vertex 3.96578 12.5221 14
      vertex 1.43759 12.1893 14
      vertex 1.45 12 14
    endloop
  endfacet
  facet normal 0 0 1
    outer loop
      vertex 3.8637 13.0353 14
      vertex 1.40059 12.3753 14
      vertex 1.43759 12.1893 14
    endloop
  endfacet
  facet normal 0 0 1
    outer loop
      vertex 3.69552 13.5307 14
      vertex 1.33962 12.5549 14
      vertex 1.40059 12.3753 14
    endloop
  endfacet
  facet normal 0 0 1
    outer loop
      vertex 3.4641 14 14
      vertex 1.25574 12.725 14
      vertex 1.33962 12.5549 14
    endloop
  endfacet
  facet normal 0 0 1
    outer loop
      vertex 3.17341 14.435 14
      vertex 1.15036 12.8827 14
      vertex 1.25574 12.725 14
    endloop
  endfacet
  facet normal 0 0 1
    outer loop
      vertex 0.554891 13.3396 14
      vertex 1.53073 15.6955 14
      vertex 1.03528 15.8637 14
    endloop
  endfacet
  facet normal 0 0 1
    outer loop
      vertex 2.82843 14.8284 14
      vertex 1.0253 13.0253 14
      vertex 1.15036 12.8827 14
    endloop
  endfacet
  facet normal 0 0 1
    outer loop
      vertex 2.43505 15.1734 14
      vertex 0.882704 13.1504 14
      vertex 1.0253 13.0253 14
    endloop
  endfacet
  facet normal 0 0 1
    outer loop
      vertex 2 15.4641 14
      vertex 0.724999 13.2557 14
      vertex 0.882704 13.1504 14
    endloop
  endfacet
  facet normal 0 0 1
    outer loop
      vertex 1.53073 15.6955 14
      vertex 0.554891 13.3396 14
      vertex 0.724999 13.2557 14
    endloop
  endfacet
  facet normal 0 0 1
    outer loop
      vertex 0.375287 13.4006 14
      vertex 1.03528 15.8637 14
      vertex 0.522104 15.9658 14
    endloop
  endfacet
  facet normal 0 0 1
    outer loop
      vertex 1.03528 15.8637 14
      vertex 0.375287 13.4006 14
      vertex 0.554891 13.3396 14
    endloop
  endfacet
  facet normal 0 0 1
    outer loop
      vertex 0.522104 15.9658 14
      vertex 0.189262 13.4376 14
      vertex 0.375287 13.4006 14
    endloop
  endfacet
  facet normal 0 0 1
    outer loop
      vertex 0 16 14
      vertex 0.189262 13.4376 14
      vertex 0.522104 15.9658 14
    endloop
  endfacet
  facet normal 0 0 1
    outer loop
      vertex 0 16 14
      vertex 0 13.45 14
      vertex 0.189262 13.4376 14
    endloop
  endfacet
  facet normal 0 0 1
    outer loop
      vertex 0 16 14
      vertex -0.189262 13.4376 14
      vertex 0 13.45 14
    endloop
  endfacet
  facet normal -0 0 1
    outer loop
      vertex -0.522104 15.9658 14
      vertex -0.189262 13.4376 14
      vertex 0 16 14
    endloop
  endfacet
  facet normal 0 0 1
    outer loop
      vertex -0.189262 13.4376 14
      vertex -0.522104 15.9658 14
      vertex -0.375287 13.4006 14
    endloop
  endfacet
  facet normal -0 0 1
    outer loop
      vertex -1.03528 15.8637 14
      vertex -0.375287 13.4006 14
      vertex -0.522104 15.9658 14
    endloop
  endfacet
  facet normal 0 0 1
    outer loop
      vertex -0.375287 13.4006 14
      vertex -1.03528 15.8637 14
      vertex -0.554891 13.3396 14
    endloop
  endfacet
  facet normal -0 0 1
    outer loop
      vertex -1.53073 15.6955 14
      vertex -0.554891 13.3396 14
      vertex -1.03528 15.8637 14
    endloop
  endfacet
  facet normal 0 0 1
    outer loop
      vertex -0.554891 13.3396 14
      vertex -1.53073 15.6955 14
      vertex -0.724999 13.2557 14
    endloop
  endfacet
  facet normal -0 0 1
    outer loop
      vertex -2 15.4641 14
      vertex -0.724999 13.2557 14
      vertex -1.53073 15.6955 14
    endloop
  endfacet
  facet normal 0 0 1
    outer loop
      vertex -0.724999 13.2557 14
      vertex -2 15.4641 14
      vertex -0.882704 13.1504 14
    endloop
  endfacet
  facet normal -0 0 1
    outer loop
      vertex -2.43505 15.1734 14
      vertex -0.882704 13.1504 14
      vertex -2 15.4641 14
    endloop
  endfacet
  facet normal 0 0 1
    outer loop
      vertex -0.882704 13.1504 14
      vertex -2.43505 15.1734 14
      vertex -1.0253 13.0253 14
    endloop
  endfacet
  facet normal -0 0 1
    outer loop
      vertex -2.82843 14.8284 14
      vertex -1.0253 13.0253 14
      vertex -2.43505 15.1734 14
    endloop
  endfacet
  facet normal 0 0 1
    outer loop
      vertex -1.0253 13.0253 14
      vertex -2.82843 14.8284 14
      vertex -1.15036 12.8827 14
    endloop
  endfacet
  facet normal 0 0 1
    outer loop
      vertex -1.15036 12.8827 14
      vertex -3.17341 14.435 14
      vertex -1.25574 12.725 14
    endloop
  endfacet
  facet normal -0 0 1
    outer loop
      vertex -3.17341 14.435 14
      vertex -1.15036 12.8827 14
      vertex -2.82843 14.8284 14
    endloop
  endfacet
  facet normal -0 0 1
    outer loop
      vertex 1.15036 11.1173 14
      vertex 3.17341 9.56495 14
      vertex 1.25574 11.275 14
    endloop
  endfacet
  facet normal 0 0 1
    outer loop
      vertex 3.17341 9.56495 14
      vertex 1.15036 11.1173 14
      vertex 2.82843 9.17157 14
    endloop
  endfacet
  facet normal -0 0 1
    outer loop
      vertex 1.0253 10.9747 14
      vertex 2.82843 9.17157 14
      vertex 1.15036 11.1173 14
    endloop
  endfacet
  facet normal 0 0 1
    outer loop
      vertex 2.82843 9.17157 14
      vertex 1.0253 10.9747 14
      vertex 2.43505 8.82659 14
    endloop
  endfacet
  facet normal -0 0 1
    outer loop
      vertex 0.882704 10.8496 14
      vertex 2.43505 8.82659 14
      vertex 1.0253 10.9747 14
    endloop
  endfacet
  facet normal 0 0 1
    outer loop
      vertex 2.43505 8.82659 14
      vertex 0.882704 10.8496 14
      vertex 2 8.5359 14
    endloop
  endfacet
  facet normal -0 0 1
    outer loop
      vertex 0.724999 10.7443 14
      vertex 2 8.5359 14
      vertex 0.882704 10.8496 14
    endloop
  endfacet
  facet normal 0 0 1
    outer loop
      vertex 2 8.5359 14
      vertex 0.724999 10.7443 14
      vertex 1.53073 8.30448 14
    endloop
  endfacet
  facet normal -0 0 1
    outer loop
      vertex 0.554891 10.6604 14
      vertex 1.53073 8.30448 14
      vertex 0.724999 10.7443 14
    endloop
  endfacet
  facet normal 0 0 1
    outer loop
      vertex 1.53073 8.30448 14
      vertex 0.554891 10.6604 14
      vertex 1.03528 8.1363 14
    endloop
  endfacet
  facet normal -0 0 1
    outer loop
      vertex 0.375287 10.5994 14
      vertex 1.03528 8.1363 14
      vertex 0.554891 10.6604 14
    endloop
  endfacet
  facet normal 0 0 1
    outer loop
      vertex 1.03528 8.1363 14
      vertex 0.375287 10.5994 14
      vertex 0.522104 8.03422 14
    endloop
  endfacet
  facet normal -0 0 1
    outer loop
      vertex 0.189262 10.5624 14
      vertex 0.522104 8.03422 14
      vertex 0.375287 10.5994 14
    endloop
  endfacet
  facet normal -0 0 1
    outer loop
      vertex 0 10.55 14
      vertex 0.522104 8.03422 14
      vertex 0.189262 10.5624 14
    endloop
  endfacet
  facet normal 0 0 1
    outer loop
      vertex 0 10.55 14
      vertex 0 8 14
      vertex 0.522104 8.03422 14
    endloop
  endfacet
  facet normal 0 0 1
    outer loop
      vertex -0.189262 10.5624 14
      vertex 0 8 14
      vertex 0 10.55 14
    endloop
  endfacet
  facet normal 0 0 1
    outer loop
      vertex -0.522104 8.03422 14
      vertex -0.189262 10.5624 14
      vertex -0.375287 10.5994 14
    endloop
  endfacet
  facet normal 0 0 1
    outer loop
      vertex -0.189262 10.5624 14
      vertex -0.522104 8.03422 14
      vertex 0 8 14
    endloop
  endfacet
  facet normal 0 0 1
    outer loop
      vertex -1.03528 8.1363 14
      vertex -0.375287 10.5994 14
      vertex -0.554891 10.6604 14
    endloop
  endfacet
  facet normal 0 0 1
    outer loop
      vertex -1.53073 8.30448 14
      vertex -0.554891 10.6604 14
      vertex -0.724999 10.7443 14
    endloop
  endfacet
  facet normal 0 0 1
    outer loop
      vertex -2 8.5359 14
      vertex -0.724999 10.7443 14
      vertex -0.882704 10.8496 14
    endloop
  endfacet
  facet normal 0 0 1
    outer loop
      vertex -2.43505 8.82659 14
      vertex -0.882704 10.8496 14
      vertex -1.0253 10.9747 14
    endloop
  endfacet
  facet normal 0 0 1
    outer loop
      vertex -0.375287 10.5994 14
      vertex -1.03528 8.1363 14
      vertex -0.522104 8.03422 14
    endloop
  endfacet
  facet normal 0 0 1
    outer loop
      vertex -2.82843 9.17157 14
      vertex -1.0253 10.9747 14
      vertex -1.15036 11.1173 14
    endloop
  endfacet
  facet normal 0 0 1
    outer loop
      vertex -3.17341 9.56495 14
      vertex -1.15036 11.1173 14
      vertex -1.25574 11.275 14
    endloop
  endfacet
  facet normal 0 0 1
    outer loop
      vertex -3.4641 10 14
      vertex -1.25574 11.275 14
      vertex -1.33962 11.4451 14
    endloop
  endfacet
  facet normal 0 0 1
    outer loop
      vertex -3.69552 10.4693 14
      vertex -1.33962 11.4451 14
      vertex -1.40059 11.6247 14
    endloop
  endfacet
  facet normal 0 0 1
    outer loop
      vertex -3.8637 10.9647 14
      vertex -1.40059 11.6247 14
      vertex -1.43759 11.8107 14
    endloop
  endfacet
  facet normal 0 0 1
    outer loop
      vertex -0.554891 10.6604 14
      vertex -1.53073 8.30448 14
      vertex -1.03528 8.1363 14
    endloop
  endfacet
  facet normal 0 0 1
    outer loop
      vertex -3.96578 11.4779 14
      vertex -1.43759 11.8107 14
      vertex -1.45 12 14
    endloop
  endfacet
  facet normal -0 0 1
    outer loop
      vertex -3.4641 14 14
      vertex -1.25574 12.725 14
      vertex -3.17341 14.435 14
    endloop
  endfacet
  facet normal 0 0 1
    outer loop
      vertex -1.25574 12.725 14
      vertex -3.4641 14 14
      vertex -1.33962 12.5549 14
    endloop
  endfacet
  facet normal 0 0 1
    outer loop
      vertex -0.724999 10.7443 14
      vertex -2 8.5359 14
      vertex -1.53073 8.30448 14
    endloop
  endfacet
  facet normal -0 0 1
    outer loop
      vertex -3.69552 13.5307 14
      vertex -1.33962 12.5549 14
      vertex -3.4641 14 14
    endloop
  endfacet
  facet normal 0 0 1
    outer loop
      vertex -0.882704 10.8496 14
      vertex -2.43505 8.82659 14
      vertex -2 8.5359 14
    endloop
  endfacet
  facet normal 0 0 1
    outer loop
      vertex -1.33962 12.5549 14
      vertex -3.69552 13.5307 14
      vertex -1.40059 12.3753 14
    endloop
  endfacet
  facet normal 0 0 1
    outer loop
      vertex -1.0253 10.9747 14
      vertex -2.82843 9.17157 14
      vertex -2.43505 8.82659 14
    endloop
  endfacet
  facet normal -0 0 1
    outer loop
      vertex -3.8637 13.0353 14
      vertex -1.40059 12.3753 14
      vertex -3.69552 13.5307 14
    endloop
  endfacet
  facet normal 0 0 1
    outer loop
      vertex -1.15036 11.1173 14
      vertex -3.17341 9.56495 14
      vertex -2.82843 9.17157 14
    endloop
  endfacet
  facet normal 0 0 1
    outer loop
      vertex -1.40059 12.3753 14
      vertex -3.8637 13.0353 14
      vertex -1.43759 12.1893 14
    endloop
  endfacet
  facet normal 0 0 1
    outer loop
      vertex -1.25574 11.275 14
      vertex -3.4641 10 14
      vertex -3.17341 9.56495 14
    endloop
  endfacet
  facet normal -0 0 1
    outer loop
      vertex -3.96578 12.5221 14
      vertex -1.43759 12.1893 14
      vertex -3.8637 13.0353 14
    endloop
  endfacet
  facet normal 0 0 1
    outer loop
      vertex -1.33962 11.4451 14
      vertex -3.69552 10.4693 14
      vertex -3.4641 10 14
    endloop
  endfacet
  facet normal 0 0 1
    outer loop
      vertex -1.43759 12.1893 14
      vertex -3.96578 12.5221 14
      vertex -1.45 12 14
    endloop
  endfacet
  facet normal 0 0 1
    outer loop
      vertex -1.40059 11.6247 14
      vertex -3.8637 10.9647 14
      vertex -3.69552 10.4693 14
    endloop
  endfacet
  facet normal 0 0 1
    outer loop
      vertex -4 12 14
      vertex -1.45 12 14
      vertex -3.96578 12.5221 14
    endloop
  endfacet
  facet normal 0 0 1
    outer loop
      vertex -1.43759 11.8107 14
      vertex -3.96578 11.4779 14
      vertex -3.8637 10.9647 14
    endloop
  endfacet
  facet normal 0 0 1
    outer loop
      vertex -1.45 12 14
      vertex -4 12 14
      vertex -3.96578 11.4779 14
    endloop
  endfacet
  facet normal -0.980783 -0.195102 0
    outer loop
      vertex 1.43759 12.1893 0
      vertex 1.40059 12.3753 14
      vertex 1.40059 12.3753 0
    endloop
  endfacet
  facet normal -0.980783 -0.195102 0
    outer loop
      vertex 1.40059 12.3753 14
      vertex 1.43759 12.1893 0
      vertex 1.43759 12.1893 14
    endloop
  endfacet
  facet normal -0.997858 -0.0654169 0
    outer loop
      vertex 1.45 12 0
      vertex 1.43759 12.1893 14
      vertex 1.43759 12.1893 0
    endloop
  endfacet
  facet normal -0.997858 -0.0654169 0
    outer loop
      vertex 1.43759 12.1893 14
      vertex 1.45 12 0
      vertex 1.45 12 14
    endloop
  endfacet
  facet normal -0.321594 0.946878 0
    outer loop
      vertex 0.554891 10.6604 0
      vertex 0.375287 10.5994 14
      vertex 0.554891 10.6604 14
    endloop
  endfacet
  facet normal -0.321594 0.946878 0
    outer loop
      vertex 0.375287 10.5994 14
      vertex 0.554891 10.6604 0
      vertex 0.375287 10.5994 0
    endloop
  endfacet
  facet normal -0.83145 -0.5556 0
    outer loop
      vertex 1.25574 12.725 0
      vertex 1.15036 12.8827 14
      vertex 1.15036 12.8827 0
    endloop
  endfacet
  facet normal -0.83145 -0.5556 0
    outer loop
      vertex 1.15036 12.8827 14
      vertex 1.25574 12.725 0
      vertex 1.25574 12.725 14
    endloop
  endfacet
  facet normal 0.896881 -0.442272 0
    outer loop
      vertex -1.33962 12.5549 14
      vertex -1.25574 12.725 0
      vertex -1.25574 12.725 14
    endloop
  endfacet
  facet normal 0.896881 -0.442272 0
    outer loop
      vertex -1.25574 12.725 0
      vertex -1.33962 12.5549 14
      vertex -1.33962 12.5549 0
    endloop
  endfacet
  facet normal 0.555296 -0.831653 0
    outer loop
      vertex -0.882704 13.1504 0
      vertex -0.724999 13.2557 14
      vertex -0.882704 13.1504 14
    endloop
  endfacet
  facet normal 0.555296 -0.831653 0
    outer loop
      vertex -0.724999 13.2557 14
      vertex -0.882704 13.1504 0
      vertex -0.724999 13.2557 0
    endloop
  endfacet
  facet normal 0.659485 -0.751718 0
    outer loop
      vertex -1.0253 13.0253 0
      vertex -0.882704 13.1504 14
      vertex -1.0253 13.0253 14
    endloop
  endfacet
  facet normal 0.659485 -0.751718 0
    outer loop
      vertex -0.882704 13.1504 14
      vertex -1.0253 13.0253 0
      vertex -0.882704 13.1504 0
    endloop
  endfacet
  facet normal 0.751832 -0.659355 0
    outer loop
      vertex -1.15036 12.8827 14
      vertex -1.0253 13.0253 0
      vertex -1.0253 13.0253 14
    endloop
  endfacet
  facet normal 0.751832 -0.659355 0
    outer loop
      vertex -1.0253 13.0253 0
      vertex -1.15036 12.8827 14
      vertex -1.15036 12.8827 0
    endloop
  endfacet
  facet normal -0.946924 0.321458 0
    outer loop
      vertex 1.33962 11.4451 0
      vertex 1.40059 11.6247 14
      vertex 1.40059 11.6247 0
    endloop
  endfacet
  facet normal -0.946924 0.321458 0
    outer loop
      vertex 1.40059 11.6247 14
      vertex 1.33962 11.4451 0
      vertex 1.33962 11.4451 14
    endloop
  endfacet
  facet normal 0.997858 -0.0654169 0
    outer loop
      vertex -1.45 12 14
      vertex -1.43759 12.1893 0
      vertex -1.43759 12.1893 14
    endloop
  endfacet
  facet normal 0.997858 -0.0654169 0
    outer loop
      vertex -1.43759 12.1893 0
      vertex -1.45 12 14
      vertex -1.45 12 0
    endloop
  endfacet
  facet normal -0.555296 -0.831653 0
    outer loop
      vertex 0.724999 13.2557 0
      vertex 0.882704 13.1504 14
      vertex 0.724999 13.2557 14
    endloop
  endfacet
  facet normal -0.555296 -0.831653 -0
    outer loop
      vertex 0.882704 13.1504 14
      vertex 0.724999 13.2557 0
      vertex 0.882704 13.1504 0
    endloop
  endfacet
  facet normal 0.321594 0.946878 -0
    outer loop
      vertex -0.375287 10.5994 0
      vertex -0.554891 10.6604 14
      vertex -0.375287 10.5994 14
    endloop
  endfacet
  facet normal 0.321594 0.946878 0
    outer loop
      vertex -0.554891 10.6604 14
      vertex -0.375287 10.5994 0
      vertex -0.554891 10.6604 0
    endloop
  endfacet
  facet normal 0.751832 0.659355 0
    outer loop
      vertex -1.0253 10.9747 14
      vertex -1.15036 11.1173 0
      vertex -1.15036 11.1173 14
    endloop
  endfacet
  facet normal 0.751832 0.659355 0
    outer loop
      vertex -1.15036 11.1173 0
      vertex -1.0253 10.9747 14
      vertex -1.0253 10.9747 0
    endloop
  endfacet
  facet normal -0.195077 0.980788 0
    outer loop
      vertex 0.375287 10.5994 0
      vertex 0.189262 10.5624 14
      vertex 0.375287 10.5994 14
    endloop
  endfacet
  facet normal -0.195077 0.980788 0
    outer loop
      vertex 0.189262 10.5624 14
      vertex 0.375287 10.5994 0
      vertex 0.189262 10.5624 0
    endloop
  endfacet
  facet normal 0.321594 -0.946878 0
    outer loop
      vertex -0.554891 13.3396 0
      vertex -0.375287 13.4006 14
      vertex -0.554891 13.3396 14
    endloop
  endfacet
  facet normal 0.321594 -0.946878 0
    outer loop
      vertex -0.375287 13.4006 14
      vertex -0.554891 13.3396 0
      vertex -0.375287 13.4006 0
    endloop
  endfacet
  facet normal 0.83145 0.5556 0
    outer loop
      vertex -1.15036 11.1173 14
      vertex -1.25574 11.275 0
      vertex -1.25574 11.275 14
    endloop
  endfacet
  facet normal 0.83145 0.5556 0
    outer loop
      vertex -1.25574 11.275 0
      vertex -1.15036 11.1173 14
      vertex -1.15036 11.1173 0
    endloop
  endfacet
  facet normal -0.555296 0.831653 0
    outer loop
      vertex 0.882704 10.8496 0
      vertex 0.724999 10.7443 14
      vertex 0.882704 10.8496 14
    endloop
  endfacet
  facet normal -0.555296 0.831653 0
    outer loop
      vertex 0.724999 10.7443 14
      vertex 0.882704 10.8496 0
      vertex 0.724999 10.7443 0
    endloop
  endfacet
  facet normal 0.946924 -0.321458 0
    outer loop
      vertex -1.40059 12.3753 14
      vertex -1.33962 12.5549 0
      vertex -1.33962 12.5549 14
    endloop
  endfacet
  facet normal 0.946924 -0.321458 0
    outer loop
      vertex -1.33962 12.5549 0
      vertex -1.40059 12.3753 14
      vertex -1.40059 12.3753 0
    endloop
  endfacet
  facet normal -0.321594 -0.946878 0
    outer loop
      vertex 0.375287 13.4006 0
      vertex 0.554891 13.3396 14
      vertex 0.375287 13.4006 14
    endloop
  endfacet
  facet normal -0.321594 -0.946878 -0
    outer loop
      vertex 0.554891 13.3396 14
      vertex 0.375287 13.4006 0
      vertex 0.554891 13.3396 0
    endloop
  endfacet
  facet normal -0.0653775 -0.997861 0
    outer loop
      vertex 0 13.45 0
      vertex 0.189262 13.4376 14
      vertex 0 13.45 14
    endloop
  endfacet
  facet normal -0.0653775 -0.997861 -0
    outer loop
      vertex 0.189262 13.4376 14
      vertex 0 13.45 0
      vertex 0.189262 13.4376 0
    endloop
  endfacet
  facet normal 0.44234 -0.896848 0
    outer loop
      vertex -0.724999 13.2557 0
      vertex -0.554891 13.3396 14
      vertex -0.724999 13.2557 14
    endloop
  endfacet
  facet normal 0.44234 -0.896848 0
    outer loop
      vertex -0.554891 13.3396 14
      vertex -0.724999 13.2557 0
      vertex -0.554891 13.3396 0
    endloop
  endfacet
  facet normal -0.83145 0.5556 0
    outer loop
      vertex 1.15036 11.1173 0
      vertex 1.25574 11.275 14
      vertex 1.25574 11.275 0
    endloop
  endfacet
  facet normal -0.83145 0.5556 0
    outer loop
      vertex 1.25574 11.275 14
      vertex 1.15036 11.1173 0
      vertex 1.15036 11.1173 14
    endloop
  endfacet
  facet normal 0.997858 0.0654169 0
    outer loop
      vertex -1.43759 11.8107 14
      vertex -1.45 12 0
      vertex -1.45 12 14
    endloop
  endfacet
  facet normal 0.997858 0.0654169 0
    outer loop
      vertex -1.45 12 0
      vertex -1.43759 11.8107 14
      vertex -1.43759 11.8107 0
    endloop
  endfacet
  facet normal 0.946924 0.321458 0
    outer loop
      vertex -1.33962 11.4451 14
      vertex -1.40059 11.6247 0
      vertex -1.40059 11.6247 14
    endloop
  endfacet
  facet normal 0.946924 0.321458 0
    outer loop
      vertex -1.40059 11.6247 0
      vertex -1.33962 11.4451 14
      vertex -1.33962 11.4451 0
    endloop
  endfacet
  facet normal 0.659485 0.751718 -0
    outer loop
      vertex -0.882704 10.8496 0
      vertex -1.0253 10.9747 14
      vertex -0.882704 10.8496 14
    endloop
  endfacet
  facet normal 0.659485 0.751718 0
    outer loop
      vertex -1.0253 10.9747 14
      vertex -0.882704 10.8496 0
      vertex -1.0253 10.9747 0
    endloop
  endfacet
  facet normal -0.44234 -0.896848 0
    outer loop
      vertex 0.554891 13.3396 0
      vertex 0.724999 13.2557 14
      vertex 0.554891 13.3396 14
    endloop
  endfacet
  facet normal -0.44234 -0.896848 -0
    outer loop
      vertex 0.724999 13.2557 14
      vertex 0.554891 13.3396 0
      vertex 0.724999 13.2557 0
    endloop
  endfacet
  facet normal 0.195077 -0.980788 0
    outer loop
      vertex -0.375287 13.4006 0
      vertex -0.189262 13.4376 14
      vertex -0.375287 13.4006 14
    endloop
  endfacet
  facet normal 0.195077 -0.980788 0
    outer loop
      vertex -0.189262 13.4376 14
      vertex -0.375287 13.4006 0
      vertex -0.189262 13.4376 0
    endloop
  endfacet
  facet normal -0.751832 -0.659355 0
    outer loop
      vertex 1.15036 12.8827 0
      vertex 1.0253 13.0253 14
      vertex 1.0253 13.0253 0
    endloop
  endfacet
  facet normal -0.751832 -0.659355 0
    outer loop
      vertex 1.0253 13.0253 14
      vertex 1.15036 12.8827 0
      vertex 1.15036 12.8827 14
    endloop
  endfacet
  facet normal -0.195077 -0.980788 0
    outer loop
      vertex 0.189262 13.4376 0
      vertex 0.375287 13.4006 14
      vertex 0.189262 13.4376 14
    endloop
  endfacet
  facet normal -0.195077 -0.980788 -0
    outer loop
      vertex 0.375287 13.4006 14
      vertex 0.189262 13.4376 0
      vertex 0.375287 13.4006 0
    endloop
  endfacet
  facet normal -0.751832 0.659355 0
    outer loop
      vertex 1.0253 10.9747 0
      vertex 1.15036 11.1173 14
      vertex 1.15036 11.1173 0
    endloop
  endfacet
  facet normal -0.751832 0.659355 0
    outer loop
      vertex 1.15036 11.1173 14
      vertex 1.0253 10.9747 0
      vertex 1.0253 10.9747 14
    endloop
  endfacet
  facet normal 0.44234 0.896848 -0
    outer loop
      vertex -0.554891 10.6604 0
      vertex -0.724999 10.7443 14
      vertex -0.554891 10.6604 14
    endloop
  endfacet
  facet normal 0.44234 0.896848 0
    outer loop
      vertex -0.724999 10.7443 14
      vertex -0.554891 10.6604 0
      vertex -0.724999 10.7443 0
    endloop
  endfacet
  facet normal 0.980783 -0.195102 0
    outer loop
      vertex -1.43759 12.1893 14
      vertex -1.40059 12.3753 0
      vertex -1.40059 12.3753 14
    endloop
  endfacet
  facet normal 0.980783 -0.195102 0
    outer loop
      vertex -1.40059 12.3753 0
      vertex -1.43759 12.1893 14
      vertex -1.43759 12.1893 0
    endloop
  endfacet
  facet normal -0.0653775 0.997861 0
    outer loop
      vertex 0.189262 10.5624 0
      vertex 0 10.55 14
      vertex 0.189262 10.5624 14
    endloop
  endfacet
  facet normal -0.0653775 0.997861 0
    outer loop
      vertex 0 10.55 14
      vertex 0.189262 10.5624 0
      vertex 0 10.55 0
    endloop
  endfacet
  facet normal -0.44234 0.896848 0
    outer loop
      vertex 0.724999 10.7443 0
      vertex 0.554891 10.6604 14
      vertex 0.724999 10.7443 14
    endloop
  endfacet
  facet normal -0.44234 0.896848 0
    outer loop
      vertex 0.554891 10.6604 14
      vertex 0.724999 10.7443 0
      vertex 0.554891 10.6604 0
    endloop
  endfacet
  facet normal -0.659485 0.751718 0
    outer loop
      vertex 1.0253 10.9747 0
      vertex 0.882704 10.8496 14
      vertex 1.0253 10.9747 14
    endloop
  endfacet
  facet normal -0.659485 0.751718 0
    outer loop
      vertex 0.882704 10.8496 14
      vertex 1.0253 10.9747 0
      vertex 0.882704 10.8496 0
    endloop
  endfacet
  facet normal 0.896881 0.442272 0
    outer loop
      vertex -1.25574 11.275 14
      vertex -1.33962 11.4451 0
      vertex -1.33962 11.4451 14
    endloop
  endfacet
  facet normal 0.896881 0.442272 0
    outer loop
      vertex -1.33962 11.4451 0
      vertex -1.25574 11.275 14
      vertex -1.25574 11.275 0
    endloop
  endfacet
  facet normal -0.896881 0.442272 0
    outer loop
      vertex 1.25574 11.275 0
      vertex 1.33962 11.4451 14
      vertex 1.33962 11.4451 0
    endloop
  endfacet
  facet normal -0.896881 0.442272 0
    outer loop
      vertex 1.33962 11.4451 14
      vertex 1.25574 11.275 0
      vertex 1.25574 11.275 14
    endloop
  endfacet
  facet normal -0.659485 -0.751718 0
    outer loop
      vertex 0.882704 13.1504 0
      vertex 1.0253 13.0253 14
      vertex 0.882704 13.1504 14
    endloop
  endfacet
  facet normal -0.659485 -0.751718 -0
    outer loop
      vertex 1.0253 13.0253 14
      vertex 0.882704 13.1504 0
      vertex 1.0253 13.0253 0
    endloop
  endfacet
  facet normal -0.997858 0.0654169 0
    outer loop
      vertex 1.43759 11.8107 0
      vertex 1.45 12 14
      vertex 1.45 12 0
    endloop
  endfacet
  facet normal -0.997858 0.0654169 0
    outer loop
      vertex 1.45 12 14
      vertex 1.43759 11.8107 0
      vertex 1.43759 11.8107 14
    endloop
  endfacet
  facet normal 0.555296 0.831653 -0
    outer loop
      vertex -0.724999 10.7443 0
      vertex -0.882704 10.8496 14
      vertex -0.724999 10.7443 14
    endloop
  endfacet
  facet normal 0.555296 0.831653 0
    outer loop
      vertex -0.882704 10.8496 14
      vertex -0.724999 10.7443 0
      vertex -0.882704 10.8496 0
    endloop
  endfacet
  facet normal -0.896881 -0.442272 0
    outer loop
      vertex 1.33962 12.5549 0
      vertex 1.25574 12.725 14
      vertex 1.25574 12.725 0
    endloop
  endfacet
  facet normal -0.896881 -0.442272 0
    outer loop
      vertex 1.25574 12.725 14
      vertex 1.33962 12.5549 0
      vertex 1.33962 12.5549 14
    endloop
  endfacet
  facet normal -0.980783 0.195102 0
    outer loop
      vertex 1.40059 11.6247 0
      vertex 1.43759 11.8107 14
      vertex 1.43759 11.8107 0
    endloop
  endfacet
  facet normal -0.980783 0.195102 0
    outer loop
      vertex 1.43759 11.8107 14
      vertex 1.40059 11.6247 0
      vertex 1.40059 11.6247 14
    endloop
  endfacet
  facet normal -0.946924 -0.321458 0
    outer loop
      vertex 1.40059 12.3753 0
      vertex 1.33962 12.5549 14
      vertex 1.33962 12.5549 0
    endloop
  endfacet
  facet normal -0.946924 -0.321458 0
    outer loop
      vertex 1.33962 12.5549 14
      vertex 1.40059 12.3753 0
      vertex 1.40059 12.3753 14
    endloop
  endfacet
  facet normal 0.0653775 -0.997861 0
    outer loop
      vertex -0.189262 13.4376 0
      vertex 0 13.45 14
      vertex -0.189262 13.4376 14
    endloop
  endfacet
  facet normal 0.0653775 -0.997861 0
    outer loop
      vertex 0 13.45 14
      vertex -0.189262 13.4376 0
      vertex 0 13.45 0
    endloop
  endfacet
  facet normal 0.980783 0.195102 0
    outer loop
      vertex -1.40059 11.6247 14
      vertex -1.43759 11.8107 0
      vertex -1.43759 11.8107 14
    endloop
  endfacet
  facet normal 0.980783 0.195102 0
    outer loop
      vertex -1.43759 11.8107 0
      vertex -1.40059 11.6247 14
      vertex -1.40059 11.6247 0
    endloop
  endfacet
  facet normal 0.195077 0.980788 -0
    outer loop
      vertex -0.189262 10.5624 0
      vertex -0.375287 10.5994 14
      vertex -0.189262 10.5624 14
    endloop
  endfacet
  facet normal 0.195077 0.980788 0
    outer loop
      vertex -0.375287 10.5994 14
      vertex -0.189262 10.5624 0
      vertex -0.375287 10.5994 0
    endloop
  endfacet
  facet normal 0.83145 -0.5556 0
    outer loop
      vertex -1.25574 12.725 14
      vertex -1.15036 12.8827 0
      vertex -1.15036 12.8827 14
    endloop
  endfacet
  facet normal 0.83145 -0.5556 0
    outer loop
      vertex -1.15036 12.8827 0
      vertex -1.25574 12.725 14
      vertex -1.25574 12.725 0
    endloop
  endfacet
  facet normal 0.0653775 0.997861 -0
    outer loop
      vertex 0 10.55 0
      vertex -0.189262 10.5624 14
      vertex 0 10.55 14
    endloop
  endfacet
  facet normal 0.0653775 0.997861 0
    outer loop
      vertex -0.189262 10.5624 14
      vertex 0 10.55 0
      vertex -0.189262 10.5624 0
    endloop
  endfacet
  facet normal 0.321498 0.94691 -0
    outer loop
      vertex 13.5307 15.6955 0
      vertex 13.0353 15.8637 14
      vertex 13.5307 15.6955 14
    endloop
  endfacet
  facet normal 0.321498 0.94691 0
    outer loop
      vertex 13.0353 15.8637 14
      vertex 13.5307 15.6955 0
      vertex 13.0353 15.8637 0
    endloop
  endfacet
  facet normal 0.980779 0.195124 0
    outer loop
      vertex 15.9658 12.5221 14
      vertex 15.8637 13.0353 0
      vertex 15.8637 13.0353 14
    endloop
  endfacet
  facet normal 0.980779 0.195124 0
    outer loop
      vertex 15.8637 13.0353 0
      vertex 15.9658 12.5221 14
      vertex 15.9658 12.5221 0
    endloop
  endfacet
  facet normal 0.997861 0.0653646 0
    outer loop
      vertex 16 12 14
      vertex 15.9658 12.5221 0
      vertex 15.9658 12.5221 14
    endloop
  endfacet
  facet normal 0.997861 0.0653646 0
    outer loop
      vertex 15.9658 12.5221 0
      vertex 16 12 14
      vertex 16 12 0
    endloop
  endfacet
  facet normal 0.94691 0.321498 0
    outer loop
      vertex 15.8637 13.0353 14
      vertex 15.6955 13.5307 0
      vertex 15.6955 13.5307 14
    endloop
  endfacet
  facet normal 0.94691 0.321498 0
    outer loop
      vertex 15.6955 13.5307 0
      vertex 15.8637 13.0353 14
      vertex 15.8637 13.0353 0
    endloop
  endfacet
  facet normal 0.442238 0.896898 -0
    outer loop
      vertex 14 15.4641 0
      vertex 13.5307 15.6955 14
      vertex 14 15.4641 14
    endloop
  endfacet
  facet normal 0.442238 0.896898 0
    outer loop
      vertex 13.5307 15.6955 14
      vertex 14 15.4641 0
      vertex 13.5307 15.6955 0
    endloop
  endfacet
  facet normal -0.997859 -0.0654027 0
    outer loop
      vertex 8.03422 11.4779 0
      vertex 8 12 14
      vertex 8 12 0
    endloop
  endfacet
  facet normal -0.997859 -0.0654027 0
    outer loop
      vertex 8 12 14
      vertex 8.03422 11.4779 0
      vertex 8.03422 11.4779 14
    endloop
  endfacet
  facet normal 0.896898 0.442238 0
    outer loop
      vertex 15.6955 13.5307 14
      vertex 15.4641 14 0
      vertex 15.4641 14 14
    endloop
  endfacet
  facet normal 0.896898 0.442238 0
    outer loop
      vertex 15.4641 14 0
      vertex 15.6955 13.5307 14
      vertex 15.6955 13.5307 0
    endloop
  endfacet
  facet normal 0.831432 0.555626 0
    outer loop
      vertex 15.4641 14 14
      vertex 15.1734 14.435 0
      vertex 15.1734 14.435 14
    endloop
  endfacet
  facet normal 0.831432 0.555626 0
    outer loop
      vertex 15.1734 14.435 0
      vertex 15.4641 14 14
      vertex 15.4641 14 0
    endloop
  endfacet
  facet normal -0.659362 0.751826 0
    outer loop
      vertex 9.56495 15.1734 0
      vertex 9.17157 14.8284 14
      vertex 9.56495 15.1734 14
    endloop
  endfacet
  facet normal -0.659362 0.751826 0
    outer loop
      vertex 9.17157 14.8284 14
      vertex 9.56495 15.1734 0
      vertex 9.17157 14.8284 0
    endloop
  endfacet
  facet normal 0.751842 0.659343 0
    outer loop
      vertex 15.1734 14.435 14
      vertex 14.8284 14.8284 0
      vertex 14.8284 14.8284 14
    endloop
  endfacet
  facet normal 0.751842 0.659343 0
    outer loop
      vertex 14.8284 14.8284 0
      vertex 15.1734 14.435 14
      vertex 15.1734 14.435 0
    endloop
  endfacet
  facet normal -0.980786 0.195087 0
    outer loop
      vertex 8.03422 12.5221 0
      vertex 8.1363 13.0353 14
      vertex 8.1363 13.0353 0
    endloop
  endfacet
  facet normal -0.980786 0.195087 0
    outer loop
      vertex 8.1363 13.0353 14
      vertex 8.03422 12.5221 0
      vertex 8.03422 12.5221 14
    endloop
  endfacet
  facet normal -0.555569 -0.831471 0
    outer loop
      vertex 9.56495 8.82659 0
      vertex 10 8.5359 14
      vertex 9.56495 8.82659 14
    endloop
  endfacet
  facet normal -0.555569 -0.831471 -0
    outer loop
      vertex 10 8.5359 14
      vertex 9.56495 8.82659 0
      vertex 10 8.5359 0
    endloop
  endfacet
  facet normal -0.997859 0.0654027 0
    outer loop
      vertex 8 12 0
      vertex 8.03422 12.5221 14
      vertex 8.03422 12.5221 0
    endloop
  endfacet
  facet normal -0.997859 0.0654027 0
    outer loop
      vertex 8.03422 12.5221 14
      vertex 8 12 0
      vertex 8 12 14
    endloop
  endfacet
  facet normal -0.751845 -0.65934 0
    outer loop
      vertex 9.17157 9.17157 0
      vertex 8.82659 9.56495 14
      vertex 8.82659 9.56495 0
    endloop
  endfacet
  facet normal -0.751845 -0.65934 0
    outer loop
      vertex 8.82659 9.56495 14
      vertex 9.17157 9.17157 0
      vertex 9.17157 9.17157 14
    endloop
  endfacet
  facet normal 0.195087 -0.980786 0
    outer loop
      vertex 12.5221 8.03422 0
      vertex 13.0353 8.1363 14
      vertex 12.5221 8.03422 14
    endloop
  endfacet
  facet normal 0.195087 -0.980786 0
    outer loop
      vertex 13.0353 8.1363 14
      vertex 12.5221 8.03422 0
      vertex 13.0353 8.1363 0
    endloop
  endfacet
  facet normal -0.442238 0.896898 0
    outer loop
      vertex 10.4693 15.6955 0
      vertex 10 15.4641 14
      vertex 10.4693 15.6955 14
    endloop
  endfacet
  facet normal -0.442238 0.896898 0
    outer loop
      vertex 10 15.4641 14
      vertex 10.4693 15.6955 0
      vertex 10 15.4641 0
    endloop
  endfacet
  facet normal -0.321464 -0.946922 0
    outer loop
      vertex 10.4693 8.30448 0
      vertex 10.9647 8.1363 14
      vertex 10.4693 8.30448 14
    endloop
  endfacet
  facet normal -0.321464 -0.946922 -0
    outer loop
      vertex 10.9647 8.1363 14
      vertex 10.4693 8.30448 0
      vertex 10.9647 8.1363 0
    endloop
  endfacet
  facet normal 0.980779 -0.195124 0
    outer loop
      vertex 15.8637 10.9647 14
      vertex 15.9658 11.4779 0
      vertex 15.9658 11.4779 14
    endloop
  endfacet
  facet normal 0.980779 -0.195124 0
    outer loop
      vertex 15.9658 11.4779 0
      vertex 15.8637 10.9647 14
      vertex 15.8637 10.9647 0
    endloop
  endfacet
  facet normal -0.751861 0.659321 0
    outer loop
      vertex 8.82659 14.435 0
      vertex 9.17157 14.8284 14
      vertex 9.17157 14.8284 0
    endloop
  endfacet
  facet normal -0.751861 0.659321 0
    outer loop
      vertex 9.17157 14.8284 14
      vertex 8.82659 14.435 0
      vertex 8.82659 14.435 14
    endloop
  endfacet
  facet normal 0.831462 -0.555582 0
    outer loop
      vertex 15.1734 9.56495 14
      vertex 15.4641 10 0
      vertex 15.4641 10 14
    endloop
  endfacet
  facet normal 0.831462 -0.555582 0
    outer loop
      vertex 15.4641 10 0
      vertex 15.1734 9.56495 14
      vertex 15.1734 9.56495 0
    endloop
  endfacet
  facet normal -0.321498 0.94691 0
    outer loop
      vertex 10.9647 15.8637 0
      vertex 10.4693 15.6955 14
      vertex 10.9647 15.8637 14
    endloop
  endfacet
  facet normal -0.321498 0.94691 0
    outer loop
      vertex 10.4693 15.6955 14
      vertex 10.9647 15.8637 0
      vertex 10.4693 15.6955 0
    endloop
  endfacet
  facet normal -0.980786 -0.195087 0
    outer loop
      vertex 8.1363 10.9647 0
      vertex 8.03422 11.4779 14
      vertex 8.03422 11.4779 0
    endloop
  endfacet
  facet normal -0.980786 -0.195087 0
    outer loop
      vertex 8.03422 11.4779 14
      vertex 8.1363 10.9647 0
      vertex 8.1363 10.9647 14
    endloop
  endfacet
  facet normal -0.195087 -0.980786 0
    outer loop
      vertex 10.9647 8.1363 0
      vertex 11.4779 8.03422 14
      vertex 10.9647 8.1363 14
    endloop
  endfacet
  facet normal -0.195087 -0.980786 -0
    outer loop
      vertex 11.4779 8.03422 14
      vertex 10.9647 8.1363 0
      vertex 11.4779 8.03422 0
    endloop
  endfacet
  facet normal 0.555626 0.831432 -0
    outer loop
      vertex 14.435 15.1734 0
      vertex 14 15.4641 14
      vertex 14.435 15.1734 14
    endloop
  endfacet
  facet normal 0.555626 0.831432 0
    outer loop
      vertex 14 15.4641 14
      vertex 14.435 15.1734 0
      vertex 14 15.4641 0
    endloop
  endfacet
  facet normal 0.94691 -0.321498 0
    outer loop
      vertex 15.6955 10.4693 14
      vertex 15.8637 10.9647 0
      vertex 15.8637 10.9647 14
    endloop
  endfacet
  facet normal 0.94691 -0.321498 0
    outer loop
      vertex 15.8637 10.9647 0
      vertex 15.6955 10.4693 14
      vertex 15.6955 10.4693 0
    endloop
  endfacet
  facet normal 0.0654027 -0.997859 0
    outer loop
      vertex 12 8 0
      vertex 12.5221 8.03422 14
      vertex 12 8 14
    endloop
  endfacet
  facet normal 0.0654027 -0.997859 0
    outer loop
      vertex 12.5221 8.03422 14
      vertex 12 8 0
      vertex 12.5221 8.03422 0
    endloop
  endfacet
  facet normal 0.751826 -0.659362 0
    outer loop
      vertex 14.8284 9.17157 14
      vertex 15.1734 9.56495 0
      vertex 15.1734 9.56495 14
    endloop
  endfacet
  facet normal 0.751826 -0.659362 0
    outer loop
      vertex 15.1734 9.56495 0
      vertex 14.8284 9.17157 14
      vertex 14.8284 9.17157 0
    endloop
  endfacet
  facet normal -0.0653646 0.997861 0
    outer loop
      vertex 12 16 0
      vertex 11.4779 15.9658 14
      vertex 12 16 14
    endloop
  endfacet
  facet normal -0.0653646 0.997861 0
    outer loop
      vertex 11.4779 15.9658 14
      vertex 12 16 0
      vertex 11.4779 15.9658 0
    endloop
  endfacet
  facet normal 0.555613 -0.831441 0
    outer loop
      vertex 14 8.5359 0
      vertex 14.435 8.82659 14
      vertex 14 8.5359 14
    endloop
  endfacet
  facet normal 0.555613 -0.831441 0
    outer loop
      vertex 14.435 8.82659 14
      vertex 14 8.5359 0
      vertex 14.435 8.82659 0
    endloop
  endfacet
  facet normal -0.65934 -0.751845 0
    outer loop
      vertex 9.17157 9.17157 0
      vertex 9.56495 8.82659 14
      vertex 9.17157 9.17157 14
    endloop
  endfacet
  facet normal -0.65934 -0.751845 -0
    outer loop
      vertex 9.56495 8.82659 14
      vertex 9.17157 9.17157 0
      vertex 9.56495 8.82659 0
    endloop
  endfacet
  facet normal 0.659343 0.751842 -0
    outer loop
      vertex 14.8284 14.8284 0
      vertex 14.435 15.1734 14
      vertex 14.8284 14.8284 14
    endloop
  endfacet
  facet normal 0.659343 0.751842 0
    outer loop
      vertex 14.435 15.1734 14
      vertex 14.8284 14.8284 0
      vertex 14.435 15.1734 0
    endloop
  endfacet
  facet normal -0.896883 0.442268 0
    outer loop
      vertex 8.30448 13.5307 0
      vertex 8.5359 14 14
      vertex 8.5359 14 0
    endloop
  endfacet
  facet normal -0.896883 0.442268 0
    outer loop
      vertex 8.5359 14 14
      vertex 8.30448 13.5307 0
      vertex 8.30448 13.5307 14
    endloop
  endfacet
  facet normal 0.0653646 0.997861 -0
    outer loop
      vertex 12.5221 15.9658 0
      vertex 12 16 14
      vertex 12.5221 15.9658 14
    endloop
  endfacet
  facet normal 0.0653646 0.997861 0
    outer loop
      vertex 12 16 14
      vertex 12.5221 15.9658 0
      vertex 12 16 0
    endloop
  endfacet
  facet normal 0.997861 -0.0653646 0
    outer loop
      vertex 15.9658 11.4779 14
      vertex 16 12 0
      vertex 16 12 14
    endloop
  endfacet
  facet normal 0.997861 -0.0653646 0
    outer loop
      vertex 16 12 0
      vertex 15.9658 11.4779 14
      vertex 15.9658 11.4779 0
    endloop
  endfacet
  facet normal -0.195124 0.980779 0
    outer loop
      vertex 11.4779 15.9658 0
      vertex 10.9647 15.8637 14
      vertex 11.4779 15.9658 14
    endloop
  endfacet
  facet normal -0.195124 0.980779 0
    outer loop
      vertex 10.9647 15.8637 14
      vertex 11.4779 15.9658 0
      vertex 10.9647 15.8637 0
    endloop
  endfacet
  facet normal -0.555582 0.831462 0
    outer loop
      vertex 10 15.4641 0
      vertex 9.56495 15.1734 14
      vertex 10 15.4641 14
    endloop
  endfacet
  facet normal -0.555582 0.831462 0
    outer loop
      vertex 9.56495 15.1734 14
      vertex 10 15.4641 0
      vertex 9.56495 15.1734 0
    endloop
  endfacet
  facet normal -0.0654027 -0.997859 0
    outer loop
      vertex 11.4779 8.03422 0
      vertex 12 8 14
      vertex 11.4779 8.03422 14
    endloop
  endfacet
  facet normal -0.0654027 -0.997859 -0
    outer loop
      vertex 12 8 14
      vertex 11.4779 8.03422 0
      vertex 12 8 0
    endloop
  endfacet
  facet normal 0.896898 -0.442238 0
    outer loop
      vertex 15.4641 10 14
      vertex 15.6955 10.4693 0
      vertex 15.6955 10.4693 14
    endloop
  endfacet
  facet normal 0.896898 -0.442238 0
    outer loop
      vertex 15.6955 10.4693 0
      vertex 15.4641 10 14
      vertex 15.4641 10 0
    endloop
  endfacet
  facet normal -0.946922 0.321464 0
    outer loop
      vertex 8.1363 13.0353 0
      vertex 8.30448 13.5307 14
      vertex 8.30448 13.5307 0
    endloop
  endfacet
  facet normal -0.946922 0.321464 0
    outer loop
      vertex 8.30448 13.5307 14
      vertex 8.1363 13.0353 0
      vertex 8.1363 13.0353 14
    endloop
  endfacet
  facet normal -0.946922 -0.321464 0
    outer loop
      vertex 8.30448 10.4693 0
      vertex 8.1363 10.9647 14
      vertex 8.1363 10.9647 0
    endloop
  endfacet
  facet normal -0.946922 -0.321464 0
    outer loop
      vertex 8.1363 10.9647 14
      vertex 8.30448 10.4693 0
      vertex 8.30448 10.4693 14
    endloop
  endfacet
  facet normal 0 0 -1
    outer loop
      vertex 13.45 12 0
      vertex 16 12 0
      vertex 15.9658 11.4779 0
    endloop
  endfacet
  facet normal 0 0 -1
    outer loop
      vertex 13.4376 11.8107 0
      vertex 15.9658 11.4779 0
      vertex 15.8637 10.9647 0
    endloop
  endfacet
  facet normal 0 0 -1
    outer loop
      vertex 16 12 0
      vertex 13.45 12 0
      vertex 15.9658 12.5221 0
    endloop
  endfacet
  facet normal 0 0 -1
    outer loop
      vertex 13.4006 11.6247 0
      vertex 15.8637 10.9647 0
      vertex 15.6955 10.4693 0
    endloop
  endfacet
  facet normal 0 0 -1
    outer loop
      vertex 13.4376 12.1893 0
      vertex 15.9658 12.5221 0
      vertex 13.45 12 0
    endloop
  endfacet
  facet normal 0 0 -1
    outer loop
      vertex 13.3396 11.4451 0
      vertex 15.6955 10.4693 0
      vertex 15.4641 10 0
    endloop
  endfacet
  facet normal -0 0 -1
    outer loop
      vertex 15.9658 12.5221 0
      vertex 13.4376 12.1893 0
      vertex 15.8637 13.0353 0
    endloop
  endfacet
  facet normal 0 0 -1
    outer loop
      vertex 13.2557 11.275 0
      vertex 15.4641 10 0
      vertex 15.1734 9.56495 0
    endloop
  endfacet
  facet normal 0 0 -1
    outer loop
      vertex 13.4006 12.3753 0
      vertex 15.8637 13.0353 0
      vertex 13.4376 12.1893 0
    endloop
  endfacet
  facet normal 0 0 -1
    outer loop
      vertex 13.1504 11.1173 0
      vertex 15.1734 9.56495 0
      vertex 14.8284 9.17157 0
    endloop
  endfacet
  facet normal -0 0 -1
    outer loop
      vertex 15.8637 13.0353 0
      vertex 13.4006 12.3753 0
      vertex 15.6955 13.5307 0
    endloop
  endfacet
  facet normal 0 0 -1
    outer loop
      vertex 13.0253 10.9747 0
      vertex 14.8284 9.17157 0
      vertex 14.435 8.82659 0
    endloop
  endfacet
  facet normal 0 0 -1
    outer loop
      vertex 13.3396 12.5549 0
      vertex 15.6955 13.5307 0
      vertex 13.4006 12.3753 0
    endloop
  endfacet
  facet normal 0 0 -1
    outer loop
      vertex 12.8827 10.8496 0
      vertex 14.435 8.82659 0
      vertex 14 8.5359 0
    endloop
  endfacet
  facet normal -0 0 -1
    outer loop
      vertex 15.6955 13.5307 0
      vertex 13.3396 12.5549 0
      vertex 15.4641 14 0
    endloop
  endfacet
  facet normal 0 0 -1
    outer loop
      vertex 12.725 10.7443 0
      vertex 14 8.5359 0
      vertex 13.5307 8.30448 0
    endloop
  endfacet
  facet normal 0 0 -1
    outer loop
      vertex 13.2557 12.725 0
      vertex 15.4641 14 0
      vertex 13.3396 12.5549 0
    endloop
  endfacet
  facet normal -0 0 -1
    outer loop
      vertex 15.4641 14 0
      vertex 13.2557 12.725 0
      vertex 15.1734 14.435 0
    endloop
  endfacet
  facet normal 0 0 -1
    outer loop
      vertex 15.9658 11.4779 0
      vertex 13.4376 11.8107 0
      vertex 13.45 12 0
    endloop
  endfacet
  facet normal 0 0 -1
    outer loop
      vertex 15.8637 10.9647 0
      vertex 13.4006 11.6247 0
      vertex 13.4376 11.8107 0
    endloop
  endfacet
  facet normal 0 0 -1
    outer loop
      vertex 15.6955 10.4693 0
      vertex 13.3396 11.4451 0
      vertex 13.4006 11.6247 0
    endloop
  endfacet
  facet normal 0 0 -1
    outer loop
      vertex 15.4641 10 0
      vertex 13.2557 11.275 0
      vertex 13.3396 11.4451 0
    endloop
  endfacet
  facet normal 0 0 -1
    outer loop
      vertex 15.1734 9.56495 0
      vertex 13.1504 11.1173 0
      vertex 13.2557 11.275 0
    endloop
  endfacet
  facet normal 0 0 -1
    outer loop
      vertex 12.5549 10.6604 0
      vertex 13.5307 8.30448 0
      vertex 13.0353 8.1363 0
    endloop
  endfacet
  facet normal 0 0 -1
    outer loop
      vertex 14.8284 9.17157 0
      vertex 13.0253 10.9747 0
      vertex 13.1504 11.1173 0
    endloop
  endfacet
  facet normal 0 0 -1
    outer loop
      vertex 14.435 8.82659 0
      vertex 12.8827 10.8496 0
      vertex 13.0253 10.9747 0
    endloop
  endfacet
  facet normal 0 0 -1
    outer loop
      vertex 14 8.5359 0
      vertex 12.725 10.7443 0
      vertex 12.8827 10.8496 0
    endloop
  endfacet
  facet normal 0 0 -1
    outer loop
      vertex 13.5307 8.30448 0
      vertex 12.5549 10.6604 0
      vertex 12.725 10.7443 0
    endloop
  endfacet
  facet normal 0 0 -1
    outer loop
      vertex 12.3753 10.5994 0
      vertex 13.0353 8.1363 0
      vertex 12.5221 8.03422 0
    endloop
  endfacet
  facet normal 0 0 -1
    outer loop
      vertex 13.0353 8.1363 0
      vertex 12.3753 10.5994 0
      vertex 12.5549 10.6604 0
    endloop
  endfacet
  facet normal 0 0 -1
    outer loop
      vertex 12.5221 8.03422 0
      vertex 12.1893 10.5624 0
      vertex 12.3753 10.5994 0
    endloop
  endfacet
  facet normal 0 0 -1
    outer loop
      vertex 12 8 0
      vertex 12.1893 10.5624 0
      vertex 12.5221 8.03422 0
    endloop
  endfacet
  facet normal 0 0 -1
    outer loop
      vertex 12 8 0
      vertex 12 10.55 0
      vertex 12.1893 10.5624 0
    endloop
  endfacet
  facet normal 0 0 -1
    outer loop
      vertex 12 8 0
      vertex 11.8107 10.5624 0
      vertex 12 10.55 0
    endloop
  endfacet
  facet normal 0 0 -1
    outer loop
      vertex 11.4779 8.03422 0
      vertex 11.8107 10.5624 0
      vertex 12 8 0
    endloop
  endfacet
  facet normal -0 0 -1
    outer loop
      vertex 11.8107 10.5624 0
      vertex 11.4779 8.03422 0
      vertex 11.6247 10.5994 0
    endloop
  endfacet
  facet normal 0 0 -1
    outer loop
      vertex 10.9647 8.1363 0
      vertex 11.6247 10.5994 0
      vertex 11.4779 8.03422 0
    endloop
  endfacet
  facet normal -0 0 -1
    outer loop
      vertex 11.6247 10.5994 0
      vertex 10.9647 8.1363 0
      vertex 11.4451 10.6604 0
    endloop
  endfacet
  facet normal 0 0 -1
    outer loop
      vertex 10.4693 8.30448 0
      vertex 11.4451 10.6604 0
      vertex 10.9647 8.1363 0
    endloop
  endfacet
  facet normal -0 0 -1
    outer loop
      vertex 11.4451 10.6604 0
      vertex 10.4693 8.30448 0
      vertex 11.275 10.7443 0
    endloop
  endfacet
  facet normal 0 0 -1
    outer loop
      vertex 10 8.5359 0
      vertex 11.275 10.7443 0
      vertex 10.4693 8.30448 0
    endloop
  endfacet
  facet normal -0 0 -1
    outer loop
      vertex 11.275 10.7443 0
      vertex 10 8.5359 0
      vertex 11.1173 10.8496 0
    endloop
  endfacet
  facet normal 0 0 -1
    outer loop
      vertex 9.56495 8.82659 0
      vertex 11.1173 10.8496 0
      vertex 10 8.5359 0
    endloop
  endfacet
  facet normal -0 0 -1
    outer loop
      vertex 11.1173 10.8496 0
      vertex 9.56495 8.82659 0
      vertex 10.9747 10.9747 0
    endloop
  endfacet
  facet normal 0 0 -1
    outer loop
      vertex 9.17157 9.17157 0
      vertex 10.9747 10.9747 0
      vertex 9.56495 8.82659 0
    endloop
  endfacet
  facet normal -0 0 -1
    outer loop
      vertex 10.9747 10.9747 0
      vertex 9.17157 9.17157 0
      vertex 10.8496 11.1173 0
    endloop
  endfacet
  facet normal -0 0 -1
    outer loop
      vertex 10.8496 11.1173 0
      vertex 8.82659 9.56495 0
      vertex 10.7443 11.275 0
    endloop
  endfacet
  facet normal 0 0 -1
    outer loop
      vertex 8.82659 9.56495 0
      vertex 10.8496 11.1173 0
      vertex 9.17157 9.17157 0
    endloop
  endfacet
  facet normal 0 0 -1
    outer loop
      vertex 13.1504 12.8827 0
      vertex 15.1734 14.435 0
      vertex 13.2557 12.725 0
    endloop
  endfacet
  facet normal -0 0 -1
    outer loop
      vertex 15.1734 14.435 0
      vertex 13.1504 12.8827 0
      vertex 14.8284 14.8284 0
    endloop
  endfacet
  facet normal 0 0 -1
    outer loop
      vertex 13.0253 13.0253 0
      vertex 14.8284 14.8284 0
      vertex 13.1504 12.8827 0
    endloop
  endfacet
  facet normal -0 0 -1
    outer loop
      vertex 14.8284 14.8284 0
      vertex 13.0253 13.0253 0
      vertex 14.435 15.1734 0
    endloop
  endfacet
  facet normal 0 0 -1
    outer loop
      vertex 12.8827 13.1504 0
      vertex 14.435 15.1734 0
      vertex 13.0253 13.0253 0
    endloop
  endfacet
  facet normal -0 0 -1
    outer loop
      vertex 14.435 15.1734 0
      vertex 12.8827 13.1504 0
      vertex 14 15.4641 0
    endloop
  endfacet
  facet normal 0 0 -1
    outer loop
      vertex 12.725 13.2557 0
      vertex 14 15.4641 0
      vertex 12.8827 13.1504 0
    endloop
  endfacet
  facet normal -0 0 -1
    outer loop
      vertex 14 15.4641 0
      vertex 12.725 13.2557 0
      vertex 13.5307 15.6955 0
    endloop
  endfacet
  facet normal 0 0 -1
    outer loop
      vertex 12.5549 13.3396 0
      vertex 13.5307 15.6955 0
      vertex 12.725 13.2557 0
    endloop
  endfacet
  facet normal -0 0 -1
    outer loop
      vertex 13.5307 15.6955 0
      vertex 12.5549 13.3396 0
      vertex 13.0353 15.8637 0
    endloop
  endfacet
  facet normal 0 0 -1
    outer loop
      vertex 12.3753 13.4006 0
      vertex 13.0353 15.8637 0
      vertex 12.5549 13.3396 0
    endloop
  endfacet
  facet normal -0 0 -1
    outer loop
      vertex 13.0353 15.8637 0
      vertex 12.3753 13.4006 0
      vertex 12.5221 15.9658 0
    endloop
  endfacet
  facet normal 0 0 -1
    outer loop
      vertex 12.1893 13.4376 0
      vertex 12.5221 15.9658 0
      vertex 12.3753 13.4006 0
    endloop
  endfacet
  facet normal 0 0 -1
    outer loop
      vertex 12 13.45 0
      vertex 12.5221 15.9658 0
      vertex 12.1893 13.4376 0
    endloop
  endfacet
  facet normal 0 0 -1
    outer loop
      vertex 12 13.45 0
      vertex 12 16 0
      vertex 12.5221 15.9658 0
    endloop
  endfacet
  facet normal 0 0 -1
    outer loop
      vertex 11.8107 13.4376 0
      vertex 12 16 0
      vertex 12 13.45 0
    endloop
  endfacet
  facet normal 0 0 -1
    outer loop
      vertex 11.4779 15.9658 0
      vertex 11.8107 13.4376 0
      vertex 11.6247 13.4006 0
    endloop
  endfacet
  facet normal 0 0 -1
    outer loop
      vertex 11.8107 13.4376 0
      vertex 11.4779 15.9658 0
      vertex 12 16 0
    endloop
  endfacet
  facet normal 0 0 -1
    outer loop
      vertex 10.9647 15.8637 0
      vertex 11.6247 13.4006 0
      vertex 11.4451 13.3396 0
    endloop
  endfacet
  facet normal 0 0 -1
    outer loop
      vertex 10.4693 15.6955 0
      vertex 11.4451 13.3396 0
      vertex 11.275 13.2557 0
    endloop
  endfacet
  facet normal 0 0 -1
    outer loop
      vertex 10 15.4641 0
      vertex 11.275 13.2557 0
      vertex 11.1173 13.1504 0
    endloop
  endfacet
  facet normal 0 0 -1
    outer loop
      vertex 9.56495 15.1734 0
      vertex 11.1173 13.1504 0
      vertex 10.9747 13.0253 0
    endloop
  endfacet
  facet normal 0 0 -1
    outer loop
      vertex 11.6247 13.4006 0
      vertex 10.9647 15.8637 0
      vertex 11.4779 15.9658 0
    endloop
  endfacet
  facet normal 0 0 -1
    outer loop
      vertex 9.17157 14.8284 0
      vertex 10.9747 13.0253 0
      vertex 10.8496 12.8827 0
    endloop
  endfacet
  facet normal 0 0 -1
    outer loop
      vertex 8.82659 14.435 0
      vertex 10.8496 12.8827 0
      vertex 10.7443 12.725 0
    endloop
  endfacet
  facet normal 0 0 -1
    outer loop
      vertex 8.5359 14 0
      vertex 10.7443 12.725 0
      vertex 10.6604 12.5549 0
    endloop
  endfacet
  facet normal 0 0 -1
    outer loop
      vertex 8.30448 13.5307 0
      vertex 10.6604 12.5549 0
      vertex 10.5994 12.3753 0
    endloop
  endfacet
  facet normal 0 0 -1
    outer loop
      vertex 8.1363 13.0353 0
      vertex 10.5994 12.3753 0
      vertex 10.5624 12.1893 0
    endloop
  endfacet
  facet normal 0 0 -1
    outer loop
      vertex 11.4451 13.3396 0
      vertex 10.4693 15.6955 0
      vertex 10.9647 15.8637 0
    endloop
  endfacet
  facet normal 0 0 -1
    outer loop
      vertex 8.03422 12.5221 0
      vertex 10.5624 12.1893 0
      vertex 10.55 12 0
    endloop
  endfacet
  facet normal 0 0 -1
    outer loop
      vertex 8.5359 10 0
      vertex 10.7443 11.275 0
      vertex 8.82659 9.56495 0
    endloop
  endfacet
  facet normal -0 0 -1
    outer loop
      vertex 10.7443 11.275 0
      vertex 8.5359 10 0
      vertex 10.6604 11.4451 0
    endloop
  endfacet
  facet normal 0 0 -1
    outer loop
      vertex 11.275 13.2557 0
      vertex 10 15.4641 0
      vertex 10.4693 15.6955 0
    endloop
  endfacet
  facet normal 0 0 -1
    outer loop
      vertex 8.30448 10.4693 0
      vertex 10.6604 11.4451 0
      vertex 8.5359 10 0
    endloop
  endfacet
  facet normal 0 0 -1
    outer loop
      vertex 11.1173 13.1504 0
      vertex 9.56495 15.1734 0
      vertex 10 15.4641 0
    endloop
  endfacet
  facet normal -0 0 -1
    outer loop
      vertex 10.6604 11.4451 0
      vertex 8.30448 10.4693 0
      vertex 10.5994 11.6247 0
    endloop
  endfacet
  facet normal 0 0 -1
    outer loop
      vertex 10.9747 13.0253 0
      vertex 9.17157 14.8284 0
      vertex 9.56495 15.1734 0
    endloop
  endfacet
  facet normal 0 0 -1
    outer loop
      vertex 8.1363 10.9647 0
      vertex 10.5994 11.6247 0
      vertex 8.30448 10.4693 0
    endloop
  endfacet
  facet normal 0 0 -1
    outer loop
      vertex 10.8496 12.8827 0
      vertex 8.82659 14.435 0
      vertex 9.17157 14.8284 0
    endloop
  endfacet
  facet normal -0 0 -1
    outer loop
      vertex 10.5994 11.6247 0
      vertex 8.1363 10.9647 0
      vertex 10.5624 11.8107 0
    endloop
  endfacet
  facet normal 0 0 -1
    outer loop
      vertex 10.7443 12.725 0
      vertex 8.5359 14 0
      vertex 8.82659 14.435 0
    endloop
  endfacet
  facet normal 0 0 -1
    outer loop
      vertex 8.03422 11.4779 0
      vertex 10.5624 11.8107 0
      vertex 8.1363 10.9647 0
    endloop
  endfacet
  facet normal 0 0 -1
    outer loop
      vertex 10.6604 12.5549 0
      vertex 8.30448 13.5307 0
      vertex 8.5359 14 0
    endloop
  endfacet
  facet normal -0 0 -1
    outer loop
      vertex 10.5624 11.8107 0
      vertex 8.03422 11.4779 0
      vertex 10.55 12 0
    endloop
  endfacet
  facet normal 0 0 -1
    outer loop
      vertex 10.5994 12.3753 0
      vertex 8.1363 13.0353 0
      vertex 8.30448 13.5307 0
    endloop
  endfacet
  facet normal 0 0 -1
    outer loop
      vertex 8 12 0
      vertex 10.55 12 0
      vertex 8.03422 11.4779 0
    endloop
  endfacet
  facet normal 0 0 -1
    outer loop
      vertex 10.5624 12.1893 0
      vertex 8.03422 12.5221 0
      vertex 8.1363 13.0353 0
    endloop
  endfacet
  facet normal 0 0 -1
    outer loop
      vertex 10.55 12 0
      vertex 8 12 0
      vertex 8.03422 12.5221 0
    endloop
  endfacet
  facet normal -0.831441 0.555613 0
    outer loop
      vertex 8.5359 14 0
      vertex 8.82659 14.435 14
      vertex 8.82659 14.435 0
    endloop
  endfacet
  facet normal -0.831441 0.555613 0
    outer loop
      vertex 8.82659 14.435 14
      vertex 8.5359 14 0
      vertex 8.5359 14 14
    endloop
  endfacet
  facet normal 0.442268 -0.896883 0
    outer loop
      vertex 13.5307 8.30448 0
      vertex 14 8.5359 14
      vertex 13.5307 8.30448 14
    endloop
  endfacet
  facet normal 0.442268 -0.896883 0
    outer loop
      vertex 14 8.5359 14
      vertex 13.5307 8.30448 0
      vertex 14 8.5359 0
    endloop
  endfacet
  facet normal 0.321464 -0.946922 0
    outer loop
      vertex 13.0353 8.1363 0
      vertex 13.5307 8.30448 14
      vertex 13.0353 8.1363 14
    endloop
  endfacet
  facet normal 0.321464 -0.946922 0
    outer loop
      vertex 13.5307 8.30448 14
      vertex 13.0353 8.1363 0
      vertex 13.5307 8.30448 0
    endloop
  endfacet
  facet normal 0.659321 -0.751861 0
    outer loop
      vertex 14.435 8.82659 0
      vertex 14.8284 9.17157 14
      vertex 14.435 8.82659 14
    endloop
  endfacet
  facet normal 0.659321 -0.751861 0
    outer loop
      vertex 14.8284 9.17157 14
      vertex 14.435 8.82659 0
      vertex 14.8284 9.17157 0
    endloop
  endfacet
  facet normal -0.896883 -0.442268 0
    outer loop
      vertex 8.5359 10 0
      vertex 8.30448 10.4693 14
      vertex 8.30448 10.4693 0
    endloop
  endfacet
  facet normal -0.896883 -0.442268 0
    outer loop
      vertex 8.30448 10.4693 14
      vertex 8.5359 10 0
      vertex 8.5359 10 14
    endloop
  endfacet
  facet normal 0.195124 0.980779 -0
    outer loop
      vertex 13.0353 15.8637 0
      vertex 12.5221 15.9658 14
      vertex 13.0353 15.8637 14
    endloop
  endfacet
  facet normal 0.195124 0.980779 0
    outer loop
      vertex 12.5221 15.9658 14
      vertex 13.0353 15.8637 0
      vertex 12.5221 15.9658 0
    endloop
  endfacet
  facet normal -0.442268 -0.896883 0
    outer loop
      vertex 10 8.5359 0
      vertex 10.4693 8.30448 14
      vertex 10 8.5359 14
    endloop
  endfacet
  facet normal -0.442268 -0.896883 -0
    outer loop
      vertex 10.4693 8.30448 14
      vertex 10 8.5359 0
      vertex 10.4693 8.30448 0
    endloop
  endfacet
  facet normal -0.831471 -0.555569 0
    outer loop
      vertex 8.82659 9.56495 0
      vertex 8.5359 10 14
      vertex 8.5359 10 0
    endloop
  endfacet
  facet normal -0.831471 -0.555569 0
    outer loop
      vertex 8.5359 10 14
      vertex 8.82659 9.56495 0
      vertex 8.82659 9.56495 14
    endloop
  endfacet
  facet normal 0 0 1
    outer loop
      vertex 13.45 12 14
      vertex 16 12 14
      vertex 15.9658 12.5221 14
    endloop
  endfacet
  facet normal 0 0 1
    outer loop
      vertex 13.4376 12.1893 14
      vertex 15.9658 12.5221 14
      vertex 15.8637 13.0353 14
    endloop
  endfacet
  facet normal 0 0 1
    outer loop
      vertex 16 12 14
      vertex 13.45 12 14
      vertex 15.9658 11.4779 14
    endloop
  endfacet
  facet normal 0 0 1
    outer loop
      vertex 13.4006 12.3753 14
      vertex 15.8637 13.0353 14
      vertex 15.6955 13.5307 14
    endloop
  endfacet
  facet normal -0 0 1
    outer loop
      vertex 13.4376 11.8107 14
      vertex 15.9658 11.4779 14
      vertex 13.45 12 14
    endloop
  endfacet
  facet normal 0 0 1
    outer loop
      vertex 13.3396 12.5549 14
      vertex 15.6955 13.5307 14
      vertex 15.4641 14 14
    endloop
  endfacet
  facet normal 0 0 1
    outer loop
      vertex 15.9658 11.4779 14
      vertex 13.4376 11.8107 14
      vertex 15.8637 10.9647 14
    endloop
  endfacet
  facet normal 0 0 1
    outer loop
      vertex 13.2557 12.725 14
      vertex 15.4641 14 14
      vertex 15.1734 14.435 14
    endloop
  endfacet
  facet normal -0 0 1
    outer loop
      vertex 13.4006 11.6247 14
      vertex 15.8637 10.9647 14
      vertex 13.4376 11.8107 14
    endloop
  endfacet
  facet normal 0 0 1
    outer loop
      vertex 13.1504 12.8827 14
      vertex 15.1734 14.435 14
      vertex 14.8284 14.8284 14
    endloop
  endfacet
  facet normal 0 0 1
    outer loop
      vertex 15.8637 10.9647 14
      vertex 13.4006 11.6247 14
      vertex 15.6955 10.4693 14
    endloop
  endfacet
  facet normal 0 0 1
    outer loop
      vertex 13.0253 13.0253 14
      vertex 14.8284 14.8284 14
      vertex 14.435 15.1734 14
    endloop
  endfacet
  facet normal -0 0 1
    outer loop
      vertex 13.3396 11.4451 14
      vertex 15.6955 10.4693 14
      vertex 13.4006 11.6247 14
    endloop
  endfacet
  facet normal 0 0 1
    outer loop
      vertex 12.8827 13.1504 14
      vertex 14.435 15.1734 14
      vertex 14 15.4641 14
    endloop
  endfacet
  facet normal 0 0 1
    outer loop
      vertex 15.6955 10.4693 14
      vertex 13.3396 11.4451 14
      vertex 15.4641 10 14
    endloop
  endfacet
  facet normal 0 0 1
    outer loop
      vertex 12.725 13.2557 14
      vertex 14 15.4641 14
      vertex 13.5307 15.6955 14
    endloop
  endfacet
  facet normal -0 0 1
    outer loop
      vertex 13.2557 11.275 14
      vertex 15.4641 10 14
      vertex 13.3396 11.4451 14
    endloop
  endfacet
  facet normal 0 0 1
    outer loop
      vertex 15.4641 10 14
      vertex 13.2557 11.275 14
      vertex 15.1734 9.56495 14
    endloop
  endfacet
  facet normal 0 0 1
    outer loop
      vertex 15.9658 12.5221 14
      vertex 13.4376 12.1893 14
      vertex 13.45 12 14
    endloop
  endfacet
  facet normal 0 0 1
    outer loop
      vertex 15.8637 13.0353 14
      vertex 13.4006 12.3753 14
      vertex 13.4376 12.1893 14
    endloop
  endfacet
  facet normal 0 0 1
    outer loop
      vertex 15.6955 13.5307 14
      vertex 13.3396 12.5549 14
      vertex 13.4006 12.3753 14
    endloop
  endfacet
  facet normal 0 0 1
    outer loop
      vertex 15.4641 14 14
      vertex 13.2557 12.725 14
      vertex 13.3396 12.5549 14
    endloop
  endfacet
  facet normal 0 0 1
    outer loop
      vertex 15.1734 14.435 14
      vertex 13.1504 12.8827 14
      vertex 13.2557 12.725 14
    endloop
  endfacet
  facet normal 0 0 1
    outer loop
      vertex 12.5549 13.3396 14
      vertex 13.5307 15.6955 14
      vertex 13.0353 15.8637 14
    endloop
  endfacet
  facet normal 0 0 1
    outer loop
      vertex 14.8284 14.8284 14
      vertex 13.0253 13.0253 14
      vertex 13.1504 12.8827 14
    endloop
  endfacet
  facet normal 0 0 1
    outer loop
      vertex 14.435 15.1734 14
      vertex 12.8827 13.1504 14
      vertex 13.0253 13.0253 14
    endloop
  endfacet
  facet normal 0 0 1
    outer loop
      vertex 14 15.4641 14
      vertex 12.725 13.2557 14
      vertex 12.8827 13.1504 14
    endloop
  endfacet
  facet normal 0 0 1
    outer loop
      vertex 13.5307 15.6955 14
      vertex 12.5549 13.3396 14
      vertex 12.725 13.2557 14
    endloop
  endfacet
  facet normal 0 0 1
    outer loop
      vertex 12.3753 13.4006 14
      vertex 13.0353 15.8637 14
      vertex 12.5221 15.9658 14
    endloop
  endfacet
  facet normal 0 0 1
    outer loop
      vertex 13.0353 15.8637 14
      vertex 12.3753 13.4006 14
      vertex 12.5549 13.3396 14
    endloop
  endfacet
  facet normal 0 0 1
    outer loop
      vertex 12.5221 15.9658 14
      vertex 12.1893 13.4376 14
      vertex 12.3753 13.4006 14
    endloop
  endfacet
  facet normal 0 0 1
    outer loop
      vertex 12 16 14
      vertex 12.1893 13.4376 14
      vertex 12.5221 15.9658 14
    endloop
  endfacet
  facet normal 0 0 1
    outer loop
      vertex 12 16 14
      vertex 12 13.45 14
      vertex 12.1893 13.4376 14
    endloop
  endfacet
  facet normal 0 0 1
    outer loop
      vertex 12 16 14
      vertex 11.8107 13.4376 14
      vertex 12 13.45 14
    endloop
  endfacet
  facet normal -0 0 1
    outer loop
      vertex 11.4779 15.9658 14
      vertex 11.8107 13.4376 14
      vertex 12 16 14
    endloop
  endfacet
  facet normal 0 0 1
    outer loop
      vertex 11.8107 13.4376 14
      vertex 11.4779 15.9658 14
      vertex 11.6247 13.4006 14
    endloop
  endfacet
  facet normal -0 0 1
    outer loop
      vertex 10.9647 15.8637 14
      vertex 11.6247 13.4006 14
      vertex 11.4779 15.9658 14
    endloop
  endfacet
  facet normal 0 0 1
    outer loop
      vertex 11.6247 13.4006 14
      vertex 10.9647 15.8637 14
      vertex 11.4451 13.3396 14
    endloop
  endfacet
  facet normal -0 0 1
    outer loop
      vertex 10.4693 15.6955 14
      vertex 11.4451 13.3396 14
      vertex 10.9647 15.8637 14
    endloop
  endfacet
  facet normal 0 0 1
    outer loop
      vertex 11.4451 13.3396 14
      vertex 10.4693 15.6955 14
      vertex 11.275 13.2557 14
    endloop
  endfacet
  facet normal -0 0 1
    outer loop
      vertex 10 15.4641 14
      vertex 11.275 13.2557 14
      vertex 10.4693 15.6955 14
    endloop
  endfacet
  facet normal 0 0 1
    outer loop
      vertex 11.275 13.2557 14
      vertex 10 15.4641 14
      vertex 11.1173 13.1504 14
    endloop
  endfacet
  facet normal -0 0 1
    outer loop
      vertex 9.56495 15.1734 14
      vertex 11.1173 13.1504 14
      vertex 10 15.4641 14
    endloop
  endfacet
  facet normal 0 0 1
    outer loop
      vertex 11.1173 13.1504 14
      vertex 9.56495 15.1734 14
      vertex 10.9747 13.0253 14
    endloop
  endfacet
  facet normal -0 0 1
    outer loop
      vertex 9.17157 14.8284 14
      vertex 10.9747 13.0253 14
      vertex 9.56495 15.1734 14
    endloop
  endfacet
  facet normal 0 0 1
    outer loop
      vertex 10.9747 13.0253 14
      vertex 9.17157 14.8284 14
      vertex 10.8496 12.8827 14
    endloop
  endfacet
  facet normal 0 0 1
    outer loop
      vertex 10.8496 12.8827 14
      vertex 8.82659 14.435 14
      vertex 10.7443 12.725 14
    endloop
  endfacet
  facet normal -0 0 1
    outer loop
      vertex 8.82659 14.435 14
      vertex 10.8496 12.8827 14
      vertex 9.17157 14.8284 14
    endloop
  endfacet
  facet normal -0 0 1
    outer loop
      vertex 13.1504 11.1173 14
      vertex 15.1734 9.56495 14
      vertex 13.2557 11.275 14
    endloop
  endfacet
  facet normal 0 0 1
    outer loop
      vertex 15.1734 9.56495 14
      vertex 13.1504 11.1173 14
      vertex 14.8284 9.17157 14
    endloop
  endfacet
  facet normal -0 0 1
    outer loop
      vertex 13.0253 10.9747 14
      vertex 14.8284 9.17157 14
      vertex 13.1504 11.1173 14
    endloop
  endfacet
  facet normal 0 0 1
    outer loop
      vertex 14.8284 9.17157 14
      vertex 13.0253 10.9747 14
      vertex 14.435 8.82659 14
    endloop
  endfacet
  facet normal -0 0 1
    outer loop
      vertex 12.8827 10.8496 14
      vertex 14.435 8.82659 14
      vertex 13.0253 10.9747 14
    endloop
  endfacet
  facet normal 0 0 1
    outer loop
      vertex 14.435 8.82659 14
      vertex 12.8827 10.8496 14
      vertex 14 8.5359 14
    endloop
  endfacet
  facet normal -0 0 1
    outer loop
      vertex 12.725 10.7443 14
      vertex 14 8.5359 14
      vertex 12.8827 10.8496 14
    endloop
  endfacet
  facet normal 0 0 1
    outer loop
      vertex 14 8.5359 14
      vertex 12.725 10.7443 14
      vertex 13.5307 8.30448 14
    endloop
  endfacet
  facet normal -0 0 1
    outer loop
      vertex 12.5549 10.6604 14
      vertex 13.5307 8.30448 14
      vertex 12.725 10.7443 14
    endloop
  endfacet
  facet normal 0 0 1
    outer loop
      vertex 13.5307 8.30448 14
      vertex 12.5549 10.6604 14
      vertex 13.0353 8.1363 14
    endloop
  endfacet
  facet normal -0 0 1
    outer loop
      vertex 12.3753 10.5994 14
      vertex 13.0353 8.1363 14
      vertex 12.5549 10.6604 14
    endloop
  endfacet
  facet normal 0 0 1
    outer loop
      vertex 13.0353 8.1363 14
      vertex 12.3753 10.5994 14
      vertex 12.5221 8.03422 14
    endloop
  endfacet
  facet normal -0 0 1
    outer loop
      vertex 12.1893 10.5624 14
      vertex 12.5221 8.03422 14
      vertex 12.3753 10.5994 14
    endloop
  endfacet
  facet normal -0 0 1
    outer loop
      vertex 12 10.55 14
      vertex 12.5221 8.03422 14
      vertex 12.1893 10.5624 14
    endloop
  endfacet
  facet normal 0 0 1
    outer loop
      vertex 12 10.55 14
      vertex 12 8 14
      vertex 12.5221 8.03422 14
    endloop
  endfacet
  facet normal 0 0 1
    outer loop
      vertex 11.8107 10.5624 14
      vertex 12 8 14
      vertex 12 10.55 14
    endloop
  endfacet
  facet normal 0 0 1
    outer loop
      vertex 11.4779 8.03422 14
      vertex 11.8107 10.5624 14
      vertex 11.6247 10.5994 14
    endloop
  endfacet
  facet normal 0 0 1
    outer loop
      vertex 11.8107 10.5624 14
      vertex 11.4779 8.03422 14
      vertex 12 8 14
    endloop
  endfacet
  facet normal 0 0 1
    outer loop
      vertex 10.9647 8.1363 14
      vertex 11.6247 10.5994 14
      vertex 11.4451 10.6604 14
    endloop
  endfacet
  facet normal 0 0 1
    outer loop
      vertex 10.4693 8.30448 14
      vertex 11.4451 10.6604 14
      vertex 11.275 10.7443 14
    endloop
  endfacet
  facet normal 0 0 1
    outer loop
      vertex 10 8.5359 14
      vertex 11.275 10.7443 14
      vertex 11.1173 10.8496 14
    endloop
  endfacet
  facet normal 0 0 1
    outer loop
      vertex 9.56495 8.82659 14
      vertex 11.1173 10.8496 14
      vertex 10.9747 10.9747 14
    endloop
  endfacet
  facet normal 0 0 1
    outer loop
      vertex 11.6247 10.5994 14
      vertex 10.9647 8.1363 14
      vertex 11.4779 8.03422 14
    endloop
  endfacet
  facet normal 0 0 1
    outer loop
      vertex 9.17157 9.17157 14
      vertex 10.9747 10.9747 14
      vertex 10.8496 11.1173 14
    endloop
  endfacet
  facet normal 0 0 1
    outer loop
      vertex 8.82659 9.56495 14
      vertex 10.8496 11.1173 14
      vertex 10.7443 11.275 14
    endloop
  endfacet
  facet normal 0 0 1
    outer loop
      vertex 8.5359 10 14
      vertex 10.7443 11.275 14
      vertex 10.6604 11.4451 14
    endloop
  endfacet
  facet normal 0 0 1
    outer loop
      vertex 8.30448 10.4693 14
      vertex 10.6604 11.4451 14
      vertex 10.5994 11.6247 14
    endloop
  endfacet
  facet normal 0 0 1
    outer loop
      vertex 8.1363 10.9647 14
      vertex 10.5994 11.6247 14
      vertex 10.5624 11.8107 14
    endloop
  endfacet
  facet normal 0 0 1
    outer loop
      vertex 11.4451 10.6604 14
      vertex 10.4693 8.30448 14
      vertex 10.9647 8.1363 14
    endloop
  endfacet
  facet normal 0 0 1
    outer loop
      vertex 8.03422 11.4779 14
      vertex 10.5624 11.8107 14
      vertex 10.55 12 14
    endloop
  endfacet
  facet normal -0 0 1
    outer loop
      vertex 8.5359 14 14
      vertex 10.7443 12.725 14
      vertex 8.82659 14.435 14
    endloop
  endfacet
  facet normal 0 0 1
    outer loop
      vertex 10.7443 12.725 14
      vertex 8.5359 14 14
      vertex 10.6604 12.5549 14
    endloop
  endfacet
  facet normal 0 0 1
    outer loop
      vertex 11.275 10.7443 14
      vertex 10 8.5359 14
      vertex 10.4693 8.30448 14
    endloop
  endfacet
  facet normal -0 0 1
    outer loop
      vertex 8.30448 13.5307 14
      vertex 10.6604 12.5549 14
      vertex 8.5359 14 14
    endloop
  endfacet
  facet normal 0 0 1
    outer loop
      vertex 11.1173 10.8496 14
      vertex 9.56495 8.82659 14
      vertex 10 8.5359 14
    endloop
  endfacet
  facet normal 0 0 1
    outer loop
      vertex 10.6604 12.5549 14
      vertex 8.30448 13.5307 14
      vertex 10.5994 12.3753 14
    endloop
  endfacet
  facet normal 0 0 1
    outer loop
      vertex 10.9747 10.9747 14
      vertex 9.17157 9.17157 14
      vertex 9.56495 8.82659 14
    endloop
  endfacet
  facet normal -0 0 1
    outer loop
      vertex 8.1363 13.0353 14
      vertex 10.5994 12.3753 14
      vertex 8.30448 13.5307 14
    endloop
  endfacet
  facet normal 0 0 1
    outer loop
      vertex 10.8496 11.1173 14
      vertex 8.82659 9.56495 14
      vertex 9.17157 9.17157 14
    endloop
  endfacet
  facet normal 0 0 1
    outer loop
      vertex 10.5994 12.3753 14
      vertex 8.1363 13.0353 14
      vertex 10.5624 12.1893 14
    endloop
  endfacet
  facet normal 0 0 1
    outer loop
      vertex 10.7443 11.275 14
      vertex 8.5359 10 14
      vertex 8.82659 9.56495 14
    endloop
  endfacet
  facet normal -0 0 1
    outer loop
      vertex 8.03422 12.5221 14
      vertex 10.5624 12.1893 14
      vertex 8.1363 13.0353 14
    endloop
  endfacet
  facet normal 0 0 1
    outer loop
      vertex 10.6604 11.4451 14
      vertex 8.30448 10.4693 14
      vertex 8.5359 10 14
    endloop
  endfacet
  facet normal 0 0 1
    outer loop
      vertex 10.5624 12.1893 14
      vertex 8.03422 12.5221 14
      vertex 10.55 12 14
    endloop
  endfacet
  facet normal 0 0 1
    outer loop
      vertex 10.5994 11.6247 14
      vertex 8.1363 10.9647 14
      vertex 8.30448 10.4693 14
    endloop
  endfacet
  facet normal 0 0 1
    outer loop
      vertex 8 12 14
      vertex 10.55 12 14
      vertex 8.03422 12.5221 14
    endloop
  endfacet
  facet normal 0 0 1
    outer loop
      vertex 10.5624 11.8107 14
      vertex 8.03422 11.4779 14
      vertex 8.1363 10.9647 14
    endloop
  endfacet
  facet normal 0 0 1
    outer loop
      vertex 10.55 12 14
      vertex 8 12 14
      vertex 8.03422 11.4779 14
    endloop
  endfacet
  facet normal -0.980783 -0.195102 0
    outer loop
      vertex 13.4376 12.1893 0
      vertex 13.4006 12.3753 14
      vertex 13.4006 12.3753 0
    endloop
  endfacet
  facet normal -0.980783 -0.195102 0
    outer loop
      vertex 13.4006 12.3753 14
      vertex 13.4376 12.1893 0
      vertex 13.4376 12.1893 14
    endloop
  endfacet
  facet normal -0.997861 -0.0653644 0
    outer loop
      vertex 13.45 12 0
      vertex 13.4376 12.1893 14
      vertex 13.4376 12.1893 0
    endloop
  endfacet
  facet normal -0.997861 -0.0653644 0
    outer loop
      vertex 13.4376 12.1893 14
      vertex 13.45 12 0
      vertex 13.45 12 14
    endloop
  endfacet
  facet normal -0.3216 0.946876 0
    outer loop
      vertex 12.5549 10.6604 0
      vertex 12.3753 10.5994 14
      vertex 12.5549 10.6604 14
    endloop
  endfacet
  facet normal -0.3216 0.946876 0
    outer loop
      vertex 12.3753 10.5994 14
      vertex 12.5549 10.6604 0
      vertex 12.3753 10.5994 0
    endloop
  endfacet
  facet normal -0.831644 -0.555309 0
    outer loop
      vertex 13.2557 12.725 0
      vertex 13.1504 12.8827 14
      vertex 13.1504 12.8827 0
    endloop
  endfacet
  facet normal -0.831644 -0.555309 0
    outer loop
      vertex 13.1504 12.8827 14
      vertex 13.2557 12.725 0
      vertex 13.2557 12.725 14
    endloop
  endfacet
  facet normal 0.896839 -0.442356 0
    outer loop
      vertex 10.6604 12.5549 14
      vertex 10.7443 12.725 0
      vertex 10.7443 12.725 14
    endloop
  endfacet
  facet normal 0.896839 -0.442356 0
    outer loop
      vertex 10.7443 12.725 0
      vertex 10.6604 12.5549 14
      vertex 10.6604 12.5549 0
    endloop
  endfacet
  facet normal 0.555309 -0.831644 0
    outer loop
      vertex 11.1173 13.1504 0
      vertex 11.275 13.2557 14
      vertex 11.1173 13.1504 14
    endloop
  endfacet
  facet normal 0.555309 -0.831644 0
    outer loop
      vertex 11.275 13.2557 14
      vertex 11.1173 13.1504 0
      vertex 11.275 13.2557 0
    endloop
  endfacet
  facet normal 0.659474 -0.751727 0
    outer loop
      vertex 10.9747 13.0253 0
      vertex 11.1173 13.1504 14
      vertex 10.9747 13.0253 14
    endloop
  endfacet
  facet normal 0.659474 -0.751727 0
    outer loop
      vertex 11.1173 13.1504 14
      vertex 10.9747 13.0253 0
      vertex 11.1173 13.1504 0
    endloop
  endfacet
  facet normal 0.751727 -0.659474 0
    outer loop
      vertex 10.8496 12.8827 14
      vertex 10.9747 13.0253 0
      vertex 10.9747 13.0253 14
    endloop
  endfacet
  facet normal 0.751727 -0.659474 0
    outer loop
      vertex 10.9747 13.0253 0
      vertex 10.8496 12.8827 14
      vertex 10.8496 12.8827 0
    endloop
  endfacet
  facet normal -0.946876 0.3216 0
    outer loop
      vertex 13.3396 11.4451 0
      vertex 13.4006 11.6247 14
      vertex 13.4006 11.6247 0
    endloop
  endfacet
  facet normal -0.946876 0.3216 0
    outer loop
      vertex 13.4006 11.6247 14
      vertex 13.3396 11.4451 0
      vertex 13.3396 11.4451 14
    endloop
  endfacet
  facet normal 0.997861 -0.0653644 0
    outer loop
      vertex 10.55 12 14
      vertex 10.5624 12.1893 0
      vertex 10.5624 12.1893 14
    endloop
  endfacet
  facet normal 0.997861 -0.0653644 0
    outer loop
      vertex 10.5624 12.1893 0
      vertex 10.55 12 14
      vertex 10.55 12 0
    endloop
  endfacet
  facet normal -0.555309 -0.831644 0
    outer loop
      vertex 12.725 13.2557 0
      vertex 12.8827 13.1504 14
      vertex 12.725 13.2557 14
    endloop
  endfacet
  facet normal -0.555309 -0.831644 -0
    outer loop
      vertex 12.8827 13.1504 14
      vertex 12.725 13.2557 0
      vertex 12.8827 13.1504 0
    endloop
  endfacet
  facet normal 0.3216 0.946876 -0
    outer loop
      vertex 11.6247 10.5994 0
      vertex 11.4451 10.6604 14
      vertex 11.6247 10.5994 14
    endloop
  endfacet
  facet normal 0.3216 0.946876 0
    outer loop
      vertex 11.4451 10.6604 14
      vertex 11.6247 10.5994 0
      vertex 11.4451 10.6604 0
    endloop
  endfacet
  facet normal 0.751727 0.659474 0
    outer loop
      vertex 10.9747 10.9747 14
      vertex 10.8496 11.1173 0
      vertex 10.8496 11.1173 14
    endloop
  endfacet
  facet normal 0.751727 0.659474 0
    outer loop
      vertex 10.8496 11.1173 0
      vertex 10.9747 10.9747 14
      vertex 10.9747 10.9747 0
    endloop
  endfacet
  facet normal -0.195102 0.980783 0
    outer loop
      vertex 12.3753 10.5994 0
      vertex 12.1893 10.5624 14
      vertex 12.3753 10.5994 14
    endloop
  endfacet
  facet normal -0.195102 0.980783 0
    outer loop
      vertex 12.1893 10.5624 14
      vertex 12.3753 10.5994 0
      vertex 12.1893 10.5624 0
    endloop
  endfacet
  facet normal 0.3216 -0.946876 0
    outer loop
      vertex 11.4451 13.3396 0
      vertex 11.6247 13.4006 14
      vertex 11.4451 13.3396 14
    endloop
  endfacet
  facet normal 0.3216 -0.946876 0
    outer loop
      vertex 11.6247 13.4006 14
      vertex 11.4451 13.3396 0
      vertex 11.6247 13.4006 0
    endloop
  endfacet
  facet normal 0.831644 0.555309 0
    outer loop
      vertex 10.8496 11.1173 14
      vertex 10.7443 11.275 0
      vertex 10.7443 11.275 14
    endloop
  endfacet
  facet normal 0.831644 0.555309 0
    outer loop
      vertex 10.7443 11.275 0
      vertex 10.8496 11.1173 14
      vertex 10.8496 11.1173 0
    endloop
  endfacet
  facet normal -0.555309 0.831644 0
    outer loop
      vertex 12.8827 10.8496 0
      vertex 12.725 10.7443 14
      vertex 12.8827 10.8496 14
    endloop
  endfacet
  facet normal -0.555309 0.831644 0
    outer loop
      vertex 12.725 10.7443 14
      vertex 12.8827 10.8496 0
      vertex 12.725 10.7443 0
    endloop
  endfacet
  facet normal 0.946876 -0.3216 0
    outer loop
      vertex 10.5994 12.3753 14
      vertex 10.6604 12.5549 0
      vertex 10.6604 12.5549 14
    endloop
  endfacet
  facet normal 0.946876 -0.3216 0
    outer loop
      vertex 10.6604 12.5549 0
      vertex 10.5994 12.3753 14
      vertex 10.5994 12.3753 0
    endloop
  endfacet
  facet normal -0.3216 -0.946876 0
    outer loop
      vertex 12.3753 13.4006 0
      vertex 12.5549 13.3396 14
      vertex 12.3753 13.4006 14
    endloop
  endfacet
  facet normal -0.3216 -0.946876 -0
    outer loop
      vertex 12.5549 13.3396 14
      vertex 12.3753 13.4006 0
      vertex 12.5549 13.3396 0
    endloop
  endfacet
  facet normal -0.0653644 -0.997861 0
    outer loop
      vertex 12 13.45 0
      vertex 12.1893 13.4376 14
      vertex 12 13.45 14
    endloop
  endfacet
  facet normal -0.0653644 -0.997861 -0
    outer loop
      vertex 12.1893 13.4376 14
      vertex 12 13.45 0
      vertex 12.1893 13.4376 0
    endloop
  endfacet
  facet normal 0.442356 -0.896839 0
    outer loop
      vertex 11.275 13.2557 0
      vertex 11.4451 13.3396 14
      vertex 11.275 13.2557 14
    endloop
  endfacet
  facet normal 0.442356 -0.896839 0
    outer loop
      vertex 11.4451 13.3396 14
      vertex 11.275 13.2557 0
      vertex 11.4451 13.3396 0
    endloop
  endfacet
  facet normal -0.831644 0.555309 0
    outer loop
      vertex 13.1504 11.1173 0
      vertex 13.2557 11.275 14
      vertex 13.2557 11.275 0
    endloop
  endfacet
  facet normal -0.831644 0.555309 0
    outer loop
      vertex 13.2557 11.275 14
      vertex 13.1504 11.1173 0
      vertex 13.1504 11.1173 14
    endloop
  endfacet
  facet normal 0.997861 0.0653644 0
    outer loop
      vertex 10.5624 11.8107 14
      vertex 10.55 12 0
      vertex 10.55 12 14
    endloop
  endfacet
  facet normal 0.997861 0.0653644 0
    outer loop
      vertex 10.55 12 0
      vertex 10.5624 11.8107 14
      vertex 10.5624 11.8107 0
    endloop
  endfacet
  facet normal 0.946876 0.3216 0
    outer loop
      vertex 10.6604 11.4451 14
      vertex 10.5994 11.6247 0
      vertex 10.5994 11.6247 14
    endloop
  endfacet
  facet normal 0.946876 0.3216 0
    outer loop
      vertex 10.5994 11.6247 0
      vertex 10.6604 11.4451 14
      vertex 10.6604 11.4451 0
    endloop
  endfacet
  facet normal 0.659474 0.751727 -0
    outer loop
      vertex 11.1173 10.8496 0
      vertex 10.9747 10.9747 14
      vertex 11.1173 10.8496 14
    endloop
  endfacet
  facet normal 0.659474 0.751727 0
    outer loop
      vertex 10.9747 10.9747 14
      vertex 11.1173 10.8496 0
      vertex 10.9747 10.9747 0
    endloop
  endfacet
  facet normal -0.442356 -0.896839 0
    outer loop
      vertex 12.5549 13.3396 0
      vertex 12.725 13.2557 14
      vertex 12.5549 13.3396 14
    endloop
  endfacet
  facet normal -0.442356 -0.896839 -0
    outer loop
      vertex 12.725 13.2557 14
      vertex 12.5549 13.3396 0
      vertex 12.725 13.2557 0
    endloop
  endfacet
  facet normal 0.195102 -0.980783 0
    outer loop
      vertex 11.6247 13.4006 0
      vertex 11.8107 13.4376 14
      vertex 11.6247 13.4006 14
    endloop
  endfacet
  facet normal 0.195102 -0.980783 0
    outer loop
      vertex 11.8107 13.4376 14
      vertex 11.6247 13.4006 0
      vertex 11.8107 13.4376 0
    endloop
  endfacet
  facet normal -0.751727 -0.659474 0
    outer loop
      vertex 13.1504 12.8827 0
      vertex 13.0253 13.0253 14
      vertex 13.0253 13.0253 0
    endloop
  endfacet
  facet normal -0.751727 -0.659474 0
    outer loop
      vertex 13.0253 13.0253 14
      vertex 13.1504 12.8827 0
      vertex 13.1504 12.8827 14
    endloop
  endfacet
  facet normal -0.195102 -0.980783 0
    outer loop
      vertex 12.1893 13.4376 0
      vertex 12.3753 13.4006 14
      vertex 12.1893 13.4376 14
    endloop
  endfacet
  facet normal -0.195102 -0.980783 -0
    outer loop
      vertex 12.3753 13.4006 14
      vertex 12.1893 13.4376 0
      vertex 12.3753 13.4006 0
    endloop
  endfacet
  facet normal -0.751727 0.659474 0
    outer loop
      vertex 13.0253 10.9747 0
      vertex 13.1504 11.1173 14
      vertex 13.1504 11.1173 0
    endloop
  endfacet
  facet normal -0.751727 0.659474 0
    outer loop
      vertex 13.1504 11.1173 14
      vertex 13.0253 10.9747 0
      vertex 13.0253 10.9747 14
    endloop
  endfacet
  facet normal 0.442356 0.896839 -0
    outer loop
      vertex 11.4451 10.6604 0
      vertex 11.275 10.7443 14
      vertex 11.4451 10.6604 14
    endloop
  endfacet
  facet normal 0.442356 0.896839 0
    outer loop
      vertex 11.275 10.7443 14
      vertex 11.4451 10.6604 0
      vertex 11.275 10.7443 0
    endloop
  endfacet
  facet normal 0.980783 -0.195102 0
    outer loop
      vertex 10.5624 12.1893 14
      vertex 10.5994 12.3753 0
      vertex 10.5994 12.3753 14
    endloop
  endfacet
  facet normal 0.980783 -0.195102 0
    outer loop
      vertex 10.5994 12.3753 0
      vertex 10.5624 12.1893 14
      vertex 10.5624 12.1893 0
    endloop
  endfacet
  facet normal -0.0653644 0.997861 0
    outer loop
      vertex 12.1893 10.5624 0
      vertex 12 10.55 14
      vertex 12.1893 10.5624 14
    endloop
  endfacet
  facet normal -0.0653644 0.997861 0
    outer loop
      vertex 12 10.55 14
      vertex 12.1893 10.5624 0
      vertex 12 10.55 0
    endloop
  endfacet
  facet normal -0.442356 0.896839 0
    outer loop
      vertex 12.725 10.7443 0
      vertex 12.5549 10.6604 14
      vertex 12.725 10.7443 14
    endloop
  endfacet
  facet normal -0.442356 0.896839 0
    outer loop
      vertex 12.5549 10.6604 14
      vertex 12.725 10.7443 0
      vertex 12.5549 10.6604 0
    endloop
  endfacet
  facet normal -0.659474 0.751727 0
    outer loop
      vertex 13.0253 10.9747 0
      vertex 12.8827 10.8496 14
      vertex 13.0253 10.9747 14
    endloop
  endfacet
  facet normal -0.659474 0.751727 0
    outer loop
      vertex 12.8827 10.8496 14
      vertex 13.0253 10.9747 0
      vertex 12.8827 10.8496 0
    endloop
  endfacet
  facet normal 0.896839 0.442356 0
    outer loop
      vertex 10.7443 11.275 14
      vertex 10.6604 11.4451 0
      vertex 10.6604 11.4451 14
    endloop
  endfacet
  facet normal 0.896839 0.442356 0
    outer loop
      vertex 10.6604 11.4451 0
      vertex 10.7443 11.275 14
      vertex 10.7443 11.275 0
    endloop
  endfacet
  facet normal -0.896839 0.442356 0
    outer loop
      vertex 13.2557 11.275 0
      vertex 13.3396 11.4451 14
      vertex 13.3396 11.4451 0
    endloop
  endfacet
  facet normal -0.896839 0.442356 0
    outer loop
      vertex 13.3396 11.4451 14
      vertex 13.2557 11.275 0
      vertex 13.2557 11.275 14
    endloop
  endfacet
  facet normal -0.659474 -0.751727 0
    outer loop
      vertex 12.8827 13.1504 0
      vertex 13.0253 13.0253 14
      vertex 12.8827 13.1504 14
    endloop
  endfacet
  facet normal -0.659474 -0.751727 -0
    outer loop
      vertex 13.0253 13.0253 14
      vertex 12.8827 13.1504 0
      vertex 13.0253 13.0253 0
    endloop
  endfacet
  facet normal -0.997861 0.0653644 0
    outer loop
      vertex 13.4376 11.8107 0
      vertex 13.45 12 14
      vertex 13.45 12 0
    endloop
  endfacet
  facet normal -0.997861 0.0653644 0
    outer loop
      vertex 13.45 12 14
      vertex 13.4376 11.8107 0
      vertex 13.4376 11.8107 14
    endloop
  endfacet
  facet normal 0.555309 0.831644 -0
    outer loop
      vertex 11.275 10.7443 0
      vertex 11.1173 10.8496 14
      vertex 11.275 10.7443 14
    endloop
  endfacet
  facet normal 0.555309 0.831644 0
    outer loop
      vertex 11.1173 10.8496 14
      vertex 11.275 10.7443 0
      vertex 11.1173 10.8496 0
    endloop
  endfacet
  facet normal -0.896839 -0.442356 0
    outer loop
      vertex 13.3396 12.5549 0
      vertex 13.2557 12.725 14
      vertex 13.2557 12.725 0
    endloop
  endfacet
  facet normal -0.896839 -0.442356 0
    outer loop
      vertex 13.2557 12.725 14
      vertex 13.3396 12.5549 0
      vertex 13.3396 12.5549 14
    endloop
  endfacet
  facet normal -0.980783 0.195102 0
    outer loop
      vertex 13.4006 11.6247 0
      vertex 13.4376 11.8107 14
      vertex 13.4376 11.8107 0
    endloop
  endfacet
  facet normal -0.980783 0.195102 0
    outer loop
      vertex 13.4376 11.8107 14
      vertex 13.4006 11.6247 0
      vertex 13.4006 11.6247 14
    endloop
  endfacet
  facet normal -0.946876 -0.3216 0
    outer loop
      vertex 13.4006 12.3753 0
      vertex 13.3396 12.5549 14
      vertex 13.3396 12.5549 0
    endloop
  endfacet
  facet normal -0.946876 -0.3216 0
    outer loop
      vertex 13.3396 12.5549 14
      vertex 13.4006 12.3753 0
      vertex 13.4006 12.3753 14
    endloop
  endfacet
  facet normal 0.0653644 -0.997861 0
    outer loop
      vertex 11.8107 13.4376 0
      vertex 12 13.45 14
      vertex 11.8107 13.4376 14
    endloop
  endfacet
  facet normal 0.0653644 -0.997861 0
    outer loop
      vertex 12 13.45 14
      vertex 11.8107 13.4376 0
      vertex 12 13.45 0
    endloop
  endfacet
  facet normal 0.980783 0.195102 0
    outer loop
      vertex 10.5994 11.6247 14
      vertex 10.5624 11.8107 0
      vertex 10.5624 11.8107 14
    endloop
  endfacet
  facet normal 0.980783 0.195102 0
    outer loop
      vertex 10.5624 11.8107 0
      vertex 10.5994 11.6247 14
      vertex 10.5994 11.6247 0
    endloop
  endfacet
  facet normal 0.195102 0.980783 -0
    outer loop
      vertex 11.8107 10.5624 0
      vertex 11.6247 10.5994 14
      vertex 11.8107 10.5624 14
    endloop
  endfacet
  facet normal 0.195102 0.980783 0
    outer loop
      vertex 11.6247 10.5994 14
      vertex 11.8107 10.5624 0
      vertex 11.6247 10.5994 0
    endloop
  endfacet
  facet normal 0.831644 -0.555309 0
    outer loop
      vertex 10.7443 12.725 14
      vertex 10.8496 12.8827 0
      vertex 10.8496 12.8827 14
    endloop
  endfacet
  facet normal 0.831644 -0.555309 0
    outer loop
      vertex 10.8496 12.8827 0
      vertex 10.7443 12.725 14
      vertex 10.7443 12.725 0
    endloop
  endfacet
  facet normal 0.0653644 0.997861 -0
    outer loop
      vertex 12 10.55 0
      vertex 11.8107 10.5624 14
      vertex 12 10.55 14
    endloop
  endfacet
  facet normal 0.0653644 0.997861 0
    outer loop
      vertex 11.8107 10.5624 14
      vertex 12 10.55 0
      vertex 11.8107 10.5624 0
    endloop
  endfacet
  facet normal 0.321498 0.94691 -0
    outer loop
      vertex 25.5307 15.6955 0
      vertex 25.0353 15.8637 14
      vertex 25.5307 15.6955 14
    endloop
  endfacet
  facet normal 0.321498 0.94691 0
    outer loop
      vertex 25.0353 15.8637 14
      vertex 25.5307 15.6955 0
      vertex 25.0353 15.8637 0
    endloop
  endfacet
  facet normal 0.980779 0.195124 0
    outer loop
      vertex 27.9658 12.5221 14
      vertex 27.8637 13.0353 0
      vertex 27.8637 13.0353 14
    endloop
  endfacet
  facet normal 0.980779 0.195124 0
    outer loop
      vertex 27.8637 13.0353 0
      vertex 27.9658 12.5221 14
      vertex 27.9658 12.5221 0
    endloop
  endfacet
  facet normal 0.997861 0.0653646 0
    outer loop
      vertex 28 12 14
      vertex 27.9658 12.5221 0
      vertex 27.9658 12.5221 14
    endloop
  endfacet
  facet normal 0.997861 0.0653646 0
    outer loop
      vertex 27.9658 12.5221 0
      vertex 28 12 14
      vertex 28 12 0
    endloop
  endfacet
  facet normal 0.94691 0.321498 0
    outer loop
      vertex 27.8637 13.0353 14
      vertex 27.6955 13.5307 0
      vertex 27.6955 13.5307 14
    endloop
  endfacet
  facet normal 0.94691 0.321498 0
    outer loop
      vertex 27.6955 13.5307 0
      vertex 27.8637 13.0353 14
      vertex 27.8637 13.0353 0
    endloop
  endfacet
  facet normal 0.442238 0.896898 -0
    outer loop
      vertex 26 15.4641 0
      vertex 25.5307 15.6955 14
      vertex 26 15.4641 14
    endloop
  endfacet
  facet normal 0.442238 0.896898 0
    outer loop
      vertex 25.5307 15.6955 14
      vertex 26 15.4641 0
      vertex 25.5307 15.6955 0
    endloop
  endfacet
  facet normal -0.997861 -0.0653646 0
    outer loop
      vertex 20.0342 11.4779 0
      vertex 20 12 14
      vertex 20 12 0
    endloop
  endfacet
  facet normal -0.997861 -0.0653646 0
    outer loop
      vertex 20 12 14
      vertex 20.0342 11.4779 0
      vertex 20.0342 11.4779 14
    endloop
  endfacet
  facet normal 0.896898 0.442238 0
    outer loop
      vertex 27.6955 13.5307 14
      vertex 27.4641 14 0
      vertex 27.4641 14 14
    endloop
  endfacet
  facet normal 0.896898 0.442238 0
    outer loop
      vertex 27.4641 14 0
      vertex 27.6955 13.5307 14
      vertex 27.6955 13.5307 0
    endloop
  endfacet
  facet normal 0.831432 0.555626 0
    outer loop
      vertex 27.4641 14 14
      vertex 27.1734 14.435 0
      vertex 27.1734 14.435 14
    endloop
  endfacet
  facet normal 0.831432 0.555626 0
    outer loop
      vertex 27.1734 14.435 0
      vertex 27.4641 14 14
      vertex 27.4641 14 0
    endloop
  endfacet
  facet normal -0.659343 0.751842 0
    outer loop
      vertex 21.565 15.1734 0
      vertex 21.1716 14.8284 14
      vertex 21.565 15.1734 14
    endloop
  endfacet
  facet normal -0.659343 0.751842 0
    outer loop
      vertex 21.1716 14.8284 14
      vertex 21.565 15.1734 0
      vertex 21.1716 14.8284 0
    endloop
  endfacet
  facet normal 0.751842 0.659343 0
    outer loop
      vertex 27.1734 14.435 14
      vertex 26.8284 14.8284 0
      vertex 26.8284 14.8284 14
    endloop
  endfacet
  facet normal 0.751842 0.659343 0
    outer loop
      vertex 26.8284 14.8284 0
      vertex 27.1734 14.435 14
      vertex 27.1734 14.435 0
    endloop
  endfacet
  facet normal -0.980779 0.195124 0
    outer loop
      vertex 20.0342 12.5221 0
      vertex 20.1363 13.0353 14
      vertex 20.1363 13.0353 0
    endloop
  endfacet
  facet normal -0.980779 0.195124 0
    outer loop
      vertex 20.1363 13.0353 14
      vertex 20.0342 12.5221 0
      vertex 20.0342 12.5221 14
    endloop
  endfacet
  facet normal -0.555613 -0.831441 0
    outer loop
      vertex 21.565 8.82659 0
      vertex 22 8.5359 14
      vertex 21.565 8.82659 14
    endloop
  endfacet
  facet normal -0.555613 -0.831441 -0
    outer loop
      vertex 22 8.5359 14
      vertex 21.565 8.82659 0
      vertex 22 8.5359 0
    endloop
  endfacet
  facet normal -0.997861 0.0653646 0
    outer loop
      vertex 20 12 0
      vertex 20.0342 12.5221 14
      vertex 20.0342 12.5221 0
    endloop
  endfacet
  facet normal -0.997861 0.0653646 0
    outer loop
      vertex 20.0342 12.5221 14
      vertex 20 12 0
      vertex 20 12 14
    endloop
  endfacet
  facet normal -0.751826 -0.659362 0
    outer loop
      vertex 21.1716 9.17157 0
      vertex 20.8266 9.56495 14
      vertex 20.8266 9.56495 0
    endloop
  endfacet
  facet normal -0.751826 -0.659362 0
    outer loop
      vertex 20.8266 9.56495 14
      vertex 21.1716 9.17157 0
      vertex 21.1716 9.17157 14
    endloop
  endfacet
  facet normal 0.195087 -0.980786 0
    outer loop
      vertex 24.5221 8.03422 0
      vertex 25.0353 8.1363 14
      vertex 24.5221 8.03422 14
    endloop
  endfacet
  facet normal 0.195087 -0.980786 0
    outer loop
      vertex 25.0353 8.1363 14
      vertex 24.5221 8.03422 0
      vertex 25.0353 8.1363 0
    endloop
  endfacet
  facet normal -0.442238 0.896898 0
    outer loop
      vertex 22.4693 15.6955 0
      vertex 22 15.4641 14
      vertex 22.4693 15.6955 14
    endloop
  endfacet
  facet normal -0.442238 0.896898 0
    outer loop
      vertex 22 15.4641 14
      vertex 22.4693 15.6955 0
      vertex 22 15.4641 0
    endloop
  endfacet
  facet normal -0.321464 -0.946922 0
    outer loop
      vertex 22.4693 8.30448 0
      vertex 22.9647 8.1363 14
      vertex 22.4693 8.30448 14
    endloop
  endfacet
  facet normal -0.321464 -0.946922 -0
    outer loop
      vertex 22.9647 8.1363 14
      vertex 22.4693 8.30448 0
      vertex 22.9647 8.1363 0
    endloop
  endfacet
  facet normal 0.980779 -0.195124 0
    outer loop
      vertex 27.8637 10.9647 14
      vertex 27.9658 11.4779 0
      vertex 27.9658 11.4779 14
    endloop
  endfacet
  facet normal 0.980779 -0.195124 0
    outer loop
      vertex 27.9658 11.4779 0
      vertex 27.8637 10.9647 14
      vertex 27.8637 10.9647 0
    endloop
  endfacet
  facet normal -0.751842 0.659343 0
    outer loop
      vertex 20.8266 14.435 0
      vertex 21.1716 14.8284 14
      vertex 21.1716 14.8284 0
    endloop
  endfacet
  facet normal -0.751842 0.659343 0
    outer loop
      vertex 21.1716 14.8284 14
      vertex 20.8266 14.435 0
      vertex 20.8266 14.435 14
    endloop
  endfacet
  facet normal 0.831462 -0.555582 0
    outer loop
      vertex 27.1734 9.56495 14
      vertex 27.4641 10 0
      vertex 27.4641 10 14
    endloop
  endfacet
  facet normal 0.831462 -0.555582 0
    outer loop
      vertex 27.4641 10 0
      vertex 27.1734 9.56495 14
      vertex 27.1734 9.56495 0
    endloop
  endfacet
  facet normal -0.321498 0.94691 0
    outer loop
      vertex 22.9647 15.8637 0
      vertex 22.4693 15.6955 14
      vertex 22.9647 15.8637 14
    endloop
  endfacet
  facet normal -0.321498 0.94691 0
    outer loop
      vertex 22.4693 15.6955 14
      vertex 22.9647 15.8637 0
      vertex 22.4693 15.6955 0
    endloop
  endfacet
  facet normal -0.980779 -0.195124 0
    outer loop
      vertex 20.1363 10.9647 0
      vertex 20.0342 11.4779 14
      vertex 20.0342 11.4779 0
    endloop
  endfacet
  facet normal -0.980779 -0.195124 0
    outer loop
      vertex 20.0342 11.4779 14
      vertex 20.1363 10.9647 0
      vertex 20.1363 10.9647 14
    endloop
  endfacet
  facet normal -0.195087 -0.980786 0
    outer loop
      vertex 22.9647 8.1363 0
      vertex 23.4779 8.03422 14
      vertex 22.9647 8.1363 14
    endloop
  endfacet
  facet normal -0.195087 -0.980786 -0
    outer loop
      vertex 23.4779 8.03422 14
      vertex 22.9647 8.1363 0
      vertex 23.4779 8.03422 0
    endloop
  endfacet
  facet normal 0.555626 0.831432 -0
    outer loop
      vertex 26.435 15.1734 0
      vertex 26 15.4641 14
      vertex 26.435 15.1734 14
    endloop
  endfacet
  facet normal 0.555626 0.831432 0
    outer loop
      vertex 26 15.4641 14
      vertex 26.435 15.1734 0
      vertex 26 15.4641 0
    endloop
  endfacet
  facet normal 0.94691 -0.321498 0
    outer loop
      vertex 27.6955 10.4693 14
      vertex 27.8637 10.9647 0
      vertex 27.8637 10.9647 14
    endloop
  endfacet
  facet normal 0.94691 -0.321498 0
    outer loop
      vertex 27.8637 10.9647 0
      vertex 27.6955 10.4693 14
      vertex 27.6955 10.4693 0
    endloop
  endfacet
  facet normal 0.0654027 -0.997859 0
    outer loop
      vertex 24 8 0
      vertex 24.5221 8.03422 14
      vertex 24 8 14
    endloop
  endfacet
  facet normal 0.0654027 -0.997859 0
    outer loop
      vertex 24.5221 8.03422 14
      vertex 24 8 0
      vertex 24.5221 8.03422 0
    endloop
  endfacet
  facet normal 0.751826 -0.659362 0
    outer loop
      vertex 26.8284 9.17157 14
      vertex 27.1734 9.56495 0
      vertex 27.1734 9.56495 14
    endloop
  endfacet
  facet normal 0.751826 -0.659362 0
    outer loop
      vertex 27.1734 9.56495 0
      vertex 26.8284 9.17157 14
      vertex 26.8284 9.17157 0
    endloop
  endfacet
  facet normal -0.0653646 0.997861 0
    outer loop
      vertex 24 16 0
      vertex 23.4779 15.9658 14
      vertex 24 16 14
    endloop
  endfacet
  facet normal -0.0653646 0.997861 0
    outer loop
      vertex 23.4779 15.9658 14
      vertex 24 16 0
      vertex 23.4779 15.9658 0
    endloop
  endfacet
  facet normal 0.555613 -0.831441 0
    outer loop
      vertex 26 8.5359 0
      vertex 26.435 8.82659 14
      vertex 26 8.5359 14
    endloop
  endfacet
  facet normal 0.555613 -0.831441 0
    outer loop
      vertex 26.435 8.82659 14
      vertex 26 8.5359 0
      vertex 26.435 8.82659 0
    endloop
  endfacet
  facet normal -0.659321 -0.751861 0
    outer loop
      vertex 21.1716 9.17157 0
      vertex 21.565 8.82659 14
      vertex 21.1716 9.17157 14
    endloop
  endfacet
  facet normal -0.659321 -0.751861 -0
    outer loop
      vertex 21.565 8.82659 14
      vertex 21.1716 9.17157 0
      vertex 21.565 8.82659 0
    endloop
  endfacet
  facet normal 0.659343 0.751842 -0
    outer loop
      vertex 26.8284 14.8284 0
      vertex 26.435 15.1734 14
      vertex 26.8284 14.8284 14
    endloop
  endfacet
  facet normal 0.659343 0.751842 0
    outer loop
      vertex 26.435 15.1734 14
      vertex 26.8284 14.8284 0
      vertex 26.435 15.1734 0
    endloop
  endfacet
  facet normal -0.896898 0.442238 0
    outer loop
      vertex 20.3045 13.5307 0
      vertex 20.5359 14 14
      vertex 20.5359 14 0
    endloop
  endfacet
  facet normal -0.896898 0.442238 0
    outer loop
      vertex 20.5359 14 14
      vertex 20.3045 13.5307 0
      vertex 20.3045 13.5307 14
    endloop
  endfacet
  facet normal 0.0653646 0.997861 -0
    outer loop
      vertex 24.5221 15.9658 0
      vertex 24 16 14
      vertex 24.5221 15.9658 14
    endloop
  endfacet
  facet normal 0.0653646 0.997861 0
    outer loop
      vertex 24 16 14
      vertex 24.5221 15.9658 0
      vertex 24 16 0
    endloop
  endfacet
  facet normal 0.997861 -0.0653646 0
    outer loop
      vertex 27.9658 11.4779 14
      vertex 28 12 0
      vertex 28 12 14
    endloop
  endfacet
  facet normal 0.997861 -0.0653646 0
    outer loop
      vertex 28 12 0
      vertex 27.9658 11.4779 14
      vertex 27.9658 11.4779 0
    endloop
  endfacet
  facet normal -0.195124 0.980779 0
    outer loop
      vertex 23.4779 15.9658 0
      vertex 22.9647 15.8637 14
      vertex 23.4779 15.9658 14
    endloop
  endfacet
  facet normal -0.195124 0.980779 0
    outer loop
      vertex 22.9647 15.8637 14
      vertex 23.4779 15.9658 0
      vertex 22.9647 15.8637 0
    endloop
  endfacet
  facet normal -0.555626 0.831432 0
    outer loop
      vertex 22 15.4641 0
      vertex 21.565 15.1734 14
      vertex 22 15.4641 14
    endloop
  endfacet
  facet normal -0.555626 0.831432 0
    outer loop
      vertex 21.565 15.1734 14
      vertex 22 15.4641 0
      vertex 21.565 15.1734 0
    endloop
  endfacet
  facet normal -0.0654027 -0.997859 0
    outer loop
      vertex 23.4779 8.03422 0
      vertex 24 8 14
      vertex 23.4779 8.03422 14
    endloop
  endfacet
  facet normal -0.0654027 -0.997859 -0
    outer loop
      vertex 24 8 14
      vertex 23.4779 8.03422 0
      vertex 24 8 0
    endloop
  endfacet
  facet normal 0.896898 -0.442238 0
    outer loop
      vertex 27.4641 10 14
      vertex 27.6955 10.4693 0
      vertex 27.6955 10.4693 14
    endloop
  endfacet
  facet normal 0.896898 -0.442238 0
    outer loop
      vertex 27.6955 10.4693 0
      vertex 27.4641 10 14
      vertex 27.4641 10 0
    endloop
  endfacet
  facet normal -0.94691 0.321498 0
    outer loop
      vertex 20.1363 13.0353 0
      vertex 20.3045 13.5307 14
      vertex 20.3045 13.5307 0
    endloop
  endfacet
  facet normal -0.94691 0.321498 0
    outer loop
      vertex 20.3045 13.5307 14
      vertex 20.1363 13.0353 0
      vertex 20.1363 13.0353 14
    endloop
  endfacet
  facet normal -0.94691 -0.321498 0
    outer loop
      vertex 20.3045 10.4693 0
      vertex 20.1363 10.9647 14
      vertex 20.1363 10.9647 0
    endloop
  endfacet
  facet normal -0.94691 -0.321498 0
    outer loop
      vertex 20.1363 10.9647 14
      vertex 20.3045 10.4693 0
      vertex 20.3045 10.4693 14
    endloop
  endfacet
  facet normal 0 0 -1
    outer loop
      vertex 25.45 12 0
      vertex 28 12 0
      vertex 27.9658 11.4779 0
    endloop
  endfacet
  facet normal 0 0 -1
    outer loop
      vertex 25.4376 11.8107 0
      vertex 27.9658 11.4779 0
      vertex 27.8637 10.9647 0
    endloop
  endfacet
  facet normal 0 0 -1
    outer loop
      vertex 28 12 0
      vertex 25.45 12 0
      vertex 27.9658 12.5221 0
    endloop
  endfacet
  facet normal 0 0 -1
    outer loop
      vertex 25.4006 11.6247 0
      vertex 27.8637 10.9647 0
      vertex 27.6955 10.4693 0
    endloop
  endfacet
  facet normal 0 0 -1
    outer loop
      vertex 25.4376 12.1893 0
      vertex 27.9658 12.5221 0
      vertex 25.45 12 0
    endloop
  endfacet
  facet normal 0 0 -1
    outer loop
      vertex 25.3396 11.4451 0
      vertex 27.6955 10.4693 0
      vertex 27.4641 10 0
    endloop
  endfacet
  facet normal -0 0 -1
    outer loop
      vertex 27.9658 12.5221 0
      vertex 25.4376 12.1893 0
      vertex 27.8637 13.0353 0
    endloop
  endfacet
  facet normal 0 0 -1
    outer loop
      vertex 25.2557 11.275 0
      vertex 27.4641 10 0
      vertex 27.1734 9.56495 0
    endloop
  endfacet
  facet normal 0 0 -1
    outer loop
      vertex 25.4006 12.3753 0
      vertex 27.8637 13.0353 0
      vertex 25.4376 12.1893 0
    endloop
  endfacet
  facet normal 0 0 -1
    outer loop
      vertex 25.1504 11.1173 0
      vertex 27.1734 9.56495 0
      vertex 26.8284 9.17157 0
    endloop
  endfacet
  facet normal -0 0 -1
    outer loop
      vertex 27.8637 13.0353 0
      vertex 25.4006 12.3753 0
      vertex 27.6955 13.5307 0
    endloop
  endfacet
  facet normal 0 0 -1
    outer loop
      vertex 25.0253 10.9747 0
      vertex 26.8284 9.17157 0
      vertex 26.435 8.82659 0
    endloop
  endfacet
  facet normal 0 0 -1
    outer loop
      vertex 25.3396 12.5549 0
      vertex 27.6955 13.5307 0
      vertex 25.4006 12.3753 0
    endloop
  endfacet
  facet normal 0 0 -1
    outer loop
      vertex 24.8827 10.8496 0
      vertex 26.435 8.82659 0
      vertex 26 8.5359 0
    endloop
  endfacet
  facet normal -0 0 -1
    outer loop
      vertex 27.6955 13.5307 0
      vertex 25.3396 12.5549 0
      vertex 27.4641 14 0
    endloop
  endfacet
  facet normal 0 0 -1
    outer loop
      vertex 24.725 10.7443 0
      vertex 26 8.5359 0
      vertex 25.5307 8.30448 0
    endloop
  endfacet
  facet normal 0 0 -1
    outer loop
      vertex 25.2557 12.725 0
      vertex 27.4641 14 0
      vertex 25.3396 12.5549 0
    endloop
  endfacet
  facet normal -0 0 -1
    outer loop
      vertex 27.4641 14 0
      vertex 25.2557 12.725 0
      vertex 27.1734 14.435 0
    endloop
  endfacet
  facet normal 0 0 -1
    outer loop
      vertex 27.9658 11.4779 0
      vertex 25.4376 11.8107 0
      vertex 25.45 12 0
    endloop
  endfacet
  facet normal 0 0 -1
    outer loop
      vertex 27.8637 10.9647 0
      vertex 25.4006 11.6247 0
      vertex 25.4376 11.8107 0
    endloop
  endfacet
  facet normal 0 0 -1
    outer loop
      vertex 27.6955 10.4693 0
      vertex 25.3396 11.4451 0
      vertex 25.4006 11.6247 0
    endloop
  endfacet
  facet normal 0 0 -1
    outer loop
      vertex 27.4641 10 0
      vertex 25.2557 11.275 0
      vertex 25.3396 11.4451 0
    endloop
  endfacet
  facet normal 0 0 -1
    outer loop
      vertex 27.1734 9.56495 0
      vertex 25.1504 11.1173 0
      vertex 25.2557 11.275 0
    endloop
  endfacet
  facet normal 0 0 -1
    outer loop
      vertex 24.5549 10.6604 0
      vertex 25.5307 8.30448 0
      vertex 25.0353 8.1363 0
    endloop
  endfacet
  facet normal 0 0 -1
    outer loop
      vertex 26.8284 9.17157 0
      vertex 25.0253 10.9747 0
      vertex 25.1504 11.1173 0
    endloop
  endfacet
  facet normal 0 0 -1
    outer loop
      vertex 26.435 8.82659 0
      vertex 24.8827 10.8496 0
      vertex 25.0253 10.9747 0
    endloop
  endfacet
  facet normal 0 0 -1
    outer loop
      vertex 26 8.5359 0
      vertex 24.725 10.7443 0
      vertex 24.8827 10.8496 0
    endloop
  endfacet
  facet normal 0 0 -1
    outer loop
      vertex 25.5307 8.30448 0
      vertex 24.5549 10.6604 0
      vertex 24.725 10.7443 0
    endloop
  endfacet
  facet normal 0 0 -1
    outer loop
      vertex 24.3753 10.5994 0
      vertex 25.0353 8.1363 0
      vertex 24.5221 8.03422 0
    endloop
  endfacet
  facet normal 0 0 -1
    outer loop
      vertex 25.0353 8.1363 0
      vertex 24.3753 10.5994 0
      vertex 24.5549 10.6604 0
    endloop
  endfacet
  facet normal 0 0 -1
    outer loop
      vertex 24.5221 8.03422 0
      vertex 24.1893 10.5624 0
      vertex 24.3753 10.5994 0
    endloop
  endfacet
  facet normal 0 0 -1
    outer loop
      vertex 24 8 0
      vertex 24.1893 10.5624 0
      vertex 24.5221 8.03422 0
    endloop
  endfacet
  facet normal 0 0 -1
    outer loop
      vertex 24 8 0
      vertex 24 10.55 0
      vertex 24.1893 10.5624 0
    endloop
  endfacet
  facet normal 0 0 -1
    outer loop
      vertex 24 8 0
      vertex 23.8107 10.5624 0
      vertex 24 10.55 0
    endloop
  endfacet
  facet normal 0 0 -1
    outer loop
      vertex 23.4779 8.03422 0
      vertex 23.8107 10.5624 0
      vertex 24 8 0
    endloop
  endfacet
  facet normal -0 0 -1
    outer loop
      vertex 23.8107 10.5624 0
      vertex 23.4779 8.03422 0
      vertex 23.6247 10.5994 0
    endloop
  endfacet
  facet normal 0 0 -1
    outer loop
      vertex 22.9647 8.1363 0
      vertex 23.6247 10.5994 0
      vertex 23.4779 8.03422 0
    endloop
  endfacet
  facet normal -0 0 -1
    outer loop
      vertex 23.6247 10.5994 0
      vertex 22.9647 8.1363 0
      vertex 23.4451 10.6604 0
    endloop
  endfacet
  facet normal 0 0 -1
    outer loop
      vertex 22.4693 8.30448 0
      vertex 23.4451 10.6604 0
      vertex 22.9647 8.1363 0
    endloop
  endfacet
  facet normal -0 0 -1
    outer loop
      vertex 23.4451 10.6604 0
      vertex 22.4693 8.30448 0
      vertex 23.275 10.7443 0
    endloop
  endfacet
  facet normal 0 0 -1
    outer loop
      vertex 22 8.5359 0
      vertex 23.275 10.7443 0
      vertex 22.4693 8.30448 0
    endloop
  endfacet
  facet normal -0 0 -1
    outer loop
      vertex 23.275 10.7443 0
      vertex 22 8.5359 0
      vertex 23.1173 10.8496 0
    endloop
  endfacet
  facet normal 0 0 -1
    outer loop
      vertex 21.565 8.82659 0
      vertex 23.1173 10.8496 0
      vertex 22 8.5359 0
    endloop
  endfacet
  facet normal -0 0 -1
    outer loop
      vertex 23.1173 10.8496 0
      vertex 21.565 8.82659 0
      vertex 22.9747 10.9747 0
    endloop
  endfacet
  facet normal 0 0 -1
    outer loop
      vertex 21.1716 9.17157 0
      vertex 22.9747 10.9747 0
      vertex 21.565 8.82659 0
    endloop
  endfacet
  facet normal -0 0 -1
    outer loop
      vertex 22.9747 10.9747 0
      vertex 21.1716 9.17157 0
      vertex 22.8496 11.1173 0
    endloop
  endfacet
  facet normal -0 0 -1
    outer loop
      vertex 22.8496 11.1173 0
      vertex 20.8266 9.56495 0
      vertex 22.7443 11.275 0
    endloop
  endfacet
  facet normal 0 0 -1
    outer loop
      vertex 20.8266 9.56495 0
      vertex 22.8496 11.1173 0
      vertex 21.1716 9.17157 0
    endloop
  endfacet
  facet normal 0 0 -1
    outer loop
      vertex 25.1504 12.8827 0
      vertex 27.1734 14.435 0
      vertex 25.2557 12.725 0
    endloop
  endfacet
  facet normal -0 0 -1
    outer loop
      vertex 27.1734 14.435 0
      vertex 25.1504 12.8827 0
      vertex 26.8284 14.8284 0
    endloop
  endfacet
  facet normal 0 0 -1
    outer loop
      vertex 25.0253 13.0253 0
      vertex 26.8284 14.8284 0
      vertex 25.1504 12.8827 0
    endloop
  endfacet
  facet normal -0 0 -1
    outer loop
      vertex 26.8284 14.8284 0
      vertex 25.0253 13.0253 0
      vertex 26.435 15.1734 0
    endloop
  endfacet
  facet normal 0 0 -1
    outer loop
      vertex 24.8827 13.1504 0
      vertex 26.435 15.1734 0
      vertex 25.0253 13.0253 0
    endloop
  endfacet
  facet normal -0 0 -1
    outer loop
      vertex 26.435 15.1734 0
      vertex 24.8827 13.1504 0
      vertex 26 15.4641 0
    endloop
  endfacet
  facet normal 0 0 -1
    outer loop
      vertex 24.725 13.2557 0
      vertex 26 15.4641 0
      vertex 24.8827 13.1504 0
    endloop
  endfacet
  facet normal -0 0 -1
    outer loop
      vertex 26 15.4641 0
      vertex 24.725 13.2557 0
      vertex 25.5307 15.6955 0
    endloop
  endfacet
  facet normal 0 0 -1
    outer loop
      vertex 24.5549 13.3396 0
      vertex 25.5307 15.6955 0
      vertex 24.725 13.2557 0
    endloop
  endfacet
  facet normal -0 0 -1
    outer loop
      vertex 25.5307 15.6955 0
      vertex 24.5549 13.3396 0
      vertex 25.0353 15.8637 0
    endloop
  endfacet
  facet normal 0 0 -1
    outer loop
      vertex 24.3753 13.4006 0
      vertex 25.0353 15.8637 0
      vertex 24.5549 13.3396 0
    endloop
  endfacet
  facet normal -0 0 -1
    outer loop
      vertex 25.0353 15.8637 0
      vertex 24.3753 13.4006 0
      vertex 24.5221 15.9658 0
    endloop
  endfacet
  facet normal 0 0 -1
    outer loop
      vertex 24.1893 13.4376 0
      vertex 24.5221 15.9658 0
      vertex 24.3753 13.4006 0
    endloop
  endfacet
  facet normal 0 0 -1
    outer loop
      vertex 24 13.45 0
      vertex 24.5221 15.9658 0
      vertex 24.1893 13.4376 0
    endloop
  endfacet
  facet normal 0 0 -1
    outer loop
      vertex 24 13.45 0
      vertex 24 16 0
      vertex 24.5221 15.9658 0
    endloop
  endfacet
  facet normal 0 0 -1
    outer loop
      vertex 23.8107 13.4376 0
      vertex 24 16 0
      vertex 24 13.45 0
    endloop
  endfacet
  facet normal 0 0 -1
    outer loop
      vertex 23.4779 15.9658 0
      vertex 23.8107 13.4376 0
      vertex 23.6247 13.4006 0
    endloop
  endfacet
  facet normal 0 0 -1
    outer loop
      vertex 23.8107 13.4376 0
      vertex 23.4779 15.9658 0
      vertex 24 16 0
    endloop
  endfacet
  facet normal 0 0 -1
    outer loop
      vertex 22.9647 15.8637 0
      vertex 23.6247 13.4006 0
      vertex 23.4451 13.3396 0
    endloop
  endfacet
  facet normal 0 0 -1
    outer loop
      vertex 22.4693 15.6955 0
      vertex 23.4451 13.3396 0
      vertex 23.275 13.2557 0
    endloop
  endfacet
  facet normal 0 0 -1
    outer loop
      vertex 22 15.4641 0
      vertex 23.275 13.2557 0
      vertex 23.1173 13.1504 0
    endloop
  endfacet
  facet normal 0 0 -1
    outer loop
      vertex 21.565 15.1734 0
      vertex 23.1173 13.1504 0
      vertex 22.9747 13.0253 0
    endloop
  endfacet
  facet normal 0 0 -1
    outer loop
      vertex 23.6247 13.4006 0
      vertex 22.9647 15.8637 0
      vertex 23.4779 15.9658 0
    endloop
  endfacet
  facet normal 0 0 -1
    outer loop
      vertex 21.1716 14.8284 0
      vertex 22.9747 13.0253 0
      vertex 22.8496 12.8827 0
    endloop
  endfacet
  facet normal 0 0 -1
    outer loop
      vertex 20.8266 14.435 0
      vertex 22.8496 12.8827 0
      vertex 22.7443 12.725 0
    endloop
  endfacet
  facet normal 0 0 -1
    outer loop
      vertex 20.5359 14 0
      vertex 22.7443 12.725 0
      vertex 22.6604 12.5549 0
    endloop
  endfacet
  facet normal 0 0 -1
    outer loop
      vertex 20.3045 13.5307 0
      vertex 22.6604 12.5549 0
      vertex 22.5994 12.3753 0
    endloop
  endfacet
  facet normal 0 0 -1
    outer loop
      vertex 20.1363 13.0353 0
      vertex 22.5994 12.3753 0
      vertex 22.5624 12.1893 0
    endloop
  endfacet
  facet normal 0 0 -1
    outer loop
      vertex 23.4451 13.3396 0
      vertex 22.4693 15.6955 0
      vertex 22.9647 15.8637 0
    endloop
  endfacet
  facet normal 0 0 -1
    outer loop
      vertex 20.0342 12.5221 0
      vertex 22.5624 12.1893 0
      vertex 22.55 12 0
    endloop
  endfacet
  facet normal 0 0 -1
    outer loop
      vertex 20.5359 10 0
      vertex 22.7443 11.275 0
      vertex 20.8266 9.56495 0
    endloop
  endfacet
  facet normal -0 0 -1
    outer loop
      vertex 22.7443 11.275 0
      vertex 20.5359 10 0
      vertex 22.6604 11.4451 0
    endloop
  endfacet
  facet normal 0 0 -1
    outer loop
      vertex 23.275 13.2557 0
      vertex 22 15.4641 0
      vertex 22.4693 15.6955 0
    endloop
  endfacet
  facet normal 0 0 -1
    outer loop
      vertex 20.3045 10.4693 0
      vertex 22.6604 11.4451 0
      vertex 20.5359 10 0
    endloop
  endfacet
  facet normal 0 0 -1
    outer loop
      vertex 23.1173 13.1504 0
      vertex 21.565 15.1734 0
      vertex 22 15.4641 0
    endloop
  endfacet
  facet normal -0 0 -1
    outer loop
      vertex 22.6604 11.4451 0
      vertex 20.3045 10.4693 0
      vertex 22.5994 11.6247 0
    endloop
  endfacet
  facet normal 0 0 -1
    outer loop
      vertex 22.9747 13.0253 0
      vertex 21.1716 14.8284 0
      vertex 21.565 15.1734 0
    endloop
  endfacet
  facet normal 0 0 -1
    outer loop
      vertex 20.1363 10.9647 0
      vertex 22.5994 11.6247 0
      vertex 20.3045 10.4693 0
    endloop
  endfacet
  facet normal 0 0 -1
    outer loop
      vertex 22.8496 12.8827 0
      vertex 20.8266 14.435 0
      vertex 21.1716 14.8284 0
    endloop
  endfacet
  facet normal -0 0 -1
    outer loop
      vertex 22.5994 11.6247 0
      vertex 20.1363 10.9647 0
      vertex 22.5624 11.8107 0
    endloop
  endfacet
  facet normal 0 0 -1
    outer loop
      vertex 22.7443 12.725 0
      vertex 20.5359 14 0
      vertex 20.8266 14.435 0
    endloop
  endfacet
  facet normal 0 0 -1
    outer loop
      vertex 20.0342 11.4779 0
      vertex 22.5624 11.8107 0
      vertex 20.1363 10.9647 0
    endloop
  endfacet
  facet normal 0 0 -1
    outer loop
      vertex 22.6604 12.5549 0
      vertex 20.3045 13.5307 0
      vertex 20.5359 14 0
    endloop
  endfacet
  facet normal -0 0 -1
    outer loop
      vertex 22.5624 11.8107 0
      vertex 20.0342 11.4779 0
      vertex 22.55 12 0
    endloop
  endfacet
  facet normal 0 0 -1
    outer loop
      vertex 22.5994 12.3753 0
      vertex 20.1363 13.0353 0
      vertex 20.3045 13.5307 0
    endloop
  endfacet
  facet normal 0 0 -1
    outer loop
      vertex 20 12 0
      vertex 22.55 12 0
      vertex 20.0342 11.4779 0
    endloop
  endfacet
  facet normal 0 0 -1
    outer loop
      vertex 22.5624 12.1893 0
      vertex 20.0342 12.5221 0
      vertex 20.1363 13.0353 0
    endloop
  endfacet
  facet normal 0 0 -1
    outer loop
      vertex 22.55 12 0
      vertex 20 12 0
      vertex 20.0342 12.5221 0
    endloop
  endfacet
  facet normal -0.831432 0.555626 0
    outer loop
      vertex 20.5359 14 0
      vertex 20.8266 14.435 14
      vertex 20.8266 14.435 0
    endloop
  endfacet
  facet normal -0.831432 0.555626 0
    outer loop
      vertex 20.8266 14.435 14
      vertex 20.5359 14 0
      vertex 20.5359 14 14
    endloop
  endfacet
  facet normal 0.442268 -0.896883 0
    outer loop
      vertex 25.5307 8.30448 0
      vertex 26 8.5359 14
      vertex 25.5307 8.30448 14
    endloop
  endfacet
  facet normal 0.442268 -0.896883 0
    outer loop
      vertex 26 8.5359 14
      vertex 25.5307 8.30448 0
      vertex 26 8.5359 0
    endloop
  endfacet
  facet normal 0.321464 -0.946922 0
    outer loop
      vertex 25.0353 8.1363 0
      vertex 25.5307 8.30448 14
      vertex 25.0353 8.1363 14
    endloop
  endfacet
  facet normal 0.321464 -0.946922 0
    outer loop
      vertex 25.5307 8.30448 14
      vertex 25.0353 8.1363 0
      vertex 25.5307 8.30448 0
    endloop
  endfacet
  facet normal 0.659321 -0.751861 0
    outer loop
      vertex 26.435 8.82659 0
      vertex 26.8284 9.17157 14
      vertex 26.435 8.82659 14
    endloop
  endfacet
  facet normal 0.659321 -0.751861 0
    outer loop
      vertex 26.8284 9.17157 14
      vertex 26.435 8.82659 0
      vertex 26.8284 9.17157 0
    endloop
  endfacet
  facet normal -0.896898 -0.442238 0
    outer loop
      vertex 20.5359 10 0
      vertex 20.3045 10.4693 14
      vertex 20.3045 10.4693 0
    endloop
  endfacet
  facet normal -0.896898 -0.442238 0
    outer loop
      vertex 20.3045 10.4693 14
      vertex 20.5359 10 0
      vertex 20.5359 10 14
    endloop
  endfacet
  facet normal 0.195124 0.980779 -0
    outer loop
      vertex 25.0353 15.8637 0
      vertex 24.5221 15.9658 14
      vertex 25.0353 15.8637 14
    endloop
  endfacet
  facet normal 0.195124 0.980779 0
    outer loop
      vertex 24.5221 15.9658 14
      vertex 25.0353 15.8637 0
      vertex 24.5221 15.9658 0
    endloop
  endfacet
  facet normal -0.442268 -0.896883 0
    outer loop
      vertex 22 8.5359 0
      vertex 22.4693 8.30448 14
      vertex 22 8.5359 14
    endloop
  endfacet
  facet normal -0.442268 -0.896883 -0
    outer loop
      vertex 22.4693 8.30448 14
      vertex 22 8.5359 0
      vertex 22.4693 8.30448 0
    endloop
  endfacet
  facet normal -0.831462 -0.555582 0
    outer loop
      vertex 20.8266 9.56495 0
      vertex 20.5359 10 14
      vertex 20.5359 10 0
    endloop
  endfacet
  facet normal -0.831462 -0.555582 0
    outer loop
      vertex 20.5359 10 14
      vertex 20.8266 9.56495 0
      vertex 20.8266 9.56495 14
    endloop
  endfacet
  facet normal 0 0 1
    outer loop
      vertex 25.45 12 14
      vertex 28 12 14
      vertex 27.9658 12.5221 14
    endloop
  endfacet
  facet normal 0 0 1
    outer loop
      vertex 25.4376 12.1893 14
      vertex 27.9658 12.5221 14
      vertex 27.8637 13.0353 14
    endloop
  endfacet
  facet normal 0 0 1
    outer loop
      vertex 28 12 14
      vertex 25.45 12 14
      vertex 27.9658 11.4779 14
    endloop
  endfacet
  facet normal 0 0 1
    outer loop
      vertex 25.4006 12.3753 14
      vertex 27.8637 13.0353 14
      vertex 27.6955 13.5307 14
    endloop
  endfacet
  facet normal -0 0 1
    outer loop
      vertex 25.4376 11.8107 14
      vertex 27.9658 11.4779 14
      vertex 25.45 12 14
    endloop
  endfacet
  facet normal 0 0 1
    outer loop
      vertex 25.3396 12.5549 14
      vertex 27.6955 13.5307 14
      vertex 27.4641 14 14
    endloop
  endfacet
  facet normal 0 0 1
    outer loop
      vertex 27.9658 11.4779 14
      vertex 25.4376 11.8107 14
      vertex 27.8637 10.9647 14
    endloop
  endfacet
  facet normal 0 0 1
    outer loop
      vertex 25.2557 12.725 14
      vertex 27.4641 14 14
      vertex 27.1734 14.435 14
    endloop
  endfacet
  facet normal -0 0 1
    outer loop
      vertex 25.4006 11.6247 14
      vertex 27.8637 10.9647 14
      vertex 25.4376 11.8107 14
    endloop
  endfacet
  facet normal 0 0 1
    outer loop
      vertex 25.1504 12.8827 14
      vertex 27.1734 14.435 14
      vertex 26.8284 14.8284 14
    endloop
  endfacet
  facet normal 0 0 1
    outer loop
      vertex 27.8637 10.9647 14
      vertex 25.4006 11.6247 14
      vertex 27.6955 10.4693 14
    endloop
  endfacet
  facet normal 0 0 1
    outer loop
      vertex 25.0253 13.0253 14
      vertex 26.8284 14.8284 14
      vertex 26.435 15.1734 14
    endloop
  endfacet
  facet normal -0 0 1
    outer loop
      vertex 25.3396 11.4451 14
      vertex 27.6955 10.4693 14
      vertex 25.4006 11.6247 14
    endloop
  endfacet
  facet normal 0 0 1
    outer loop
      vertex 24.8827 13.1504 14
      vertex 26.435 15.1734 14
      vertex 26 15.4641 14
    endloop
  endfacet
  facet normal 0 0 1
    outer loop
      vertex 27.6955 10.4693 14
      vertex 25.3396 11.4451 14
      vertex 27.4641 10 14
    endloop
  endfacet
  facet normal 0 0 1
    outer loop
      vertex 24.725 13.2557 14
      vertex 26 15.4641 14
      vertex 25.5307 15.6955 14
    endloop
  endfacet
  facet normal -0 0 1
    outer loop
      vertex 25.2557 11.275 14
      vertex 27.4641 10 14
      vertex 25.3396 11.4451 14
    endloop
  endfacet
  facet normal 0 0 1
    outer loop
      vertex 27.4641 10 14
      vertex 25.2557 11.275 14
      vertex 27.1734 9.56495 14
    endloop
  endfacet
  facet normal 0 0 1
    outer loop
      vertex 27.9658 12.5221 14
      vertex 25.4376 12.1893 14
      vertex 25.45 12 14
    endloop
  endfacet
  facet normal 0 0 1
    outer loop
      vertex 27.8637 13.0353 14
      vertex 25.4006 12.3753 14
      vertex 25.4376 12.1893 14
    endloop
  endfacet
  facet normal 0 0 1
    outer loop
      vertex 27.6955 13.5307 14
      vertex 25.3396 12.5549 14
      vertex 25.4006 12.3753 14
    endloop
  endfacet
  facet normal 0 0 1
    outer loop
      vertex 27.4641 14 14
      vertex 25.2557 12.725 14
      vertex 25.3396 12.5549 14
    endloop
  endfacet
  facet normal 0 0 1
    outer loop
      vertex 27.1734 14.435 14
      vertex 25.1504 12.8827 14
      vertex 25.2557 12.725 14
    endloop
  endfacet
  facet normal 0 0 1
    outer loop
      vertex 24.5549 13.3396 14
      vertex 25.5307 15.6955 14
      vertex 25.0353 15.8637 14
    endloop
  endfacet
  facet normal 0 0 1
    outer loop
      vertex 26.8284 14.8284 14
      vertex 25.0253 13.0253 14
      vertex 25.1504 12.8827 14
    endloop
  endfacet
  facet normal 0 0 1
    outer loop
      vertex 26.435 15.1734 14
      vertex 24.8827 13.1504 14
      vertex 25.0253 13.0253 14
    endloop
  endfacet
  facet normal 0 0 1
    outer loop
      vertex 26 15.4641 14
      vertex 24.725 13.2557 14
      vertex 24.8827 13.1504 14
    endloop
  endfacet
  facet normal 0 0 1
    outer loop
      vertex 25.5307 15.6955 14
      vertex 24.5549 13.3396 14
      vertex 24.725 13.2557 14
    endloop
  endfacet
  facet normal 0 0 1
    outer loop
      vertex 24.3753 13.4006 14
      vertex 25.0353 15.8637 14
      vertex 24.5221 15.9658 14
    endloop
  endfacet
  facet normal 0 0 1
    outer loop
      vertex 25.0353 15.8637 14
      vertex 24.3753 13.4006 14
      vertex 24.5549 13.3396 14
    endloop
  endfacet
  facet normal 0 0 1
    outer loop
      vertex 24.5221 15.9658 14
      vertex 24.1893 13.4376 14
      vertex 24.3753 13.4006 14
    endloop
  endfacet
  facet normal 0 0 1
    outer loop
      vertex 24 16 14
      vertex 24.1893 13.4376 14
      vertex 24.5221 15.9658 14
    endloop
  endfacet
  facet normal 0 0 1
    outer loop
      vertex 24 16 14
      vertex 24 13.45 14
      vertex 24.1893 13.4376 14
    endloop
  endfacet
  facet normal 0 0 1
    outer loop
      vertex 24 16 14
      vertex 23.8107 13.4376 14
      vertex 24 13.45 14
    endloop
  endfacet
  facet normal -0 0 1
    outer loop
      vertex 23.4779 15.9658 14
      vertex 23.8107 13.4376 14
      vertex 24 16 14
    endloop
  endfacet
  facet normal 0 0 1
    outer loop
      vertex 23.8107 13.4376 14
      vertex 23.4779 15.9658 14
      vertex 23.6247 13.4006 14
    endloop
  endfacet
  facet normal -0 0 1
    outer loop
      vertex 22.9647 15.8637 14
      vertex 23.6247 13.4006 14
      vertex 23.4779 15.9658 14
    endloop
  endfacet
  facet normal 0 0 1
    outer loop
      vertex 23.6247 13.4006 14
      vertex 22.9647 15.8637 14
      vertex 23.4451 13.3396 14
    endloop
  endfacet
  facet normal -0 0 1
    outer loop
      vertex 22.4693 15.6955 14
      vertex 23.4451 13.3396 14
      vertex 22.9647 15.8637 14
    endloop
  endfacet
  facet normal 0 0 1
    outer loop
      vertex 23.4451 13.3396 14
      vertex 22.4693 15.6955 14
      vertex 23.275 13.2557 14
    endloop
  endfacet
  facet normal -0 0 1
    outer loop
      vertex 22 15.4641 14
      vertex 23.275 13.2557 14
      vertex 22.4693 15.6955 14
    endloop
  endfacet
  facet normal 0 0 1
    outer loop
      vertex 23.275 13.2557 14
      vertex 22 15.4641 14
      vertex 23.1173 13.1504 14
    endloop
  endfacet
  facet normal -0 0 1
    outer loop
      vertex 21.565 15.1734 14
      vertex 23.1173 13.1504 14
      vertex 22 15.4641 14
    endloop
  endfacet
  facet normal 0 0 1
    outer loop
      vertex 23.1173 13.1504 14
      vertex 21.565 15.1734 14
      vertex 22.9747 13.0253 14
    endloop
  endfacet
  facet normal -0 0 1
    outer loop
      vertex 21.1716 14.8284 14
      vertex 22.9747 13.0253 14
      vertex 21.565 15.1734 14
    endloop
  endfacet
  facet normal 0 0 1
    outer loop
      vertex 22.9747 13.0253 14
      vertex 21.1716 14.8284 14
      vertex 22.8496 12.8827 14
    endloop
  endfacet
  facet normal 0 0 1
    outer loop
      vertex 22.8496 12.8827 14
      vertex 20.8266 14.435 14
      vertex 22.7443 12.725 14
    endloop
  endfacet
  facet normal -0 0 1
    outer loop
      vertex 20.8266 14.435 14
      vertex 22.8496 12.8827 14
      vertex 21.1716 14.8284 14
    endloop
  endfacet
  facet normal -0 0 1
    outer loop
      vertex 25.1504 11.1173 14
      vertex 27.1734 9.56495 14
      vertex 25.2557 11.275 14
    endloop
  endfacet
  facet normal 0 0 1
    outer loop
      vertex 27.1734 9.56495 14
      vertex 25.1504 11.1173 14
      vertex 26.8284 9.17157 14
    endloop
  endfacet
  facet normal -0 0 1
    outer loop
      vertex 25.0253 10.9747 14
      vertex 26.8284 9.17157 14
      vertex 25.1504 11.1173 14
    endloop
  endfacet
  facet normal 0 0 1
    outer loop
      vertex 26.8284 9.17157 14
      vertex 25.0253 10.9747 14
      vertex 26.435 8.82659 14
    endloop
  endfacet
  facet normal -0 0 1
    outer loop
      vertex 24.8827 10.8496 14
      vertex 26.435 8.82659 14
      vertex 25.0253 10.9747 14
    endloop
  endfacet
  facet normal 0 0 1
    outer loop
      vertex 26.435 8.82659 14
      vertex 24.8827 10.8496 14
      vertex 26 8.5359 14
    endloop
  endfacet
  facet normal -0 0 1
    outer loop
      vertex 24.725 10.7443 14
      vertex 26 8.5359 14
      vertex 24.8827 10.8496 14
    endloop
  endfacet
  facet normal 0 0 1
    outer loop
      vertex 26 8.5359 14
      vertex 24.725 10.7443 14
      vertex 25.5307 8.30448 14
    endloop
  endfacet
  facet normal -0 0 1
    outer loop
      vertex 24.5549 10.6604 14
      vertex 25.5307 8.30448 14
      vertex 24.725 10.7443 14
    endloop
  endfacet
  facet normal 0 0 1
    outer loop
      vertex 25.5307 8.30448 14
      vertex 24.5549 10.6604 14
      vertex 25.0353 8.1363 14
    endloop
  endfacet
  facet normal -0 0 1
    outer loop
      vertex 24.3753 10.5994 14
      vertex 25.0353 8.1363 14
      vertex 24.5549 10.6604 14
    endloop
  endfacet
  facet normal 0 0 1
    outer loop
      vertex 25.0353 8.1363 14
      vertex 24.3753 10.5994 14
      vertex 24.5221 8.03422 14
    endloop
  endfacet
  facet normal -0 0 1
    outer loop
      vertex 24.1893 10.5624 14
      vertex 24.5221 8.03422 14
      vertex 24.3753 10.5994 14
    endloop
  endfacet
  facet normal -0 0 1
    outer loop
      vertex 24 10.55 14
      vertex 24.5221 8.03422 14
      vertex 24.1893 10.5624 14
    endloop
  endfacet
  facet normal 0 0 1
    outer loop
      vertex 24 10.55 14
      vertex 24 8 14
      vertex 24.5221 8.03422 14
    endloop
  endfacet
  facet normal 0 0 1
    outer loop
      vertex 23.8107 10.5624 14
      vertex 24 8 14
      vertex 24 10.55 14
    endloop
  endfacet
  facet normal 0 0 1
    outer loop
      vertex 23.4779 8.03422 14
      vertex 23.8107 10.5624 14
      vertex 23.6247 10.5994 14
    endloop
  endfacet
  facet normal 0 0 1
    outer loop
      vertex 23.8107 10.5624 14
      vertex 23.4779 8.03422 14
      vertex 24 8 14
    endloop
  endfacet
  facet normal 0 0 1
    outer loop
      vertex 22.9647 8.1363 14
      vertex 23.6247 10.5994 14
      vertex 23.4451 10.6604 14
    endloop
  endfacet
  facet normal 0 0 1
    outer loop
      vertex 22.4693 8.30448 14
      vertex 23.4451 10.6604 14
      vertex 23.275 10.7443 14
    endloop
  endfacet
  facet normal 0 0 1
    outer loop
      vertex 22 8.5359 14
      vertex 23.275 10.7443 14
      vertex 23.1173 10.8496 14
    endloop
  endfacet
  facet normal 0 0 1
    outer loop
      vertex 21.565 8.82659 14
      vertex 23.1173 10.8496 14
      vertex 22.9747 10.9747 14
    endloop
  endfacet
  facet normal 0 0 1
    outer loop
      vertex 23.6247 10.5994 14
      vertex 22.9647 8.1363 14
      vertex 23.4779 8.03422 14
    endloop
  endfacet
  facet normal 0 0 1
    outer loop
      vertex 21.1716 9.17157 14
      vertex 22.9747 10.9747 14
      vertex 22.8496 11.1173 14
    endloop
  endfacet
  facet normal 0 0 1
    outer loop
      vertex 20.8266 9.56495 14
      vertex 22.8496 11.1173 14
      vertex 22.7443 11.275 14
    endloop
  endfacet
  facet normal 0 0 1
    outer loop
      vertex 20.5359 10 14
      vertex 22.7443 11.275 14
      vertex 22.6604 11.4451 14
    endloop
  endfacet
  facet normal 0 0 1
    outer loop
      vertex 20.3045 10.4693 14
      vertex 22.6604 11.4451 14
      vertex 22.5994 11.6247 14
    endloop
  endfacet
  facet normal 0 0 1
    outer loop
      vertex 20.1363 10.9647 14
      vertex 22.5994 11.6247 14
      vertex 22.5624 11.8107 14
    endloop
  endfacet
  facet normal 0 0 1
    outer loop
      vertex 23.4451 10.6604 14
      vertex 22.4693 8.30448 14
      vertex 22.9647 8.1363 14
    endloop
  endfacet
  facet normal 0 0 1
    outer loop
      vertex 20.0342 11.4779 14
      vertex 22.5624 11.8107 14
      vertex 22.55 12 14
    endloop
  endfacet
  facet normal -0 0 1
    outer loop
      vertex 20.5359 14 14
      vertex 22.7443 12.725 14
      vertex 20.8266 14.435 14
    endloop
  endfacet
  facet normal 0 0 1
    outer loop
      vertex 22.7443 12.725 14
      vertex 20.5359 14 14
      vertex 22.6604 12.5549 14
    endloop
  endfacet
  facet normal 0 0 1
    outer loop
      vertex 23.275 10.7443 14
      vertex 22 8.5359 14
      vertex 22.4693 8.30448 14
    endloop
  endfacet
  facet normal -0 0 1
    outer loop
      vertex 20.3045 13.5307 14
      vertex 22.6604 12.5549 14
      vertex 20.5359 14 14
    endloop
  endfacet
  facet normal 0 0 1
    outer loop
      vertex 23.1173 10.8496 14
      vertex 21.565 8.82659 14
      vertex 22 8.5359 14
    endloop
  endfacet
  facet normal 0 0 1
    outer loop
      vertex 22.6604 12.5549 14
      vertex 20.3045 13.5307 14
      vertex 22.5994 12.3753 14
    endloop
  endfacet
  facet normal 0 0 1
    outer loop
      vertex 22.9747 10.9747 14
      vertex 21.1716 9.17157 14
      vertex 21.565 8.82659 14
    endloop
  endfacet
  facet normal -0 0 1
    outer loop
      vertex 20.1363 13.0353 14
      vertex 22.5994 12.3753 14
      vertex 20.3045 13.5307 14
    endloop
  endfacet
  facet normal 0 0 1
    outer loop
      vertex 22.8496 11.1173 14
      vertex 20.8266 9.56495 14
      vertex 21.1716 9.17157 14
    endloop
  endfacet
  facet normal 0 0 1
    outer loop
      vertex 22.5994 12.3753 14
      vertex 20.1363 13.0353 14
      vertex 22.5624 12.1893 14
    endloop
  endfacet
  facet normal 0 0 1
    outer loop
      vertex 22.7443 11.275 14
      vertex 20.5359 10 14
      vertex 20.8266 9.56495 14
    endloop
  endfacet
  facet normal -0 0 1
    outer loop
      vertex 20.0342 12.5221 14
      vertex 22.5624 12.1893 14
      vertex 20.1363 13.0353 14
    endloop
  endfacet
  facet normal 0 0 1
    outer loop
      vertex 22.6604 11.4451 14
      vertex 20.3045 10.4693 14
      vertex 20.5359 10 14
    endloop
  endfacet
  facet normal 0 0 1
    outer loop
      vertex 22.5624 12.1893 14
      vertex 20.0342 12.5221 14
      vertex 22.55 12 14
    endloop
  endfacet
  facet normal 0 0 1
    outer loop
      vertex 22.5994 11.6247 14
      vertex 20.1363 10.9647 14
      vertex 20.3045 10.4693 14
    endloop
  endfacet
  facet normal 0 0 1
    outer loop
      vertex 20 12 14
      vertex 22.55 12 14
      vertex 20.0342 12.5221 14
    endloop
  endfacet
  facet normal 0 0 1
    outer loop
      vertex 22.5624 11.8107 14
      vertex 20.0342 11.4779 14
      vertex 20.1363 10.9647 14
    endloop
  endfacet
  facet normal 0 0 1
    outer loop
      vertex 22.55 12 14
      vertex 20 12 14
      vertex 20.0342 11.4779 14
    endloop
  endfacet
  facet normal -0.980783 -0.195102 0
    outer loop
      vertex 25.4376 12.1893 0
      vertex 25.4006 12.3753 14
      vertex 25.4006 12.3753 0
    endloop
  endfacet
  facet normal -0.980783 -0.195102 0
    outer loop
      vertex 25.4006 12.3753 14
      vertex 25.4376 12.1893 0
      vertex 25.4376 12.1893 14
    endloop
  endfacet
  facet normal -0.997861 -0.0653644 0
    outer loop
      vertex 25.45 12 0
      vertex 25.4376 12.1893 14
      vertex 25.4376 12.1893 0
    endloop
  endfacet
  facet normal -0.997861 -0.0653644 0
    outer loop
      vertex 25.4376 12.1893 14
      vertex 25.45 12 0
      vertex 25.45 12 14
    endloop
  endfacet
  facet normal -0.3216 0.946876 0
    outer loop
      vertex 24.5549 10.6604 0
      vertex 24.3753 10.5994 14
      vertex 24.5549 10.6604 14
    endloop
  endfacet
  facet normal -0.3216 0.946876 0
    outer loop
      vertex 24.3753 10.5994 14
      vertex 24.5549 10.6604 0
      vertex 24.3753 10.5994 0
    endloop
  endfacet
  facet normal -0.831644 -0.555309 0
    outer loop
      vertex 25.2557 12.725 0
      vertex 25.1504 12.8827 14
      vertex 25.1504 12.8827 0
    endloop
  endfacet
  facet normal -0.831644 -0.555309 0
    outer loop
      vertex 25.1504 12.8827 14
      vertex 25.2557 12.725 0
      vertex 25.2557 12.725 14
    endloop
  endfacet
  facet normal 0.896839 -0.442356 0
    outer loop
      vertex 22.6604 12.5549 14
      vertex 22.7443 12.725 0
      vertex 22.7443 12.725 14
    endloop
  endfacet
  facet normal 0.896839 -0.442356 0
    outer loop
      vertex 22.7443 12.725 0
      vertex 22.6604 12.5549 14
      vertex 22.6604 12.5549 0
    endloop
  endfacet
  facet normal 0.555309 -0.831644 0
    outer loop
      vertex 23.1173 13.1504 0
      vertex 23.275 13.2557 14
      vertex 23.1173 13.1504 14
    endloop
  endfacet
  facet normal 0.555309 -0.831644 0
    outer loop
      vertex 23.275 13.2557 14
      vertex 23.1173 13.1504 0
      vertex 23.275 13.2557 0
    endloop
  endfacet
  facet normal 0.659474 -0.751727 0
    outer loop
      vertex 22.9747 13.0253 0
      vertex 23.1173 13.1504 14
      vertex 22.9747 13.0253 14
    endloop
  endfacet
  facet normal 0.659474 -0.751727 0
    outer loop
      vertex 23.1173 13.1504 14
      vertex 22.9747 13.0253 0
      vertex 23.1173 13.1504 0
    endloop
  endfacet
  facet normal 0.751727 -0.659474 0
    outer loop
      vertex 22.8496 12.8827 14
      vertex 22.9747 13.0253 0
      vertex 22.9747 13.0253 14
    endloop
  endfacet
  facet normal 0.751727 -0.659474 0
    outer loop
      vertex 22.9747 13.0253 0
      vertex 22.8496 12.8827 14
      vertex 22.8496 12.8827 0
    endloop
  endfacet
  facet normal -0.946876 0.3216 0
    outer loop
      vertex 25.3396 11.4451 0
      vertex 25.4006 11.6247 14
      vertex 25.4006 11.6247 0
    endloop
  endfacet
  facet normal -0.946876 0.3216 0
    outer loop
      vertex 25.4006 11.6247 14
      vertex 25.3396 11.4451 0
      vertex 25.3396 11.4451 14
    endloop
  endfacet
  facet normal 0.997861 -0.0653644 0
    outer loop
      vertex 22.55 12 14
      vertex 22.5624 12.1893 0
      vertex 22.5624 12.1893 14
    endloop
  endfacet
  facet normal 0.997861 -0.0653644 0
    outer loop
      vertex 22.5624 12.1893 0
      vertex 22.55 12 14
      vertex 22.55 12 0
    endloop
  endfacet
  facet normal -0.555309 -0.831644 0
    outer loop
      vertex 24.725 13.2557 0
      vertex 24.8827 13.1504 14
      vertex 24.725 13.2557 14
    endloop
  endfacet
  facet normal -0.555309 -0.831644 -0
    outer loop
      vertex 24.8827 13.1504 14
      vertex 24.725 13.2557 0
      vertex 24.8827 13.1504 0
    endloop
  endfacet
  facet normal 0.3216 0.946876 -0
    outer loop
      vertex 23.6247 10.5994 0
      vertex 23.4451 10.6604 14
      vertex 23.6247 10.5994 14
    endloop
  endfacet
  facet normal 0.3216 0.946876 0
    outer loop
      vertex 23.4451 10.6604 14
      vertex 23.6247 10.5994 0
      vertex 23.4451 10.6604 0
    endloop
  endfacet
  facet normal 0.751727 0.659474 0
    outer loop
      vertex 22.9747 10.9747 14
      vertex 22.8496 11.1173 0
      vertex 22.8496 11.1173 14
    endloop
  endfacet
  facet normal 0.751727 0.659474 0
    outer loop
      vertex 22.8496 11.1173 0
      vertex 22.9747 10.9747 14
      vertex 22.9747 10.9747 0
    endloop
  endfacet
  facet normal -0.195102 0.980783 0
    outer loop
      vertex 24.3753 10.5994 0
      vertex 24.1893 10.5624 14
      vertex 24.3753 10.5994 14
    endloop
  endfacet
  facet normal -0.195102 0.980783 0
    outer loop
      vertex 24.1893 10.5624 14
      vertex 24.3753 10.5994 0
      vertex 24.1893 10.5624 0
    endloop
  endfacet
  facet normal 0.3216 -0.946876 0
    outer loop
      vertex 23.4451 13.3396 0
      vertex 23.6247 13.4006 14
      vertex 23.4451 13.3396 14
    endloop
  endfacet
  facet normal 0.3216 -0.946876 0
    outer loop
      vertex 23.6247 13.4006 14
      vertex 23.4451 13.3396 0
      vertex 23.6247 13.4006 0
    endloop
  endfacet
  facet normal 0.831644 0.555309 0
    outer loop
      vertex 22.8496 11.1173 14
      vertex 22.7443 11.275 0
      vertex 22.7443 11.275 14
    endloop
  endfacet
  facet normal 0.831644 0.555309 0
    outer loop
      vertex 22.7443 11.275 0
      vertex 22.8496 11.1173 14
      vertex 22.8496 11.1173 0
    endloop
  endfacet
  facet normal -0.555309 0.831644 0
    outer loop
      vertex 24.8827 10.8496 0
      vertex 24.725 10.7443 14
      vertex 24.8827 10.8496 14
    endloop
  endfacet
  facet normal -0.555309 0.831644 0
    outer loop
      vertex 24.725 10.7443 14
      vertex 24.8827 10.8496 0
      vertex 24.725 10.7443 0
    endloop
  endfacet
  facet normal 0.946876 -0.3216 0
    outer loop
      vertex 22.5994 12.3753 14
      vertex 22.6604 12.5549 0
      vertex 22.6604 12.5549 14
    endloop
  endfacet
  facet normal 0.946876 -0.3216 0
    outer loop
      vertex 22.6604 12.5549 0
      vertex 22.5994 12.3753 14
      vertex 22.5994 12.3753 0
    endloop
  endfacet
  facet normal -0.3216 -0.946876 0
    outer loop
      vertex 24.3753 13.4006 0
      vertex 24.5549 13.3396 14
      vertex 24.3753 13.4006 14
    endloop
  endfacet
  facet normal -0.3216 -0.946876 -0
    outer loop
      vertex 24.5549 13.3396 14
      vertex 24.3753 13.4006 0
      vertex 24.5549 13.3396 0
    endloop
  endfacet
  facet normal -0.0653644 -0.997861 0
    outer loop
      vertex 24 13.45 0
      vertex 24.1893 13.4376 14
      vertex 24 13.45 14
    endloop
  endfacet
  facet normal -0.0653644 -0.997861 -0
    outer loop
      vertex 24.1893 13.4376 14
      vertex 24 13.45 0
      vertex 24.1893 13.4376 0
    endloop
  endfacet
  facet normal 0.442356 -0.896839 0
    outer loop
      vertex 23.275 13.2557 0
      vertex 23.4451 13.3396 14
      vertex 23.275 13.2557 14
    endloop
  endfacet
  facet normal 0.442356 -0.896839 0
    outer loop
      vertex 23.4451 13.3396 14
      vertex 23.275 13.2557 0
      vertex 23.4451 13.3396 0
    endloop
  endfacet
  facet normal -0.831644 0.555309 0
    outer loop
      vertex 25.1504 11.1173 0
      vertex 25.2557 11.275 14
      vertex 25.2557 11.275 0
    endloop
  endfacet
  facet normal -0.831644 0.555309 0
    outer loop
      vertex 25.2557 11.275 14
      vertex 25.1504 11.1173 0
      vertex 25.1504 11.1173 14
    endloop
  endfacet
  facet normal 0.997861 0.0653644 0
    outer loop
      vertex 22.5624 11.8107 14
      vertex 22.55 12 0
      vertex 22.55 12 14
    endloop
  endfacet
  facet normal 0.997861 0.0653644 0
    outer loop
      vertex 22.55 12 0
      vertex 22.5624 11.8107 14
      vertex 22.5624 11.8107 0
    endloop
  endfacet
  facet normal 0.946876 0.3216 0
    outer loop
      vertex 22.6604 11.4451 14
      vertex 22.5994 11.6247 0
      vertex 22.5994 11.6247 14
    endloop
  endfacet
  facet normal 0.946876 0.3216 0
    outer loop
      vertex 22.5994 11.6247 0
      vertex 22.6604 11.4451 14
      vertex 22.6604 11.4451 0
    endloop
  endfacet
  facet normal 0.659474 0.751727 -0
    outer loop
      vertex 23.1173 10.8496 0
      vertex 22.9747 10.9747 14
      vertex 23.1173 10.8496 14
    endloop
  endfacet
  facet normal 0.659474 0.751727 0
    outer loop
      vertex 22.9747 10.9747 14
      vertex 23.1173 10.8496 0
      vertex 22.9747 10.9747 0
    endloop
  endfacet
  facet normal -0.442356 -0.896839 0
    outer loop
      vertex 24.5549 13.3396 0
      vertex 24.725 13.2557 14
      vertex 24.5549 13.3396 14
    endloop
  endfacet
  facet normal -0.442356 -0.896839 -0
    outer loop
      vertex 24.725 13.2557 14
      vertex 24.5549 13.3396 0
      vertex 24.725 13.2557 0
    endloop
  endfacet
  facet normal 0.195102 -0.980783 0
    outer loop
      vertex 23.6247 13.4006 0
      vertex 23.8107 13.4376 14
      vertex 23.6247 13.4006 14
    endloop
  endfacet
  facet normal 0.195102 -0.980783 0
    outer loop
      vertex 23.8107 13.4376 14
      vertex 23.6247 13.4006 0
      vertex 23.8107 13.4376 0
    endloop
  endfacet
  facet normal -0.751727 -0.659474 0
    outer loop
      vertex 25.1504 12.8827 0
      vertex 25.0253 13.0253 14
      vertex 25.0253 13.0253 0
    endloop
  endfacet
  facet normal -0.751727 -0.659474 0
    outer loop
      vertex 25.0253 13.0253 14
      vertex 25.1504 12.8827 0
      vertex 25.1504 12.8827 14
    endloop
  endfacet
  facet normal -0.195102 -0.980783 0
    outer loop
      vertex 24.1893 13.4376 0
      vertex 24.3753 13.4006 14
      vertex 24.1893 13.4376 14
    endloop
  endfacet
  facet normal -0.195102 -0.980783 -0
    outer loop
      vertex 24.3753 13.4006 14
      vertex 24.1893 13.4376 0
      vertex 24.3753 13.4006 0
    endloop
  endfacet
  facet normal -0.751727 0.659474 0
    outer loop
      vertex 25.0253 10.9747 0
      vertex 25.1504 11.1173 14
      vertex 25.1504 11.1173 0
    endloop
  endfacet
  facet normal -0.751727 0.659474 0
    outer loop
      vertex 25.1504 11.1173 14
      vertex 25.0253 10.9747 0
      vertex 25.0253 10.9747 14
    endloop
  endfacet
  facet normal 0.442356 0.896839 -0
    outer loop
      vertex 23.4451 10.6604 0
      vertex 23.275 10.7443 14
      vertex 23.4451 10.6604 14
    endloop
  endfacet
  facet normal 0.442356 0.896839 0
    outer loop
      vertex 23.275 10.7443 14
      vertex 23.4451 10.6604 0
      vertex 23.275 10.7443 0
    endloop
  endfacet
  facet normal 0.980783 -0.195102 0
    outer loop
      vertex 22.5624 12.1893 14
      vertex 22.5994 12.3753 0
      vertex 22.5994 12.3753 14
    endloop
  endfacet
  facet normal 0.980783 -0.195102 0
    outer loop
      vertex 22.5994 12.3753 0
      vertex 22.5624 12.1893 14
      vertex 22.5624 12.1893 0
    endloop
  endfacet
  facet normal -0.0653644 0.997861 0
    outer loop
      vertex 24.1893 10.5624 0
      vertex 24 10.55 14
      vertex 24.1893 10.5624 14
    endloop
  endfacet
  facet normal -0.0653644 0.997861 0
    outer loop
      vertex 24 10.55 14
      vertex 24.1893 10.5624 0
      vertex 24 10.55 0
    endloop
  endfacet
  facet normal -0.442356 0.896839 0
    outer loop
      vertex 24.725 10.7443 0
      vertex 24.5549 10.6604 14
      vertex 24.725 10.7443 14
    endloop
  endfacet
  facet normal -0.442356 0.896839 0
    outer loop
      vertex 24.5549 10.6604 14
      vertex 24.725 10.7443 0
      vertex 24.5549 10.6604 0
    endloop
  endfacet
  facet normal -0.659474 0.751727 0
    outer loop
      vertex 25.0253 10.9747 0
      vertex 24.8827 10.8496 14
      vertex 25.0253 10.9747 14
    endloop
  endfacet
  facet normal -0.659474 0.751727 0
    outer loop
      vertex 24.8827 10.8496 14
      vertex 25.0253 10.9747 0
      vertex 24.8827 10.8496 0
    endloop
  endfacet
  facet normal 0.896839 0.442356 0
    outer loop
      vertex 22.7443 11.275 14
      vertex 22.6604 11.4451 0
      vertex 22.6604 11.4451 14
    endloop
  endfacet
  facet normal 0.896839 0.442356 0
    outer loop
      vertex 22.6604 11.4451 0
      vertex 22.7443 11.275 14
      vertex 22.7443 11.275 0
    endloop
  endfacet
  facet normal -0.896839 0.442356 0
    outer loop
      vertex 25.2557 11.275 0
      vertex 25.3396 11.4451 14
      vertex 25.3396 11.4451 0
    endloop
  endfacet
  facet normal -0.896839 0.442356 0
    outer loop
      vertex 25.3396 11.4451 14
      vertex 25.2557 11.275 0
      vertex 25.2557 11.275 14
    endloop
  endfacet
  facet normal -0.659474 -0.751727 0
    outer loop
      vertex 24.8827 13.1504 0
      vertex 25.0253 13.0253 14
      vertex 24.8827 13.1504 14
    endloop
  endfacet
  facet normal -0.659474 -0.751727 -0
    outer loop
      vertex 25.0253 13.0253 14
      vertex 24.8827 13.1504 0
      vertex 25.0253 13.0253 0
    endloop
  endfacet
  facet normal -0.997861 0.0653644 0
    outer loop
      vertex 25.4376 11.8107 0
      vertex 25.45 12 14
      vertex 25.45 12 0
    endloop
  endfacet
  facet normal -0.997861 0.0653644 0
    outer loop
      vertex 25.45 12 14
      vertex 25.4376 11.8107 0
      vertex 25.4376 11.8107 14
    endloop
  endfacet
  facet normal 0.555309 0.831644 -0
    outer loop
      vertex 23.275 10.7443 0
      vertex 23.1173 10.8496 14
      vertex 23.275 10.7443 14
    endloop
  endfacet
  facet normal 0.555309 0.831644 0
    outer loop
      vertex 23.1173 10.8496 14
      vertex 23.275 10.7443 0
      vertex 23.1173 10.8496 0
    endloop
  endfacet
  facet normal -0.896839 -0.442356 0
    outer loop
      vertex 25.3396 12.5549 0
      vertex 25.2557 12.725 14
      vertex 25.2557 12.725 0
    endloop
  endfacet
  facet normal -0.896839 -0.442356 0
    outer loop
      vertex 25.2557 12.725 14
      vertex 25.3396 12.5549 0
      vertex 25.3396 12.5549 14
    endloop
  endfacet
  facet normal -0.980783 0.195102 0
    outer loop
      vertex 25.4006 11.6247 0
      vertex 25.4376 11.8107 14
      vertex 25.4376 11.8107 0
    endloop
  endfacet
  facet normal -0.980783 0.195102 0
    outer loop
      vertex 25.4376 11.8107 14
      vertex 25.4006 11.6247 0
      vertex 25.4006 11.6247 14
    endloop
  endfacet
  facet normal -0.946876 -0.3216 0
    outer loop
      vertex 25.4006 12.3753 0
      vertex 25.3396 12.5549 14
      vertex 25.3396 12.5549 0
    endloop
  endfacet
  facet normal -0.946876 -0.3216 0
    outer loop
      vertex 25.3396 12.5549 14
      vertex 25.4006 12.3753 0
      vertex 25.4006 12.3753 14
    endloop
  endfacet
  facet normal 0.0653644 -0.997861 0
    outer loop
      vertex 23.8107 13.4376 0
      vertex 24 13.45 14
      vertex 23.8107 13.4376 14
    endloop
  endfacet
  facet normal 0.0653644 -0.997861 0
    outer loop
      vertex 24 13.45 14
      vertex 23.8107 13.4376 0
      vertex 24 13.45 0
    endloop
  endfacet
  facet normal 0.980783 0.195102 0
    outer loop
      vertex 22.5994 11.6247 14
      vertex 22.5624 11.8107 0
      vertex 22.5624 11.8107 14
    endloop
  endfacet
  facet normal 0.980783 0.195102 0
    outer loop
      vertex 22.5624 11.8107 0
      vertex 22.5994 11.6247 14
      vertex 22.5994 11.6247 0
    endloop
  endfacet
  facet normal 0.195102 0.980783 -0
    outer loop
      vertex 23.8107 10.5624 0
      vertex 23.6247 10.5994 14
      vertex 23.8107 10.5624 14
    endloop
  endfacet
  facet normal 0.195102 0.980783 0
    outer loop
      vertex 23.6247 10.5994 14
      vertex 23.8107 10.5624 0
      vertex 23.6247 10.5994 0
    endloop
  endfacet
  facet normal 0.831644 -0.555309 0
    outer loop
      vertex 22.7443 12.725 14
      vertex 22.8496 12.8827 0
      vertex 22.8496 12.8827 14
    endloop
  endfacet
  facet normal 0.831644 -0.555309 0
    outer loop
      vertex 22.8496 12.8827 0
      vertex 22.7443 12.725 14
      vertex 22.7443 12.725 0
    endloop
  endfacet
  facet normal 0.0653644 0.997861 -0
    outer loop
      vertex 24 10.55 0
      vertex 23.8107 10.5624 14
      vertex 24 10.55 14
    endloop
  endfacet
  facet normal 0.0653644 0.997861 0
    outer loop
      vertex 23.8107 10.5624 14
      vertex 24 10.55 0
      vertex 23.8107 10.5624 0
    endloop
  endfacet
endsolid OpenSCAD_Model
