solid OpenSCAD_Model
  facet normal -1 0 0
    outer loop
      vertex 5 5.32051 103.4
      vertex 5 17.3205 3.8147e-07
      vertex 5 5.32051 12
    endloop
  endfacet
  facet normal -1 0 0
    outer loop
      vertex 5 17.3205 3.8147e-07
      vertex 5 -126.778 12
      vertex 5 5.32051 12
    endloop
  endfacet
  facet normal -1 -0 0
    outer loop
      vertex 5 -126.778 12
      vertex 5 -138.778 3.8147e-07
      vertex 5 -126.778 103.4
    endloop
  endfacet
  facet normal -1 0 0
    outer loop
      vertex 5 -138.778 3.8147e-07
      vertex 5 -126.778 12
      vertex 5 17.3205 3.8147e-07
    endloop
  endfacet
  facet normal -1 0 0
    outer loop
      vertex 5 17.3205 3.8147e-07
      vertex 5 5.32051 103.4
      vertex 5 17.3205 116.4
    endloop
  endfacet
  facet normal -1 0 0
    outer loop
      vertex 5 -126.778 103.4
      vertex 5 17.3205 116.4
      vertex 5 5.32051 103.4
    endloop
  endfacet
  facet normal -1 0 0
    outer loop
      vertex 5 -126.778 103.4
      vertex 5 -138.778 116.4
      vertex 5 17.3205 116.4
    endloop
  endfacet
  facet normal -1 0 0
    outer loop
      vertex 5 -138.778 116.4
      vertex 5 -126.778 103.4
      vertex 5 -138.778 3.8147e-07
    endloop
  endfacet
  facet normal 0.707107 -0.707107 0
    outer loop
      vertex 79.35 -138.778 116.4
      vertex 89.35 -128.778 3.8147e-07
      vertex 89.35 -128.778 116.4
    endloop
  endfacet
  facet normal 0.707107 -0.707107 0
    outer loop
      vertex 89.35 -128.778 3.8147e-07
      vertex 79.35 -138.778 116.4
      vertex 79.35 -138.778 3.8147e-07
    endloop
  endfacet
  facet normal 0 0 -1
    outer loop
      vertex 5 -138.778 3.8147e-07
      vertex 89.35 -128.778 3.8147e-07
      vertex 79.35 -138.778 3.8147e-07
    endloop
  endfacet
  facet normal -0 0 -1
    outer loop
      vertex 89.35 -128.778 3.8147e-07
      vertex 5 -138.778 3.8147e-07
      vertex 5 17.3205 3.8147e-07
    endloop
  endfacet
  facet normal 0 -1 0
    outer loop
      vertex 5 -138.778 116.4
      vertex 14.1354 -138.778 114.679
      vertex 14 -138.778 116.4
    endloop
  endfacet
  facet normal 0 -1 0
    outer loop
      vertex 5 -138.778 116.4
      vertex 14.5384 -138.778 113.001
      vertex 14.1354 -138.778 114.679
    endloop
  endfacet
  facet normal 0 -1 0
    outer loop
      vertex 5 -138.778 116.4
      vertex 15.1989 -138.778 111.406
      vertex 14.5384 -138.778 113.001
    endloop
  endfacet
  facet normal 0 -1 0
    outer loop
      vertex 5 -138.778 116.4
      vertex 16.1008 -138.778 109.934
      vertex 15.1989 -138.778 111.406
    endloop
  endfacet
  facet normal 0 -1 0
    outer loop
      vertex 5 -138.778 116.4
      vertex 17.2218 -138.778 108.622
      vertex 16.1008 -138.778 109.934
    endloop
  endfacet
  facet normal 0 -1 0
    outer loop
      vertex 5 -138.778 116.4
      vertex 18.5344 -138.778 107.501
      vertex 17.2218 -138.778 108.622
    endloop
  endfacet
  facet normal 0 -1 -0
    outer loop
      vertex 23.2792 -138.778 105.535
      vertex 5 -138.778 3.8147e-07
      vertex 25 -138.778 105.4
    endloop
  endfacet
  facet normal 0 -1 -0
    outer loop
      vertex 21.6008 -138.778 105.938
      vertex 5 -138.778 3.8147e-07
      vertex 23.2792 -138.778 105.535
    endloop
  endfacet
  facet normal 0 -1 -0
    outer loop
      vertex 20.0061 -138.778 106.599
      vertex 5 -138.778 3.8147e-07
      vertex 21.6008 -138.778 105.938
    endloop
  endfacet
  facet normal 0 -1 -0
    outer loop
      vertex 18.5344 -138.778 107.501
      vertex 5 -138.778 3.8147e-07
      vertex 20.0061 -138.778 106.599
    endloop
  endfacet
  facet normal 0 -1 0
    outer loop
      vertex 5 -138.778 3.8147e-07
      vertex 18.5344 -138.778 107.501
      vertex 5 -138.778 116.4
    endloop
  endfacet
  facet normal 0 -1 0
    outer loop
      vertex 35.8646 -138.778 114.679
      vertex 79.35 -138.778 116.4
      vertex 36 -138.778 116.4
    endloop
  endfacet
  facet normal 0 -1 0
    outer loop
      vertex 35.4616 -138.778 113.001
      vertex 79.35 -138.778 116.4
      vertex 35.8646 -138.778 114.679
    endloop
  endfacet
  facet normal 0 -1 0
    outer loop
      vertex 34.8011 -138.778 111.406
      vertex 79.35 -138.778 116.4
      vertex 35.4616 -138.778 113.001
    endloop
  endfacet
  facet normal 0 -1 0
    outer loop
      vertex 33.8992 -138.778 109.934
      vertex 79.35 -138.778 116.4
      vertex 34.8011 -138.778 111.406
    endloop
  endfacet
  facet normal 0 -1 0
    outer loop
      vertex 32.7782 -138.778 108.622
      vertex 79.35 -138.778 116.4
      vertex 33.8992 -138.778 109.934
    endloop
  endfacet
  facet normal 0 -1 0
    outer loop
      vertex 31.4656 -138.778 107.501
      vertex 79.35 -138.778 116.4
      vertex 32.7782 -138.778 108.622
    endloop
  endfacet
  facet normal 0 -1 0
    outer loop
      vertex 79.35 -138.778 3.8147e-07
      vertex 31.4656 -138.778 107.501
      vertex 29.9939 -138.778 106.599
    endloop
  endfacet
  facet normal 0 -1 0
    outer loop
      vertex 79.35 -138.778 3.8147e-07
      vertex 29.9939 -138.778 106.599
      vertex 28.3992 -138.778 105.938
    endloop
  endfacet
  facet normal 0 -1 0
    outer loop
      vertex 79.35 -138.778 3.8147e-07
      vertex 28.3992 -138.778 105.938
      vertex 26.7208 -138.778 105.535
    endloop
  endfacet
  facet normal 0 -1 0
    outer loop
      vertex 5 -138.778 3.8147e-07
      vertex 26.7208 -138.778 105.535
      vertex 25 -138.778 105.4
    endloop
  endfacet
  facet normal 0 -1 0
    outer loop
      vertex 79.35 -138.778 3.8147e-07
      vertex 26.7208 -138.778 105.535
      vertex 5 -138.778 3.8147e-07
    endloop
  endfacet
  facet normal 0 -1 0
    outer loop
      vertex 31.4656 -138.778 107.501
      vertex 79.35 -138.778 3.8147e-07
      vertex 79.35 -138.778 116.4
    endloop
  endfacet
  facet normal 0.86604 0.499975 4.0491e-05
    outer loop
      vertex 18.1529 -5.46102 98.2377
      vertex 5 17.3205 116.4
      vertex 18.0503 -5.28334 98.733
    endloop
  endfacet
  facet normal 0.866014 0.50002 5.81551e-05
    outer loop
      vertex 5 17.3205 3.8147e-07
      vertex 17.9752 -5.15327 10.6414
      vertex 17.95 -5.10955 10
    endloop
  endfacet
  facet normal 0.865945 0.500139 -0.000232528
    outer loop
      vertex 18.1734 -5.49656 98.1386
      vertex 5 17.3205 116.4
      vertex 18.1529 -5.46102 98.2377
    endloop
  endfacet
  facet normal 0.866027 0.499997 -6.54966e-06
    outer loop
      vertex 5 17.3205 3.8147e-07
      vertex 18.0503 -5.28334 11.267
      vertex 17.9752 -5.15327 10.6414
    endloop
  endfacet
  facet normal 0.865952 0.500127 -0.000213477
    outer loop
      vertex 18.2014 -5.54508 98.0472
      vertex 5 17.3205 116.4
      vertex 18.1734 -5.49656 98.1386
    endloop
  endfacet
  facet normal 0.866034 0.499986 -3.54825e-05
    outer loop
      vertex 5 17.3205 3.8147e-07
      vertex 18.1529 -5.46102 11.7623
      vertex 18.0503 -5.28334 11.267
    endloop
  endfacet
  facet normal 0.866067 0.499928 0.000116658
    outer loop
      vertex 18.3415 -5.78768 97.5901
      vertex 5 17.3205 116.4
      vertex 18.2014 -5.54508 98.0472
    endloop
  endfacet
  facet normal 0.86598 0.500078 0.000203786
    outer loop
      vertex 5 17.3205 3.8147e-07
      vertex 18.1734 -5.49656 11.8614
      vertex 18.1529 -5.46102 11.7623
    endloop
  endfacet
  facet normal 0.866026 0.499999 9.35759e-07
    outer loop
      vertex 23.8 -15.242 42.225
      vertex 5 17.3205 116.4
      vertex 18.3415 -5.78768 97.5901
    endloop
  endfacet
  facet normal 0.865988 0.500065 0.000169582
    outer loop
      vertex 5 17.3205 3.8147e-07
      vertex 18.2014 -5.54508 11.9528
      vertex 18.1734 -5.49656 11.8614
    endloop
  endfacet
  facet normal 0.866025 0.500001 0
    outer loop
      vertex 5 17.3205 116.4
      vertex 23.8 -15.242 42.225
      vertex 5 17.3205 3.8147e-07
    endloop
  endfacet
  facet normal 0.866047 0.499962 -9.26719e-05
    outer loop
      vertex 5 17.3205 3.8147e-07
      vertex 18.3415 -5.78768 12.4099
      vertex 18.2014 -5.54508 11.9528
    endloop
  endfacet
  facet normal 0.866045 0.499966 8.47435e-06
    outer loop
      vertex 23.8 -15.242 42.225
      vertex 18.3415 -5.78768 97.5901
      vertex 18.5504 -6.14953 97.1009
    endloop
  endfacet
  facet normal 0.866026 0.499998 -2.52378e-06
    outer loop
      vertex 18.5504 -6.14953 12.8991
      vertex 5 17.3205 3.8147e-07
      vertex 23.8 -15.242 42.225
    endloop
  endfacet
  facet normal 0.866032 0.499988 3.55638e-06
    outer loop
      vertex 23.8 -15.242 42.225
      vertex 18.5504 -6.14953 97.1009
      vertex 18.795 -6.5732 96.683
    endloop
  endfacet
  facet normal 0.866016 0.500016 4.10478e-05
    outer loop
      vertex 5 17.3205 3.8147e-07
      vertex 18.5504 -6.14953 12.8991
      vertex 18.3415 -5.78768 12.4099
    endloop
  endfacet
  facet normal 0.86601 0.500027 -4.77144e-06
    outer loop
      vertex 23.8 -15.242 42.225
      vertex 18.795 -6.5732 96.683
      vertex 19.0693 -7.04827 96.3469
    endloop
  endfacet
  facet normal 0.866034 0.499985 -8.01995e-06
    outer loop
      vertex 18.5504 -6.14953 12.8991
      vertex 23.8 -15.242 42.225
      vertex 18.795 -6.5732 13.317
    endloop
  endfacet
  facet normal 0.866023 0.500004 -4.77205e-08
    outer loop
      vertex 23.8 -15.242 42.225
      vertex 19.0693 -7.04827 96.3469
      vertex 19.3665 -7.56303 96.1007
    endloop
  endfacet
  facet normal 0.866008 0.50003 1.01242e-05
    outer loop
      vertex 18.795 -6.5732 13.317
      vertex 23.8 -15.242 42.225
      vertex 19.0693 -7.04827 13.6531
    endloop
  endfacet
  facet normal 0.865993 0.500057 -1.00416e-05
    outer loop
      vertex 23.8 -15.242 42.225
      vertex 19.3665 -7.56303 96.1007
      vertex 19.6272 -8.01451 95.9755
    endloop
  endfacet
  facet normal 0.866023 0.500004 9.71773e-08
    outer loop
      vertex 19.0693 -7.04827 13.6531
      vertex 23.8 -15.242 42.225
      vertex 19.3665 -7.56303 13.8993
    endloop
  endfacet
  facet normal 0.86615 0.499784 3.89069e-05
    outer loop
      vertex 23.8 -15.242 42.225
      vertex 19.6272 -8.01451 95.9755
      vertex 19.6793 -8.1048 95.9505
    endloop
  endfacet
  facet normal 0.865992 0.500059 1.98355e-05
    outer loop
      vertex 19.3665 -7.56303 13.8993
      vertex 23.8 -15.242 42.225
      vertex 19.6272 -8.01451 14.0245
    endloop
  endfacet
  facet normal 0.865825 0.500347 -6.09279e-05
    outer loop
      vertex 23.8 -15.242 42.225
      vertex 19.6793 -8.1048 95.9505
      vertex 19.7328 -8.19738 95.9421
    endloop
  endfacet
  facet normal 0.866155 0.499776 -7.68499e-05
    outer loop
      vertex 19.6272 -8.01451 14.0245
      vertex 23.8 -15.242 42.225
      vertex 19.6793 -8.1048 14.0495
    endloop
  endfacet
  facet normal 0.866061 0.499938 1.06838e-05
    outer loop
      vertex 23.8 -15.242 42.225
      vertex 19.7328 -8.19738 95.9421
      vertex 20 -8.66026 95.9
    endloop
  endfacet
  facet normal 0.865823 0.500351 0.000117478
    outer loop
      vertex 19.6793 -8.1048 14.0495
      vertex 23.8 -15.242 42.225
      vertex 19.7328 -8.19738 14.0579
    endloop
  endfacet
  facet normal 0.866207 0.499685 5.19112e-05
    outer loop
      vertex 23.8 -15.242 42.225
      vertex 20 -8.66026 95.9
      vertex 20.0534 -8.75283 95.9084
    endloop
  endfacet
  facet normal 0.866062 0.499937 -2.06005e-05
    outer loop
      vertex 19.7328 -8.19738 14.0579
      vertex 23.8 -15.242 42.225
      vertex 20 -8.66026 14.1
    endloop
  endfacet
  facet normal 0.86598 0.500078 -1.13386e-05
    outer loop
      vertex 23.8 -15.242 42.225
      vertex 20.0534 -8.75283 95.9084
      vertex 20.3207 -9.21571 95.9505
    endloop
  endfacet
  facet normal 0.866205 0.499689 -9.80889e-05
    outer loop
      vertex 20 -8.66026 14.1
      vertex 23.8 -15.242 42.225
      vertex 20.0534 -8.75283 14.0916
    endloop
  endfacet
  facet normal 0.866075 0.499913 1.32696e-05
    outer loop
      vertex 23.8 -15.242 42.225
      vertex 20.3207 -9.21571 95.9505
      vertex 20.5813 -9.66719 96.0756
    endloop
  endfacet
  facet normal 0.865981 0.500077 2.14244e-05
    outer loop
      vertex 20.0534 -8.75283 14.0916
      vertex 23.8 -15.242 42.225
      vertex 20.3207 -9.21571 14.0495
    endloop
  endfacet
  facet normal 0.865738 0.500497 -6.72672e-05
    outer loop
      vertex 23.8 -15.242 42.225
      vertex 20.5813 -9.66719 96.0756
      vertex 20.6335 -9.75748 96.1007
    endloop
  endfacet
  facet normal 0.866074 0.499916 -2.46294e-05
    outer loop
      vertex 20.3207 -9.21571 14.0495
      vertex 23.8 -15.242 42.225
      vertex 20.5813 -9.66719 13.9244
    endloop
  endfacet
  facet normal 0.866007 0.500032 -4.12331e-06
    outer loop
      vertex 23.8 -15.242 42.225
      vertex 20.6335 -9.75748 96.1007
      vertex 20.9307 -10.2722 96.3469
    endloop
  endfacet
  facet normal 0.865745 0.500485 0.000124845
    outer loop
      vertex 20.5813 -9.66719 13.9244
      vertex 23.8 -15.242 42.225
      vertex 20.6335 -9.75748 13.8993
    endloop
  endfacet
  facet normal 0.866025 0.500001 -3.70336e-07
    outer loop
      vertex 23.8 -15.242 42.225
      vertex 20.9307 -10.2722 96.3469
      vertex 21.205 -10.7473 96.683
    endloop
  endfacet
  facet normal 0.866008 0.50003 7.52732e-06
    outer loop
      vertex 20.6335 -9.75748 13.8993
      vertex 23.8 -15.242 42.225
      vertex 20.9307 -10.2722 13.6531
    endloop
  endfacet
  facet normal 0.866045 0.499967 3.39723e-06
    outer loop
      vertex 23.8 -15.242 42.225
      vertex 21.205 -10.7473 96.683
      vertex 21.4496 -11.171 97.1009
    endloop
  endfacet
  facet normal 0.866025 0.500001 6.65218e-07
    outer loop
      vertex 20.9307 -10.2722 13.6531
      vertex 23.8 -15.242 42.225
      vertex 21.205 -10.7473 13.317
    endloop
  endfacet
  facet normal 0.866106 0.499861 1.38737e-05
    outer loop
      vertex 23.8 -15.242 42.225
      vertex 21.4496 -11.171 97.1009
      vertex 21.4844 -11.2313 97.1824
    endloop
  endfacet
  facet normal 0.866043 0.499969 -6.0006e-06
    outer loop
      vertex 21.205 -10.7473 13.317
      vertex 23.8 -15.242 42.225
      vertex 21.4496 -11.171 12.8991
    endloop
  endfacet
  facet normal 0.865993 0.500057 -5.20742e-06
    outer loop
      vertex 23.8 -15.242 42.225
      vertex 21.4844 -11.2313 97.1824
      vertex 21.6585 -11.5328 97.5901
    endloop
  endfacet
  facet normal 0.8661 0.499871 -2.40512e-05
    outer loop
      vertex 21.4496 -11.171 12.8991
      vertex 23.8 -15.242 42.225
      vertex 21.4844 -11.2313 12.8176
    endloop
  endfacet
  facet normal 0.866053 0.499952 4.21083e-06
    outer loop
      vertex 23.8 -15.242 42.225
      vertex 21.6585 -11.5328 97.5901
      vertex 21.8266 -11.824 98.1386
    endloop
  endfacet
  facet normal 0.865995 0.500053 9.02733e-06
    outer loop
      vertex 21.4844 -11.2313 12.8176
      vertex 23.8 -15.242 42.225
      vertex 21.6585 -11.5328 12.4099
    endloop
  endfacet
  facet normal 0.866093 0.499884 9.74915e-06
    outer loop
      vertex 23.8 -15.242 42.225
      vertex 21.8266 -11.824 98.1386
      vertex 21.9291 -12.0016 98.634
    endloop
  endfacet
  facet normal 0.866051 0.499956 -7.13422e-06
    outer loop
      vertex 21.6585 -11.5328 12.4099
      vertex 23.8 -15.242 42.225
      vertex 21.8266 -11.824 11.8614
    endloop
  endfacet
  facet normal 0.865604 0.50073 -5.50814e-05
    outer loop
      vertex 23.8 -15.242 42.225
      vertex 21.9291 -12.0016 98.634
      vertex 21.9497 -12.0372 98.733
    endloop
  endfacet
  facet normal 0.866085 0.499897 -1.59922e-05
    outer loop
      vertex 21.8266 -11.824 11.8614
      vertex 23.8 -15.242 42.225
      vertex 21.9291 -12.0016 11.366
    endloop
  endfacet
  facet normal 0.865924 0.500175 -1.31014e-05
    outer loop
      vertex 23.8 -15.242 42.225
      vertex 21.9497 -12.0372 98.733
      vertex 22.0248 -12.1672 99.3586
    endloop
  endfacet
  facet normal 0.865646 0.500656 9.03837e-05
    outer loop
      vertex 21.9291 -12.0016 11.366
      vertex 23.8 -15.242 42.225
      vertex 21.9497 -12.0372 11.267
    endloop
  endfacet
  facet normal 0.865574 0.500781 0.000189813
    outer loop
      vertex 23.8 -15.242 116.4
      vertex 22.0248 -12.1672 99.3586
      vertex 22.05 -12.211 100
    endloop
  endfacet
  facet normal 0.865939 0.500149 2.03191e-05
    outer loop
      vertex 21.9497 -12.0372 11.267
      vertex 23.8 -15.242 42.225
      vertex 22.0248 -12.1672 10.6414
    endloop
  endfacet
  facet normal 0.866007 0.500033 -5.93449e-05
    outer loop
      vertex 17.9752 -5.15327 99.3586
      vertex 5 17.3205 116.4
      vertex 17.95 -5.10955 100
    endloop
  endfacet
  facet normal 0.866042 0.499971 5.37446e-05
    outer loop
      vertex 5 17.3205 116.4
      vertex 17.9752 -5.15327 100.641
      vertex 17.95 -5.10955 100
    endloop
  endfacet
  facet normal 0.866024 0.500002 -5.15063e-06
    outer loop
      vertex 5 17.3205 116.4
      vertex 18.0503 -5.28334 101.267
      vertex 17.9752 -5.15327 100.641
    endloop
  endfacet
  facet normal 0.866019 0.500011 -2.35062e-05
    outer loop
      vertex 5 17.3205 116.4
      vertex 18.1529 -5.46102 101.762
      vertex 18.0503 -5.28334 101.267
    endloop
  endfacet
  facet normal 0.866063 0.499934 0.000135078
    outer loop
      vertex 5 17.3205 116.4
      vertex 18.1734 -5.49656 101.861
      vertex 18.1529 -5.46102 101.762
    endloop
  endfacet
  facet normal 0.866051 0.499955 9.13074e-05
    outer loop
      vertex 5 17.3205 116.4
      vertex 18.2014 -5.54508 101.953
      vertex 18.1734 -5.49656 101.861
    endloop
  endfacet
  facet normal 0.866012 0.500022 -5.01519e-05
    outer loop
      vertex 5 17.3205 116.4
      vertex 18.3415 -5.78768 102.41
      vertex 18.2014 -5.54508 101.953
    endloop
  endfacet
  facet normal 0.86603 0.499992 1.70946e-05
    outer loop
      vertex 5 17.3205 116.4
      vertex 18.5504 -6.14953 102.899
      vertex 18.3415 -5.78768 102.41
    endloop
  endfacet
  facet normal 0.866028 0.499996 7.17282e-06
    outer loop
      vertex 5 17.3205 116.4
      vertex 18.795 -6.5732 103.317
      vertex 18.5504 -6.14953 102.899
    endloop
  endfacet
  facet normal 0.866019 0.50001 -2.74368e-05
    outer loop
      vertex 5 17.3205 116.4
      vertex 19.0693 -7.04827 103.653
      vertex 18.795 -6.5732 103.317
    endloop
  endfacet
  facet normal 0.866025 0.500001 -2.70141e-06
    outer loop
      vertex 23.8 -15.242 116.4
      vertex 19.0693 -7.04827 103.653
      vertex 5 17.3205 116.4
    endloop
  endfacet
  facet normal 0.866023 0.500004 2.71276e-07
    outer loop
      vertex 19.0693 -7.04827 103.653
      vertex 23.8 -15.242 116.4
      vertex 19.3665 -7.56303 103.899
    endloop
  endfacet
  facet normal 0.865988 0.500065 5.00835e-05
    outer loop
      vertex 19.3665 -7.56303 103.899
      vertex 23.8 -15.242 116.4
      vertex 19.6272 -8.01451 104.024
    endloop
  endfacet
  facet normal 0.86617 0.499749 -0.00019558
    outer loop
      vertex 19.6272 -8.01451 104.024
      vertex 23.8 -15.242 116.4
      vertex 19.6793 -8.1048 104.05
    endloop
  endfacet
  facet normal 0.865817 0.500361 0.000275618
    outer loop
      vertex 19.6793 -8.1048 104.05
      vertex 23.8 -15.242 116.4
      vertex 19.7328 -8.19738 104.058
    endloop
  endfacet
  facet normal 0.866063 0.499935 -4.84548e-05
    outer loop
      vertex 19.7328 -8.19738 104.058
      vertex 23.8 -15.242 116.4
      vertex 20 -8.66026 104.1
    endloop
  endfacet
  facet normal 0.866201 0.499696 -0.000218926
    outer loop
      vertex 20 -8.66026 104.1
      vertex 23.8 -15.242 116.4
      vertex 20.0534 -8.75283 104.092
    endloop
  endfacet
  facet normal 0.865982 0.500075 4.77162e-05
    outer loop
      vertex 20.0534 -8.75283 104.092
      vertex 23.8 -15.242 116.4
      vertex 20.3207 -9.21571 104.05
    endloop
  endfacet
  facet normal 0.866071 0.499922 -5.23859e-05
    outer loop
      vertex 20.3207 -9.21571 104.05
      vertex 23.8 -15.242 116.4
      vertex 20.5813 -9.66719 103.924
    endloop
  endfacet
  facet normal 0.86603 0.499992 0
    outer loop
      vertex 22.0248 -12.1672 99.3586
      vertex 23.8 -15.242 116.4
      vertex 23.8 -15.242 42.225
    endloop
  endfacet
  facet normal 0.866224 0.499656 -8.7495e-05
    outer loop
      vertex 22.0248 -12.1672 100.641
      vertex 23.8 -15.242 116.4
      vertex 22.05 -12.211 100
    endloop
  endfacet
  facet normal 0.865961 0.500111 3.08334e-05
    outer loop
      vertex 21.9497 -12.0372 101.267
      vertex 23.8 -15.242 116.4
      vertex 22.0248 -12.1672 100.641
    endloop
  endfacet
  facet normal 0.865718 0.500532 0.000149881
    outer loop
      vertex 21.9291 -12.0016 101.366
      vertex 23.8 -15.242 116.4
      vertex 21.9497 -12.0372 101.267
    endloop
  endfacet
  facet normal 0.866072 0.499919 -2.65129e-05
    outer loop
      vertex 21.8266 -11.824 101.861
      vertex 23.8 -15.242 116.4
      vertex 21.9291 -12.0016 101.366
    endloop
  endfacet
  facet normal 0.866047 0.499963 -1.25125e-05
    outer loop
      vertex 21.6585 -11.5328 102.41
      vertex 23.8 -15.242 116.4
      vertex 21.8266 -11.824 101.861
    endloop
  endfacet
  facet normal 0.865999 0.500045 1.65408e-05
    outer loop
      vertex 21.4844 -11.2313 102.818
      vertex 23.8 -15.242 116.4
      vertex 21.6585 -11.5328 102.41
    endloop
  endfacet
  facet normal 0.866088 0.499891 -4.41577e-05
    outer loop
      vertex 21.4496 -11.171 102.899
      vertex 23.8 -15.242 116.4
      vertex 21.4844 -11.2313 102.818
    endloop
  endfacet
  facet normal 0.866041 0.499973 -1.14211e-05
    outer loop
      vertex 21.205 -10.7473 103.317
      vertex 23.8 -15.242 116.4
      vertex 21.4496 -11.171 102.899
    endloop
  endfacet
  facet normal 0.866025 0.500001 1.31261e-06
    outer loop
      vertex 20.9307 -10.2722 103.653
      vertex 23.8 -15.242 116.4
      vertex 21.205 -10.7473 103.317
    endloop
  endfacet
  facet normal 0.866009 0.500028 1.54054e-05
    outer loop
      vertex 20.6335 -9.75748 103.899
      vertex 23.8 -15.242 116.4
      vertex 20.9307 -10.2722 103.653
    endloop
  endfacet
  facet normal 0.865762 0.500456 0.000265823
    outer loop
      vertex 20.5813 -9.66719 103.924
      vertex 23.8 -15.242 116.4
      vertex 20.6335 -9.75748 103.899
    endloop
  endfacet
  facet normal 0.866028 0.499995 7.01005e-06
    outer loop
      vertex 18.0503 -5.28334 98.733
      vertex 5 17.3205 116.4
      vertex 17.9752 -5.15327 99.3586
    endloop
  endfacet
  facet normal 0.866036 0.499982 -5.47277e-05
    outer loop
      vertex 17.9752 -5.15327 9.35862
      vertex 5 17.3205 3.8147e-07
      vertex 17.95 -5.10955 10
    endloop
  endfacet
  facet normal 0.866025 0.500001 5.43442e-06
    outer loop
      vertex 18.0503 -5.28334 8.73303
      vertex 5 17.3205 3.8147e-07
      vertex 17.9752 -5.15327 9.35862
    endloop
  endfacet
  facet normal 0.866022 0.500006 2.55897e-05
    outer loop
      vertex 18.1529 -5.46102 8.23771
      vertex 5 17.3205 3.8147e-07
      vertex 18.0503 -5.28334 8.73303
    endloop
  endfacet
  facet normal 0.866049 0.49996 -0.000147042
    outer loop
      vertex 18.1734 -5.49656 8.13864
      vertex 5 17.3205 3.8147e-07
      vertex 18.1529 -5.46102 8.23771
    endloop
  endfacet
  facet normal 0.866042 0.499971 -0.000103214
    outer loop
      vertex 18.2014 -5.54508 8.04721
      vertex 5 17.3205 3.8147e-07
      vertex 18.1734 -5.49656 8.13864
    endloop
  endfacet
  facet normal 0.866018 0.500014 5.64172e-05
    outer loop
      vertex 18.3415 -5.78768 7.59008
      vertex 5 17.3205 3.8147e-07
      vertex 18.2014 -5.54508 8.04721
    endloop
  endfacet
  facet normal 0.866028 0.499995 -1.99057e-05
    outer loop
      vertex 18.5504 -6.14953 7.10086
      vertex 5 17.3205 3.8147e-07
      vertex 18.3415 -5.78768 7.59008
    endloop
  endfacet
  facet normal 0.866027 0.499997 -8.69277e-06
    outer loop
      vertex 18.795 -6.5732 6.68303
      vertex 5 17.3205 3.8147e-07
      vertex 18.5504 -6.14953 7.10086
    endloop
  endfacet
  facet normal 0.866022 0.500006 3.48711e-05
    outer loop
      vertex 19.0693 -7.04827 6.34687
      vertex 5 17.3205 3.8147e-07
      vertex 18.795 -6.5732 6.68303
    endloop
  endfacet
  facet normal 0.866025 0.500001 7.99755e-06
    outer loop
      vertex 19.3665 -7.56303 6.10067
      vertex 5 17.3205 3.8147e-07
      vertex 19.0693 -7.04827 6.34687
    endloop
  endfacet
  facet normal 0.866011 0.500025 0.000140015
    outer loop
      vertex 19.6272 -8.01451 5.97551
      vertex 5 17.3205 3.8147e-07
      vertex 19.3665 -7.56303 6.10067
    endloop
  endfacet
  facet normal 0.86608 0.499905 -0.000543017
    outer loop
      vertex 19.6793 -8.1048 5.95048
      vertex 5 17.3205 3.8147e-07
      vertex 19.6272 -8.01451 5.97551
    endloop
  endfacet
  facet normal 0.865882 0.500247 0.00140804
    outer loop
      vertex 19.7328 -8.19738 5.94206
      vertex 5 17.3205 3.8147e-07
      vertex 19.6793 -8.1048 5.95048
    endloop
  endfacet
  facet normal 0.866051 0.499956 -0.000258412
    outer loop
      vertex 20 -8.66026 5.9
      vertex 5 17.3205 3.8147e-07
      vertex 19.7328 -8.19738 5.94206
    endloop
  endfacet
  facet normal 0.866327 0.499467 -0.00311302
    outer loop
      vertex 20.0534 -8.75283 5.90841
      vertex 5 17.3205 3.8147e-07
      vertex 20 -8.66026 5.9
    endloop
  endfacet
  facet normal 0.865949 0.500132 0.000784183
    outer loop
      vertex 20.3207 -9.21571 5.95048
      vertex 5 17.3205 3.8147e-07
      vertex 20.0534 -8.75283 5.90841
    endloop
  endfacet
  facet normal 0.866026 0.5 9.4601e-07
    outer loop
      vertex 80.55 -113.536 42.225
      vertex 22.0248 -12.1672 10.6414
      vertex 23.8 -15.242 42.225
    endloop
  endfacet
  facet normal 0.866026 0.499998 -3.96329e-06
    outer loop
      vertex 82.3252 -116.611 10.6414
      vertex 22.0248 -12.1672 10.6414
      vertex 80.55 -113.536 42.225
    endloop
  endfacet
  facet normal 0.866026 0.499998 -0.000118595
    outer loop
      vertex 22.0248 -12.1672 10.6414
      vertex 82.3252 -116.611 10.6414
      vertex 22.05 -12.211 10
    endloop
  endfacet
  facet normal 0.866025 0.5 0.000274669
    outer loop
      vertex 82.3 -116.567 10
      vertex 22.05 -12.211 10
      vertex 82.3252 -116.611 10.6414
    endloop
  endfacet
  facet normal 0.866025 0.5 0.000118764
    outer loop
      vertex 22.05 -12.211 10
      vertex 82.3 -116.567 10
      vertex 22.0248 -12.1672 9.35862
    endloop
  endfacet
  facet normal 0.866026 0.499998 -0.000274512
    outer loop
      vertex 82.3252 -116.611 9.35862
      vertex 22.0248 -12.1672 9.35862
      vertex 82.3 -116.567 10
    endloop
  endfacet
  facet normal 0.866026 0.499998 -6.19957e-05
    outer loop
      vertex 22.0248 -12.1672 9.35862
      vertex 82.3252 -116.611 9.35862
      vertex 21.9497 -12.0372 8.73303
    endloop
  endfacet
  facet normal 0.866026 0.499999 6.18417e-05
    outer loop
      vertex 82.4003 -116.741 8.73303
      vertex 21.9497 -12.0372 8.73303
      vertex 82.3252 -116.611 9.35862
    endloop
  endfacet
  facet normal 0.866026 0.499999 -0.000405497
    outer loop
      vertex 21.9497 -12.0372 8.73303
      vertex 82.4003 -116.741 8.73303
      vertex 21.9291 -12.0016 8.63396
    endloop
  endfacet
  facet normal 0.866026 0.499999 6.50684e-05
    outer loop
      vertex 21.9291 -12.0016 8.63396
      vertex 82.4003 -116.741 8.73303
      vertex 21.8266 -11.824 8.13864
    endloop
  endfacet
  facet normal 0.866026 0.5 0.00018134
    outer loop
      vertex 82.5234 -116.954 8.13864
      vertex 21.8266 -11.824 8.13864
      vertex 82.4003 -116.741 8.73303
    endloop
  endfacet
  facet normal 0.866026 0.5 3.83705e-05
    outer loop
      vertex 21.8266 -11.824 8.13864
      vertex 82.5234 -116.954 8.13864
      vertex 21.6585 -11.5328 7.59008
    endloop
  endfacet
  facet normal 0.866044 0.499968 0
    outer loop
      vertex 80.55 -113.536 116.4
      vertex 82.3252 -116.611 99.3586
      vertex 80.55 -113.536 42.225
    endloop
  endfacet
  facet normal 0.866025 0.5 0.000143634
    outer loop
      vertex 82.6915 -117.245 7.59008
      vertex 21.6585 -11.5328 7.59008
      vertex 82.5234 -116.954 8.13864
    endloop
  endfacet
  facet normal 0.866025 0.500001 0.000151847
    outer loop
      vertex 21.4844 -11.2313 7.1824
      vertex 82.6915 -117.245 7.59008
      vertex 21.4496 -11.171 7.10086
    endloop
  endfacet
  facet normal 0.866026 0.499998 -0.000550256
    outer loop
      vertex 82.8656 -117.547 7.1824
      vertex 21.4496 -11.171 7.10086
      vertex 82.6915 -117.245 7.59008
    endloop
  endfacet
  facet normal 0.866024 0.499999 0.00168886
    outer loop
      vertex 82.9004 -117.607 7.10086
      vertex 21.4496 -11.171 7.10086
      vertex 82.8656 -117.547 7.1824
    endloop
  endfacet
  facet normal 0.866026 0.5 4.78727e-05
    outer loop
      vertex 21.4496 -11.171 7.10086
      vertex 82.9004 -117.607 7.10086
      vertex 21.205 -10.7473 6.68303
    endloop
  endfacet
  facet normal 0.866027 0.499991 -0.00237594
    outer loop
      vertex 82.9412 -117.678 7.03122
      vertex 21.205 -10.7473 6.68303
      vertex 82.9004 -117.607 7.10086
    endloop
  endfacet
  facet normal 0.866026 0.499998 -9.31842e-06
    outer loop
      vertex 83.145 -118.031 6.68303
      vertex 21.205 -10.7473 6.68303
      vertex 82.9412 -117.678 7.03122
    endloop
  endfacet
  facet normal 0.866026 0.499998 -5.40082e-06
    outer loop
      vertex 21.205 -10.7473 6.68303
      vertex 83.145 -118.031 6.68303
      vertex 20.9307 -10.2722 6.34687
    endloop
  endfacet
  facet normal 0.866026 0.499998 -9.14344e-05
    outer loop
      vertex 83.3736 -118.427 6.4029
      vertex 20.9307 -10.2722 6.34687
      vertex 83.145 -118.031 6.68303
    endloop
  endfacet
  facet normal 0.866025 0.499998 0.00138312
    outer loop
      vertex 83.4193 -118.506 6.34687
      vertex 20.9307 -10.2722 6.34687
      vertex 83.3736 -118.427 6.4029
    endloop
  endfacet
  facet normal 0.866026 0.499999 2.43294e-05
    outer loop
      vertex 89.35 -128.778 3.8147e-07
      vertex 20.9307 -10.2722 6.34687
      vertex 83.4193 -118.506 6.34687
    endloop
  endfacet
  facet normal 0.866024 0.500003 -8.38627e-05
    outer loop
      vertex 20.9307 -10.2722 6.34687
      vertex 89.35 -128.778 3.8147e-07
      vertex 20.6335 -9.75748 6.10067
    endloop
  endfacet
  facet normal 0.865978 0.500079 -0.00207505
    outer loop
      vertex 20.6335 -9.75748 6.10067
      vertex 89.35 -128.778 3.8147e-07
      vertex 20.5813 -9.66719 6.07564
    endloop
  endfacet
  facet normal 0.866033 0.499986 0.000363842
    outer loop
      vertex 20.5813 -9.66719 6.07564
      vertex 89.35 -128.778 3.8147e-07
      vertex 20.3207 -9.21571 5.95048
    endloop
  endfacet
  facet normal 0.868898 0.494868 0.0110119
    outer loop
      vertex 89.35 -128.778 3.8147e-07
      vertex 83.4193 -118.506 6.34687
      vertex 83.4688 -118.592 6.30584
    endloop
  endfacet
  facet normal 0.866 0.500044 -5.26347e-05
    outer loop
      vertex 89.35 -128.778 3.8147e-07
      vertex 83.4688 -118.592 6.30584
      vertex 83.7165 -119.021 6.10067
    endloop
  endfacet
  facet normal 0.865467 0.500962 -0.00201202
    outer loop
      vertex 89.35 -128.778 3.8147e-07
      vertex 83.7165 -119.021 6.10067
      vertex 84.0293 -119.562 5.95048
    endloop
  endfacet
  facet normal 0.866265 0.499585 0.0008342
    outer loop
      vertex 89.35 -128.778 3.8147e-07
      vertex 84.0293 -119.562 5.95048
      vertex 84.35 -120.118 5.9
    endloop
  endfacet
  facet normal 0.866025 0.5 -1.96788e-06
    outer loop
      vertex 20.3207 -9.21571 5.95048
      vertex 89.35 -128.778 3.8147e-07
      vertex 5 17.3205 3.8147e-07
    endloop
  endfacet
  facet normal 0.865863 0.500281 -0.000527684
    outer loop
      vertex 84.6707 -120.673 5.95048
      vertex 89.35 -128.778 3.8147e-07
      vertex 84.35 -120.118 5.9
    endloop
  endfacet
  facet normal 0.866089 0.49989 0.000182597
    outer loop
      vertex 84.9835 -121.215 6.10067
      vertex 89.35 -128.778 3.8147e-07
      vertex 84.6707 -120.673 5.95048
    endloop
  endfacet
  facet normal 0.866087 0.499893 0.000177221
    outer loop
      vertex 85.2807 -121.73 6.34687
      vertex 89.35 -128.778 3.8147e-07
      vertex 84.9835 -121.215 6.10067
    endloop
  endfacet
  facet normal 0.865785 0.500416 -0.000597828
    outer loop
      vertex 85.3264 -121.809 6.4029
      vertex 89.35 -128.778 3.8147e-07
      vertex 85.2807 -121.73 6.34687
    endloop
  endfacet
  facet normal 0.866041 0.499973 4.48094e-05
    outer loop
      vertex 85.555 -122.205 6.68303
      vertex 89.35 -128.778 3.8147e-07
      vertex 85.3264 -121.809 6.4029
    endloop
  endfacet
  facet normal 0.866026 0.499999 1.07327e-05
    outer loop
      vertex 85.7588 -122.558 7.03122
      vertex 89.35 -128.778 3.8147e-07
      vertex 85.555 -122.205 6.68303
    endloop
  endfacet
  facet normal 0.864922 0.501902 -0.0022358
    outer loop
      vertex 85.7996 -122.628 7.10086
      vertex 89.35 -128.778 3.8147e-07
      vertex 85.7588 -122.558 7.03122
    endloop
  endfacet
  facet normal 0.866084 0.499899 7.91383e-05
    outer loop
      vertex 86.0085 -122.99 7.59008
      vertex 89.35 -128.778 3.8147e-07
      vertex 85.7996 -122.628 7.10086
    endloop
  endfacet
  facet normal 0.865985 0.50007 -9.43068e-05
    outer loop
      vertex 86.1766 -123.281 8.13864
      vertex 89.35 -128.778 3.8147e-07
      vertex 86.0085 -122.99 7.59008
    endloop
  endfacet
  facet normal 0.867074 0.498177 0.00160862
    outer loop
      vertex 86.1971 -123.317 8.23771
      vertex 89.35 -128.778 3.8147e-07
      vertex 86.1766 -123.281 8.13864
    endloop
  endfacet
  facet normal 0.86615 0.499783 0.000190537
    outer loop
      vertex 86.2997 -123.495 8.73303
      vertex 89.35 -128.778 3.8147e-07
      vertex 86.1971 -123.317 8.23771
    endloop
  endfacet
  facet normal 0.865984 0.500071 -4.17947e-05
    outer loop
      vertex 86.3748 -123.625 9.35862
      vertex 89.35 -128.778 3.8147e-07
      vertex 86.2997 -123.495 8.73303
    endloop
  endfacet
  facet normal 0.865664 0.500625 -0.000448773
    outer loop
      vertex 86.4 -123.668 10
      vertex 89.35 -128.778 3.8147e-07
      vertex 86.3748 -123.625 9.35862
    endloop
  endfacet
  facet normal 0.866539 0.499108 0.000584884
    outer loop
      vertex 86.3748 -123.625 10.6414
      vertex 89.35 -128.778 3.8147e-07
      vertex 86.4 -123.668 10
    endloop
  endfacet
  facet normal 0.865927 0.50017 1.44922e-05
    outer loop
      vertex 82.4003 -116.741 98.733
      vertex 80.55 -113.536 42.225
      vertex 82.3252 -116.611 99.3586
    endloop
  endfacet
  facet normal 0.866025 0.5 -6.11794e-05
    outer loop
      vertex 21.6585 -11.5328 7.59008
      vertex 82.6915 -117.245 7.59008
      vertex 21.4844 -11.2313 7.1824
    endloop
  endfacet
  facet normal 0.865838 0.500324 2.6184e-05
    outer loop
      vertex 82.5234 -116.954 98.1386
      vertex 80.55 -113.536 42.225
      vertex 82.4003 -116.741 98.733
    endloop
  endfacet
  facet normal 0.865944 0.500141 -2.24759e-05
    outer loop
      vertex 80.55 -113.536 42.225
      vertex 82.4003 -116.741 11.267
      vertex 82.3252 -116.611 10.6414
    endloop
  endfacet
  facet normal 0.86592 0.500183 1.46216e-05
    outer loop
      vertex 82.6915 -117.245 97.5901
      vertex 80.55 -113.536 42.225
      vertex 82.5234 -116.954 98.1386
    endloop
  endfacet
  facet normal 0.865858 0.500289 -4.29511e-05
    outer loop
      vertex 80.55 -113.536 42.225
      vertex 82.5234 -116.954 11.8614
      vertex 82.4003 -116.741 11.267
    endloop
  endfacet
  facet normal 0.86632 0.499489 -4.73301e-05
    outer loop
      vertex 82.8656 -117.547 97.1824
      vertex 80.55 -113.536 42.225
      vertex 82.6915 -117.245 97.5901
    endloop
  endfacet
  facet normal 0.865928 0.500168 -2.47718e-05
    outer loop
      vertex 80.55 -113.536 42.225
      vertex 82.6915 -117.245 12.4099
      vertex 82.5234 -116.954 11.8614
    endloop
  endfacet
  facet normal 0.865122 0.501561 0.00015439
    outer loop
      vertex 82.9004 -117.607 97.1009
      vertex 80.55 -113.536 42.225
      vertex 82.8656 -117.547 97.1824
    endloop
  endfacet
  facet normal 0.8663 0.499524 8.20555e-05
    outer loop
      vertex 80.55 -113.536 42.225
      vertex 82.8656 -117.547 12.8176
      vertex 82.6915 -117.245 12.4099
    endloop
  endfacet
  facet normal 0.866969 0.498361 -0.000162113
    outer loop
      vertex 82.9412 -117.678 97.0312
      vertex 80.55 -113.536 42.225
      vertex 82.9004 -117.607 97.1009
    endloop
  endfacet
  facet normal 0.865189 0.501446 -0.000267582
    outer loop
      vertex 80.55 -113.536 42.225
      vertex 82.9004 -117.607 12.8991
      vertex 82.8656 -117.547 12.8176
    endloop
  endfacet
  facet normal 0.866031 0.49999 1.91629e-06
    outer loop
      vertex 83.145 -118.031 96.683
      vertex 80.55 -113.536 42.225
      vertex 82.9412 -117.678 97.0312
    endloop
  endfacet
  facet normal 0.866917 0.498453 0.000286397
    outer loop
      vertex 80.55 -113.536 42.225
      vertex 82.9412 -117.678 12.9688
      vertex 82.9004 -117.607 12.8991
    endloop
  endfacet
  facet normal 0.866054 0.499951 -2.39048e-06
    outer loop
      vertex 83.3736 -118.427 96.4029
      vertex 80.55 -113.536 42.225
      vertex 83.145 -118.031 96.683
    endloop
  endfacet
  facet normal 0.866032 0.499989 -3.38475e-06
    outer loop
      vertex 80.55 -113.536 42.225
      vertex 83.145 -118.031 13.317
      vertex 82.9412 -117.678 12.9688
    endloop
  endfacet
  facet normal 0.865628 0.500688 8.63546e-05
    outer loop
      vertex 83.4193 -118.506 96.3469
      vertex 80.55 -113.536 42.225
      vertex 83.3736 -118.427 96.4029
    endloop
  endfacet
  facet normal 0.866053 0.499952 4.29393e-06
    outer loop
      vertex 80.55 -113.536 42.225
      vertex 83.3736 -118.427 13.5971
      vertex 83.145 -118.031 13.317
    endloop
  endfacet
  facet normal 0.866661 0.498897 -0.000132851
    outer loop
      vertex 83.4688 -118.592 96.3058
      vertex 80.55 -113.536 42.225
      vertex 83.4193 -118.506 96.3469
    endloop
  endfacet
  facet normal 0.865649 0.500652 -0.000155103
    outer loop
      vertex 80.55 -113.536 42.225
      vertex 83.4193 -118.506 13.6531
      vertex 83.3736 -118.427 13.5971
    endloop
  endfacet
  facet normal 0.866012 0.500023 7.36039e-06
    outer loop
      vertex 83.7165 -119.021 96.1007
      vertex 80.55 -113.536 42.225
      vertex 83.4688 -118.592 96.3058
    endloop
  endfacet
  facet normal 0.866638 0.498937 0.000242526
    outer loop
      vertex 80.55 -113.536 42.225
      vertex 83.4688 -118.592 13.6942
      vertex 83.4193 -118.506 13.6531
    endloop
  endfacet
  facet normal 0.86572 0.500528 7.60126e-05
    outer loop
      vertex 84.0293 -119.562 95.9505
      vertex 80.55 -113.536 42.225
      vertex 83.7165 -119.021 96.1007
    endloop
  endfacet
  facet normal 0.866014 0.500021 -1.3437e-05
    outer loop
      vertex 80.55 -113.536 42.225
      vertex 83.7165 -119.021 13.8993
      vertex 83.4688 -118.592 13.6942
    endloop
  endfacet
  facet normal 0.86623 0.499645 -5.60518e-05
    outer loop
      vertex 84.35 -120.118 95.9
      vertex 80.55 -113.536 42.225
      vertex 84.0293 -119.562 95.9505
    endloop
  endfacet
  facet normal 0.865728 0.500515 -0.00014108
    outer loop
      vertex 80.55 -113.536 42.225
      vertex 84.0293 -119.562 14.0495
      vertex 83.7165 -119.021 13.8993
    endloop
  endfacet
  facet normal 0.86584 0.50032 5.43009e-05
    outer loop
      vertex 84.6707 -120.673 95.9505
      vertex 80.55 -113.536 42.225
      vertex 84.35 -120.118 95.9
    endloop
  endfacet
  facet normal 0.866228 0.499649 0.000105912
    outer loop
      vertex 80.55 -113.536 42.225
      vertex 84.35 -120.118 14.1
      vertex 84.0293 -119.562 14.0495
    endloop
  endfacet
  facet normal 0.866115 0.499845 -2.98244e-05
    outer loop
      vertex 84.9835 -121.215 96.1007
      vertex 80.55 -113.536 42.225
      vertex 84.6707 -120.673 95.9505
    endloop
  endfacet
  facet normal 0.865838 0.500324 -0.000104703
    outer loop
      vertex 80.55 -113.536 42.225
      vertex 84.6707 -120.673 14.0495
      vertex 84.35 -120.118 14.1
    endloop
  endfacet
  facet normal 0.866131 0.499817 -3.52979e-05
    outer loop
      vertex 85.2807 -121.73 96.3469
      vertex 80.55 -113.536 42.225
      vertex 84.9835 -121.215 96.1007
    endloop
  endfacet
  facet normal 0.866118 0.499839 5.89118e-05
    outer loop
      vertex 80.55 -113.536 42.225
      vertex 84.9835 -121.215 13.8993
      vertex 84.6707 -120.673 14.0495
    endloop
  endfacet
  facet normal 0.86555 0.500823 0.000167927
    outer loop
      vertex 85.3264 -121.809 96.4029
      vertex 80.55 -113.536 42.225
      vertex 85.2807 -121.73 96.3469
    endloop
  endfacet
  facet normal 0.866139 0.499803 7.18783e-05
    outer loop
      vertex 80.55 -113.536 42.225
      vertex 85.2807 -121.73 13.6531
      vertex 84.9835 -121.215 13.8993
    endloop
  endfacet
  facet normal 0.866058 0.499944 -1.11599e-05
    outer loop
      vertex 85.555 -122.205 96.683
      vertex 80.55 -113.536 42.225
      vertex 85.3264 -121.809 96.4029
    endloop
  endfacet
  facet normal 0.865492 0.500923 -0.000356387
    outer loop
      vertex 80.55 -113.536 42.225
      vertex 85.3264 -121.809 13.5971
      vertex 85.2807 -121.73 13.6531
    endloop
  endfacet
  facet normal 0.866031 0.499991 -1.21847e-06
    outer loop
      vertex 85.7588 -122.558 97.0312
      vertex 80.55 -113.536 42.225
      vertex 85.555 -122.205 96.683
    endloop
  endfacet
  facet normal 0.866062 0.499937 2.36791e-05
    outer loop
      vertex 80.55 -113.536 42.225
      vertex 85.555 -122.205 13.317
      vertex 85.3264 -121.809 13.5971
    endloop
  endfacet
  facet normal 0.863551 0.50426 0.000937317
    outer loop
      vertex 85.7996 -122.628 97.1009
      vertex 80.55 -113.536 42.225
      vertex 85.7588 -122.558 97.0312
    endloop
  endfacet
  facet normal 0.866032 0.499989 2.74778e-06
    outer loop
      vertex 80.55 -113.536 42.225
      vertex 85.7588 -122.558 12.9688
      vertex 85.555 -122.205 13.317
    endloop
  endfacet
  facet normal 0.866164 0.49976 -5.82264e-05
    outer loop
      vertex 86.0085 -122.99 97.5901
      vertex 80.55 -113.536 42.225
      vertex 85.7996 -122.628 97.1009
    endloop
  endfacet
  facet normal 0.863037 0.505136 -0.00211736
    outer loop
      vertex 80.55 -113.536 42.225
      vertex 85.7996 -122.628 12.8991
      vertex 85.7588 -122.558 12.9688
    endloop
  endfacet
  facet normal 0.866016 0.500016 -0
    outer loop
      vertex 86.0085 -122.99 12.4099
      vertex 80.55 -113.536 42.225
      vertex 86.0085 -122.99 97.5901
    endloop
  endfacet
  facet normal 0.866215 0.499672 0.000145545
    outer loop
      vertex 80.55 -113.536 42.225
      vertex 86.0085 -122.99 12.4099
      vertex 85.7996 -122.628 12.8991
    endloop
  endfacet
  facet normal 0.865908 0.500203 0
    outer loop
      vertex 86.1766 -123.281 98.1386
      vertex 86.0085 -122.99 12.4099
      vertex 86.0085 -122.99 97.5901
    endloop
  endfacet
  facet normal 0.865908 0.500203 0
    outer loop
      vertex 86.1766 -123.281 98.1386
      vertex 86.1766 -123.281 11.8614
      vertex 86.0085 -122.99 12.4099
    endloop
  endfacet
  facet normal 0.868593 0.495526 0.000330994
    outer loop
      vertex 89.35 -128.778 3.8147e-07
      vertex 86.1766 -123.281 98.1386
      vertex 86.1971 -123.317 98.2377
    endloop
  endfacet
  facet normal 0.866045 0.499965 0
    outer loop
      vertex 86.1766 -123.281 98.1386
      vertex 89.35 -128.778 3.8147e-07
      vertex 86.1766 -123.281 11.8614
    endloop
  endfacet
  facet normal 0.866333 0.499468 3.93711e-05
    outer loop
      vertex 89.35 -128.778 3.8147e-07
      vertex 86.1971 -123.317 98.2377
      vertex 86.2997 -123.495 98.733
    endloop
  endfacet
  facet normal 0.855252 0.518089 -0.0112872
    outer loop
      vertex 86.1766 -123.281 11.8614
      vertex 89.35 -128.778 3.8147e-07
      vertex 86.1971 -123.317 11.7623
    endloop
  endfacet
  facet normal 0.866281 0.499558 -0.000184109
    outer loop
      vertex 89.35 -128.778 116.4
      vertex 86.2997 -123.495 98.733
      vertex 86.3748 -123.625 99.3586
    endloop
  endfacet
  facet normal 0.866014 0.500019 -0
    outer loop
      vertex 89.35 -128.778 3.8147e-07
      vertex 86.2997 -123.495 98.733
      vertex 89.35 -128.778 116.4
    endloop
  endfacet
  facet normal 0.866943 0.498407 -0.000647759
    outer loop
      vertex 89.35 -128.778 116.4
      vertex 86.3748 -123.625 99.3586
      vertex 86.4 -123.668 100
    endloop
  endfacet
  facet normal 0.864812 0.502094 -0.00129847
    outer loop
      vertex 86.1971 -123.317 11.7623
      vertex 89.35 -128.778 3.8147e-07
      vertex 86.2997 -123.495 11.267
    endloop
  endfacet
  facet normal 0.864991 0.501787 -0.000437844
    outer loop
      vertex 82.3252 -116.611 99.3586
      vertex 80.55 -113.536 116.4
      vertex 82.3 -116.567 100
    endloop
  endfacet
  facet normal 0.86649 0.499194 0.000201235
    outer loop
      vertex 80.55 -113.536 116.4
      vertex 82.3252 -116.611 100.641
      vertex 82.3 -116.567 100
    endloop
  endfacet
  facet normal 0.865968 0.500099 -3.41059e-05
    outer loop
      vertex 80.55 -113.536 116.4
      vertex 82.4003 -116.741 101.267
      vertex 82.3252 -116.611 100.641
    endloop
  endfacet
  facet normal 0.865892 0.50023 -7.12021e-05
    outer loop
      vertex 80.55 -113.536 116.4
      vertex 82.5234 -116.954 101.861
      vertex 82.4003 -116.741 101.267
    endloop
  endfacet
  facet normal 0.865944 0.500142 -4.34437e-05
    outer loop
      vertex 80.55 -113.536 116.4
      vertex 82.6915 -117.245 102.41
      vertex 82.5234 -116.954 101.861
    endloop
  endfacet
  facet normal 0.86626 0.499593 0.000150374
    outer loop
      vertex 80.55 -113.536 116.4
      vertex 82.8656 -117.547 102.818
      vertex 82.6915 -117.245 102.41
    endloop
  endfacet
  facet normal 0.865319 0.501222 -0.000491036
    outer loop
      vertex 80.55 -113.536 116.4
      vertex 82.9004 -117.607 102.899
      vertex 82.8656 -117.547 102.818
    endloop
  endfacet
  facet normal 0.866806 0.498645 0.000544812
    outer loop
      vertex 80.55 -113.536 116.4
      vertex 82.9412 -117.678 102.969
      vertex 82.9004 -117.607 102.899
    endloop
  endfacet
  facet normal 0.866033 0.499987 -6.44353e-06
    outer loop
      vertex 80.55 -113.536 116.4
      vertex 83.145 -118.031 103.317
      vertex 82.9412 -117.678 102.969
    endloop
  endfacet
  facet normal 0.866052 0.499954 8.47295e-06
    outer loop
      vertex 80.55 -113.536 116.4
      vertex 83.3736 -118.427 103.597
      vertex 83.145 -118.031 103.317
    endloop
  endfacet
  facet normal 0.865695 0.500571 -0.000305979
    outer loop
      vertex 80.55 -113.536 116.4
      vertex 83.4193 -118.506 103.653
      vertex 83.3736 -118.427 103.597
    endloop
  endfacet
  facet normal 0.866586 0.499027 0.000496483
    outer loop
      vertex 80.55 -113.536 116.4
      vertex 83.4688 -118.592 103.694
      vertex 83.4193 -118.506 103.653
    endloop
  endfacet
  facet normal 0.866016 0.500015 -2.74996e-05
    outer loop
      vertex 80.55 -113.536 116.4
      vertex 83.7165 -119.021 103.899
      vertex 83.4688 -118.592 103.694
    endloop
  endfacet
  facet normal 0.865747 0.500481 -0.000300109
    outer loop
      vertex 80.55 -113.536 116.4
      vertex 84.0293 -119.562 104.05
      vertex 83.7165 -119.021 103.899
    endloop
  endfacet
  facet normal 0.866223 0.499657 0.000235967
    outer loop
      vertex 80.55 -113.536 116.4
      vertex 84.35 -120.118 104.1
      vertex 84.0293 -119.562 104.05
    endloop
  endfacet
  facet normal 0.865833 0.500333 -0.000246182
    outer loop
      vertex 80.55 -113.536 116.4
      vertex 84.6707 -120.673 104.05
      vertex 84.35 -120.118 104.1
    endloop
  endfacet
  facet normal 0.866025 0.500001 9.70466e-06
    outer loop
      vertex 89.35 -128.778 116.4
      vertex 84.6707 -120.673 104.05
      vertex 80.55 -113.536 116.4
    endloop
  endfacet
  facet normal 0.866099 0.499873 -0.000102454
    outer loop
      vertex 84.6707 -120.673 104.05
      vertex 89.35 -128.778 116.4
      vertex 84.9835 -121.215 103.899
    endloop
  endfacet
  facet normal 0.866102 0.499868 -0.000106863
    outer loop
      vertex 84.9835 -121.215 103.899
      vertex 89.35 -128.778 116.4
      vertex 85.2807 -121.73 103.653
    endloop
  endfacet
  facet normal 0.865719 0.500531 0.000382245
    outer loop
      vertex 85.2807 -121.73 103.653
      vertex 89.35 -128.778 116.4
      vertex 85.3264 -121.809 103.597
    endloop
  endfacet
  facet normal 0.866046 0.499965 -2.86408e-05
    outer loop
      vertex 85.3264 -121.809 103.597
      vertex 89.35 -128.778 116.4
      vertex 85.555 -122.205 103.317
    endloop
  endfacet
  facet normal 0.866027 0.499997 -7.22347e-06
    outer loop
      vertex 85.555 -122.205 103.317
      vertex 89.35 -128.778 116.4
      vertex 85.7588 -122.558 102.969
    endloop
  endfacet
  facet normal 0.86461 0.502441 0.00150348
    outer loop
      vertex 85.7588 -122.558 102.969
      vertex 89.35 -128.778 116.4
      vertex 85.7996 -122.628 102.899
    endloop
  endfacet
  facet normal 0.866107 0.499858 0.000100855
    outer loop
      vertex 86.2997 -123.495 11.267
      vertex 89.35 -128.778 3.8147e-07
      vertex 86.3748 -123.625 10.6414
    endloop
  endfacet
  facet normal 0.865463 0.500972 0.00041787
    outer loop
      vertex 86.3748 -123.625 100.641
      vertex 89.35 -128.778 116.4
      vertex 86.4 -123.668 100
    endloop
  endfacet
  facet normal 0.865971 0.500095 3.51842e-05
    outer loop
      vertex 86.2997 -123.495 101.267
      vertex 89.35 -128.778 116.4
      vertex 86.3748 -123.625 100.641
    endloop
  endfacet
  facet normal 0.8662 0.499698 -0.00014972
    outer loop
      vertex 86.1971 -123.317 101.762
      vertex 89.35 -128.778 116.4
      vertex 86.2997 -123.495 101.267
    endloop
  endfacet
  facet normal 0.867487 0.497458 -0.00126263
    outer loop
      vertex 86.1766 -123.281 101.861
      vertex 89.35 -128.778 116.4
      vertex 86.1971 -123.317 101.762
    endloop
  endfacet
  facet normal 0.865965 0.500104 7.00423e-05
    outer loop
      vertex 86.0085 -122.99 102.41
      vertex 89.35 -128.778 116.4
      vertex 86.1766 -123.281 101.861
    endloop
  endfacet
  facet normal 0.866097 0.499876 -5.59281e-05
    outer loop
      vertex 85.7996 -122.628 102.899
      vertex 89.35 -128.778 116.4
      vertex 86.0085 -122.99 102.41
    endloop
  endfacet
  facet normal 0 1 -0
    outer loop
      vertex 78.6872 -137.178 1.6
      vertex 6.60001 -137.178 103.4
      vertex 78.6872 -137.178 103.4
    endloop
  endfacet
  facet normal 0 1 0
    outer loop
      vertex 6.60001 -137.178 103.4
      vertex 78.6872 -137.178 1.6
      vertex 6.60001 -137.178 1.6
    endloop
  endfacet
  facet normal 0 1 -0
    outer loop
      vertex 78.6872 -137.178 103.4
      vertex 6.60001 -137.178 103.9
      vertex 78.6872 -137.178 103.9
    endloop
  endfacet
  facet normal 0 1 0
    outer loop
      vertex 6.60001 -137.178 103.9
      vertex 78.6872 -137.178 103.4
      vertex 6.60001 -137.178 103.4
    endloop
  endfacet
  facet normal 1 0 0
    outer loop
      vertex 6.60001 -126.778 103.4
      vertex 6.60001 -137.178 103.4
      vertex 6.60001 -126.778 12
    endloop
  endfacet
  facet normal 1 0 0
    outer loop
      vertex 6.60001 5.32051 12
      vertex 6.60001 11.3492 103.4
      vertex 6.60001 5.32051 103.4
    endloop
  endfacet
  facet normal 1 0 0
    outer loop
      vertex 6.60001 11.3492 103.4
      vertex 6.60001 5.32051 12
      vertex 6.60001 11.3492 1.6
    endloop
  endfacet
  facet normal 1 -0 0
    outer loop
      vertex 6.60001 -126.778 12
      vertex 6.60001 11.3492 1.6
      vertex 6.60001 5.32051 12
    endloop
  endfacet
  facet normal 1 0 0
    outer loop
      vertex 6.60001 -126.778 12
      vertex 6.60001 -137.178 1.6
      vertex 6.60001 11.3492 1.6
    endloop
  endfacet
  facet normal 1 0 0
    outer loop
      vertex 6.60001 -137.178 1.6
      vertex 6.60001 -126.778 12
      vertex 6.60001 -137.178 103.4
    endloop
  endfacet
  facet normal 1 0 0
    outer loop
      vertex 6.60001 11.3492 103.9
      vertex 6.60001 5.32051 103.4
      vertex 6.60001 11.3492 103.4
    endloop
  endfacet
  facet normal 1 0 0
    outer loop
      vertex 6.60001 11.3492 103.9
      vertex 6.60001 -126.778 103.4
      vertex 6.60001 5.32051 103.4
    endloop
  endfacet
  facet normal 1 -0 0
    outer loop
      vertex 6.60001 -137.178 103.9
      vertex 6.60001 -126.778 103.4
      vertex 6.60001 11.3492 103.9
    endloop
  endfacet
  facet normal 1 0 0
    outer loop
      vertex 6.60001 -126.778 103.4
      vertex 6.60001 -137.178 103.9
      vertex 6.60001 -137.178 103.4
    endloop
  endfacet
  facet normal 0 0 1
    outer loop
      vertex 12.9215 -1.2 1.6
      vertex 6.60001 11.3492 1.6
      vertex 10.8038 -4.73205 1.6
    endloop
  endfacet
  facet normal 0 0 1
    outer loop
      vertex 6.60001 11.3492 1.6
      vertex 12.9215 -1.2 1.6
      vertex 13.6144 -0.800001 1.6
    endloop
  endfacet
  facet normal 0 0 1
    outer loop
      vertex 13.9215 -2.93205 1.6
      vertex 12.9215 -1.2 1.6
      vertex 10.8038 -4.73205 1.6
    endloop
  endfacet
  facet normal 0 0 1
    outer loop
      vertex 21.9215 -16.7885 1.6
      vertex 76.483 -115.422 1.6
      vertex 78.2715 -114.39 1.6
    endloop
  endfacet
  facet normal 0 0 1
    outer loop
      vertex 76.483 -115.422 1.6
      vertex 18.8038 -18.5885 1.6
      vertex 75.1603 -116.186 1.6
    endloop
  endfacet
  facet normal -0 0 1
    outer loop
      vertex 18.8038 -18.5885 1.6
      vertex 76.483 -115.422 1.6
      vertex 21.9215 -16.7885 1.6
    endloop
  endfacet
  facet normal 0 0 1
    outer loop
      vertex 83.1538 -130.046 1.6
      vertex 86.7648 -129.1 1.6
      vertex 86.2715 -128.246 1.6
    endloop
  endfacet
  facet normal -0 0 1
    outer loop
      vertex 83.1538 -130.046 1.6
      vertex 78.6872 -137.178 1.6
      vertex 86.7648 -129.1 1.6
    endloop
  endfacet
  facet normal 0 0 1
    outer loop
      vertex 75.1538 -116.19 1.6
      vertex 78.6872 -137.178 1.6
      vertex 83.1538 -130.046 1.6
    endloop
  endfacet
  facet normal 0 0 1
    outer loop
      vertex 75.1603 -116.186 1.6
      vertex 18.8038 -18.5885 1.6
      vertex 75.1538 -116.19 1.6
    endloop
  endfacet
  facet normal 0 0 1
    outer loop
      vertex 6.60001 -137.178 1.6
      vertex 75.1538 -116.19 1.6
      vertex 18.8038 -18.5885 1.6
    endloop
  endfacet
  facet normal 0 0 1
    outer loop
      vertex 6.60001 -137.178 1.6
      vertex 18.8038 -18.5885 1.6
      vertex 10.8038 -4.73205 1.6
    endloop
  endfacet
  facet normal 0 0 1
    outer loop
      vertex 75.1538 -116.19 1.6
      vertex 6.60001 -137.178 1.6
      vertex 78.6872 -137.178 1.6
    endloop
  endfacet
  facet normal 0 0 1
    outer loop
      vertex 6.60001 -137.178 1.6
      vertex 10.8038 -4.73205 1.6
      vertex 6.60001 11.3492 1.6
    endloop
  endfacet
  facet normal -0.70775 0.706463 0
    outer loop
      vertex 86.7648 -129.1 116.4
      vertex 86.655 -129.21 103.9
      vertex 86.655 -129.21 116.4
    endloop
  endfacet
  facet normal -0.70775 0.706463 0
    outer loop
      vertex 86.7648 -129.1 116.4
      vertex 86.655 -129.21 103.4
      vertex 86.655 -129.21 103.9
    endloop
  endfacet
  facet normal -0.70775 0.706463 0
    outer loop
      vertex 86.7648 -129.1 1.6
      vertex 86.655 -129.21 103.4
      vertex 86.7648 -129.1 116.4
    endloop
  endfacet
  facet normal -0.707116 0.707098 1.37005e-06
    outer loop
      vertex 86.7648 -129.1 1.6
      vertex 78.6872 -137.178 103.4
      vertex 86.655 -129.21 103.4
    endloop
  endfacet
  facet normal -0.707124 0.707089 0
    outer loop
      vertex 78.6872 -137.178 103.4
      vertex 86.7648 -129.1 1.6
      vertex 78.6872 -137.178 1.6
    endloop
  endfacet
  facet normal -0.707116 0.707098 0
    outer loop
      vertex 78.6872 -137.178 103.4
      vertex 86.655 -129.21 103.9
      vertex 86.655 -129.21 103.4
    endloop
  endfacet
  facet normal -0.707116 0.707098 0
    outer loop
      vertex 86.655 -129.21 103.9
      vertex 78.6872 -137.178 103.4
      vertex 78.6872 -137.178 103.9
    endloop
  endfacet
  facet normal -0.866024 -0.500003 0
    outer loop
      vertex 6.60001 11.3492 1.6
      vertex 13.1144 0.0660249 103.4
      vertex 6.60001 11.3492 103.4
    endloop
  endfacet
  facet normal -0.866026 -0.5 0
    outer loop
      vertex 13.6144 -0.800001 116.4
      vertex 13.1144 0.0660249 103.9
      vertex 13.1144 0.0660249 103.4
    endloop
  endfacet
  facet normal -0.866024 -0.500002 3.00483e-08
    outer loop
      vertex 13.6144 -0.800001 1.6
      vertex 13.1144 0.0660249 103.4
      vertex 6.60001 11.3492 1.6
    endloop
  endfacet
  facet normal -0.866026 -0.5 -0
    outer loop
      vertex 13.6144 -0.800001 116.4
      vertex 13.1144 0.0660249 103.4
      vertex 13.6144 -0.800001 1.6
    endloop
  endfacet
  facet normal -0.866026 -0.5 0
    outer loop
      vertex 13.1144 0.0660249 103.9
      vertex 13.6144 -0.800001 116.4
      vertex 13.1144 0.0660249 116.4
    endloop
  endfacet
  facet normal -0.866024 -0.500003 0
    outer loop
      vertex 13.1144 0.0660249 103.4
      vertex 6.60001 11.3492 103.9
      vertex 6.60001 11.3492 103.4
    endloop
  endfacet
  facet normal -0.866024 -0.500003 0
    outer loop
      vertex 6.60001 11.3492 103.9
      vertex 13.1144 0.0660249 103.4
      vertex 13.1144 0.0660249 103.9
    endloop
  endfacet
  facet normal -0 0 1
    outer loop
      vertex 5 5.32051 12
      vertex 6.60001 -126.778 12
      vertex 6.60001 5.32051 12
    endloop
  endfacet
  facet normal 0 0 1
    outer loop
      vertex 6.60001 -126.778 12
      vertex 5 5.32051 12
      vertex 5 -126.778 12
    endloop
  endfacet
  facet normal 0 -1 0
    outer loop
      vertex 5 5.32051 12
      vertex 6.60001 5.32051 103.4
      vertex 5 5.32051 103.4
    endloop
  endfacet
  facet normal 0 -1 -0
    outer loop
      vertex 6.60001 5.32051 103.4
      vertex 5 5.32051 12
      vertex 6.60001 5.32051 12
    endloop
  endfacet
  facet normal 0 1 -0
    outer loop
      vertex 6.60001 -126.778 12
      vertex 5 -126.778 103.4
      vertex 6.60001 -126.778 103.4
    endloop
  endfacet
  facet normal 0 1 0
    outer loop
      vertex 5 -126.778 103.4
      vertex 6.60001 -126.778 12
      vertex 5 -126.778 12
    endloop
  endfacet
  facet normal -0.865919 -0.500185 0
    outer loop
      vertex 86.7648 -129.1 1.6
      vertex 86.2715 -128.246 18
      vertex 86.2715 -128.246 1.6
    endloop
  endfacet
  facet normal -0.865919 -0.500185 0
    outer loop
      vertex 86.2715 -128.246 18
      vertex 86.7648 -129.1 1.6
      vertex 86.2715 -128.246 89.596
    endloop
  endfacet
  facet normal -0.865919 -0.500185 -0
    outer loop
      vertex 86.7648 -129.1 116.4
      vertex 86.2715 -128.246 89.596
      vertex 86.7648 -129.1 1.6
    endloop
  endfacet
  facet normal -0.865919 -0.500185 0
    outer loop
      vertex 86.2715 -128.246 89.596
      vertex 86.7648 -129.1 116.4
      vertex 86.2715 -128.246 89.6
    endloop
  endfacet
  facet normal -0.866026 -0.499998 -0
    outer loop
      vertex 78.2715 -114.39 9.18531
      vertex 21.9215 -16.7885 1.6
      vertex 78.2715 -114.39 1.6
    endloop
  endfacet
  facet normal -0.866025 -0.5 0
    outer loop
      vertex 12.9215 -1.2 116.4
      vertex 13.9215 -2.93205 89.596
      vertex 13.9215 -2.93205 89.6
    endloop
  endfacet
  facet normal -0.866025 -0.500001 0
    outer loop
      vertex 21.7215 -16.442 42.225
      vertex 13.9215 -2.93205 89.596
      vertex 13.9215 -2.93205 18
    endloop
  endfacet
  facet normal -0.866022 -0.500006 1.96828e-06
    outer loop
      vertex 13.9215 -2.93205 89.596
      vertex 21.7215 -16.442 42.225
      vertex 17.1269 -8.48387 89.596
    endloop
  endfacet
  facet normal -0.866026 -0.499999 1.83178e-06
    outer loop
      vertex 21.9215 -16.7885 18
      vertex 21.7215 -16.442 42.225
      vertex 13.9215 -2.93205 18
    endloop
  endfacet
  facet normal -0.866026 -0.499998 0
    outer loop
      vertex 21.9215 -16.7885 1.6
      vertex 78.2715 -114.39 9.18531
      vertex 21.9215 -16.7885 18
    endloop
  endfacet
  facet normal -0.866026 -0.499998 -0
    outer loop
      vertex 78.2715 -114.39 18
      vertex 21.9215 -16.7885 18
      vertex 78.2715 -114.39 9.18531
    endloop
  endfacet
  facet normal -0.866026 -0.499998 1.82223e-06
    outer loop
      vertex 21.9215 -16.7885 18
      vertex 78.2715 -114.39 18
      vertex 21.7215 -16.442 42.225
    endloop
  endfacet
  facet normal -0.866026 -0.5 8.47414e-06
    outer loop
      vertex 78.2715 -114.39 18
      vertex 78.4715 -114.736 42.225
      vertex 21.7215 -16.442 42.225
    endloop
  endfacet
  facet normal -0.866019 -0.500011 8.25612e-06
    outer loop
      vertex 86.2715 -128.246 18
      vertex 78.4715 -114.736 42.225
      vertex 78.2715 -114.39 18
    endloop
  endfacet
  facet normal -0.866025 -0.5 -0
    outer loop
      vertex 86.2715 -128.246 89.596
      vertex 78.4715 -114.736 42.225
      vertex 86.2715 -128.246 18
    endloop
  endfacet
  facet normal -0.866025 -0.5 0
    outer loop
      vertex 78.4715 -114.736 42.225
      vertex 86.2715 -128.246 89.596
      vertex 78.4715 -114.736 89.596
    endloop
  endfacet
  facet normal -0.866025 -0.5 -0
    outer loop
      vertex 13.9215 -2.93205 18
      vertex 12.9215 -1.2 1.6
      vertex 13.9215 -2.93205 1.6
    endloop
  endfacet
  facet normal -0.866025 -0.5 -0
    outer loop
      vertex 13.9215 -2.93205 89.596
      vertex 12.9215 -1.2 1.6
      vertex 13.9215 -2.93205 18
    endloop
  endfacet
  facet normal -0.866025 -0.5 0
    outer loop
      vertex 13.9215 -2.93205 89.596
      vertex 12.9215 -1.2 116.4
      vertex 12.9215 -1.2 1.6
    endloop
  endfacet
  facet normal -0.866025 -0.5 -0
    outer loop
      vertex 13.9215 -2.93205 108
      vertex 12.9215 -1.2 116.4
      vertex 13.9215 -2.93205 89.6
    endloop
  endfacet
  facet normal -0.866025 -0.500001 -0
    outer loop
      vertex 21.7215 -16.442 116.4
      vertex 13.9215 -2.93205 108
      vertex 21.7215 -16.442 108
    endloop
  endfacet
  facet normal -0.866025 -0.500001 2.70563e-07
    outer loop
      vertex 13.9215 -2.93205 108
      vertex 21.7215 -16.442 116.4
      vertex 12.9215 -1.2 116.4
    endloop
  endfacet
  facet normal -0.866027 -0.499998 0
    outer loop
      vertex 17.1269 -8.48387 89.596
      vertex 21.7215 -16.442 42.225
      vertex 21.7215 -16.442 89.596
    endloop
  endfacet
  facet normal -0.866025 -0.5 0
    outer loop
      vertex 86.2715 -128.246 108
      vertex 78.4715 -114.736 116.4
      vertex 78.4715 -114.736 108
    endloop
  endfacet
  facet normal -0.866019 -0.500011 2.35637e-05
    outer loop
      vertex 86.2715 -128.246 108
      vertex 86.7648 -129.1 116.4
      vertex 78.4715 -114.736 116.4
    endloop
  endfacet
  facet normal -0.865919 -0.500185 0
    outer loop
      vertex 86.2715 -128.246 89.6
      vertex 86.7648 -129.1 116.4
      vertex 86.2715 -128.246 108
    endloop
  endfacet
  facet normal -0.499956 0.866051 0
    outer loop
      vertex 13.6144 -0.800001 1.6
      vertex 12.9215 -1.2 116.4
      vertex 13.6144 -0.800001 116.4
    endloop
  endfacet
  facet normal -0.499956 0.866051 0
    outer loop
      vertex 12.9215 -1.2 116.4
      vertex 13.6144 -0.800001 1.6
      vertex 12.9215 -1.2 1.6
    endloop
  endfacet
  facet normal 0 0 1
    outer loop
      vertex 13.9215 -2.93205 18
      vertex 18.8038 -18.5885 18
      vertex 21.9215 -16.7885 18
    endloop
  endfacet
  facet normal 0 0 1
    outer loop
      vertex 18.8038 -18.5885 18
      vertex 13.9215 -2.93205 18
      vertex 10.8038 -4.73205 18
    endloop
  endfacet
  facet normal -0.499999 0.866026 0
    outer loop
      vertex 13.9215 -2.93205 1.6
      vertex 10.8038 -4.73205 18
      vertex 13.9215 -2.93205 18
    endloop
  endfacet
  facet normal -0.499999 0.866026 0
    outer loop
      vertex 10.8038 -4.73205 18
      vertex 13.9215 -2.93205 1.6
      vertex 10.8038 -4.73205 1.6
    endloop
  endfacet
  facet normal 0.499999 -0.866026 0
    outer loop
      vertex 18.8038 -18.5885 1.6
      vertex 21.9215 -16.7885 18
      vertex 18.8038 -18.5885 18
    endloop
  endfacet
  facet normal 0.499999 -0.866026 0
    outer loop
      vertex 21.9215 -16.7885 18
      vertex 18.8038 -18.5885 1.6
      vertex 21.9215 -16.7885 1.6
    endloop
  endfacet
  facet normal -0.866026 -0.499999 0
    outer loop
      vertex 18.8038 -18.5885 1.6
      vertex 10.8038 -4.73205 18
      vertex 10.8038 -4.73205 1.6
    endloop
  endfacet
  facet normal -0.866026 -0.499999 0
    outer loop
      vertex 10.8038 -4.73205 18
      vertex 18.8038 -18.5885 1.6
      vertex 18.8038 -18.5885 18
    endloop
  endfacet
  facet normal -0.866019 -0.500011 0
    outer loop
      vertex 83.1538 -130.046 1.6
      vertex 75.1538 -116.19 18
      vertex 75.1538 -116.19 1.6
    endloop
  endfacet
  facet normal -0.866019 -0.500011 0
    outer loop
      vertex 75.1538 -116.19 18
      vertex 83.1538 -130.046 1.6
      vertex 83.1538 -130.046 18
    endloop
  endfacet
  facet normal 0 0 1
    outer loop
      vertex 78.2715 -114.39 18
      vertex 83.1538 -130.046 18
      vertex 86.2715 -128.246 18
    endloop
  endfacet
  facet normal 0 0 1
    outer loop
      vertex 83.1538 -130.046 18
      vertex 78.2715 -114.39 18
      vertex 75.1538 -116.19 18
    endloop
  endfacet
  facet normal 0.499999 -0.866026 0
    outer loop
      vertex 83.1538 -130.046 1.6
      vertex 86.2715 -128.246 18
      vertex 83.1538 -130.046 18
    endloop
  endfacet
  facet normal 0.499999 -0.866026 0
    outer loop
      vertex 86.2715 -128.246 18
      vertex 83.1538 -130.046 1.6
      vertex 86.2715 -128.246 1.6
    endloop
  endfacet
  facet normal -0.499785 0.866149 0
    outer loop
      vertex 78.2715 -114.39 1.6
      vertex 76.483 -115.422 1.6
      vertex 78.2715 -114.39 9.18531
    endloop
  endfacet
  facet normal -0.524097 0.851658 0
    outer loop
      vertex 75.1603 -116.186 1.6
      vertex 75.1538 -116.19 1.6
      vertex 75.1538 -116.19 18
    endloop
  endfacet
  facet normal -0.499999 0.866026 0
    outer loop
      vertex 78.2715 -114.39 9.18531
      vertex 75.1538 -116.19 18
      vertex 78.2715 -114.39 18
    endloop
  endfacet
  facet normal -0.500166 0.865929 0.00011976
    outer loop
      vertex 75.1603 -116.186 1.6
      vertex 78.2715 -114.39 9.18531
      vertex 76.483 -115.422 1.6
    endloop
  endfacet
  facet normal -0.499971 0.866042 1.30704e-05
    outer loop
      vertex 78.2715 -114.39 9.18531
      vertex 75.1603 -116.186 1.6
      vertex 75.1538 -116.19 18
    endloop
  endfacet
  facet normal 0 0 1
    outer loop
      vertex 20.206 -17.3171 108
      vertex 21.0555 -17.2885 108
      vertex 20.8555 -16.942 108
    endloop
  endfacet
  facet normal -0 0 1
    outer loop
      vertex 20.206 -17.3171 108
      vertex 18.8038 -18.5885 108
      vertex 21.0555 -17.2885 108
    endloop
  endfacet
  facet normal -0 0 1
    outer loop
      vertex 10.8038 -4.73205 108
      vertex 20.206 -17.3171 108
      vertex 12.406 -3.80705 108
    endloop
  endfacet
  facet normal 0 0 1
    outer loop
      vertex 20.206 -17.3171 108
      vertex 10.8038 -4.73205 108
      vertex 18.8038 -18.5885 108
    endloop
  endfacet
  facet normal 0 0 1
    outer loop
      vertex 13.9215 -2.93205 108
      vertex 21.5916 -16.517 108
      vertex 21.7215 -16.442 108
    endloop
  endfacet
  facet normal 0 0 1
    outer loop
      vertex 21.5916 -16.517 108
      vertex 13.9215 -2.93205 108
      vertex 13.7916 -3.00705 108
    endloop
  endfacet
  facet normal 0.61292 0.353778 -0.706519
    outer loop
      vertex 21.0555 -17.2885 88.5943
      vertex 18.8125 -18.5835 86
      vertex 20.8555 -16.942 88.5943
    endloop
  endfacet
  facet normal 0.6129 0.353856 -0.706498
    outer loop
      vertex 20.8555 -16.942 88.5943
      vertex 17.1269 -8.48387 89.596
      vertex 21.7215 -16.442 89.596
    endloop
  endfacet
  facet normal 0.612873 0.353847 -0.706526
    outer loop
      vertex 17.1269 -8.48387 89.596
      vertex 20.8555 -16.942 88.5943
      vertex 18.8125 -18.5835 86
    endloop
  endfacet
  facet normal -0.498283 0.867012 -0.00198149
    outer loop
      vertex 10.8038 -4.73205 86
      vertex 13.9215 -2.93205 89.596
      vertex 10.8125 -4.72705 86
    endloop
  endfacet
  facet normal -0.499999 0.866026 0
    outer loop
      vertex 13.9215 -2.93205 89.596
      vertex 10.8038 -4.73205 86
      vertex 13.9215 -2.93205 89.6
    endloop
  endfacet
  facet normal -0.500011 0.866019 0
    outer loop
      vertex 13.9215 -2.93205 108
      vertex 13.7916 -3.00705 104.9
      vertex 13.7916 -3.00705 108
    endloop
  endfacet
  facet normal -0.500011 0.866019 8.27697e-17
    outer loop
      vertex 13.7916 -3.00705 104.9
      vertex 13.9215 -2.93205 89.6
      vertex 13.705 -3.05705 104.9
    endloop
  endfacet
  facet normal -0.500011 0.866019 0
    outer loop
      vertex 13.9215 -2.93205 89.6
      vertex 13.7916 -3.00705 104.9
      vertex 13.9215 -2.93205 108
    endloop
  endfacet
  facet normal -0.500011 0.866019 0
    outer loop
      vertex 13.705 -3.05705 105.4
      vertex 13.705 -3.05705 104.9
      vertex 13.272 -3.30705 105.4
    endloop
  endfacet
  facet normal -0.500011 0.866019 0
    outer loop
      vertex 13.272 -3.30705 105.9
      vertex 13.272 -3.30705 105.4
      vertex 12.839 -3.55705 105.9
    endloop
  endfacet
  facet normal -0.500011 0.866019 0
    outer loop
      vertex 12.839 -3.55705 106.4
      vertex 12.839 -3.55705 105.9
      vertex 12.406 -3.80705 106.4
    endloop
  endfacet
  facet normal -0.499988 0.866033 0
    outer loop
      vertex 12.406 -3.80705 106.4
      vertex 10.8038 -4.73205 108
      vertex 12.406 -3.80705 108
    endloop
  endfacet
  facet normal -0.500011 0.866019 0
    outer loop
      vertex 13.9215 -2.93205 89.6
      vertex 12.406 -3.80705 106.4
      vertex 12.839 -3.55705 105.9
    endloop
  endfacet
  facet normal -0.500011 0.866019 0
    outer loop
      vertex 13.9215 -2.93205 89.6
      vertex 12.839 -3.55705 105.9
      vertex 13.272 -3.30705 105.4
    endloop
  endfacet
  facet normal -0.500011 0.866019 0
    outer loop
      vertex 13.9215 -2.93205 89.6
      vertex 13.272 -3.30705 105.4
      vertex 13.705 -3.05705 104.9
    endloop
  endfacet
  facet normal -0.5 0.866025 1.31027e-06
    outer loop
      vertex 12.406 -3.80705 106.4
      vertex 13.9215 -2.93205 89.6
      vertex 10.8038 -4.73205 86
    endloop
  endfacet
  facet normal -0.499988 0.866033 0
    outer loop
      vertex 12.406 -3.80705 106.4
      vertex 10.8038 -4.73205 86
      vertex 10.8038 -4.73205 108
    endloop
  endfacet
  facet normal 0.499994 -0.866029 0
    outer loop
      vertex 18.8038 -18.5885 108
      vertex 21.0555 -17.2885 88.6043
      vertex 21.0555 -17.2885 108
    endloop
  endfacet
  facet normal 0.499994 -0.866029 0
    outer loop
      vertex 21.0555 -17.2885 88.6043
      vertex 18.8038 -18.5885 108
      vertex 18.8038 -18.5885 86
    endloop
  endfacet
  facet normal -0.866026 -0.499999 0
    outer loop
      vertex 18.8038 -18.5885 86
      vertex 10.8038 -4.73205 108
      vertex 10.8038 -4.73205 86
    endloop
  endfacet
  facet normal -0.866026 -0.499999 0
    outer loop
      vertex 10.8038 -4.73205 108
      vertex 18.8038 -18.5885 86
      vertex 18.8038 -18.5885 108
    endloop
  endfacet
  facet normal 0.499994 -0.866029 0
    outer loop
      vertex 18.8038 -18.5885 86
      vertex 21.0555 -17.2885 88.5943
      vertex 21.0555 -17.2885 88.6043
    endloop
  endfacet
  facet normal 0.498283 -0.867012 0.0019783
    outer loop
      vertex 21.0555 -17.2885 88.5943
      vertex 18.8038 -18.5885 86
      vertex 18.8125 -18.5835 86
    endloop
  endfacet
  facet normal 0.612881 0.353846 -0.706519
    outer loop
      vertex 10.8125 -4.72705 86
      vertex 17.1269 -8.48387 89.596
      vertex 18.8125 -18.5835 86
    endloop
  endfacet
  facet normal 0.612883 0.353854 -0.706513
    outer loop
      vertex 17.1269 -8.48387 89.596
      vertex 10.8125 -4.72705 86
      vertex 13.9215 -2.93205 89.596
    endloop
  endfacet
  facet normal 0 0 -1
    outer loop
      vertex 18.8038 -18.5885 86
      vertex 10.8125 -4.72705 86
      vertex 18.8125 -18.5835 86
    endloop
  endfacet
  facet normal 0 -0 -1
    outer loop
      vertex 10.8125 -4.72705 86
      vertex 18.8038 -18.5885 86
      vertex 10.8038 -4.73205 86
    endloop
  endfacet
  facet normal 0 0 -1
    outer loop
      vertex 83.1538 -130.046 86
      vertex 75.1625 -116.185 86
      vertex 83.1625 -130.041 86
    endloop
  endfacet
  facet normal 0 -0 -1
    outer loop
      vertex 75.1625 -116.185 86
      vertex 83.1538 -130.046 86
      vertex 75.1538 -116.19 86
    endloop
  endfacet
  facet normal -0.86602 -0.500009 0
    outer loop
      vertex 83.0683 -129.898 105.9
      vertex 75.1538 -116.19 108
      vertex 75.1538 -116.19 86
    endloop
  endfacet
  facet normal -0.865962 -0.500109 0.00087607
    outer loop
      vertex 75.1538 -116.19 108
      vertex 83.0683 -129.898 105.9
      vertex 82.8095 -129.449 106.4
    endloop
  endfacet
  facet normal -0.866019 -0.500011 -2.16085e-06
    outer loop
      vertex 83.1538 -130.046 86
      vertex 83.0683 -129.898 105.9
      vertex 75.1538 -116.19 86
    endloop
  endfacet
  facet normal -0.865893 -0.500229 0
    outer loop
      vertex 83.0683 -129.898 105.9
      vertex 83.1538 -130.046 86
      vertex 83.1538 -130.046 105.9
    endloop
  endfacet
  facet normal -0.866008 -0.50003 0
    outer loop
      vertex 75.1538 -116.19 108
      vertex 82.8095 -129.449 106.4
      vertex 82.8095 -129.449 108
    endloop
  endfacet
  facet normal -0.866385 -0.499377 0
    outer loop
      vertex 82.8095 -129.449 106.4
      vertex 83.0683 -129.898 105.9
      vertex 83.0683 -129.898 106.4
    endloop
  endfacet
  facet normal 0 0 1
    outer loop
      vertex 77.4055 -114.89 108
      vertex 76.956 -115.611 108
      vertex 77.6055 -115.236 108
    endloop
  endfacet
  facet normal 0 -0 1
    outer loop
      vertex 76.956 -115.611 108
      vertex 77.4055 -114.89 108
      vertex 75.1538 -116.19 108
    endloop
  endfacet
  facet normal 0 0 1
    outer loop
      vertex 78.4715 -114.736 108
      vertex 86.1416 -128.321 108
      vertex 86.2715 -128.246 108
    endloop
  endfacet
  facet normal 0 0 1
    outer loop
      vertex 86.1416 -128.321 108
      vertex 78.4715 -114.736 108
      vertex 78.3416 -114.811 108
    endloop
  endfacet
  facet normal -0 0 1
    outer loop
      vertex 75.1538 -116.19 108
      vertex 84.1638 -128.095 108
      vertex 76.956 -115.611 108
    endloop
  endfacet
  facet normal 0 0 1
    outer loop
      vertex 84.1638 -128.095 108
      vertex 75.1538 -116.19 108
      vertex 82.8095 -129.449 108
    endloop
  endfacet
  facet normal -0 0 -1
    outer loop
      vertex 77.6055 -115.236 108
      vertex 76.956 -115.611 108
      vertex 78.3416 -114.811 108
    endloop
  endfacet
  facet normal 0 -0 -1
    outer loop
      vertex 78.3416 -114.811 108
      vertex 78.4715 -114.736 108
      vertex 77.6055 -115.236 108
    endloop
  endfacet
  facet normal 0.500146 -0.865941 0
    outer loop
      vertex 83.1538 -130.046 105.9
      vertex 84.274 -129.399 105.4
      vertex 84.274 -129.399 105.9
    endloop
  endfacet
  facet normal 0.500036 -0.866005 0
    outer loop
      vertex 84.274 -129.399 105.4
      vertex 85.947 -128.433 104.9
      vertex 85.947 -128.433 105.4
    endloop
  endfacet
  facet normal 0.498823 -0.866704 -1.34486e-05
    outer loop
      vertex 85.947 -128.433 104.9
      vertex 86.2715 -128.246 89.6
      vertex 86.1416 -128.321 104.9
    endloop
  endfacet
  facet normal 0.500041 -0.866002 2.09736e-05
    outer loop
      vertex 84.274 -129.399 105.4
      vertex 86.2715 -128.246 89.6
      vertex 85.947 -128.433 104.9
    endloop
  endfacet
  facet normal 0.50016 -0.865933 4.10608e-05
    outer loop
      vertex 83.1538 -130.046 105.9
      vertex 86.2715 -128.246 89.6
      vertex 84.274 -129.399 105.4
    endloop
  endfacet
  facet normal 0.499999 -0.866026 0
    outer loop
      vertex 86.2715 -128.246 89.6
      vertex 83.1538 -130.046 105.9
      vertex 83.1538 -130.046 86
    endloop
  endfacet
  facet normal 0.500011 -0.866019 0
    outer loop
      vertex 86.1416 -128.321 104.9
      vertex 86.2715 -128.246 108
      vertex 86.1416 -128.321 108
    endloop
  endfacet
  facet normal 0.500011 -0.866019 0
    outer loop
      vertex 86.2715 -128.246 108
      vertex 86.1416 -128.321 104.9
      vertex 86.2715 -128.246 89.6
    endloop
  endfacet
  facet normal -0.500001 0.866025 0
    outer loop
      vertex 77.4055 -114.89 88.5943
      vertex 75.1625 -116.185 86
      vertex 77.4055 -114.89 95.5125
    endloop
  endfacet
  facet normal 0.612887 0.353848 -0.706513
    outer loop
      vertex 77.6055 -115.236 88.5943
      vertex 86.2715 -128.246 89.596
      vertex 83.1625 -130.041 86
    endloop
  endfacet
  facet normal 0.612899 0.353857 -0.706498
    outer loop
      vertex 86.2715 -128.246 89.596
      vertex 77.6055 -115.236 88.5943
      vertex 78.4715 -114.736 89.596
    endloop
  endfacet
  facet normal 0.612853 0.353841 -0.706547
    outer loop
      vertex 75.1625 -116.185 86
      vertex 77.6055 -115.236 88.5943
      vertex 83.1625 -130.041 86
    endloop
  endfacet
  facet normal 0.612699 0.354161 -0.706519
    outer loop
      vertex 77.6055 -115.236 88.5943
      vertex 75.1625 -116.185 86
      vertex 77.4055 -114.89 88.5943
    endloop
  endfacet
  facet normal 0.499999 -0.866026 0
    outer loop
      vertex 83.1538 -130.046 86
      vertex 86.2715 -128.246 89.596
      vertex 86.2715 -128.246 89.6
    endloop
  endfacet
  facet normal 0.498283 -0.867012 0.00198149
    outer loop
      vertex 86.2715 -128.246 89.596
      vertex 83.1538 -130.046 86
      vertex 83.1625 -130.041 86
    endloop
  endfacet
  facet normal -0.498284 0.867014 0
    outer loop
      vertex 75.1625 -116.185 86
      vertex 75.1538 -116.19 86
      vertex 75.1538 -116.19 108
    endloop
  endfacet
  facet normal -0.499994 0.866029 0
    outer loop
      vertex 77.4055 -114.89 95.5125
      vertex 75.1538 -116.19 108
      vertex 77.4055 -114.89 108
    endloop
  endfacet
  facet normal -0.499998 0.866027 -9.02316e-07
    outer loop
      vertex 75.1538 -116.19 108
      vertex 77.4055 -114.89 95.5125
      vertex 75.1625 -116.185 86
    endloop
  endfacet
  facet normal 0 0 1
    outer loop
      vertex 80.55 -113.536 116.4
      vertex 86.7648 -129.1 116.4
      vertex 89.35 -128.778 116.4
    endloop
  endfacet
  facet normal 0 0 1
    outer loop
      vertex 86.7648 -129.1 116.4
      vertex 80.55 -113.536 116.4
      vertex 78.4715 -114.736 116.4
    endloop
  endfacet
  facet normal 0 0 1
    outer loop
      vertex 86.655 -129.21 116.4
      vertex 89.35 -128.778 116.4
      vertex 86.7648 -129.1 116.4
    endloop
  endfacet
  facet normal -0 0 1
    outer loop
      vertex 86.655 -129.21 116.4
      vertex 79.35 -138.778 116.4
      vertex 89.35 -128.778 116.4
    endloop
  endfacet
  facet normal 0 0 1
    outer loop
      vertex 78.6251 -137.028 116.4
      vertex 86.655 -129.21 116.4
      vertex 86.5774 -129.076 116.4
    endloop
  endfacet
  facet normal 0 0 1
    outer loop
      vertex 86.655 -129.21 116.4
      vertex 78.6251 -137.028 116.4
      vertex 79.35 -138.778 116.4
    endloop
  endfacet
  facet normal 0 0 1
    outer loop
      vertex 36 -138.778 116.4
      vertex 78.6251 -137.028 116.4
      vertex 36 -137.028 116.4
    endloop
  endfacet
  facet normal 0 0 1
    outer loop
      vertex 78.6251 -137.028 116.4
      vertex 36 -138.778 116.4
      vertex 79.35 -138.778 116.4
    endloop
  endfacet
  facet normal 0 0 1
    outer loop
      vertex 23.8 -15.242 116.4
      vertex 13.6144 -0.800001 116.4
      vertex 21.7215 -16.442 116.4
    endloop
  endfacet
  facet normal 0 0 1
    outer loop
      vertex 23.8 -15.242 116.4
      vertex 13.1144 0.0660249 116.4
      vertex 13.6144 -0.800001 116.4
    endloop
  endfacet
  facet normal 0 0 1
    outer loop
      vertex 13.1144 0.0660249 116.4
      vertex 6.75 10.7894 116.4
      vertex 12.9844 -0.00897922 116.4
    endloop
  endfacet
  facet normal 0 0 1
    outer loop
      vertex 5 17.3205 116.4
      vertex 13.1144 0.0660249 116.4
      vertex 23.8 -15.242 116.4
    endloop
  endfacet
  facet normal 0 0 1
    outer loop
      vertex 5 -138.778 116.4
      vertex 6.75 10.7894 116.4
      vertex 5 17.3205 116.4
    endloop
  endfacet
  facet normal 0 0 1
    outer loop
      vertex 13.1144 0.0660249 116.4
      vertex 5 17.3205 116.4
      vertex 6.75 10.7894 116.4
    endloop
  endfacet
  facet normal 0 0 1
    outer loop
      vertex 21.7215 -16.442 116.4
      vertex 13.6144 -0.800001 116.4
      vertex 12.9215 -1.2 116.4
    endloop
  endfacet
  facet normal -0 0 1
    outer loop
      vertex 6.75 -137.028 116.4
      vertex 14 -138.778 116.4
      vertex 14 -137.028 116.4
    endloop
  endfacet
  facet normal 0 0 1
    outer loop
      vertex 6.75 -137.028 116.4
      vertex 5 -138.778 116.4
      vertex 14 -138.778 116.4
    endloop
  endfacet
  facet normal 0 0 1
    outer loop
      vertex 6.75 10.7894 116.4
      vertex 5 -138.778 116.4
      vertex 6.75 -137.028 116.4
    endloop
  endfacet
  facet normal 0 0 1
    outer loop
      vertex 11.4094 2.719 126.4
      vertex 9.14999 1.83249 126.4
      vertex 9.33099 1.519 126.4
    endloop
  endfacet
  facet normal 0 0 1
    outer loop
      vertex 9.14999 1.83249 126.4
      vertex 7.59894 0.519005 126.4
      vertex 9.14999 1.4145 126.4
    endloop
  endfacet
  facet normal 0 0 1
    outer loop
      vertex 9.14999 1.83249 126.4
      vertex 6.75 10.7894 126.4
      vertex 7.59894 0.519005 126.4
    endloop
  endfacet
  facet normal 0 0 1
    outer loop
      vertex 6.75 10.7894 126.4
      vertex 9.14999 1.83249 126.4
      vertex 11.4094 2.719 126.4
    endloop
  endfacet
  facet normal 0 0 1
    outer loop
      vertex 6.75 -137.028 126.4
      vertex 9.14999 -2.16749 126.4
      vertex 7.59894 0.519005 126.4
    endloop
  endfacet
  facet normal -0 0 1
    outer loop
      vertex 9.14999 -134.628 126.4
      vertex 29.5136 -136.178 126.4
      vertex 77.631 -134.628 126.4
    endloop
  endfacet
  facet normal 0 0 1
    outer loop
      vertex 29.5136 -136.178 126.4
      vertex 9.14999 -134.628 126.4
      vertex 20.4864 -136.178 126.4
    endloop
  endfacet
  facet normal 0 0 1
    outer loop
      vertex 9.14999 -134.628 126.4
      vertex 20.4864 -137.028 126.4
      vertex 20.4864 -136.178 126.4
    endloop
  endfacet
  facet normal 0 0 1
    outer loop
      vertex 6.75 -137.028 126.4
      vertex 7.59894 0.519005 126.4
      vertex 6.75 10.7894 126.4
    endloop
  endfacet
  facet normal 0 0 1
    outer loop
      vertex 9.14999 -134.628 126.4
      vertex 6.75 -137.028 126.4
      vertex 20.4864 -137.028 126.4
    endloop
  endfacet
  facet normal 0 0 1
    outer loop
      vertex 9.14999 -2.16749 126.4
      vertex 6.75 -137.028 126.4
      vertex 9.14999 -134.628 126.4
    endloop
  endfacet
  facet normal 0 0 1
    outer loop
      vertex 77.631 -134.628 126.4
      vertex 83.942 -131.711 126.4
      vertex 82.6997 -129.559 126.4
    endloop
  endfacet
  facet normal 0 0 1
    outer loop
      vertex 83.942 -131.711 126.4
      vertex 77.631 -134.628 126.4
      vertex 78.6251 -137.028 126.4
    endloop
  endfacet
  facet normal 0 0 1
    outer loop
      vertex 29.5136 -137.028 126.4
      vertex 77.631 -134.628 126.4
      vertex 29.5136 -136.178 126.4
    endloop
  endfacet
  facet normal 0 0 1
    outer loop
      vertex 77.631 -134.628 126.4
      vertex 29.5136 -137.028 126.4
      vertex 78.6251 -137.028 126.4
    endloop
  endfacet
  facet normal 0.707113 -0.7071 0
    outer loop
      vertex 83.942 -131.711 126.4
      vertex 78.6251 -137.028 126.4
      vertex 83.942 -131.711 124.65
    endloop
  endfacet
  facet normal 0.707053 -0.70716 0
    outer loop
      vertex 83.942 -131.711 124.65
      vertex 86.5774 -129.076 116.4
      vertex 86.5774 -129.076 124.65
    endloop
  endfacet
  facet normal 0.707113 -0.7071 0
    outer loop
      vertex 78.6251 -137.028 116.4
      vertex 83.942 -131.711 124.65
      vertex 78.6251 -137.028 126.4
    endloop
  endfacet
  facet normal 0.707093 -0.70712 2.57631e-05
    outer loop
      vertex 83.942 -131.711 124.65
      vertex 78.6251 -137.028 116.4
      vertex 86.5774 -129.076 116.4
    endloop
  endfacet
  facet normal 0 -1 0
    outer loop
      vertex 6.75 -137.028 126.4
      vertex 20.0061 -137.028 126.201
      vertex 20.4864 -137.028 126.4
    endloop
  endfacet
  facet normal 0 -1 0
    outer loop
      vertex 6.75 -137.028 126.4
      vertex 18.5344 -137.028 125.299
      vertex 20.0061 -137.028 126.201
    endloop
  endfacet
  facet normal 0 -1 0
    outer loop
      vertex 6.75 -137.028 126.4
      vertex 17.2218 -137.028 124.178
      vertex 18.5344 -137.028 125.299
    endloop
  endfacet
  facet normal 0 -1 0
    outer loop
      vertex 6.75 -137.028 126.4
      vertex 16.1008 -137.028 122.866
      vertex 17.2218 -137.028 124.178
    endloop
  endfacet
  facet normal 0 -1 0
    outer loop
      vertex 6.75 -137.028 126.4
      vertex 15.1989 -137.028 121.394
      vertex 16.1008 -137.028 122.866
    endloop
  endfacet
  facet normal 0 -1 0
    outer loop
      vertex 6.75 -137.028 126.4
      vertex 14.5384 -137.028 119.799
      vertex 15.1989 -137.028 121.394
    endloop
  endfacet
  facet normal 0 -1 0
    outer loop
      vertex 6.75 -137.028 116.4
      vertex 14.5384 -137.028 119.799
      vertex 6.75 -137.028 126.4
    endloop
  endfacet
  facet normal 0 -1 0
    outer loop
      vertex 14.5384 -137.028 119.799
      vertex 6.75 -137.028 116.4
      vertex 14.1354 -137.028 118.121
    endloop
  endfacet
  facet normal 0 -1 0
    outer loop
      vertex 14.1354 -137.028 118.121
      vertex 6.75 -137.028 116.4
      vertex 14 -137.028 116.4
    endloop
  endfacet
  facet normal 0 -1 0
    outer loop
      vertex 29.9939 -137.028 126.201
      vertex 78.6251 -137.028 126.4
      vertex 29.5136 -137.028 126.4
    endloop
  endfacet
  facet normal 0 -1 0
    outer loop
      vertex 31.4656 -137.028 125.299
      vertex 78.6251 -137.028 126.4
      vertex 29.9939 -137.028 126.201
    endloop
  endfacet
  facet normal 0 -1 0
    outer loop
      vertex 32.7782 -137.028 124.178
      vertex 78.6251 -137.028 126.4
      vertex 31.4656 -137.028 125.299
    endloop
  endfacet
  facet normal 0 -1 0
    outer loop
      vertex 33.8992 -137.028 122.866
      vertex 78.6251 -137.028 126.4
      vertex 32.7782 -137.028 124.178
    endloop
  endfacet
  facet normal 0 -1 0
    outer loop
      vertex 34.8011 -137.028 121.394
      vertex 78.6251 -137.028 126.4
      vertex 33.8992 -137.028 122.866
    endloop
  endfacet
  facet normal 0 -1 0
    outer loop
      vertex 35.4616 -137.028 119.799
      vertex 78.6251 -137.028 126.4
      vertex 34.8011 -137.028 121.394
    endloop
  endfacet
  facet normal 0 -1 0
    outer loop
      vertex 35.8646 -137.028 118.121
      vertex 78.6251 -137.028 126.4
      vertex 35.4616 -137.028 119.799
    endloop
  endfacet
  facet normal 0 -1 0
    outer loop
      vertex 78.6251 -137.028 116.4
      vertex 35.8646 -137.028 118.121
      vertex 36 -137.028 116.4
    endloop
  endfacet
  facet normal 0 -1 0
    outer loop
      vertex 35.8646 -137.028 118.121
      vertex 78.6251 -137.028 116.4
      vertex 78.6251 -137.028 126.4
    endloop
  endfacet
  facet normal -1 0 0
    outer loop
      vertex 6.75 -137.028 116.4
      vertex 6.75 10.7894 126.4
      vertex 6.75 10.7894 116.4
    endloop
  endfacet
  facet normal -1 -0 0
    outer loop
      vertex 6.75 10.7894 126.4
      vertex 6.75 -137.028 116.4
      vertex 6.75 -137.028 126.4
    endloop
  endfacet
  facet normal 0.866028 0.499996 -0
    outer loop
      vertex 11.4094 2.719 124.65
      vertex 6.75 10.7894 126.4
      vertex 11.4094 2.719 126.4
    endloop
  endfacet
  facet normal 0.866028 0.499996 0
    outer loop
      vertex 6.75 10.7894 126.4
      vertex 11.4094 2.719 124.65
      vertex 6.75 10.7894 116.4
    endloop
  endfacet
  facet normal 0.866025 0.5 -0
    outer loop
      vertex 12.9844 -0.00897922 116.4
      vertex 11.4094 2.719 124.65
      vertex 12.9844 -0.00897922 124.65
    endloop
  endfacet
  facet normal 0.866027 0.499997 1.29897e-06
    outer loop
      vertex 11.4094 2.719 124.65
      vertex 12.9844 -0.00897922 116.4
      vertex 6.75 10.7894 116.4
    endloop
  endfacet
  facet normal 0 1 -0
    outer loop
      vertex 77.631 -134.628 106.4
      vertex 9.14999 -134.628 126.4
      vertex 77.631 -134.628 126.4
    endloop
  endfacet
  facet normal 0 1 0
    outer loop
      vertex 9.14999 -134.628 126.4
      vertex 77.631 -134.628 106.4
      vertex 9.14999 -134.628 106.4
    endloop
  endfacet
  facet normal -0.707141 0.707073 0
    outer loop
      vertex 77.631 -134.628 106.4
      vertex 82.8095 -129.449 108
      vertex 82.8095 -129.449 106.4
    endloop
  endfacet
  facet normal -0.707142 0.707071 8.02678e-06
    outer loop
      vertex 82.8095 -129.449 108
      vertex 77.631 -134.628 106.4
      vertex 82.6997 -129.559 124.65
    endloop
  endfacet
  facet normal -0.707128 0.707086 0
    outer loop
      vertex 77.631 -134.628 126.4
      vertex 82.6997 -129.559 124.65
      vertex 77.631 -134.628 106.4
    endloop
  endfacet
  facet normal -0.707128 0.707086 0
    outer loop
      vertex 82.6997 -129.559 124.65
      vertex 77.631 -134.628 126.4
      vertex 82.6997 -129.559 126.4
    endloop
  endfacet
  facet normal -0.707028 0.707185 0
    outer loop
      vertex 82.8095 -129.449 108
      vertex 84.1638 -128.095 124.65
      vertex 84.1638 -128.095 108
    endloop
  endfacet
  facet normal -0.707083 0.707131 8.81257e-06
    outer loop
      vertex 84.1638 -128.095 124.65
      vertex 82.8095 -129.449 108
      vertex 82.6997 -129.559 124.65
    endloop
  endfacet
  facet normal -0.866018 -0.500013 0
    outer loop
      vertex 9.14999 1.83249 106.4
      vertex 9.33099 1.519 124.65
      vertex 9.14999 1.83249 126.4
    endloop
  endfacet
  facet normal -0.866024 -0.500002 -0
    outer loop
      vertex 12.406 -3.80705 108
      vertex 9.14999 1.83249 106.4
      vertex 12.406 -3.80705 106.4
    endloop
  endfacet
  facet normal -0.866024 -0.500002 2.55064e-07
    outer loop
      vertex 9.14999 1.83249 106.4
      vertex 12.406 -3.80705 108
      vertex 9.33099 1.519 124.65
    endloop
  endfacet
  facet normal -0.866026 -0.499999 -0
    outer loop
      vertex 20.206 -17.3171 124.65
      vertex 12.406 -3.80705 108
      vertex 20.206 -17.3171 108
    endloop
  endfacet
  facet normal -0.866026 -0.499999 -9.63307e-07
    outer loop
      vertex 12.406 -3.80705 108
      vertex 20.206 -17.3171 124.65
      vertex 9.33099 1.519 124.65
    endloop
  endfacet
  facet normal -0.866018 -0.500013 0
    outer loop
      vertex 9.14999 1.83249 126.4
      vertex 9.33099 1.519 124.65
      vertex 9.33099 1.519 126.4
    endloop
  endfacet
  facet normal -0.866021 -0.500008 0
    outer loop
      vertex 84.1638 -128.095 108
      vertex 76.956 -115.611 124.65
      vertex 76.956 -115.611 108
    endloop
  endfacet
  facet normal -0.866021 -0.500008 0
    outer loop
      vertex 76.956 -115.611 124.65
      vertex 84.1638 -128.095 108
      vertex 84.1638 -128.095 124.65
    endloop
  endfacet
  facet normal 1 0 0
    outer loop
      vertex 9.14999 -2.16749 126.4
      vertex 9.14999 -134.628 126.4
      vertex 9.14999 -2.16749 124.65
    endloop
  endfacet
  facet normal 1 0 0
    outer loop
      vertex 9.14999 1.4145 124.65
      vertex 9.14999 1.83249 126.4
      vertex 9.14999 1.4145 126.4
    endloop
  endfacet
  facet normal 1 0 0
    outer loop
      vertex 9.14999 1.83249 126.4
      vertex 9.14999 1.4145 124.65
      vertex 9.14999 1.83249 106.4
    endloop
  endfacet
  facet normal 1 -0 0
    outer loop
      vertex 9.14999 -2.16749 124.65
      vertex 9.14999 1.83249 106.4
      vertex 9.14999 1.4145 124.65
    endloop
  endfacet
  facet normal 1 0 0
    outer loop
      vertex 9.14999 -134.628 106.4
      vertex 9.14999 -2.16749 124.65
      vertex 9.14999 -134.628 126.4
    endloop
  endfacet
  facet normal 1 0 0
    outer loop
      vertex 9.14999 -2.16749 124.65
      vertex 9.14999 -134.628 106.4
      vertex 9.14999 1.83249 106.4
    endloop
  endfacet
  facet normal 0 0 -1
    outer loop
      vertex 77.631 -134.628 106.4
      vertex 83.0683 -129.898 106.4
      vertex 77.8381 -135.128 106.4
    endloop
  endfacet
  facet normal -0 0 -1
    outer loop
      vertex 83.0683 -129.898 106.4
      vertex 77.631 -134.628 106.4
      vertex 82.8095 -129.449 106.4
    endloop
  endfacet
  facet normal 0 0 -1
    outer loop
      vertex 77.8381 -135.128 106.4
      vertex 9.14999 -134.628 106.4
      vertex 77.631 -134.628 106.4
    endloop
  endfacet
  facet normal -0 0 -1
    outer loop
      vertex 9.14999 -134.628 106.4
      vertex 8.64999 -135.128 106.4
      vertex 9.14999 1.83249 106.4
    endloop
  endfacet
  facet normal 0 0 -1
    outer loop
      vertex 8.64999 -135.128 106.4
      vertex 9.14999 -134.628 106.4
      vertex 77.8381 -135.128 106.4
    endloop
  endfacet
  facet normal 0 0 -1
    outer loop
      vertex 9.14999 1.83249 106.4
      vertex 12.839 -3.55705 106.4
      vertex 12.406 -3.80705 106.4
    endloop
  endfacet
  facet normal 0 0 -1
    outer loop
      vertex 9.14999 1.83249 106.4
      vertex 8.64999 3.69852 106.4
      vertex 12.839 -3.55705 106.4
    endloop
  endfacet
  facet normal 0 0 -1
    outer loop
      vertex 8.64999 3.69852 106.4
      vertex 9.14999 1.83249 106.4
      vertex 8.64999 -135.128 106.4
    endloop
  endfacet
  facet normal 0 0 -1
    outer loop
      vertex 78.0452 -135.628 105.9
      vertex 83.1538 -130.046 105.9
      vertex 84.274 -129.399 105.9
    endloop
  endfacet
  facet normal 0 0 -1
    outer loop
      vertex 77.8381 -135.128 105.9
      vertex 83.1538 -130.046 105.9
      vertex 78.0452 -135.628 105.9
    endloop
  endfacet
  facet normal -0 0 -1
    outer loop
      vertex 83.1538 -130.046 105.9
      vertex 77.8381 -135.128 105.9
      vertex 83.0683 -129.898 105.9
    endloop
  endfacet
  facet normal 0 0 -1
    outer loop
      vertex 78.0452 -135.628 105.9
      vertex 8.64999 -135.128 105.9
      vertex 77.8381 -135.128 105.9
    endloop
  endfacet
  facet normal -0 0 -1
    outer loop
      vertex 8.64999 -135.128 105.9
      vertex 8.14999 -135.628 105.9
      vertex 8.64999 3.69852 105.9
    endloop
  endfacet
  facet normal 0 0 -1
    outer loop
      vertex 8.14999 -135.628 105.9
      vertex 8.64999 -135.128 105.9
      vertex 78.0452 -135.628 105.9
    endloop
  endfacet
  facet normal 0 0 -1
    outer loop
      vertex 8.64999 3.69852 105.9
      vertex 13.272 -3.30705 105.9
      vertex 12.839 -3.55705 105.9
    endloop
  endfacet
  facet normal 0 0 -1
    outer loop
      vertex 8.64999 3.69852 105.9
      vertex 8.14999 5.56454 105.9
      vertex 13.272 -3.30705 105.9
    endloop
  endfacet
  facet normal 0 0 -1
    outer loop
      vertex 8.14999 5.56454 105.9
      vertex 8.64999 3.69852 105.9
      vertex 8.14999 -135.628 105.9
    endloop
  endfacet
  facet normal 0 1 -0
    outer loop
      vertex 77.8381 -135.128 105.9
      vertex 8.64999 -135.128 106.4
      vertex 77.8381 -135.128 106.4
    endloop
  endfacet
  facet normal 0 1 0
    outer loop
      vertex 8.64999 -135.128 106.4
      vertex 77.8381 -135.128 105.9
      vertex 8.64999 -135.128 105.9
    endloop
  endfacet
  facet normal -0.707093 0.70712 0
    outer loop
      vertex 77.8381 -135.128 105.9
      vertex 83.0683 -129.898 106.4
      vertex 83.0683 -129.898 105.9
    endloop
  endfacet
  facet normal -0.707093 0.70712 0
    outer loop
      vertex 83.0683 -129.898 106.4
      vertex 77.8381 -135.128 105.9
      vertex 77.8381 -135.128 106.4
    endloop
  endfacet
  facet normal -0.866025 -0.5 0
    outer loop
      vertex 12.839 -3.55705 105.9
      vertex 8.64999 3.69852 106.4
      vertex 8.64999 3.69852 105.9
    endloop
  endfacet
  facet normal -0.866025 -0.5 0
    outer loop
      vertex 8.64999 3.69852 106.4
      vertex 12.839 -3.55705 105.9
      vertex 12.839 -3.55705 106.4
    endloop
  endfacet
  facet normal 1 -0 0
    outer loop
      vertex 8.64999 -135.128 106.4
      vertex 8.64999 3.69852 105.9
      vertex 8.64999 3.69852 106.4
    endloop
  endfacet
  facet normal 1 0 0
    outer loop
      vertex 8.64999 3.69852 105.9
      vertex 8.64999 -135.128 106.4
      vertex 8.64999 -135.128 105.9
    endloop
  endfacet
  facet normal 0 0 -1
    outer loop
      vertex 78.2523 -136.128 105.4
      vertex 84.274 -129.399 105.4
      vertex 85.947 -128.433 105.4
    endloop
  endfacet
  facet normal 0 0 -1
    outer loop
      vertex 78.2523 -136.128 105.4
      vertex 78.0452 -135.628 105.4
      vertex 84.274 -129.399 105.4
    endloop
  endfacet
  facet normal 0 0 -1
    outer loop
      vertex 78.2523 -136.128 105.4
      vertex 8.14999 -135.628 105.4
      vertex 78.0452 -135.628 105.4
    endloop
  endfacet
  facet normal -0 0 -1
    outer loop
      vertex 8.14999 -135.628 105.4
      vertex 7.64999 -136.128 105.4
      vertex 8.14999 5.56454 105.4
    endloop
  endfacet
  facet normal 0 0 -1
    outer loop
      vertex 7.64999 -136.128 105.4
      vertex 8.14999 -135.628 105.4
      vertex 78.2523 -136.128 105.4
    endloop
  endfacet
  facet normal 0 0 -1
    outer loop
      vertex 8.14999 5.56454 105.4
      vertex 13.705 -3.05705 105.4
      vertex 13.272 -3.30705 105.4
    endloop
  endfacet
  facet normal 0 0 -1
    outer loop
      vertex 8.14999 5.56454 105.4
      vertex 7.64999 7.43057 105.4
      vertex 13.705 -3.05705 105.4
    endloop
  endfacet
  facet normal 0 0 -1
    outer loop
      vertex 7.64999 7.43057 105.4
      vertex 8.14999 5.56454 105.4
      vertex 7.64999 -136.128 105.4
    endloop
  endfacet
  facet normal 0 1 -0
    outer loop
      vertex 78.0452 -135.628 105.4
      vertex 8.14999 -135.628 105.9
      vertex 78.0452 -135.628 105.9
    endloop
  endfacet
  facet normal 0 1 0
    outer loop
      vertex 8.14999 -135.628 105.9
      vertex 78.0452 -135.628 105.4
      vertex 8.14999 -135.628 105.4
    endloop
  endfacet
  facet normal -0.707118 0.707095 0
    outer loop
      vertex 78.0452 -135.628 105.4
      vertex 84.274 -129.399 105.9
      vertex 84.274 -129.399 105.4
    endloop
  endfacet
  facet normal -0.707118 0.707095 0
    outer loop
      vertex 84.274 -129.399 105.9
      vertex 78.0452 -135.628 105.4
      vertex 78.0452 -135.628 105.9
    endloop
  endfacet
  facet normal -0.866026 -0.5 0
    outer loop
      vertex 13.272 -3.30705 105.4
      vertex 8.14999 5.56454 105.9
      vertex 8.14999 5.56454 105.4
    endloop
  endfacet
  facet normal -0.866026 -0.5 0
    outer loop
      vertex 8.14999 5.56454 105.9
      vertex 13.272 -3.30705 105.4
      vertex 13.272 -3.30705 105.9
    endloop
  endfacet
  facet normal 1 -0 0
    outer loop
      vertex 8.14999 -135.628 105.9
      vertex 8.14999 5.56454 105.4
      vertex 8.14999 5.56454 105.9
    endloop
  endfacet
  facet normal 1 0 0
    outer loop
      vertex 8.14999 5.56454 105.4
      vertex 8.14999 -135.628 105.9
      vertex 8.14999 -135.628 105.4
    endloop
  endfacet
  facet normal 0 0 -1
    outer loop
      vertex 86.3703 -128.717 104.9
      vertex 85.947 -128.433 104.9
      vertex 86.1416 -128.321 104.9
    endloop
  endfacet
  facet normal 0 0 -1
    outer loop
      vertex 78.2523 -136.128 104.9
      vertex 86.3703 -128.717 104.9
      vertex 78.4594 -136.628 104.9
    endloop
  endfacet
  facet normal -0 0 -1
    outer loop
      vertex 86.3703 -128.717 104.9
      vertex 78.2523 -136.128 104.9
      vertex 85.947 -128.433 104.9
    endloop
  endfacet
  facet normal 0 0 -1
    outer loop
      vertex 78.4594 -136.628 104.9
      vertex 7.64999 -136.128 104.9
      vertex 78.2523 -136.128 104.9
    endloop
  endfacet
  facet normal -0 0 -1
    outer loop
      vertex 7.64999 -136.128 104.9
      vertex 7.14999 -136.628 104.9
      vertex 7.64999 7.43057 104.9
    endloop
  endfacet
  facet normal 0 0 -1
    outer loop
      vertex 7.14999 -136.628 104.9
      vertex 7.64999 -136.128 104.9
      vertex 78.4594 -136.628 104.9
    endloop
  endfacet
  facet normal 0 0 -1
    outer loop
      vertex 13.705 -3.05705 104.9
      vertex 12.2916 -0.408974 104.9
      vertex 13.7916 -3.00705 104.9
    endloop
  endfacet
  facet normal -0 -0 -1
    outer loop
      vertex 12.2916 -0.408974 104.9
      vertex 13.705 -3.05705 104.9
      vertex 7.64999 7.43057 104.9
    endloop
  endfacet
  facet normal 0 0 -1
    outer loop
      vertex 7.64999 7.43057 104.9
      vertex 12.638 -0.208976 104.9
      vertex 12.2916 -0.408974 104.9
    endloop
  endfacet
  facet normal 0 0 -1
    outer loop
      vertex 7.64999 7.43057 104.9
      vertex 7.14999 9.2966 104.9
      vertex 12.638 -0.208976 104.9
    endloop
  endfacet
  facet normal 0 0 -1
    outer loop
      vertex 7.14999 9.2966 104.9
      vertex 7.64999 7.43057 104.9
      vertex 7.14999 -136.628 104.9
    endloop
  endfacet
  facet normal 0 1 -0
    outer loop
      vertex 78.2523 -136.128 104.9
      vertex 7.64999 -136.128 105.4
      vertex 78.2523 -136.128 105.4
    endloop
  endfacet
  facet normal 0 1 0
    outer loop
      vertex 7.64999 -136.128 105.4
      vertex 78.2523 -136.128 104.9
      vertex 7.64999 -136.128 104.9
    endloop
  endfacet
  facet normal -0.707121 0.707093 0
    outer loop
      vertex 78.2523 -136.128 104.9
      vertex 85.947 -128.433 105.4
      vertex 85.947 -128.433 104.9
    endloop
  endfacet
  facet normal -0.707121 0.707093 0
    outer loop
      vertex 85.947 -128.433 105.4
      vertex 78.2523 -136.128 104.9
      vertex 78.2523 -136.128 105.4
    endloop
  endfacet
  facet normal -0.866026 -0.499999 0
    outer loop
      vertex 13.705 -3.05705 104.9
      vertex 7.64999 7.43057 105.4
      vertex 7.64999 7.43057 104.9
    endloop
  endfacet
  facet normal -0.866026 -0.499999 0
    outer loop
      vertex 7.64999 7.43057 105.4
      vertex 13.705 -3.05705 104.9
      vertex 13.705 -3.05705 105.4
    endloop
  endfacet
  facet normal 1 -0 0
    outer loop
      vertex 7.64999 -136.128 105.4
      vertex 7.64999 7.43057 104.9
      vertex 7.64999 7.43057 105.4
    endloop
  endfacet
  facet normal 1 0 0
    outer loop
      vertex 7.64999 7.43057 104.9
      vertex 7.64999 -136.128 105.4
      vertex 7.64999 -136.128 104.9
    endloop
  endfacet
  facet normal 0 0 -1
    outer loop
      vertex 78.4594 -136.628 104.4
      vertex 86.6292 -129.165 104.4
      vertex 78.6665 -137.128 104.4
    endloop
  endfacet
  facet normal -0 0 -1
    outer loop
      vertex 86.6292 -129.165 104.4
      vertex 78.4594 -136.628 104.4
      vertex 86.3703 -128.717 104.4
    endloop
  endfacet
  facet normal 0 0 -1
    outer loop
      vertex 78.6665 -137.128 104.4
      vertex 7.14999 -136.628 104.4
      vertex 78.4594 -136.628 104.4
    endloop
  endfacet
  facet normal -0 0 -1
    outer loop
      vertex 7.14999 -136.628 104.4
      vertex 6.64999 -137.128 104.4
      vertex 7.14999 9.2966 104.4
    endloop
  endfacet
  facet normal 0 0 -1
    outer loop
      vertex 6.64999 -137.128 104.4
      vertex 7.14999 -136.628 104.4
      vertex 78.6665 -137.128 104.4
    endloop
  endfacet
  facet normal 0 0 -1
    outer loop
      vertex 7.14999 9.2966 104.4
      vertex 13.0711 0.0410241 104.4
      vertex 12.638 -0.208976 104.4
    endloop
  endfacet
  facet normal 0 0 -1
    outer loop
      vertex 7.14999 9.2966 104.4
      vertex 6.64999 11.1626 104.4
      vertex 13.0711 0.0410241 104.4
    endloop
  endfacet
  facet normal 0 0 -1
    outer loop
      vertex 6.64999 11.1626 104.4
      vertex 7.14999 9.2966 104.4
      vertex 6.64999 -137.128 104.4
    endloop
  endfacet
  facet normal 0 1 -0
    outer loop
      vertex 78.4594 -136.628 104.4
      vertex 7.14999 -136.628 104.9
      vertex 78.4594 -136.628 104.9
    endloop
  endfacet
  facet normal 0 1 0
    outer loop
      vertex 7.14999 -136.628 104.9
      vertex 78.4594 -136.628 104.4
      vertex 7.14999 -136.628 104.4
    endloop
  endfacet
  facet normal -0.707111 0.707102 0
    outer loop
      vertex 78.4594 -136.628 104.4
      vertex 86.3703 -128.717 104.9
      vertex 86.3703 -128.717 104.4
    endloop
  endfacet
  facet normal -0.707111 0.707102 0
    outer loop
      vertex 86.3703 -128.717 104.9
      vertex 78.4594 -136.628 104.4
      vertex 78.4594 -136.628 104.9
    endloop
  endfacet
  facet normal -0.866027 -0.499997 0
    outer loop
      vertex 12.638 -0.208976 104.4
      vertex 7.14999 9.2966 104.9
      vertex 7.14999 9.2966 104.4
    endloop
  endfacet
  facet normal -0.866027 -0.499997 0
    outer loop
      vertex 7.14999 9.2966 104.9
      vertex 12.638 -0.208976 104.4
      vertex 12.638 -0.208976 104.9
    endloop
  endfacet
  facet normal 1 -0 0
    outer loop
      vertex 7.14999 -136.628 104.9
      vertex 7.14999 9.2966 104.4
      vertex 7.14999 9.2966 104.9
    endloop
  endfacet
  facet normal 1 0 0
    outer loop
      vertex 7.14999 9.2966 104.4
      vertex 7.14999 -136.628 104.9
      vertex 7.14999 -136.628 104.4
    endloop
  endfacet
  facet normal 0 0 -1
    outer loop
      vertex 78.6665 -137.128 103.9
      vertex 86.655 -129.21 103.9
      vertex 78.6872 -137.178 103.9
    endloop
  endfacet
  facet normal -0 0 -1
    outer loop
      vertex 86.655 -129.21 103.9
      vertex 78.6665 -137.128 103.9
      vertex 86.6292 -129.165 103.9
    endloop
  endfacet
  facet normal 0 0 -1
    outer loop
      vertex 78.6872 -137.178 103.9
      vertex 6.64999 -137.128 103.9
      vertex 78.6665 -137.128 103.9
    endloop
  endfacet
  facet normal -0 0 -1
    outer loop
      vertex 6.64999 -137.128 103.9
      vertex 6.60001 -137.178 103.9
      vertex 6.64999 11.1626 103.9
    endloop
  endfacet
  facet normal 0 0 -1
    outer loop
      vertex 6.60001 -137.178 103.9
      vertex 6.64999 -137.128 103.9
      vertex 78.6872 -137.178 103.9
    endloop
  endfacet
  facet normal 0 0 -1
    outer loop
      vertex 6.64999 11.1626 103.9
      vertex 13.1144 0.0660249 103.9
      vertex 13.0711 0.0410241 103.9
    endloop
  endfacet
  facet normal 0 0 -1
    outer loop
      vertex 6.64999 11.1626 103.9
      vertex 6.60001 11.3492 103.9
      vertex 13.1144 0.0660249 103.9
    endloop
  endfacet
  facet normal 0 0 -1
    outer loop
      vertex 6.60001 11.3492 103.9
      vertex 6.64999 11.1626 103.9
      vertex 6.60001 -137.178 103.9
    endloop
  endfacet
  facet normal 0 1 -0
    outer loop
      vertex 78.6665 -137.128 103.9
      vertex 6.64999 -137.128 104.4
      vertex 78.6665 -137.128 104.4
    endloop
  endfacet
  facet normal 0 1 0
    outer loop
      vertex 6.64999 -137.128 104.4
      vertex 78.6665 -137.128 103.9
      vertex 6.64999 -137.128 103.9
    endloop
  endfacet
  facet normal -0.70712 0.707093 0
    outer loop
      vertex 86.6292 -129.165 103.9
      vertex 78.6665 -137.128 104.4
      vertex 86.6292 -129.165 104.4
    endloop
  endfacet
  facet normal -0.70712 0.707093 0
    outer loop
      vertex 78.6665 -137.128 104.4
      vertex 86.6292 -129.165 103.9
      vertex 78.6665 -137.128 103.9
    endloop
  endfacet
  facet normal -0.866023 -0.500004 0
    outer loop
      vertex 13.0711 0.0410241 103.9
      vertex 6.64999 11.1626 104.4
      vertex 6.64999 11.1626 103.9
    endloop
  endfacet
  facet normal -0.866023 -0.500004 0
    outer loop
      vertex 6.64999 11.1626 104.4
      vertex 13.0711 0.0410241 103.9
      vertex 13.0711 0.0410241 104.4
    endloop
  endfacet
  facet normal 1 -0 0
    outer loop
      vertex 6.64999 -137.128 104.4
      vertex 6.64999 11.1626 103.9
      vertex 6.64999 11.1626 104.4
    endloop
  endfacet
  facet normal 1 0 0
    outer loop
      vertex 6.64999 11.1626 103.9
      vertex 6.64999 -137.128 104.4
      vertex 6.64999 -137.128 103.9
    endloop
  endfacet
  facet normal 0 0 -1
    outer loop
      vertex 5 -126.778 103.4
      vertex 6.60001 5.32051 103.4
      vertex 6.60001 -126.778 103.4
    endloop
  endfacet
  facet normal -0 0 -1
    outer loop
      vertex 6.60001 5.32051 103.4
      vertex 5 -126.778 103.4
      vertex 5 5.32051 103.4
    endloop
  endfacet
  facet normal 0.866025 0.5 0
    outer loop
      vertex 9.14999 -2.16749 126.4
      vertex 7.59894 0.519005 124.65
      vertex 7.59894 0.519005 126.4
    endloop
  endfacet
  facet normal 0.866025 0.5 0
    outer loop
      vertex 7.59894 0.519005 124.65
      vertex 9.14999 -2.16749 126.4
      vertex 9.14999 -2.16749 124.65
    endloop
  endfacet
  facet normal 0.499998 -0.866026 0
    outer loop
      vertex 7.59894 0.519005 124.65
      vertex 9.14999 1.4145 126.4
      vertex 7.59894 0.519005 126.4
    endloop
  endfacet
  facet normal 0.499998 -0.866026 0
    outer loop
      vertex 9.14999 1.4145 126.4
      vertex 7.59894 0.519005 124.65
      vertex 9.14999 1.4145 124.65
    endloop
  endfacet
  facet normal 0.500009 -0.86602 0
    outer loop
      vertex 9.33099 1.519 124.65
      vertex 11.4094 2.719 126.4
      vertex 9.33099 1.519 126.4
    endloop
  endfacet
  facet normal 0.500009 -0.86602 0
    outer loop
      vertex 11.4094 2.719 126.4
      vertex 9.33099 1.519 124.65
      vertex 11.4094 2.719 124.65
    endloop
  endfacet
  facet normal 0 -0 1
    outer loop
      vertex 9.14999 -2.16749 124.65
      vertex 9.14999 1.4145 124.65
      vertex 7.59894 0.519005 124.65
    endloop
  endfacet
  facet normal 0 0 1
    outer loop
      vertex 12.9844 -0.00897922 124.65
      vertex 11.4094 2.719 124.65
      vertex 12.2916 -0.408974 124.65
    endloop
  endfacet
  facet normal 0 0 1
    outer loop
      vertex 12.2916 -0.408974 124.65
      vertex 20.8555 -16.942 124.65
      vertex 21.5916 -16.517 124.65
    endloop
  endfacet
  facet normal 0 0 1
    outer loop
      vertex 20.8555 -16.942 124.65
      vertex 12.2916 -0.408974 124.65
      vertex 20.206 -17.3171 124.65
    endloop
  endfacet
  facet normal 0 0 1
    outer loop
      vertex 12.2916 -0.408974 124.65
      vertex 9.33099 1.519 124.65
      vertex 20.206 -17.3171 124.65
    endloop
  endfacet
  facet normal -0 0 1
    outer loop
      vertex 9.33099 1.519 124.65
      vertex 12.2916 -0.408974 124.65
      vertex 11.4094 2.719 124.65
    endloop
  endfacet
  facet normal 0 0 1
    outer loop
      vertex 78.3416 -114.811 124.65
      vertex 84.1638 -128.095 124.65
      vertex 86.5774 -129.076 124.65
    endloop
  endfacet
  facet normal 0 0 1
    outer loop
      vertex 84.1638 -128.095 124.65
      vertex 78.3416 -114.811 124.65
      vertex 76.956 -115.611 124.65
    endloop
  endfacet
  facet normal 0 0 1
    outer loop
      vertex 84.1638 -128.095 124.65
      vertex 83.942 -131.711 124.65
      vertex 86.5774 -129.076 124.65
    endloop
  endfacet
  facet normal 0 -0 1
    outer loop
      vertex 83.942 -131.711 124.65
      vertex 84.1638 -128.095 124.65
      vertex 82.6997 -129.559 124.65
    endloop
  endfacet
  facet normal 0.866053 0.499952 0
    outer loop
      vertex 83.942 -131.711 126.4
      vertex 82.6997 -129.559 124.65
      vertex 82.6997 -129.559 126.4
    endloop
  endfacet
  facet normal 0.866053 0.499952 0
    outer loop
      vertex 82.6997 -129.559 124.65
      vertex 83.942 -131.711 126.4
      vertex 83.942 -131.711 124.65
    endloop
  endfacet
  facet normal 0.866028 0.499995 0
    outer loop
      vertex 86.5774 -129.076 116.4
      vertex 78.3416 -114.811 108
      vertex 78.3416 -114.811 124.65
    endloop
  endfacet
  facet normal 0.86596 0.500114 0
    outer loop
      vertex 86.1416 -128.321 108
      vertex 86.3703 -128.717 104.9
      vertex 86.1416 -128.321 104.9
    endloop
  endfacet
  facet normal 0.866028 0.499995 -0
    outer loop
      vertex 86.5774 -129.076 116.4
      vertex 78.3416 -114.811 124.65
      vertex 86.5774 -129.076 124.65
    endloop
  endfacet
  facet normal 0.866025 0.5 1.02411e-05
    outer loop
      vertex 78.3416 -114.811 108
      vertex 86.5774 -129.076 116.4
      vertex 86.1416 -128.321 108
    endloop
  endfacet
  facet normal 0.865367 0.501138 0.000146688
    outer loop
      vertex 86.655 -129.21 116.4
      vertex 86.1416 -128.321 108
      vertex 86.5774 -129.076 116.4
    endloop
  endfacet
  facet normal 0.865911 0.500199 1.40363e-05
    outer loop
      vertex 86.6292 -129.165 104.4
      vertex 86.1416 -128.321 108
      vertex 86.655 -129.21 116.4
    endloop
  endfacet
  facet normal 0.865819 0.500358 0
    outer loop
      vertex 86.3703 -128.717 104.9
      vertex 86.6292 -129.165 104.4
      vertex 86.3703 -128.717 104.4
    endloop
  endfacet
  facet normal 0.865795 0.500399 -4.85683e-05
    outer loop
      vertex 86.1416 -128.321 108
      vertex 86.6292 -129.165 104.4
      vertex 86.3703 -128.717 104.9
    endloop
  endfacet
  facet normal 0.86753 0.497384 -0
    outer loop
      vertex 86.655 -129.21 103.9
      vertex 86.6292 -129.165 104.4
      vertex 86.655 -129.21 116.4
    endloop
  endfacet
  facet normal 0.86753 0.497384 0
    outer loop
      vertex 86.6292 -129.165 104.4
      vertex 86.655 -129.21 103.9
      vertex 86.6292 -129.165 103.9
    endloop
  endfacet
  facet normal 0.866025 0.5 0
    outer loop
      vertex 12.2916 -0.408974 124.65
      vertex 13.7916 -3.00705 108
      vertex 12.2916 -0.408974 104.9
    endloop
  endfacet
  facet normal 0.866025 0.500001 -2.18929e-07
    outer loop
      vertex 21.5916 -16.517 124.65
      vertex 13.7916 -3.00705 108
      vertex 12.2916 -0.408974 124.65
    endloop
  endfacet
  facet normal 0.866025 0.500001 0
    outer loop
      vertex 13.7916 -3.00705 108
      vertex 21.5916 -16.517 124.65
      vertex 21.5916 -16.517 108
    endloop
  endfacet
  facet normal 0.866025 0.5 0
    outer loop
      vertex 12.2916 -0.408974 104.9
      vertex 13.7916 -3.00705 108
      vertex 13.7916 -3.00705 104.9
    endloop
  endfacet
  facet normal 0.500006 -0.866022 0
    outer loop
      vertex 12.2916 -0.408974 124.65
      vertex 12.9844 -0.00897922 116.4
      vertex 12.9844 -0.00897922 124.65
    endloop
  endfacet
  facet normal 0.500006 -0.866022 0
    outer loop
      vertex 12.2916 -0.408974 104.9
      vertex 12.9844 -0.00897922 116.4
      vertex 12.2916 -0.408974 124.65
    endloop
  endfacet
  facet normal 0.500007 -0.866021 -9.18736e-08
    outer loop
      vertex 12.638 -0.208976 104.9
      vertex 12.9844 -0.00897922 116.4
      vertex 12.2916 -0.408974 104.9
    endloop
  endfacet
  facet normal 0.499743 -0.866174 1.05182e-05
    outer loop
      vertex 12.9844 -0.00897922 116.4
      vertex 12.638 -0.208976 104.9
      vertex 13.1144 0.0660249 116.4
    endloop
  endfacet
  facet normal 0.499925 -0.866069 0
    outer loop
      vertex 13.0711 0.0410241 104.4
      vertex 12.638 -0.208976 104.9
      vertex 12.638 -0.208976 104.4
    endloop
  endfacet
  facet normal 0.499925 -0.866069 4.71655e-07
    outer loop
      vertex 12.638 -0.208976 104.9
      vertex 13.0711 0.0410241 104.4
      vertex 13.1144 0.0660249 116.4
    endloop
  endfacet
  facet normal 0.500023 -0.866012 0
    outer loop
      vertex 13.1144 0.0660249 103.9
      vertex 13.0711 0.0410241 104.4
      vertex 13.0711 0.0410241 103.9
    endloop
  endfacet
  facet normal 0.500023 -0.866012 0
    outer loop
      vertex 13.0711 0.0410241 104.4
      vertex 13.1144 0.0660249 103.9
      vertex 13.1144 0.0660249 116.4
    endloop
  endfacet
  facet normal 0.500111 -0.865961 0
    outer loop
      vertex 20.206 -17.3171 108
      vertex 20.8555 -16.942 124.65
      vertex 20.206 -17.3171 124.65
    endloop
  endfacet
  facet normal 0.500111 -0.865961 0
    outer loop
      vertex 20.8555 -16.942 124.65
      vertex 20.206 -17.3171 108
      vertex 20.8555 -16.942 108
    endloop
  endfacet
  facet normal -0.500011 0.866019 0
    outer loop
      vertex 78.3416 -114.811 108
      vertex 76.956 -115.611 124.65
      vertex 78.3416 -114.811 124.65
    endloop
  endfacet
  facet normal -0.500011 0.866019 0
    outer loop
      vertex 76.956 -115.611 124.65
      vertex 78.3416 -114.811 108
      vertex 76.956 -115.611 108
    endloop
  endfacet
  facet normal -0.039227 0.0679416 0.996918
    outer loop
      vertex 15.6699 -11.1603 5.9
      vertex 20.0534 -8.75283 5.90841
      vertex 20 -8.66026 5.9
    endloop
  endfacet
  facet normal -0.0392341 0.0679546 0.996917
    outer loop
      vertex 20.0534 -8.75283 5.90841
      vertex 15.6699 -11.1603 5.9
      vertex 15.9906 -11.7157 5.95048
    endloop
  endfacet
  facet normal 0.866065 0.499931 5.53554e-05
    outer loop
      vertex 14.4649 -9.0732 6.68303
      vertex 14.0114 -8.28767 7.59008
      vertex 13.7202 -7.78333 8.73303
    endloop
  endfacet
  facet normal -0.0392321 0.0679519 0.996917
    outer loop
      vertex 20.3207 -9.21571 5.95048
      vertex 20.0534 -8.75283 5.90841
      vertex 15.9906 -11.7157 5.95048
    endloop
  endfacet
  facet normal -0.116686 0.202103 0.972388
    outer loop
      vertex 20.5813 -9.66719 6.07564
      vertex 16.3034 -12.2575 6.10067
      vertex 20.6335 -9.75748 6.10067
    endloop
  endfacet
  facet normal -0.116721 0.20216 0.972372
    outer loop
      vertex 16.3034 -12.2575 6.10067
      vertex 20.5813 -9.66719 6.07564
      vertex 15.9906 -11.7157 5.95048
    endloop
  endfacet
  facet normal 0.865983 0.500074 0.000403756
    outer loop
      vertex 16.3034 -12.2575 6.10067
      vertex 15.9906 -11.7157 5.95048
      vertex 15.6699 -11.1603 5.9
    endloop
  endfacet
  facet normal 0.866045 0.499966 -0.000135029
    outer loop
      vertex 15.0364 -10.063 13.8993
      vertex 15.6699 -11.1603 14.1
      vertex 14.4649 -9.0732 13.317
    endloop
  endfacet
  facet normal 0.866015 0.500018 -4.91122e-05
    outer loop
      vertex 16.6006 -12.7722 6.34687
      vertex 15.6699 -11.1603 5.9
      vertex 14.4649 -9.0732 6.68303
    endloop
  endfacet
  facet normal 0.380205 -0.658533 0.649445
    outer loop
      vertex 14.2203 -8.64953 7.10086
      vertex 18.3415 -5.78768 7.59008
      vertex 14.0114 -8.28767 7.59008
    endloop
  endfacet
  facet normal 0.380209 -0.658538 0.649437
    outer loop
      vertex 18.3415 -5.78768 7.59008
      vertex 14.2203 -8.64953 7.10086
      vertex 18.5504 -6.14953 7.10086
    endloop
  endfacet
  facet normal 0.865929 0.500167 8.35199e-05
    outer loop
      vertex 13.8433 -7.99655 11.8614
      vertex 14.0114 -8.28767 12.4099
      vertex 13.7202 -7.78333 11.267
    endloop
  endfacet
  facet normal 0.261247 -0.452491 0.852644
    outer loop
      vertex 18.795 -6.5732 6.68303
      vertex 14.7392 -9.54827 6.34687
      vertex 19.0693 -7.04827 6.34687
    endloop
  endfacet
  facet normal 0.261247 -0.452491 0.852644
    outer loop
      vertex 14.7392 -9.54827 6.34687
      vertex 18.795 -6.5732 6.68303
      vertex 14.4649 -9.0732 6.68303
    endloop
  endfacet
  facet normal 0.866065 0.499931 -5.53635e-05
    outer loop
      vertex 14.0114 -8.28767 12.4099
      vertex 14.4649 -9.0732 13.317
      vertex 13.7202 -7.78333 11.267
    endloop
  endfacet
  facet normal 0.866041 0.499973 -7.93836e-05
    outer loop
      vertex 15.3492 -10.6048 14.0495
      vertex 15.6699 -11.1603 14.1
      vertex 15.0364 -10.063 13.8993
    endloop
  endfacet
  facet normal 0.866015 0.500018 4.91119e-05
    outer loop
      vertex 15.6699 -11.1603 14.1
      vertex 16.6006 -12.7722 13.6531
      vertex 14.4649 -9.0732 13.317
    endloop
  endfacet
  facet normal -0.380221 0.658558 0.64941
    outer loop
      vertex 21.6585 -11.5328 7.59008
      vertex 21.4844 -11.2313 7.1824
      vertex 17.3284 -14.0328 7.59008
    endloop
  endfacet
  facet normal 0.866116 0.499843 -0.000109234
    outer loop
      vertex 17.6946 -14.6672 9.35862
      vertex 17.1194 -13.671 7.10086
      vertex 16.6006 -12.7722 6.34687
    endloop
  endfacet
  facet normal 0.461974 -0.80016 -0.382524
    outer loop
      vertex 13.8433 -7.99655 11.8614
      vertex 18.1529 -5.46102 11.7623
      vertex 18.1734 -5.49656 11.8614
    endloop
  endfacet
  facet normal 0.461939 -0.800107 -0.382677
    outer loop
      vertex 18.1529 -5.46102 11.7623
      vertex 13.8433 -7.99655 11.8614
      vertex 13.7202 -7.78333 11.267
    endloop
  endfacet
  facet normal 0.191337 -0.331407 0.923883
    outer loop
      vertex 19.0693 -7.04827 6.34687
      vertex 15.0364 -10.063 6.10067
      vertex 19.3665 -7.56303 6.10067
    endloop
  endfacet
  facet normal 0.191345 -0.331418 0.923877
    outer loop
      vertex 15.0364 -10.063 6.10067
      vertex 19.0693 -7.04827 6.34687
      vertex 14.7392 -9.54827 6.34687
    endloop
  endfacet
  facet normal -0.324713 0.562428 0.760418
    outer loop
      vertex 21.205 -10.7473 6.68303
      vertex 17.1194 -13.671 7.10086
      vertex 21.4496 -11.171 7.10086
    endloop
  endfacet
  facet normal -0.324713 0.562428 0.760418
    outer loop
      vertex 17.1194 -13.671 7.10086
      vertex 21.205 -10.7473 6.68303
      vertex 16.8748 -13.2473 6.68303
    endloop
  endfacet
  facet normal 0.86625 0.499611 -0.000477611
    outer loop
      vertex 17.1194 -13.671 7.10086
      vertex 16.8748 -13.2473 6.68303
      vertex 16.6006 -12.7722 6.34687
    endloop
  endfacet
  facet normal 0.0392409 -0.0679742 -0.996915
    outer loop
      vertex 15.3492 -10.6048 14.0495
      vertex 19.7328 -8.19738 14.0579
      vertex 15.6699 -11.1603 14.1
    endloop
  endfacet
  facet normal 0.0391588 -0.0678246 -0.996928
    outer loop
      vertex 19.7328 -8.19738 14.0579
      vertex 15.3492 -10.6048 14.0495
      vertex 19.6793 -8.1048 14.0495
    endloop
  endfacet
  facet normal -0.461982 0.800189 -0.382452
    outer loop
      vertex 21.8266 -11.824 11.8614
      vertex 21.9291 -12.0016 11.366
      vertex 17.4964 -14.324 11.8614
    endloop
  endfacet
  facet normal 0.116606 -0.201966 -0.972426
    outer loop
      vertex 15.3492 -10.6048 14.0495
      vertex 19.6272 -8.01451 14.0245
      vertex 19.6793 -8.1048 14.0495
    endloop
  endfacet
  facet normal 0.116731 -0.202171 -0.972369
    outer loop
      vertex 19.6272 -8.01451 14.0245
      vertex 15.3492 -10.6048 14.0495
      vertex 15.0364 -10.063 13.8993
    endloop
  endfacet
  facet normal 0.461935 -0.800094 -0.382708
    outer loop
      vertex 18.0503 -5.28334 11.267
      vertex 18.1529 -5.46102 11.7623
      vertex 13.7202 -7.78333 11.267
    endloop
  endfacet
  facet normal 0.866009 0.500029 -2.7109e-05
    outer loop
      vertex 14.4649 -9.0732 6.68303
      vertex 13.7202 -7.78333 8.73303
      vertex 13.6199 -7.60955 10
    endloop
  endfacet
  facet normal 0.426313 -0.738395 0.522523
    outer loop
      vertex 18.3415 -5.78768 7.59008
      vertex 18.2014 -5.54508 8.04721
      vertex 14.0114 -8.28767 7.59008
    endloop
  endfacet
  facet normal 0.0392271 -0.0679418 0.996918
    outer loop
      vertex 20 -8.66026 5.9
      vertex 19.7328 -8.19738 5.94206
      vertex 15.6699 -11.1603 5.9
    endloop
  endfacet
  facet normal -0.11673 0.202183 0.972366
    outer loop
      vertex 20.5813 -9.66719 6.07564
      vertex 20.3207 -9.21571 5.95048
      vertex 15.9906 -11.7157 5.95048
    endloop
  endfacet
  facet normal 0.86625 0.499611 0.000477112
    outer loop
      vertex 16.8748 -13.2473 13.317
      vertex 17.1194 -13.671 12.8991
      vertex 16.6006 -12.7722 13.6531
    endloop
  endfacet
  facet normal 0.866059 0.499941 -4.09982e-05
    outer loop
      vertex 17.6195 -14.5372 8.73303
      vertex 17.4964 -14.324 8.13864
      vertex 17.1194 -13.671 7.10086
    endloop
  endfacet
  facet normal -0.324744 0.562483 -0.760365
    outer loop
      vertex 17.1194 -13.671 12.8991
      vertex 21.205 -10.7473 13.317
      vertex 21.4496 -11.171 12.8991
    endloop
  endfacet
  facet normal -0.324744 0.562483 -0.760365
    outer loop
      vertex 21.205 -10.7473 13.317
      vertex 17.1194 -13.671 12.8991
      vertex 16.8748 -13.2473 13.317
    endloop
  endfacet
  facet normal 0.866009 0.500029 2.71082e-05
    outer loop
      vertex 13.7202 -7.78333 11.267
      vertex 14.4649 -9.0732 13.317
      vertex 13.6199 -7.60955 10
    endloop
  endfacet
  facet normal 0.426306 -0.738381 -0.522548
    outer loop
      vertex 18.2014 -5.54508 11.9528
      vertex 18.3415 -5.78768 12.4099
      vertex 14.0114 -8.28767 12.4099
    endloop
  endfacet
  facet normal 0.865929 0.500167 -8.35433e-05
    outer loop
      vertex 14.0114 -8.28767 7.59008
      vertex 13.8433 -7.99655 8.13864
      vertex 13.7202 -7.78333 8.73303
    endloop
  endfacet
  facet normal 0.461939 -0.800104 0.382683
    outer loop
      vertex 13.8433 -7.99655 8.13864
      vertex 18.1529 -5.46102 8.23771
      vertex 13.7202 -7.78333 8.73303
    endloop
  endfacet
  facet normal 0.461953 -0.800124 0.382623
    outer loop
      vertex 18.1529 -5.46102 8.23771
      vertex 13.8433 -7.99655 8.13864
      vertex 18.1734 -5.49656 8.13864
    endloop
  endfacet
  facet normal 0.116719 -0.202165 0.972371
    outer loop
      vertex 19.6272 -8.01451 5.97551
      vertex 19.3665 -7.56303 6.10067
      vertex 15.0364 -10.063 6.10067
    endloop
  endfacet
  facet normal 0.426318 -0.738402 0.522509
    outer loop
      vertex 14.0114 -8.28767 7.59008
      vertex 18.1734 -5.49656 8.13864
      vertex 13.8433 -7.99655 8.13864
    endloop
  endfacet
  facet normal 0.426348 -0.738434 0.522439
    outer loop
      vertex 18.1734 -5.49656 8.13864
      vertex 14.0114 -8.28767 7.59008
      vertex 18.2014 -5.54508 8.04721
    endloop
  endfacet
  facet normal -0.191348 0.331422 0.923875
    outer loop
      vertex 20.6335 -9.75748 6.10067
      vertex 16.6006 -12.7722 6.34687
      vertex 20.9307 -10.2722 6.34687
    endloop
  endfacet
  facet normal -0.191354 0.33143 0.923871
    outer loop
      vertex 16.6006 -12.7722 6.34687
      vertex 20.6335 -9.75748 6.10067
      vertex 16.3034 -12.2575 6.10067
    endloop
  endfacet
  facet normal 0.866025 0.5 -0.000131789
    outer loop
      vertex 16.6006 -12.7722 6.34687
      vertex 16.3034 -12.2575 6.10067
      vertex 15.6699 -11.1603 5.9
    endloop
  endfacet
  facet normal -0.261234 0.452478 0.852655
    outer loop
      vertex 20.9307 -10.2722 6.34687
      vertex 16.8748 -13.2473 6.68303
      vertex 21.205 -10.7473 6.68303
    endloop
  endfacet
  facet normal -0.261256 0.452505 0.852634
    outer loop
      vertex 16.8748 -13.2473 6.68303
      vertex 20.9307 -10.2722 6.34687
      vertex 16.6006 -12.7722 6.34687
    endloop
  endfacet
  facet normal 0.866016 0.500016 -1.92877e-05
    outer loop
      vertex 16.6006 -12.7722 6.34687
      vertex 14.4649 -9.0732 6.68303
      vertex 13.6199 -7.60955 10
    endloop
  endfacet
  facet normal 0.866109 0.499856 -0.000101452
    outer loop
      vertex 17.6946 -14.6672 9.35862
      vertex 17.6195 -14.5372 8.73303
      vertex 17.1194 -13.671 7.10086
    endloop
  endfacet
  facet normal 0.865196 0.501433 0.0012111
    outer loop
      vertex 17.4964 -14.324 8.13864
      vertex 17.3284 -14.0328 7.59008
      vertex 17.1194 -13.671 7.10086
    endloop
  endfacet
  facet normal -0.380261 0.658606 0.649338
    outer loop
      vertex 21.4496 -11.171 7.10086
      vertex 17.3284 -14.0328 7.59008
      vertex 21.4844 -11.2313 7.1824
    endloop
  endfacet
  facet normal -0.3802 0.658537 0.649443
    outer loop
      vertex 17.3284 -14.0328 7.59008
      vertex 21.4496 -11.171 7.10086
      vertex 17.1194 -13.671 7.10086
    endloop
  endfacet
  facet normal -0.461971 0.800171 0.382505
    outer loop
      vertex 21.9291 -12.0016 8.63396
      vertex 21.8266 -11.824 8.13864
      vertex 17.4964 -14.324 8.13864
    endloop
  endfacet
  facet normal -0.426287 0.738364 0.522587
    outer loop
      vertex 21.6585 -11.5328 7.59008
      vertex 17.4964 -14.324 8.13864
      vertex 21.8266 -11.824 8.13864
    endloop
  endfacet
  facet normal -0.426312 0.73839 0.522531
    outer loop
      vertex 17.4964 -14.324 8.13864
      vertex 21.6585 -11.5328 7.59008
      vertex 17.3284 -14.0328 7.59008
    endloop
  endfacet
  facet normal -0.0392473 0.0679827 -0.996914
    outer loop
      vertex 15.6699 -11.1603 14.1
      vertex 20.0534 -8.75283 14.0916
      vertex 15.9906 -11.7157 14.0495
    endloop
  endfacet
  facet normal -0.0391806 0.0678613 -0.996925
    outer loop
      vertex 20.0534 -8.75283 14.0916
      vertex 15.6699 -11.1603 14.1
      vertex 20 -8.66026 14.1
    endloop
  endfacet
  facet normal -0.426275 0.738342 -0.522629
    outer loop
      vertex 17.4964 -14.324 11.8614
      vertex 21.6585 -11.5328 12.4099
      vertex 21.8266 -11.824 11.8614
    endloop
  endfacet
  facet normal -0.426299 0.738368 -0.522572
    outer loop
      vertex 21.6585 -11.5328 12.4099
      vertex 17.4964 -14.324 11.8614
      vertex 17.3284 -14.0328 12.4099
    endloop
  endfacet
  facet normal -0.46173 0.799754 -0.383665
    outer loop
      vertex 17.6195 -14.5372 11.267
      vertex 21.9291 -12.0016 11.366
      vertex 21.9497 -12.0372 11.267
    endloop
  endfacet
  facet normal -0.46196 0.800105 -0.382654
    outer loop
      vertex 21.9291 -12.0016 11.366
      vertex 17.6195 -14.5372 11.267
      vertex 17.4964 -14.324 11.8614
    endloop
  endfacet
  facet normal -0.498458 0.863349 -0.0785404
    outer loop
      vertex 17.7199 -14.711 10
      vertex 22.0248 -12.1672 10.6414
      vertex 22.05 -12.211 10
    endloop
  endfacet
  facet normal -0.498446 0.863349 -0.0786176
    outer loop
      vertex 22.0248 -12.1672 10.6414
      vertex 17.7199 -14.711 10
      vertex 17.6946 -14.6672 10.6414
    endloop
  endfacet
  facet normal 0.261213 -0.452432 -0.852686
    outer loop
      vertex 14.7392 -9.54827 13.6531
      vertex 18.795 -6.5732 13.317
      vertex 19.0693 -7.04827 13.6531
    endloop
  endfacet
  facet normal 0.261213 -0.452432 -0.852686
    outer loop
      vertex 18.795 -6.5732 13.317
      vertex 14.7392 -9.54827 13.6531
      vertex 14.4649 -9.0732 13.317
    endloop
  endfacet
  facet normal 0.116754 -0.202226 -0.972354
    outer loop
      vertex 19.3665 -7.56303 13.8993
      vertex 19.6272 -8.01451 14.0245
      vertex 15.0364 -10.063 13.8993
    endloop
  endfacet
  facet normal 0.865989 0.500063 9.72494e-05
    outer loop
      vertex 14.2203 -8.64953 12.8991
      vertex 14.4649 -9.0732 13.317
      vertex 14.0114 -8.28767 12.4099
    endloop
  endfacet
  facet normal 0.866116 0.499843 0.00010924
    outer loop
      vertex 17.1194 -13.671 12.8991
      vertex 17.6946 -14.6672 10.6414
      vertex 16.6006 -12.7722 13.6531
    endloop
  endfacet
  facet normal 0.498463 -0.863357 -0.07842
    outer loop
      vertex 17.95 -5.10955 10
      vertex 13.6451 -7.65326 10.6414
      vertex 13.6199 -7.60955 10
    endloop
  endfacet
  facet normal 0.498461 -0.863357 -0.0784334
    outer loop
      vertex 13.6451 -7.65326 10.6414
      vertex 17.95 -5.10955 10
      vertex 17.9752 -5.15327 10.6414
    endloop
  endfacet
  facet normal 0.426305 -0.73838 -0.522551
    outer loop
      vertex 18.1734 -5.49656 11.8614
      vertex 14.0114 -8.28767 12.4099
      vertex 13.8433 -7.99655 11.8614
    endloop
  endfacet
  facet normal 0.426299 -0.738374 -0.522563
    outer loop
      vertex 14.0114 -8.28767 12.4099
      vertex 18.1734 -5.49656 11.8614
      vertex 18.2014 -5.54508 11.9528
    endloop
  endfacet
  facet normal 0.0392515 -0.0679851 0.996914
    outer loop
      vertex 15.3492 -10.6048 5.95048
      vertex 19.7328 -8.19738 5.94206
      vertex 19.6793 -8.1048 5.95048
    endloop
  endfacet
  facet normal 0.0392295 -0.0679451 0.996918
    outer loop
      vertex 19.7328 -8.19738 5.94206
      vertex 15.3492 -10.6048 5.95048
      vertex 15.6699 -11.1603 5.9
    endloop
  endfacet
  facet normal 0.866045 0.499966 0.000135
    outer loop
      vertex 15.6699 -11.1603 5.9
      vertex 15.0364 -10.063 6.10067
      vertex 14.4649 -9.0732 6.68303
    endloop
  endfacet
  facet normal 0.866009 0.500028 -5.63754e-06
    outer loop
      vertex 15.0364 -10.063 6.10067
      vertex 14.7392 -9.54827 6.34687
      vertex 14.4649 -9.0732 6.68303
    endloop
  endfacet
  facet normal -0.2612 0.452419 -0.852697
    outer loop
      vertex 16.8748 -13.2473 13.317
      vertex 20.9307 -10.2722 13.6531
      vertex 21.205 -10.7473 13.317
    endloop
  endfacet
  facet normal -0.261222 0.452446 -0.852676
    outer loop
      vertex 20.9307 -10.2722 13.6531
      vertex 16.8748 -13.2473 13.317
      vertex 16.6006 -12.7722 13.6531
    endloop
  endfacet
  facet normal 0.461938 -0.800099 0.382695
    outer loop
      vertex 18.1529 -5.46102 8.23771
      vertex 18.0503 -5.28334 8.73303
      vertex 13.7202 -7.78333 8.73303
    endloop
  endfacet
  facet normal 0.498462 -0.863357 0.0784224
    outer loop
      vertex 13.6451 -7.65326 9.35862
      vertex 17.95 -5.10955 10
      vertex 13.6199 -7.60955 10
    endloop
  endfacet
  facet normal 0.49846 -0.863357 0.0784358
    outer loop
      vertex 17.95 -5.10955 10
      vertex 13.6451 -7.65326 9.35862
      vertex 17.9752 -5.15327 9.35862
    endloop
  endfacet
  facet normal 0.865922 0.500179 0
    outer loop
      vertex 17.6946 -14.6672 10.6414
      vertex 17.7199 -14.711 10
      vertex 17.6946 -14.6672 9.35862
    endloop
  endfacet
  facet normal -0.486189 0.842118 0.233361
    outer loop
      vertex 21.9497 -12.0372 8.73303
      vertex 17.6946 -14.6672 9.35862
      vertex 22.0248 -12.1672 9.35862
    endloop
  endfacet
  facet normal -0.486189 0.842118 0.233361
    outer loop
      vertex 17.6946 -14.6672 9.35862
      vertex 21.9497 -12.0372 8.73303
      vertex 17.6195 -14.5372 8.73303
    endloop
  endfacet
  facet normal -0.461778 0.799837 0.383434
    outer loop
      vertex 21.9291 -12.0016 8.63396
      vertex 17.6195 -14.5372 8.73303
      vertex 21.9497 -12.0372 8.73303
    endloop
  endfacet
  facet normal -0.461954 0.800106 0.38266
    outer loop
      vertex 17.6195 -14.5372 8.73303
      vertex 21.9291 -12.0016 8.63396
      vertex 17.4964 -14.324 8.13864
    endloop
  endfacet
  facet normal -0.498458 0.863349 0.0785428
    outer loop
      vertex 22.0248 -12.1672 9.35862
      vertex 17.7199 -14.711 10
      vertex 22.05 -12.211 10
    endloop
  endfacet
  facet normal -0.498446 0.863348 0.0786201
    outer loop
      vertex 17.7199 -14.711 10
      vertex 22.0248 -12.1672 9.35862
      vertex 17.6946 -14.6672 9.35862
    endloop
  endfacet
  facet normal 0.865983 0.500074 -0.000403794
    outer loop
      vertex 15.9906 -11.7157 14.0495
      vertex 16.3034 -12.2575 13.8993
      vertex 15.6699 -11.1603 14.1
    endloop
  endfacet
  facet normal 0.0392642 -0.068006 -0.996912
    outer loop
      vertex 19.7328 -8.19738 14.0579
      vertex 20 -8.66026 14.1
      vertex 15.6699 -11.1603 14.1
    endloop
  endfacet
  facet normal -0.191348 0.331422 -0.923875
    outer loop
      vertex 16.6006 -12.7722 13.6531
      vertex 20.6335 -9.75748 13.8993
      vertex 20.9307 -10.2722 13.6531
    endloop
  endfacet
  facet normal -0.191354 0.33143 -0.923871
    outer loop
      vertex 20.6335 -9.75748 13.8993
      vertex 16.6006 -12.7722 13.6531
      vertex 16.3034 -12.2575 13.8993
    endloop
  endfacet
  facet normal 0.866022 0.500005 0
    outer loop
      vertex 16.6006 -12.7722 13.6531
      vertex 16.6006 -12.7722 6.34687
      vertex 13.6199 -7.60955 10
    endloop
  endfacet
  facet normal 0.865858 0.500291 7.4988e-05
    outer loop
      vertex 13.6451 -7.65326 10.6414
      vertex 13.7202 -7.78333 11.267
      vertex 13.6199 -7.60955 10
    endloop
  endfacet
  facet normal 0.32476 -0.562497 -0.760348
    outer loop
      vertex 14.4649 -9.0732 13.317
      vertex 18.5504 -6.14953 12.8991
      vertex 18.795 -6.5732 13.317
    endloop
  endfacet
  facet normal 0.32476 -0.562497 -0.760348
    outer loop
      vertex 18.5504 -6.14953 12.8991
      vertex 14.4649 -9.0732 13.317
      vertex 14.2203 -8.64953 12.8991
    endloop
  endfacet
  facet normal 0.865989 0.500063 -9.71908e-05
    outer loop
      vertex 14.4649 -9.0732 6.68303
      vertex 14.2203 -8.64953 7.10086
      vertex 14.0114 -8.28767 7.59008
    endloop
  endfacet
  facet normal 0.116738 -0.202195 0.972363
    outer loop
      vertex 19.6272 -8.01451 5.97551
      vertex 15.3492 -10.6048 5.95048
      vertex 19.6793 -8.1048 5.95048
    endloop
  endfacet
  facet normal 0.116718 -0.202162 0.972372
    outer loop
      vertex 15.3492 -10.6048 5.95048
      vertex 19.6272 -8.01451 5.97551
      vertex 15.0364 -10.063 6.10067
    endloop
  endfacet
  facet normal 0.866041 0.499973 7.93761e-05
    outer loop
      vertex 15.6699 -11.1603 5.9
      vertex 15.3492 -10.6048 5.95048
      vertex 15.0364 -10.063 6.10067
    endloop
  endfacet
  facet normal 0.486186 -0.842096 -0.233446
    outer loop
      vertex 17.9752 -5.15327 10.6414
      vertex 13.7202 -7.78333 11.267
      vertex 13.6451 -7.65326 10.6414
    endloop
  endfacet
  facet normal 0.486186 -0.842096 -0.233446
    outer loop
      vertex 13.7202 -7.78333 11.267
      vertex 17.9752 -5.15327 10.6414
      vertex 18.0503 -5.28334 11.267
    endloop
  endfacet
  facet normal 0.865857 0.500291 -7.49909e-05
    outer loop
      vertex 13.7202 -7.78333 8.73303
      vertex 13.6451 -7.65326 9.35862
      vertex 13.6199 -7.60955 10
    endloop
  endfacet
  facet normal 0.486185 -0.842096 0.23345
    outer loop
      vertex 13.7202 -7.78333 8.73303
      vertex 17.9752 -5.15327 9.35862
      vertex 13.6451 -7.65326 9.35862
    endloop
  endfacet
  facet normal 0.486185 -0.842096 0.23345
    outer loop
      vertex 17.9752 -5.15327 9.35862
      vertex 13.7202 -7.78333 8.73303
      vertex 18.0503 -5.28334 8.73303
    endloop
  endfacet
  facet normal 0.865196 0.501433 -0.00121144
    outer loop
      vertex 17.3284 -14.0328 12.4099
      vertex 17.4964 -14.324 11.8614
      vertex 17.1194 -13.671 12.8991
    endloop
  endfacet
  facet normal -0.486189 0.842119 -0.233357
    outer loop
      vertex 17.6946 -14.6672 10.6414
      vertex 21.9497 -12.0372 11.267
      vertex 22.0248 -12.1672 10.6414
    endloop
  endfacet
  facet normal -0.486189 0.842119 -0.233357
    outer loop
      vertex 21.9497 -12.0372 11.267
      vertex 17.6946 -14.6672 10.6414
      vertex 17.6195 -14.5372 11.267
    endloop
  endfacet
  facet normal 0.866016 0.500016 1.92874e-05
    outer loop
      vertex 14.4649 -9.0732 13.317
      vertex 16.6006 -12.7722 13.6531
      vertex 13.6199 -7.60955 10
    endloop
  endfacet
  facet normal 0.866025 0.5 0.000131801
    outer loop
      vertex 16.3034 -12.2575 13.8993
      vertex 16.6006 -12.7722 13.6531
      vertex 15.6699 -11.1603 14.1
    endloop
  endfacet
  facet normal -0.116994 0.202637 -0.97224
    outer loop
      vertex 16.3034 -12.2575 13.8993
      vertex 20.5813 -9.66719 13.9244
      vertex 20.6335 -9.75748 13.8993
    endloop
  endfacet
  facet normal -0.116716 0.20218 -0.972369
    outer loop
      vertex 20.5813 -9.66719 13.9244
      vertex 16.3034 -12.2575 13.8993
      vertex 15.9906 -11.7157 14.0495
    endloop
  endfacet
  facet normal -0.0392599 0.068 -0.996913
    outer loop
      vertex 20.0534 -8.75283 14.0916
      vertex 20.3207 -9.21571 14.0495
      vertex 15.9906 -11.7157 14.0495
    endloop
  endfacet
  facet normal 0.866041 0.499973 0
    outer loop
      vertex 17.6946 -14.6672 10.6414
      vertex 16.6006 -12.7722 6.34687
      vertex 16.6006 -12.7722 13.6531
    endloop
  endfacet
  facet normal 0.866041 0.499973 0
    outer loop
      vertex 16.6006 -12.7722 6.34687
      vertex 17.6946 -14.6672 10.6414
      vertex 17.6946 -14.6672 9.35862
    endloop
  endfacet
  facet normal 0.866009 0.500028 5.64065e-06
    outer loop
      vertex 14.7392 -9.54827 13.6531
      vertex 15.0364 -10.063 13.8993
      vertex 14.4649 -9.0732 13.317
    endloop
  endfacet
  facet normal 0.191337 -0.331407 -0.923883
    outer loop
      vertex 15.0364 -10.063 13.8993
      vertex 19.0693 -7.04827 13.6531
      vertex 19.3665 -7.56303 13.8993
    endloop
  endfacet
  facet normal 0.191345 -0.331418 -0.923877
    outer loop
      vertex 19.0693 -7.04827 13.6531
      vertex 15.0364 -10.063 13.8993
      vertex 14.7392 -9.54827 13.6531
    endloop
  endfacet
  facet normal 0.380198 -0.658521 -0.64946
    outer loop
      vertex 18.3415 -5.78768 12.4099
      vertex 14.2203 -8.64953 12.8991
      vertex 14.0114 -8.28767 12.4099
    endloop
  endfacet
  facet normal 0.380203 -0.658527 -0.649453
    outer loop
      vertex 14.2203 -8.64953 12.8991
      vertex 18.3415 -5.78768 12.4099
      vertex 18.5504 -6.14953 12.8991
    endloop
  endfacet
  facet normal 0.324728 -0.562442 0.760401
    outer loop
      vertex 18.5504 -6.14953 7.10086
      vertex 14.4649 -9.0732 6.68303
      vertex 18.795 -6.5732 6.68303
    endloop
  endfacet
  facet normal 0.324728 -0.562442 0.760401
    outer loop
      vertex 14.4649 -9.0732 6.68303
      vertex 18.5504 -6.14953 7.10086
      vertex 14.2203 -8.64953 7.10086
    endloop
  endfacet
  facet normal 0.866059 0.499941 4.09924e-05
    outer loop
      vertex 17.4964 -14.324 11.8614
      vertex 17.6195 -14.5372 11.267
      vertex 17.1194 -13.671 12.8991
    endloop
  endfacet
  facet normal 0.866109 0.499856 0.000101446
    outer loop
      vertex 17.6195 -14.5372 11.267
      vertex 17.6946 -14.6672 10.6414
      vertex 17.1194 -13.671 12.8991
    endloop
  endfacet
  facet normal -0.380229 0.658571 -0.649392
    outer loop
      vertex 21.4844 -11.2313 12.8176
      vertex 21.6585 -11.5328 12.4099
      vertex 17.3284 -14.0328 12.4099
    endloop
  endfacet
  facet normal -0.380157 0.658484 -0.649522
    outer loop
      vertex 17.3284 -14.0328 12.4099
      vertex 21.4496 -11.171 12.8991
      vertex 21.4844 -11.2313 12.8176
    endloop
  endfacet
  facet normal -0.380194 0.658526 -0.649459
    outer loop
      vertex 21.4496 -11.171 12.8991
      vertex 17.3284 -14.0328 12.4099
      vertex 17.1194 -13.671 12.8991
    endloop
  endfacet
  facet normal -0.116678 0.202091 -0.972392
    outer loop
      vertex 20.3207 -9.21571 14.0495
      vertex 20.5813 -9.66719 13.9244
      vertex 15.9906 -11.7157 14.0495
    endloop
  endfacet
  facet normal 0.866093 0.499882 0.000148228
    outer loop
      vertex 80.9506 -124.23 6.34687
      vertex 80.6534 -123.715 6.10067
      vertex 80.3406 -123.173 5.95048
    endloop
  endfacet
  facet normal -0.261198 0.452416 0.852699
    outer loop
      vertex 85.555 -122.205 6.68303
      vertex 85.3264 -121.809 6.4029
      vertex 81.2248 -124.705 6.68303
    endloop
  endfacet
  facet normal -0.324758 0.562507 -0.760341
    outer loop
      vertex 85.555 -122.205 13.317
      vertex 85.7588 -122.558 12.9688
      vertex 81.2248 -124.705 13.317
    endloop
  endfacet
  facet normal 0.866305 0.499513 -0.00116212
    outer loop
      vertex 81.4694 -125.128 7.10086
      vertex 80.9506 -124.23 6.34687
      vertex 80.3406 -123.173 5.95048
    endloop
  endfacet
  facet normal 0.486198 -0.842114 -0.233357
    outer loop
      vertex 82.3252 -116.611 10.6414
      vertex 78.0702 -119.241 11.267
      vertex 77.9951 -119.111 10.6414
    endloop
  endfacet
  facet normal 0.486198 -0.842114 -0.233357
    outer loop
      vertex 78.0702 -119.241 11.267
      vertex 82.3252 -116.611 10.6414
      vertex 82.4003 -116.741 11.267
    endloop
  endfacet
  facet normal 0.865489 0.500926 0.00135407
    outer loop
      vertex 78.8149 -120.531 13.317
      vertex 79.3864 -121.52 13.8993
      vertex 78.3614 -119.745 12.4099
    endloop
  endfacet
  facet normal 0.261495 -0.45292 -0.85234
    outer loop
      vertex 79.0892 -121.006 13.6531
      vertex 83.3736 -118.427 13.5971
      vertex 83.4193 -118.506 13.6531
    endloop
  endfacet
  facet normal 0.261223 -0.452475 -0.85266
    outer loop
      vertex 83.3736 -118.427 13.5971
      vertex 79.0892 -121.006 13.6531
      vertex 78.8149 -120.531 13.317
    endloop
  endfacet
  facet normal 0.380021 -0.658212 0.649877
    outer loop
      vertex 82.8656 -117.547 7.1824
      vertex 82.6915 -117.245 7.59008
      vertex 78.3614 -119.745 7.59008
    endloop
  endfacet
  facet normal -0.0392704 0.068018 -0.996911
    outer loop
      vertex 80.3406 -123.173 14.0495
      vertex 84.35 -120.118 14.1
      vertex 84.6707 -120.673 14.0495
    endloop
  endfacet
  facet normal -0.0392704 0.068018 -0.996911
    outer loop
      vertex 84.35 -120.118 14.1
      vertex 80.3406 -123.173 14.0495
      vertex 80.0199 -122.618 14.1
    endloop
  endfacet
  facet normal 0.191268 -0.331417 0.923893
    outer loop
      vertex 83.7165 -119.021 6.10067
      vertex 83.4688 -118.592 6.30584
      vertex 79.3864 -121.52 6.10067
    endloop
  endfacet
  facet normal -0.116688 0.202108 0.972387
    outer loop
      vertex 84.6707 -120.673 5.95048
      vertex 80.6534 -123.715 6.10067
      vertex 84.9835 -121.215 6.10067
    endloop
  endfacet
  facet normal -0.116688 0.202108 0.972387
    outer loop
      vertex 80.6534 -123.715 6.10067
      vertex 84.6707 -120.673 5.95048
      vertex 80.3406 -123.173 5.95048
    endloop
  endfacet
  facet normal -0.426347 0.738468 0.522392
    outer loop
      vertex 86.0085 -122.99 7.59008
      vertex 81.8464 -125.781 8.13864
      vertex 86.1766 -123.281 8.13864
    endloop
  endfacet
  facet normal -0.426372 0.738494 0.522335
    outer loop
      vertex 81.8464 -125.781 8.13864
      vertex 86.0085 -122.99 7.59008
      vertex 81.6784 -125.49 7.59008
    endloop
  endfacet
  facet normal 0.866021 0.500008 0
    outer loop
      vertex 80.3406 -123.173 14.0495
      vertex 78.3614 -119.745 7.59008
      vertex 78.3614 -119.745 12.4099
    endloop
  endfacet
  facet normal 0.866021 0.500008 0
    outer loop
      vertex 78.3614 -119.745 7.59008
      vertex 80.3406 -123.173 14.0495
      vertex 80.3406 -123.173 5.95048
    endloop
  endfacet
  facet normal 0.866027 0.499973 0.00495023
    outer loop
      vertex 80.0199 -122.618 14.1
      vertex 80.3406 -123.173 14.0495
      vertex 79.6992 -122.062 14.0495
    endloop
  endfacet
  facet normal 0.866037 0.499979 0.000612399
    outer loop
      vertex 79.6992 -122.062 14.0495
      vertex 80.3406 -123.173 14.0495
      vertex 79.3864 -121.52 13.8993
    endloop
  endfacet
  facet normal 0.866027 0.499973 -0.00495219
    outer loop
      vertex 80.3406 -123.173 5.95048
      vertex 80.0199 -122.618 5.9
      vertex 79.6992 -122.062 5.95048
    endloop
  endfacet
  facet normal 0.323921 -0.561045 0.761777
    outer loop
      vertex 78.5703 -120.107 7.10086
      vertex 82.9412 -117.678 7.03122
      vertex 82.9004 -117.607 7.10086
    endloop
  endfacet
  facet normal 0.324584 -0.562272 0.760589
    outer loop
      vertex 82.9412 -117.678 7.03122
      vertex 78.5703 -120.107 7.10086
      vertex 78.8149 -120.531 6.68303
    endloop
  endfacet
  facet normal 0.865841 0.50032 0
    outer loop
      vertex 78.1933 -119.454 11.8614
      vertex 77.9951 -119.111 9.35862
      vertex 77.9951 -119.111 10.6414
    endloop
  endfacet
  facet normal 0.865841 0.50032 0
    outer loop
      vertex 77.9951 -119.111 9.35862
      vertex 78.1933 -119.454 11.8614
      vertex 78.1933 -119.454 8.13864
    endloop
  endfacet
  facet normal 0.324758 -0.562494 0.76035
    outer loop
      vertex 83.145 -118.031 6.68303
      vertex 82.9412 -117.678 7.03122
      vertex 78.8149 -120.531 6.68303
    endloop
  endfacet
  facet normal 0.866989 0.498318 -0.00305669
    outer loop
      vertex 81.4694 -125.128 7.10086
      vertex 81.2248 -124.705 6.68303
      vertex 80.9506 -124.23 6.34687
    endloop
  endfacet
  facet normal -0.039255 0.0679912 0.996913
    outer loop
      vertex 84.35 -120.118 5.9
      vertex 80.3406 -123.173 5.95048
      vertex 84.6707 -120.673 5.95048
    endloop
  endfacet
  facet normal -0.039255 0.0679912 0.996913
    outer loop
      vertex 80.3406 -123.173 5.95048
      vertex 84.35 -120.118 5.9
      vertex 80.0199 -122.618 5.9
    endloop
  endfacet
  facet normal 0.261597 -0.453097 0.852215
    outer loop
      vertex 83.3736 -118.427 6.4029
      vertex 79.0892 -121.006 6.34687
      vertex 83.4193 -118.506 6.34687
    endloop
  endfacet
  facet normal 0.261254 -0.452535 0.852618
    outer loop
      vertex 79.0892 -121.006 6.34687
      vertex 83.3736 -118.427 6.4029
      vertex 78.8149 -120.531 6.68303
    endloop
  endfacet
  facet normal 0.865998 0.500048 4.83948e-05
    outer loop
      vertex 81.8464 -125.781 8.13864
      vertex 81.4694 -125.128 7.10086
      vertex 80.3406 -123.173 5.95048
    endloop
  endfacet
  facet normal 0.866015 0.500018 0
    outer loop
      vertex 81.8464 -125.781 11.8614
      vertex 80.3406 -123.173 5.95048
      vertex 80.3406 -123.173 14.0495
    endloop
  endfacet
  facet normal 0.866015 0.500018 0
    outer loop
      vertex 80.3406 -123.173 5.95048
      vertex 81.8464 -125.781 11.8614
      vertex 81.8464 -125.781 8.13864
    endloop
  endfacet
  facet normal 0.191512 -0.331723 -0.923733
    outer loop
      vertex 79.0892 -121.006 13.6531
      vertex 83.4688 -118.592 13.6942
      vertex 79.3864 -121.52 13.8993
    endloop
  endfacet
  facet normal 0.191336 -0.331402 -0.923885
    outer loop
      vertex 83.4688 -118.592 13.6942
      vertex 79.0892 -121.006 13.6531
      vertex 83.4193 -118.506 13.6531
    endloop
  endfacet
  facet normal 0.866071 0.49992 -0.000244589
    outer loop
      vertex 79.3864 -121.52 13.8993
      vertex 80.3406 -123.173 14.0495
      vertex 78.3614 -119.745 12.4099
    endloop
  endfacet
  facet normal 0.380029 -0.658226 -0.649859
    outer loop
      vertex 82.6915 -117.245 12.4099
      vertex 82.8656 -117.547 12.8176
      vertex 78.3614 -119.745 12.4099
    endloop
  endfacet
  facet normal 0.324764 -0.562504 -0.760341
    outer loop
      vertex 82.9412 -117.678 12.9688
      vertex 83.145 -118.031 13.317
      vertex 78.8149 -120.531 13.317
    endloop
  endfacet
  facet normal 0.86512 0.501556 0.00278709
    outer loop
      vertex 79.0892 -121.006 13.6531
      vertex 79.3864 -121.52 13.8993
      vertex 78.8149 -120.531 13.317
    endloop
  endfacet
  facet normal 0.866071 0.49992 0.000244585
    outer loop
      vertex 80.3406 -123.173 5.95048
      vertex 79.3864 -121.52 6.10067
      vertex 78.3614 -119.745 7.59008
    endloop
  endfacet
  facet normal 0.865908 0.500203 0
    outer loop
      vertex 78.3614 -119.745 12.4099
      vertex 78.1933 -119.454 8.13864
      vertex 78.1933 -119.454 11.8614
    endloop
  endfacet
  facet normal 0.865908 0.500203 0
    outer loop
      vertex 78.1933 -119.454 8.13864
      vertex 78.3614 -119.745 12.4099
      vertex 78.3614 -119.745 7.59008
    endloop
  endfacet
  facet normal 0.461994 -0.800193 0.38243
    outer loop
      vertex 78.1933 -119.454 8.13864
      vertex 82.4003 -116.741 8.73303
      vertex 78.0702 -119.241 8.73303
    endloop
  endfacet
  facet normal 0.461994 -0.800193 0.38243
    outer loop
      vertex 82.4003 -116.741 8.73303
      vertex 78.1933 -119.454 8.13864
      vertex 82.5234 -116.954 8.13864
    endloop
  endfacet
  facet normal 0.461996 -0.800195 -0.382425
    outer loop
      vertex 82.4003 -116.741 11.267
      vertex 78.1933 -119.454 11.8614
      vertex 78.0702 -119.241 11.267
    endloop
  endfacet
  facet normal 0.461996 -0.800195 -0.382425
    outer loop
      vertex 78.1933 -119.454 11.8614
      vertex 82.4003 -116.741 11.267
      vertex 82.5234 -116.954 11.8614
    endloop
  endfacet
  facet normal 0.865489 0.500926 -0.00135437
    outer loop
      vertex 79.3864 -121.52 6.10067
      vertex 78.8149 -120.531 6.68303
      vertex 78.3614 -119.745 7.59008
    endloop
  endfacet
  facet normal -0.38016 0.658452 0.649554
    outer loop
      vertex 85.7996 -122.628 7.10086
      vertex 81.6784 -125.49 7.59008
      vertex 86.0085 -122.99 7.59008
    endloop
  endfacet
  facet normal -0.380134 0.658422 0.649599
    outer loop
      vertex 81.6784 -125.49 7.59008
      vertex 85.7996 -122.628 7.10086
      vertex 81.4694 -125.128 7.10086
    endloop
  endfacet
  facet normal -0.325911 0.564504 0.758364
    outer loop
      vertex 85.7588 -122.558 7.03122
      vertex 81.4694 -125.128 7.10086
      vertex 85.7996 -122.628 7.10086
    endloop
  endfacet
  facet normal -0.324898 0.562859 0.76002
    outer loop
      vertex 81.4694 -125.128 7.10086
      vertex 85.7588 -122.558 7.03122
      vertex 81.2248 -124.705 6.68303
    endloop
  endfacet
  facet normal -0.191281 0.331307 0.92393
    outer loop
      vertex 84.9835 -121.215 6.10067
      vertex 80.9506 -124.23 6.34687
      vertex 85.2807 -121.73 6.34687
    endloop
  endfacet
  facet normal -0.191281 0.331307 0.92393
    outer loop
      vertex 80.9506 -124.23 6.34687
      vertex 84.9835 -121.215 6.10067
      vertex 80.6534 -123.715 6.10067
    endloop
  endfacet
  facet normal -0.261597 0.453097 0.852215
    outer loop
      vertex 80.9506 -124.23 6.34687
      vertex 85.3264 -121.809 6.4029
      vertex 85.2807 -121.73 6.34687
    endloop
  endfacet
  facet normal -0.261299 0.452549 0.852597
    outer loop
      vertex 85.3264 -121.809 6.4029
      vertex 80.9506 -124.23 6.34687
      vertex 81.2248 -124.705 6.68303
    endloop
  endfacet
  facet normal -0.461021 0.799142 0.385788
    outer loop
      vertex 86.1766 -123.281 8.13864
      vertex 81.9695 -125.995 8.73303
      vertex 86.1971 -123.317 8.23771
    endloop
  endfacet
  facet normal -0.461748 0.799785 0.383578
    outer loop
      vertex 81.9695 -125.995 8.73303
      vertex 86.1766 -123.281 8.13864
      vertex 81.8464 -125.781 8.13864
    endloop
  endfacet
  facet normal -0.486189 0.842118 0.233361
    outer loop
      vertex 86.2997 -123.495 8.73303
      vertex 82.0446 -126.125 9.35862
      vertex 86.3748 -123.625 9.35862
    endloop
  endfacet
  facet normal -0.486189 0.842118 0.233361
    outer loop
      vertex 82.0446 -126.125 9.35862
      vertex 86.2997 -123.495 8.73303
      vertex 81.9695 -125.995 8.73303
    endloop
  endfacet
  facet normal 0.865999 0.500045 -4.62279e-05
    outer loop
      vertex 81.6784 -125.49 12.4099
      vertex 81.8464 -125.781 11.8614
      vertex 81.4694 -125.128 12.8991
    endloop
  endfacet
  facet normal -0.46184 0.799944 0.383136
    outer loop
      vertex 86.2997 -123.495 8.73303
      vertex 86.1971 -123.317 8.23771
      vertex 81.9695 -125.995 8.73303
    endloop
  endfacet
  facet normal -0.116695 0.202121 -0.972383
    outer loop
      vertex 80.6534 -123.715 13.8993
      vertex 84.6707 -120.673 14.0495
      vertex 84.9835 -121.215 13.8993
    endloop
  endfacet
  facet normal -0.116695 0.202121 -0.972383
    outer loop
      vertex 84.6707 -120.673 14.0495
      vertex 80.6534 -123.715 13.8993
      vertex 80.3406 -123.173 14.0495
    endloop
  endfacet
  facet normal 0.865681 0.500596 0.000103608
    outer loop
      vertex 78.0702 -119.241 11.267
      vertex 78.1933 -119.454 11.8614
      vertex 77.9951 -119.111 10.6414
    endloop
  endfacet
  facet normal 0.261182 -0.452378 -0.852724
    outer loop
      vertex 83.145 -118.031 13.317
      vertex 83.3736 -118.427 13.5971
      vertex 78.8149 -120.531 13.317
    endloop
  endfacet
  facet normal 0.380772 -0.659512 -0.648118
    outer loop
      vertex 78.5703 -120.107 12.8991
      vertex 82.8656 -117.547 12.8176
      vertex 82.9004 -117.607 12.8991
    endloop
  endfacet
  facet normal 0.380118 -0.658461 -0.649569
    outer loop
      vertex 82.8656 -117.547 12.8176
      vertex 78.5703 -120.107 12.8991
      vertex 78.3614 -119.745 12.4099
    endloop
  endfacet
  facet normal 0.116848 -0.202386 -0.97231
    outer loop
      vertex 79.6992 -122.062 14.0495
      vertex 83.7165 -119.021 13.8993
      vertex 84.0293 -119.562 14.0495
    endloop
  endfacet
  facet normal 0.11666 -0.202141 -0.972383
    outer loop
      vertex 83.7165 -119.021 13.8993
      vertex 79.6992 -122.062 14.0495
      vertex 79.3864 -121.52 13.8993
    endloop
  endfacet
  facet normal 0.191213 -0.331321 -0.92394
    outer loop
      vertex 83.4688 -118.592 13.6942
      vertex 83.7165 -119.021 13.8993
      vertex 79.3864 -121.52 13.8993
    endloop
  endfacet
  facet normal 0.116841 -0.202373 0.972313
    outer loop
      vertex 83.7165 -119.021 6.10067
      vertex 79.6992 -122.062 5.95048
      vertex 84.0293 -119.562 5.95048
    endloop
  endfacet
  facet normal 0.116653 -0.202129 0.972387
    outer loop
      vertex 79.6992 -122.062 5.95048
      vertex 83.7165 -119.021 6.10067
      vertex 79.3864 -121.52 6.10067
    endloop
  endfacet
  facet normal 0.866037 0.499979 -0.00061244
    outer loop
      vertex 80.3406 -123.173 5.95048
      vertex 79.6992 -122.062 5.95048
      vertex 79.3864 -121.52 6.10067
    endloop
  endfacet
  facet normal 0.866386 0.499375 0.000438014
    outer loop
      vertex 78.8149 -120.531 6.68303
      vertex 78.5703 -120.107 7.10086
      vertex 78.3614 -119.745 7.59008
    endloop
  endfacet
  facet normal 0.38012 -0.658474 0.649554
    outer loop
      vertex 78.5703 -120.107 7.10086
      vertex 82.8656 -117.547 7.1824
      vertex 78.3614 -119.745 7.59008
    endloop
  endfacet
  facet normal 0.38085 -0.659648 0.647933
    outer loop
      vertex 82.8656 -117.547 7.1824
      vertex 78.5703 -120.107 7.10086
      vertex 82.9004 -117.607 7.10086
    endloop
  endfacet
  facet normal 0.426342 -0.738442 -0.522433
    outer loop
      vertex 82.5234 -116.954 11.8614
      vertex 78.3614 -119.745 12.4099
      vertex 78.1933 -119.454 11.8614
    endloop
  endfacet
  facet normal 0.426342 -0.738442 -0.522433
    outer loop
      vertex 78.3614 -119.745 12.4099
      vertex 82.5234 -116.954 11.8614
      vertex 82.6915 -117.245 12.4099
    endloop
  endfacet
  facet normal 0.865681 0.500596 -0.00010361
    outer loop
      vertex 78.1933 -119.454 8.13864
      vertex 78.0702 -119.241 8.73303
      vertex 77.9951 -119.111 9.35862
    endloop
  endfacet
  facet normal 0.426355 -0.738464 0.522392
    outer loop
      vertex 78.3614 -119.745 7.59008
      vertex 82.5234 -116.954 8.13864
      vertex 78.1933 -119.454 8.13864
    endloop
  endfacet
  facet normal 0.426355 -0.738464 0.522392
    outer loop
      vertex 82.5234 -116.954 8.13864
      vertex 78.3614 -119.745 7.59008
      vertex 82.6915 -117.245 7.59008
    endloop
  endfacet
  facet normal 0.867757 0.496988 0
    outer loop
      vertex 77.9951 -119.111 10.6414
      vertex 77.9951 -119.111 9.35862
      vertex 77.9699 -119.067 10
    endloop
  endfacet
  facet normal 0.486197 -0.842113 0.233361
    outer loop
      vertex 78.0702 -119.241 8.73303
      vertex 82.3252 -116.611 9.35862
      vertex 77.9951 -119.111 9.35862
    endloop
  endfacet
  facet normal 0.486197 -0.842113 0.233361
    outer loop
      vertex 82.3252 -116.611 9.35862
      vertex 78.0702 -119.241 8.73303
      vertex 82.4003 -116.741 8.73303
    endloop
  endfacet
  facet normal 0.865999 0.500045 4.62148e-05
    outer loop
      vertex 81.8464 -125.781 8.13864
      vertex 81.6784 -125.49 7.59008
      vertex 81.4694 -125.128 7.10086
    endloop
  endfacet
  facet normal -0.324753 0.562498 0.76035
    outer loop
      vertex 85.7588 -122.558 7.03122
      vertex 85.555 -122.205 6.68303
      vertex 81.2248 -124.705 6.68303
    endloop
  endfacet
  facet normal -0.326073 0.564784 -0.758087
    outer loop
      vertex 81.4694 -125.128 12.8991
      vertex 85.7588 -122.558 12.9688
      vertex 85.7996 -122.628 12.8991
    endloop
  endfacet
  facet normal -0.324923 0.562917 -0.759967
    outer loop
      vertex 85.7588 -122.558 12.9688
      vertex 81.4694 -125.128 12.8991
      vertex 81.2248 -124.705 13.317
    endloop
  endfacet
  facet normal -0.191281 0.331307 -0.92393
    outer loop
      vertex 80.9506 -124.23 13.6531
      vertex 84.9835 -121.215 13.8993
      vertex 85.2807 -121.73 13.6531
    endloop
  endfacet
  facet normal -0.191281 0.331307 -0.92393
    outer loop
      vertex 84.9835 -121.215 13.8993
      vertex 80.9506 -124.23 13.6531
      vertex 80.6534 -123.715 13.8993
    endloop
  endfacet
  facet normal -0.261262 0.452492 -0.852639
    outer loop
      vertex 80.9506 -124.23 13.6531
      vertex 85.3264 -121.809 13.5971
      vertex 81.2248 -124.705 13.317
    endloop
  endfacet
  facet normal -0.261495 0.45292 -0.85234
    outer loop
      vertex 85.3264 -121.809 13.5971
      vertex 80.9506 -124.23 13.6531
      vertex 85.2807 -121.73 13.6531
    endloop
  endfacet
  facet normal 0.866093 0.499882 -0.000148242
    outer loop
      vertex 80.6534 -123.715 13.8993
      vertex 80.9506 -124.23 13.6531
      vertex 80.3406 -123.173 14.0495
    endloop
  endfacet
  facet normal -0.461053 0.799171 -0.385689
    outer loop
      vertex 81.9695 -125.995 11.267
      vertex 86.1766 -123.281 11.8614
      vertex 86.1971 -123.317 11.7623
    endloop
  endfacet
  facet normal -0.461749 0.799787 -0.383573
    outer loop
      vertex 86.1766 -123.281 11.8614
      vertex 81.9695 -125.995 11.267
      vertex 81.8464 -125.781 11.8614
    endloop
  endfacet
  facet normal -0.486189 0.842119 -0.233357
    outer loop
      vertex 82.0446 -126.125 10.6414
      vertex 86.2997 -123.495 11.267
      vertex 86.3748 -123.625 10.6414
    endloop
  endfacet
  facet normal -0.486189 0.842119 -0.233357
    outer loop
      vertex 86.2997 -123.495 11.267
      vertex 82.0446 -126.125 10.6414
      vertex 81.9695 -125.995 11.267
    endloop
  endfacet
  facet normal 0.324622 -0.562323 -0.760535
    outer loop
      vertex 78.5703 -120.107 12.8991
      vertex 82.9412 -117.678 12.9688
      vertex 78.8149 -120.531 13.317
    endloop
  endfacet
  facet normal 0.324083 -0.561325 -0.761502
    outer loop
      vertex 82.9412 -117.678 12.9688
      vertex 78.5703 -120.107 12.8991
      vertex 82.9004 -117.607 12.8991
    endloop
  endfacet
  facet normal 0.866386 0.499375 -0.000438278
    outer loop
      vertex 78.5703 -120.107 12.8991
      vertex 78.8149 -120.531 13.317
      vertex 78.3614 -119.745 12.4099
    endloop
  endfacet
  facet normal 0.0392178 -0.0679268 -0.996919
    outer loop
      vertex 80.0199 -122.618 14.1
      vertex 84.0293 -119.562 14.0495
      vertex 84.35 -120.118 14.1
    endloop
  endfacet
  facet normal 0.0392178 -0.0679268 -0.996919
    outer loop
      vertex 84.0293 -119.562 14.0495
      vertex 80.0199 -122.618 14.1
      vertex 79.6992 -122.062 14.0495
    endloop
  endfacet
  facet normal 0.0392023 -0.0679 0.996922
    outer loop
      vertex 84.0293 -119.562 5.95048
      vertex 80.0199 -122.618 5.9
      vertex 84.35 -120.118 5.9
    endloop
  endfacet
  facet normal 0.0392023 -0.0679 0.996922
    outer loop
      vertex 80.0199 -122.618 5.9
      vertex 84.0293 -119.562 5.95048
      vertex 79.6992 -122.062 5.95048
    endloop
  endfacet
  facet normal 0.261203 -0.452413 0.852699
    outer loop
      vertex 83.3736 -118.427 6.4029
      vertex 83.145 -118.031 6.68303
      vertex 78.8149 -120.531 6.68303
    endloop
  endfacet
  facet normal 0.498447 -0.86333 0.0788104
    outer loop
      vertex 77.9951 -119.111 9.35862
      vertex 82.3 -116.567 10
      vertex 77.9699 -119.067 10
    endloop
  endfacet
  facet normal 0.498447 -0.86333 0.0788104
    outer loop
      vertex 82.3 -116.567 10
      vertex 77.9951 -119.111 9.35862
      vertex 82.3252 -116.611 9.35862
    endloop
  endfacet
  facet normal 0.498447 -0.863331 -0.0788079
    outer loop
      vertex 82.3 -116.567 10
      vertex 77.9951 -119.111 10.6414
      vertex 77.9699 -119.067 10
    endloop
  endfacet
  facet normal 0.498447 -0.863331 -0.0788079
    outer loop
      vertex 77.9951 -119.111 10.6414
      vertex 82.3 -116.567 10
      vertex 82.3252 -116.611 10.6414
    endloop
  endfacet
  facet normal -0.261178 0.452381 -0.852724
    outer loop
      vertex 85.3264 -121.809 13.5971
      vertex 85.555 -122.205 13.317
      vertex 81.2248 -124.705 13.317
    endloop
  endfacet
  facet normal 0.868075 0.496432 0.00104893
    outer loop
      vertex 81.9695 -125.995 11.267
      vertex 82.0446 -126.125 10.6414
      vertex 81.8464 -125.781 11.8614
    endloop
  endfacet
  facet normal 0.865962 0.50011 0
    outer loop
      vertex 81.8464 -125.781 11.8614
      vertex 82.0699 -126.168 10
      vertex 81.8464 -125.781 8.13864
    endloop
  endfacet
  facet normal 0.191058 -0.33092 0.924115
    outer loop
      vertex 79.0892 -121.006 6.34687
      vertex 83.4688 -118.592 6.30584
      vertex 83.4193 -118.506 6.34687
    endloop
  endfacet
  facet normal 0.191501 -0.33173 0.923733
    outer loop
      vertex 83.4688 -118.592 6.30584
      vertex 79.0892 -121.006 6.34687
      vertex 79.3864 -121.52 6.10067
    endloop
  endfacet
  facet normal 0.865121 0.501556 -0.00278555
    outer loop
      vertex 79.3864 -121.52 6.10067
      vertex 79.0892 -121.006 6.34687
      vertex 78.8149 -120.531 6.68303
    endloop
  endfacet
  facet normal -0.380153 0.65844 -0.649569
    outer loop
      vertex 81.6784 -125.49 12.4099
      vertex 85.7996 -122.628 12.8991
      vertex 86.0085 -122.99 12.4099
    endloop
  endfacet
  facet normal -0.380127 0.658411 -0.649614
    outer loop
      vertex 85.7996 -122.628 12.8991
      vertex 81.6784 -125.49 12.4099
      vertex 81.4694 -125.128 12.8991
    endloop
  endfacet
  facet normal 0.865998 0.500048 -4.84013e-05
    outer loop
      vertex 81.4694 -125.128 12.8991
      vertex 81.8464 -125.781 11.8614
      vertex 80.3406 -123.173 14.0495
    endloop
  endfacet
  facet normal 0.868075 0.496432 -0.00104895
    outer loop
      vertex 82.0446 -126.125 9.35862
      vertex 81.9695 -125.995 8.73303
      vertex 81.8464 -125.781 8.13864
    endloop
  endfacet
  facet normal 0.867896 0.496744 0.000931981
    outer loop
      vertex 82.0446 -126.125 10.6414
      vertex 82.0699 -126.168 10
      vertex 81.8464 -125.781 11.8614
    endloop
  endfacet
  facet normal -0.4985 0.863421 -0.0774701
    outer loop
      vertex 82.0699 -126.168 10
      vertex 86.3748 -123.625 10.6414
      vertex 86.4 -123.668 10
    endloop
  endfacet
  facet normal -0.498488 0.863421 -0.0775473
    outer loop
      vertex 86.3748 -123.625 10.6414
      vertex 82.0699 -126.168 10
      vertex 82.0446 -126.125 10.6414
    endloop
  endfacet
  facet normal -0.426335 0.738446 -0.522433
    outer loop
      vertex 81.8464 -125.781 11.8614
      vertex 86.0085 -122.99 12.4099
      vertex 86.1766 -123.281 11.8614
    endloop
  endfacet
  facet normal -0.426359 0.738472 -0.522377
    outer loop
      vertex 86.0085 -122.99 12.4099
      vertex 81.8464 -125.781 11.8614
      vertex 81.6784 -125.49 12.4099
    endloop
  endfacet
  facet normal -0.4985 0.863421 0.0774725
    outer loop
      vertex 86.3748 -123.625 9.35862
      vertex 82.0699 -126.168 10
      vertex 86.4 -123.668 10
    endloop
  endfacet
  facet normal -0.498488 0.863421 0.0775497
    outer loop
      vertex 82.0699 -126.168 10
      vertex 86.3748 -123.625 9.35862
      vertex 82.0446 -126.125 9.35862
    endloop
  endfacet
  facet normal 0.867896 0.496744 -0.000932015
    outer loop
      vertex 82.0699 -126.168 10
      vertex 82.0446 -126.125 9.35862
      vertex 81.8464 -125.781 8.13864
    endloop
  endfacet
  facet normal -0.461837 0.799939 -0.383149
    outer loop
      vertex 86.1971 -123.317 11.7623
      vertex 86.2997 -123.495 11.267
      vertex 81.9695 -125.995 11.267
    endloop
  endfacet
  facet normal 0.866988 0.49832 0.0030535
    outer loop
      vertex 81.2248 -124.705 13.317
      vertex 81.4694 -125.128 12.8991
      vertex 80.9506 -124.23 13.6531
    endloop
  endfacet
  facet normal 0.866305 0.499513 0.00116212
    outer loop
      vertex 80.9506 -124.23 13.6531
      vertex 81.4694 -125.128 12.8991
      vertex 80.3406 -123.173 14.0495
    endloop
  endfacet
  facet normal -0.0391806 0.0678613 0.996925
    outer loop
      vertex 15.6699 -11.1603 95.9
      vertex 20.0534 -8.75283 95.9084
      vertex 20 -8.66026 95.9
    endloop
  endfacet
  facet normal -0.0392473 0.0679827 0.996914
    outer loop
      vertex 20.0534 -8.75283 95.9084
      vertex 15.6699 -11.1603 95.9
      vertex 15.9906 -11.7157 95.9505
    endloop
  endfacet
  facet normal 0.865989 0.500063 -9.72494e-05
    outer loop
      vertex 14.4649 -9.0732 96.683
      vertex 14.2203 -8.64953 97.1009
      vertex 14.0114 -8.28767 97.5901
    endloop
  endfacet
  facet normal -0.0392599 0.068 0.996913
    outer loop
      vertex 20.3207 -9.21571 95.9505
      vertex 20.0534 -8.75283 95.9084
      vertex 15.9906 -11.7157 95.9505
    endloop
  endfacet
  facet normal -0.116994 0.202637 0.97224
    outer loop
      vertex 20.5813 -9.66719 96.0756
      vertex 16.3034 -12.2575 96.1007
      vertex 20.6335 -9.75748 96.1007
    endloop
  endfacet
  facet normal -0.116716 0.20218 0.972369
    outer loop
      vertex 16.3034 -12.2575 96.1007
      vertex 20.5813 -9.66719 96.0756
      vertex 15.9906 -11.7157 95.9505
    endloop
  endfacet
  facet normal 0.865983 0.500074 0.000403794
    outer loop
      vertex 16.3034 -12.2575 96.1007
      vertex 15.9906 -11.7157 95.9505
      vertex 15.6699 -11.1603 95.9
    endloop
  endfacet
  facet normal 0.866045 0.499966 -0.000135221
    outer loop
      vertex 15.0364 -10.063 103.899
      vertex 15.6699 -11.1603 104.1
      vertex 14.4649 -9.0732 103.317
    endloop
  endfacet
  facet normal 0.866015 0.500018 -4.91119e-05
    outer loop
      vertex 16.6006 -12.7722 96.3469
      vertex 15.6699 -11.1603 95.9
      vertex 14.4649 -9.0732 96.683
    endloop
  endfacet
  facet normal 0.380198 -0.658521 0.64946
    outer loop
      vertex 14.2203 -8.64953 97.1009
      vertex 18.3415 -5.78768 97.5901
      vertex 14.0114 -8.28767 97.5901
    endloop
  endfacet
  facet normal 0.380203 -0.658527 0.649453
    outer loop
      vertex 18.3415 -5.78768 97.5901
      vertex 14.2203 -8.64953 97.1009
      vertex 18.5504 -6.14953 97.1009
    endloop
  endfacet
  facet normal 0.865929 0.500167 8.38533e-05
    outer loop
      vertex 13.8433 -7.99655 101.861
      vertex 14.0114 -8.28767 102.41
      vertex 13.7202 -7.78333 101.267
    endloop
  endfacet
  facet normal 0.261213 -0.452432 0.852686
    outer loop
      vertex 18.795 -6.5732 96.683
      vertex 14.7392 -9.54827 96.3469
      vertex 19.0693 -7.04827 96.3469
    endloop
  endfacet
  facet normal 0.261213 -0.452432 0.852686
    outer loop
      vertex 14.7392 -9.54827 96.3469
      vertex 18.795 -6.5732 96.683
      vertex 14.4649 -9.0732 96.683
    endloop
  endfacet
  facet normal 0.866065 0.499931 -5.53472e-05
    outer loop
      vertex 14.0114 -8.28767 102.41
      vertex 14.4649 -9.0732 103.317
      vertex 13.7202 -7.78333 101.267
    endloop
  endfacet
  facet normal 0.866041 0.499974 -7.83837e-05
    outer loop
      vertex 15.3492 -10.6048 104.05
      vertex 15.6699 -11.1603 104.1
      vertex 15.0364 -10.063 103.899
    endloop
  endfacet
  facet normal 0.866015 0.500018 4.91072e-05
    outer loop
      vertex 15.6699 -11.1603 104.1
      vertex 16.6006 -12.7722 103.653
      vertex 14.4649 -9.0732 103.317
    endloop
  endfacet
  facet normal -0.380229 0.658571 0.649392
    outer loop
      vertex 21.6585 -11.5328 97.5901
      vertex 21.4844 -11.2313 97.1824
      vertex 17.3284 -14.0328 97.5901
    endloop
  endfacet
  facet normal 0.866116 0.499843 -0.00010924
    outer loop
      vertex 17.6946 -14.6672 99.3586
      vertex 17.1194 -13.671 97.1009
      vertex 16.6006 -12.7722 96.3469
    endloop
  endfacet
  facet normal 0.461905 -0.800042 -0.382854
    outer loop
      vertex 13.8433 -7.99655 101.861
      vertex 18.1529 -5.46102 101.762
      vertex 18.1734 -5.49656 101.861
    endloop
  endfacet
  facet normal 0.461895 -0.800026 -0.382897
    outer loop
      vertex 18.1529 -5.46102 101.762
      vertex 13.8433 -7.99655 101.861
      vertex 13.7202 -7.78333 101.267
    endloop
  endfacet
  facet normal 0.191337 -0.331407 0.923883
    outer loop
      vertex 19.0693 -7.04827 96.3469
      vertex 15.0364 -10.063 96.1007
      vertex 19.3665 -7.56303 96.1007
    endloop
  endfacet
  facet normal 0.191345 -0.331418 0.923877
    outer loop
      vertex 15.0364 -10.063 96.1007
      vertex 19.0693 -7.04827 96.3469
      vertex 14.7392 -9.54827 96.3469
    endloop
  endfacet
  facet normal -0.324744 0.562483 0.760365
    outer loop
      vertex 21.205 -10.7473 96.683
      vertex 17.1194 -13.671 97.1009
      vertex 21.4496 -11.171 97.1009
    endloop
  endfacet
  facet normal -0.324744 0.562483 0.760365
    outer loop
      vertex 17.1194 -13.671 97.1009
      vertex 21.205 -10.7473 96.683
      vertex 16.8748 -13.2473 96.683
    endloop
  endfacet
  facet normal 0.191204 -0.331177 -0.923993
    outer loop
      vertex 15.0364 -10.063 103.899
      vertex 19.0693 -7.04827 103.653
      vertex 19.3665 -7.56303 103.899
    endloop
  endfacet
  facet normal 0.191213 -0.331188 -0.923987
    outer loop
      vertex 19.0693 -7.04827 103.653
      vertex 15.0364 -10.063 103.899
      vertex 14.7392 -9.54827 103.653
    endloop
  endfacet
  facet normal 0.86625 0.499611 -0.000477112
    outer loop
      vertex 17.1194 -13.671 97.1009
      vertex 16.8748 -13.2473 96.683
      vertex 16.6006 -12.7722 96.3469
    endloop
  endfacet
  facet normal 0.0388 -0.0673368 -0.996976
    outer loop
      vertex 15.3492 -10.6048 104.05
      vertex 19.7328 -8.19738 104.058
      vertex 15.6699 -11.1603 104.1
    endloop
  endfacet
  facet normal 0.0373047 -0.0646133 -0.997213
    outer loop
      vertex 19.7328 -8.19738 104.058
      vertex 15.3492 -10.6048 104.05
      vertex 19.6793 -8.1048 104.05
    endloop
  endfacet
  facet normal 0.121002 -0.20958 -0.970276
    outer loop
      vertex 15.3492 -10.6048 104.05
      vertex 19.6272 -8.01451 104.024
      vertex 19.6793 -8.1048 104.05
    endloop
  endfacet
  facet normal 0.117172 -0.203273 -0.972086
    outer loop
      vertex 19.6272 -8.01451 104.024
      vertex 15.3492 -10.6048 104.05
      vertex 15.0364 -10.063 103.899
    endloop
  endfacet
  facet normal 0.461894 -0.800023 -0.382906
    outer loop
      vertex 18.0503 -5.28334 101.267
      vertex 18.1529 -5.46102 101.762
      vertex 13.7202 -7.78333 101.267
    endloop
  endfacet
  facet normal 0.426306 -0.738381 0.522548
    outer loop
      vertex 18.3415 -5.78768 97.5901
      vertex 18.2014 -5.54508 98.0472
      vertex 14.0114 -8.28767 97.5901
    endloop
  endfacet
  facet normal 0.866009 0.500029 -2.71082e-05
    outer loop
      vertex 14.4649 -9.0732 96.683
      vertex 13.7202 -7.78333 98.733
      vertex 13.6199 -7.60955 100
    endloop
  endfacet
  facet normal 0.0392642 -0.068006 0.996912
    outer loop
      vertex 20 -8.66026 95.9
      vertex 19.7328 -8.19738 95.9421
      vertex 15.6699 -11.1603 95.9
    endloop
  endfacet
  facet normal -0.116678 0.202091 0.972392
    outer loop
      vertex 20.5813 -9.66719 96.0756
      vertex 20.3207 -9.21571 95.9505
      vertex 15.9906 -11.7157 95.9505
    endloop
  endfacet
  facet normal 0.866249 0.499612 0.000476349
    outer loop
      vertex 16.8748 -13.2473 103.317
      vertex 17.1194 -13.671 102.899
      vertex 16.6006 -12.7722 103.653
    endloop
  endfacet
  facet normal 0.866059 0.499941 -4.09924e-05
    outer loop
      vertex 17.6195 -14.5372 98.733
      vertex 17.4964 -14.324 98.1386
      vertex 17.1194 -13.671 97.1009
    endloop
  endfacet
  facet normal 0.866022 0.500005 0
    outer loop
      vertex 16.6006 -12.7722 103.653
      vertex 16.6006 -12.7722 96.3469
      vertex 13.6199 -7.60955 100
    endloop
  endfacet
  facet normal 0.866009 0.500029 2.71082e-05
    outer loop
      vertex 13.7202 -7.78333 101.267
      vertex 14.4649 -9.0732 103.317
      vertex 13.6199 -7.60955 100
    endloop
  endfacet
  facet normal 0.42628 -0.738337 -0.522631
    outer loop
      vertex 18.2014 -5.54508 101.953
      vertex 18.3415 -5.78768 102.41
      vertex 14.0114 -8.28767 102.41
    endloop
  endfacet
  facet normal 0.865929 0.500167 -8.35199e-05
    outer loop
      vertex 14.0114 -8.28767 97.5901
      vertex 13.8433 -7.99655 98.1386
      vertex 13.7202 -7.78333 98.733
    endloop
  endfacet
  facet normal 0.461939 -0.800107 0.382677
    outer loop
      vertex 13.8433 -7.99655 98.1386
      vertex 18.1529 -5.46102 98.2377
      vertex 13.7202 -7.78333 98.733
    endloop
  endfacet
  facet normal 0.461974 -0.80016 0.382524
    outer loop
      vertex 18.1529 -5.46102 98.2377
      vertex 13.8433 -7.99655 98.1386
      vertex 18.1734 -5.49656 98.1386
    endloop
  endfacet
  facet normal 0.116754 -0.202226 0.972354
    outer loop
      vertex 19.6272 -8.01451 95.9755
      vertex 19.3665 -7.56303 96.1007
      vertex 15.0364 -10.063 96.1007
    endloop
  endfacet
  facet normal -0.191348 0.331422 0.923875
    outer loop
      vertex 20.6335 -9.75748 96.1007
      vertex 16.6006 -12.7722 96.3469
      vertex 20.9307 -10.2722 96.3469
    endloop
  endfacet
  facet normal -0.191354 0.33143 0.923871
    outer loop
      vertex 16.6006 -12.7722 96.3469
      vertex 20.6335 -9.75748 96.1007
      vertex 16.3034 -12.2575 96.1007
    endloop
  endfacet
  facet normal 0.866025 0.5 -0.000131801
    outer loop
      vertex 16.6006 -12.7722 96.3469
      vertex 16.3034 -12.2575 96.1007
      vertex 15.6699 -11.1603 95.9
    endloop
  endfacet
  facet normal -0.2612 0.452419 0.852697
    outer loop
      vertex 20.9307 -10.2722 96.3469
      vertex 16.8748 -13.2473 96.683
      vertex 21.205 -10.7473 96.683
    endloop
  endfacet
  facet normal -0.261222 0.452446 0.852676
    outer loop
      vertex 16.8748 -13.2473 96.683
      vertex 20.9307 -10.2722 96.3469
      vertex 16.6006 -12.7722 96.3469
    endloop
  endfacet
  facet normal 0.866016 0.500016 -1.92874e-05
    outer loop
      vertex 16.6006 -12.7722 96.3469
      vertex 14.4649 -9.0732 96.683
      vertex 13.6199 -7.60955 100
    endloop
  endfacet
  facet normal 0.866109 0.499856 -0.000101446
    outer loop
      vertex 17.6946 -14.6672 99.3586
      vertex 17.6195 -14.5372 98.733
      vertex 17.1194 -13.671 97.1009
    endloop
  endfacet
  facet normal 0.865196 0.501433 0.00121144
    outer loop
      vertex 17.4964 -14.324 98.1386
      vertex 17.3284 -14.0328 97.5901
      vertex 17.1194 -13.671 97.1009
    endloop
  endfacet
  facet normal -0.380157 0.658484 0.649522
    outer loop
      vertex 21.4496 -11.171 97.1009
      vertex 17.3284 -14.0328 97.5901
      vertex 21.4844 -11.2313 97.1824
    endloop
  endfacet
  facet normal -0.380194 0.658526 0.649459
    outer loop
      vertex 17.3284 -14.0328 97.5901
      vertex 21.4496 -11.171 97.1009
      vertex 17.1194 -13.671 97.1009
    endloop
  endfacet
  facet normal -0.461982 0.800189 0.382452
    outer loop
      vertex 21.9291 -12.0016 98.634
      vertex 21.8266 -11.824 98.1386
      vertex 17.4964 -14.324 98.1386
    endloop
  endfacet
  facet normal -0.426275 0.738342 0.522629
    outer loop
      vertex 21.6585 -11.5328 97.5901
      vertex 17.4964 -14.324 98.1386
      vertex 21.8266 -11.824 98.1386
    endloop
  endfacet
  facet normal -0.426299 0.738368 0.522572
    outer loop
      vertex 17.4964 -14.324 98.1386
      vertex 21.6585 -11.5328 97.5901
      vertex 17.3284 -14.0328 97.5901
    endloop
  endfacet
  facet normal -0.0388063 0.0673453 -0.996975
    outer loop
      vertex 15.6699 -11.1603 104.1
      vertex 20.0534 -8.75283 104.092
      vertex 15.9906 -11.7157 104.05
    endloop
  endfacet
  facet normal -0.0373255 0.0646483 -0.99721
    outer loop
      vertex 20.0534 -8.75283 104.092
      vertex 15.6699 -11.1603 104.1
      vertex 20 -8.66026 104.1
    endloop
  endfacet
  facet normal -0.191215 0.331192 -0.923985
    outer loop
      vertex 16.6006 -12.7722 103.653
      vertex 20.6335 -9.75748 103.899
      vertex 20.9307 -10.2722 103.653
    endloop
  endfacet
  facet normal -0.191221 0.3312 -0.923981
    outer loop
      vertex 20.6335 -9.75748 103.899
      vertex 16.6006 -12.7722 103.653
      vertex 16.3034 -12.2575 103.899
    endloop
  endfacet
  facet normal -0.324789 0.562561 -0.760288
    outer loop
      vertex 17.1194 -13.671 102.899
      vertex 21.205 -10.7473 103.317
      vertex 21.4496 -11.171 102.899
    endloop
  endfacet
  facet normal -0.324789 0.562561 -0.760288
    outer loop
      vertex 21.205 -10.7473 103.317
      vertex 17.1194 -13.671 102.899
      vertex 16.8748 -13.2473 103.317
    endloop
  endfacet
  facet normal -0.426381 0.738526 -0.522283
    outer loop
      vertex 17.4964 -14.324 101.861
      vertex 21.6585 -11.5328 102.41
      vertex 21.8266 -11.824 101.861
    endloop
  endfacet
  facet normal -0.426405 0.738551 -0.522226
    outer loop
      vertex 21.6585 -11.5328 102.41
      vertex 17.4964 -14.324 101.861
      vertex 17.3284 -14.0328 102.41
    endloop
  endfacet
  facet normal -0.46173 0.799754 -0.383665
    outer loop
      vertex 17.6195 -14.5372 101.267
      vertex 21.9291 -12.0016 101.366
      vertex 21.9497 -12.0372 101.267
    endloop
  endfacet
  facet normal -0.46191 0.800029 -0.382874
    outer loop
      vertex 21.9291 -12.0016 101.366
      vertex 17.6195 -14.5372 101.267
      vertex 17.4964 -14.324 101.861
    endloop
  endfacet
  facet normal -0.498456 0.863346 -0.0785891
    outer loop
      vertex 17.7199 -14.711 100
      vertex 22.0248 -12.1672 100.641
      vertex 22.05 -12.211 100
    endloop
  endfacet
  facet normal -0.498444 0.863345 -0.0786664
    outer loop
      vertex 22.0248 -12.1672 100.641
      vertex 17.7199 -14.711 100
      vertex 17.6946 -14.6672 100.641
    endloop
  endfacet
  facet normal 0.116578 -0.20192 -0.972439
    outer loop
      vertex 19.3665 -7.56303 103.899
      vertex 19.6272 -8.01451 104.024
      vertex 15.0364 -10.063 103.899
    endloop
  endfacet
  facet normal 0.865989 0.500063 9.74597e-05
    outer loop
      vertex 14.2203 -8.64953 102.899
      vertex 14.4649 -9.0732 103.317
      vertex 14.0114 -8.28767 102.41
    endloop
  endfacet
  facet normal 0.866116 0.499843 0.000109217
    outer loop
      vertex 17.1194 -13.671 102.899
      vertex 17.6946 -14.6672 100.641
      vertex 16.6006 -12.7722 103.653
    endloop
  endfacet
  facet normal 0.426411 -0.738564 -0.522205
    outer loop
      vertex 18.1734 -5.49656 101.861
      vertex 14.0114 -8.28767 102.41
      vertex 13.8433 -7.99655 101.861
    endloop
  endfacet
  facet normal 0.427337 -0.739527 -0.520079
    outer loop
      vertex 14.0114 -8.28767 102.41
      vertex 18.1734 -5.49656 101.861
      vertex 18.2014 -5.54508 101.953
    endloop
  endfacet
  facet normal 0.0391588 -0.0678246 0.996928
    outer loop
      vertex 15.3492 -10.6048 95.9505
      vertex 19.7328 -8.19738 95.9421
      vertex 19.6793 -8.1048 95.9505
    endloop
  endfacet
  facet normal 0.0392409 -0.0679742 0.996915
    outer loop
      vertex 19.7328 -8.19738 95.9421
      vertex 15.3492 -10.6048 95.9505
      vertex 15.6699 -11.1603 95.9
    endloop
  endfacet
  facet normal 0.866045 0.499966 0.000135029
    outer loop
      vertex 15.6699 -11.1603 95.9
      vertex 15.0364 -10.063 96.1007
      vertex 14.4649 -9.0732 96.683
    endloop
  endfacet
  facet normal 0.866009 0.500028 -5.64065e-06
    outer loop
      vertex 15.0364 -10.063 96.1007
      vertex 14.7392 -9.54827 96.3469
      vertex 14.4649 -9.0732 96.683
    endloop
  endfacet
  facet normal 0.461935 -0.800094 0.382708
    outer loop
      vertex 18.1529 -5.46102 98.2377
      vertex 18.0503 -5.28334 98.733
      vertex 13.7202 -7.78333 98.733
    endloop
  endfacet
  facet normal 0.498463 -0.863357 0.07842
    outer loop
      vertex 13.6451 -7.65326 99.3586
      vertex 17.95 -5.10955 100
      vertex 13.6199 -7.60955 100
    endloop
  endfacet
  facet normal 0.498461 -0.863357 0.0784334
    outer loop
      vertex 17.95 -5.10955 100
      vertex 13.6451 -7.65326 99.3586
      vertex 17.9752 -5.15327 99.3586
    endloop
  endfacet
  facet normal 0.865922 0.500179 0
    outer loop
      vertex 17.6946 -14.6672 100.641
      vertex 17.7199 -14.711 100
      vertex 17.6946 -14.6672 99.3586
    endloop
  endfacet
  facet normal -0.486189 0.842119 0.233357
    outer loop
      vertex 21.9497 -12.0372 98.733
      vertex 17.6946 -14.6672 99.3586
      vertex 22.0248 -12.1672 99.3586
    endloop
  endfacet
  facet normal -0.486189 0.842119 0.233357
    outer loop
      vertex 17.6946 -14.6672 99.3586
      vertex 21.9497 -12.0372 98.733
      vertex 17.6195 -14.5372 98.733
    endloop
  endfacet
  facet normal -0.46173 0.799754 0.383665
    outer loop
      vertex 21.9291 -12.0016 98.634
      vertex 17.6195 -14.5372 98.733
      vertex 21.9497 -12.0372 98.733
    endloop
  endfacet
  facet normal -0.46196 0.800105 0.382654
    outer loop
      vertex 17.6195 -14.5372 98.733
      vertex 21.9291 -12.0016 98.634
      vertex 17.4964 -14.324 98.1386
    endloop
  endfacet
  facet normal -0.498458 0.863349 0.0785404
    outer loop
      vertex 22.0248 -12.1672 99.3586
      vertex 17.7199 -14.711 100
      vertex 22.05 -12.211 100
    endloop
  endfacet
  facet normal -0.498446 0.863349 0.0786176
    outer loop
      vertex 17.7199 -14.711 100
      vertex 22.0248 -12.1672 99.3586
      vertex 17.6946 -14.6672 99.3586
    endloop
  endfacet
  facet normal 0.865983 0.500073 -0.000398708
    outer loop
      vertex 15.9906 -11.7157 104.05
      vertex 16.3034 -12.2575 103.899
      vertex 15.6699 -11.1603 104.1
    endloop
  endfacet
  facet normal 0.0391715 -0.0678455 -0.996927
    outer loop
      vertex 19.7328 -8.19738 104.058
      vertex 20 -8.66026 104.1
      vertex 15.6699 -11.1603 104.1
    endloop
  endfacet
  facet normal 0.866016 0.500016 1.92872e-05
    outer loop
      vertex 14.4649 -9.0732 103.317
      vertex 16.6006 -12.7722 103.653
      vertex 13.6199 -7.60955 100
    endloop
  endfacet
  facet normal 0.498461 -0.863354 -0.0784686
    outer loop
      vertex 17.95 -5.10955 100
      vertex 13.6451 -7.65326 100.641
      vertex 13.6199 -7.60955 100
    endloop
  endfacet
  facet normal 0.498459 -0.863354 -0.078482
    outer loop
      vertex 13.6451 -7.65326 100.641
      vertex 17.95 -5.10955 100
      vertex 17.9752 -5.15327 100.641
    endloop
  endfacet
  facet normal 0.324805 -0.562575 -0.760271
    outer loop
      vertex 14.4649 -9.0732 103.317
      vertex 18.5504 -6.14953 102.899
      vertex 18.795 -6.5732 103.317
    endloop
  endfacet
  facet normal 0.324805 -0.562575 -0.760271
    outer loop
      vertex 18.5504 -6.14953 102.899
      vertex 14.4649 -9.0732 103.317
      vertex 14.2203 -8.64953 102.899
    endloop
  endfacet
  facet normal 0.866065 0.499931 5.53635e-05
    outer loop
      vertex 14.4649 -9.0732 96.683
      vertex 14.0114 -8.28767 97.5901
      vertex 13.7202 -7.78333 98.733
    endloop
  endfacet
  facet normal 0.426305 -0.73838 0.522551
    outer loop
      vertex 14.0114 -8.28767 97.5901
      vertex 18.1734 -5.49656 98.1386
      vertex 13.8433 -7.99655 98.1386
    endloop
  endfacet
  facet normal 0.426299 -0.738374 0.522563
    outer loop
      vertex 18.1734 -5.49656 98.1386
      vertex 14.0114 -8.28767 97.5901
      vertex 18.2014 -5.54508 98.0472
    endloop
  endfacet
  facet normal 0.116606 -0.201966 0.972426
    outer loop
      vertex 19.6272 -8.01451 95.9755
      vertex 15.3492 -10.6048 95.9505
      vertex 19.6793 -8.1048 95.9505
    endloop
  endfacet
  facet normal 0.116731 -0.202171 0.972369
    outer loop
      vertex 15.3492 -10.6048 95.9505
      vertex 19.6272 -8.01451 95.9755
      vertex 15.0364 -10.063 96.1007
    endloop
  endfacet
  facet normal 0.866041 0.499973 7.93836e-05
    outer loop
      vertex 15.6699 -11.1603 95.9
      vertex 15.3492 -10.6048 95.9505
      vertex 15.0364 -10.063 96.1007
    endloop
  endfacet
  facet normal 0.865857 0.500291 7.5081e-05
    outer loop
      vertex 13.6451 -7.65326 100.641
      vertex 13.7202 -7.78333 101.267
      vertex 13.6199 -7.60955 100
    endloop
  endfacet
  facet normal 0.486203 -0.842126 -0.233305
    outer loop
      vertex 17.9752 -5.15327 100.641
      vertex 13.7202 -7.78333 101.267
      vertex 13.6451 -7.65326 100.641
    endloop
  endfacet
  facet normal 0.486203 -0.842126 -0.233305
    outer loop
      vertex 13.7202 -7.78333 101.267
      vertex 17.9752 -5.15327 100.641
      vertex 18.0503 -5.28334 101.267
    endloop
  endfacet
  facet normal 0.865858 0.500291 -7.4988e-05
    outer loop
      vertex 13.7202 -7.78333 98.733
      vertex 13.6451 -7.65326 99.3586
      vertex 13.6199 -7.60955 100
    endloop
  endfacet
  facet normal 0.486186 -0.842096 0.233446
    outer loop
      vertex 13.7202 -7.78333 98.733
      vertex 17.9752 -5.15327 99.3586
      vertex 13.6451 -7.65326 99.3586
    endloop
  endfacet
  facet normal 0.486186 -0.842096 0.233446
    outer loop
      vertex 17.9752 -5.15327 99.3586
      vertex 13.7202 -7.78333 98.733
      vertex 18.0503 -5.28334 98.733
    endloop
  endfacet
  facet normal -0.378852 0.656953 -0.651831
    outer loop
      vertex 17.3284 -14.0328 102.41
      vertex 21.4496 -11.171 102.899
      vertex 21.4844 -11.2313 102.818
    endloop
  endfacet
  facet normal -0.380128 0.658412 -0.649612
    outer loop
      vertex 21.4496 -11.171 102.899
      vertex 17.3284 -14.0328 102.41
      vertex 17.1194 -13.671 102.899
    endloop
  endfacet
  facet normal -0.486206 0.842148 -0.233216
    outer loop
      vertex 17.6946 -14.6672 100.641
      vertex 21.9497 -12.0372 101.267
      vertex 22.0248 -12.1672 100.641
    endloop
  endfacet
  facet normal -0.486206 0.842148 -0.233216
    outer loop
      vertex 21.9497 -12.0372 101.267
      vertex 17.6946 -14.6672 100.641
      vertex 17.6195 -14.5372 101.267
    endloop
  endfacet
  facet normal 0.866025 0.5 0.000132097
    outer loop
      vertex 16.3034 -12.2575 103.899
      vertex 16.6006 -12.7722 103.653
      vertex 15.6699 -11.1603 104.1
    endloop
  endfacet
  facet normal -0.116554 0.201874 -0.972452
    outer loop
      vertex 16.3034 -12.2575 103.899
      vertex 20.5813 -9.66719 103.924
      vertex 20.6335 -9.75748 103.899
    endloop
  endfacet
  facet normal -0.117343 0.203175 -0.972086
    outer loop
      vertex 20.5813 -9.66719 103.924
      vertex 16.3034 -12.2575 103.899
      vertex 15.9906 -11.7157 104.05
    endloop
  endfacet
  facet normal -0.0391672 0.0678395 -0.996927
    outer loop
      vertex 20.0534 -8.75283 104.092
      vertex 20.3207 -9.21571 104.05
      vertex 15.9906 -11.7157 104.05
    endloop
  endfacet
  facet normal 0.866041 0.499973 0
    outer loop
      vertex 17.6946 -14.6672 100.641
      vertex 16.6006 -12.7722 96.3469
      vertex 16.6006 -12.7722 103.653
    endloop
  endfacet
  facet normal 0.866041 0.499973 0
    outer loop
      vertex 16.6006 -12.7722 96.3469
      vertex 17.6946 -14.6672 100.641
      vertex 17.6946 -14.6672 99.3586
    endloop
  endfacet
  facet normal 0.261157 -0.452334 -0.852755
    outer loop
      vertex 14.7392 -9.54827 103.653
      vertex 18.795 -6.5732 103.317
      vertex 19.0693 -7.04827 103.653
    endloop
  endfacet
  facet normal 0.261157 -0.452334 -0.852755
    outer loop
      vertex 18.795 -6.5732 103.317
      vertex 14.7392 -9.54827 103.653
      vertex 14.4649 -9.0732 103.317
    endloop
  endfacet
  facet normal 0.866009 0.500028 5.63627e-06
    outer loop
      vertex 14.7392 -9.54827 103.653
      vertex 15.0364 -10.063 103.899
      vertex 14.4649 -9.0732 103.317
    endloop
  endfacet
  facet normal 0.380133 -0.658408 -0.649614
    outer loop
      vertex 18.3415 -5.78768 102.41
      vertex 14.2203 -8.64953 102.899
      vertex 14.0114 -8.28767 102.41
    endloop
  endfacet
  facet normal 0.380137 -0.658413 -0.649606
    outer loop
      vertex 14.2203 -8.64953 102.899
      vertex 18.3415 -5.78768 102.41
      vertex 18.5504 -6.14953 102.899
    endloop
  endfacet
  facet normal 0.32476 -0.562497 0.760348
    outer loop
      vertex 18.5504 -6.14953 97.1009
      vertex 14.4649 -9.0732 96.683
      vertex 18.795 -6.5732 96.683
    endloop
  endfacet
  facet normal 0.32476 -0.562497 0.760348
    outer loop
      vertex 14.4649 -9.0732 96.683
      vertex 18.5504 -6.14953 97.1009
      vertex 14.2203 -8.64953 97.1009
    endloop
  endfacet
  facet normal 0.866059 0.499941 4.10725e-05
    outer loop
      vertex 17.4964 -14.324 101.861
      vertex 17.6195 -14.5372 101.267
      vertex 17.1194 -13.671 102.899
    endloop
  endfacet
  facet normal 0.866108 0.499856 0.000101336
    outer loop
      vertex 17.6195 -14.5372 101.267
      vertex 17.6946 -14.6672 100.641
      vertex 17.1194 -13.671 102.899
    endloop
  endfacet
  facet normal 0.865199 0.501427 -0.00120629
    outer loop
      vertex 17.3284 -14.0328 102.41
      vertex 17.4964 -14.324 101.861
      vertex 17.1194 -13.671 102.899
    endloop
  endfacet
  facet normal -0.461927 0.800095 -0.382716
    outer loop
      vertex 21.8266 -11.824 101.861
      vertex 21.9291 -12.0016 101.366
      vertex 17.4964 -14.324 101.861
    endloop
  endfacet
  facet normal -0.380347 0.658776 -0.649116
    outer loop
      vertex 21.4844 -11.2313 102.818
      vertex 21.6585 -11.5328 102.41
      vertex 17.3284 -14.0328 102.41
    endloop
  endfacet
  facet normal -0.117471 0.203465 -0.97201
    outer loop
      vertex 20.3207 -9.21571 104.05
      vertex 20.5813 -9.66719 103.924
      vertex 15.9906 -11.7157 104.05
    endloop
  endfacet
  facet normal -0.261143 0.452321 -0.852766
    outer loop
      vertex 16.8748 -13.2473 103.317
      vertex 20.9307 -10.2722 103.653
      vertex 21.205 -10.7473 103.317
    endloop
  endfacet
  facet normal -0.261165 0.452348 -0.852745
    outer loop
      vertex 20.9307 -10.2722 103.653
      vertex 16.8748 -13.2473 103.317
      vertex 16.6006 -12.7722 103.653
    endloop
  endfacet
  facet normal 0.866093 0.499882 0.000148242
    outer loop
      vertex 80.9506 -124.23 96.3469
      vertex 80.6534 -123.715 96.1007
      vertex 80.3406 -123.173 95.9505
    endloop
  endfacet
  facet normal -0.261178 0.452381 0.852724
    outer loop
      vertex 85.555 -122.205 96.683
      vertex 85.3264 -121.809 96.4029
      vertex 81.2248 -124.705 96.683
    endloop
  endfacet
  facet normal -0.32465 0.56232 -0.760525
    outer loop
      vertex 85.555 -122.205 103.317
      vertex 85.7588 -122.558 102.969
      vertex 81.2248 -124.705 103.317
    endloop
  endfacet
  facet normal 0.866305 0.499513 -0.00116212
    outer loop
      vertex 81.4694 -125.128 97.1009
      vertex 80.9506 -124.23 96.3469
      vertex 80.3406 -123.173 95.9505
    endloop
  endfacet
  facet normal 0.486215 -0.842143 -0.233216
    outer loop
      vertex 82.3252 -116.611 100.641
      vertex 78.0702 -119.241 101.267
      vertex 77.9951 -119.111 100.641
    endloop
  endfacet
  facet normal 0.486215 -0.842143 -0.233216
    outer loop
      vertex 78.0702 -119.241 101.267
      vertex 82.3252 -116.611 100.641
      vertex 82.4003 -116.741 101.267
    endloop
  endfacet
  facet normal 0.865489 0.500925 0.00135365
    outer loop
      vertex 78.8149 -120.531 103.317
      vertex 79.3864 -121.52 103.899
      vertex 78.3614 -119.745 102.41
    endloop
  endfacet
  facet normal 0.261495 -0.45292 -0.85234
    outer loop
      vertex 79.0892 -121.006 103.653
      vertex 83.3736 -118.427 103.597
      vertex 83.4193 -118.506 103.653
    endloop
  endfacet
  facet normal 0.261164 -0.452378 -0.852729
    outer loop
      vertex 83.3736 -118.427 103.597
      vertex 79.0892 -121.006 103.653
      vertex 78.8149 -120.531 103.317
    endloop
  endfacet
  facet normal 0.380029 -0.658226 0.649859
    outer loop
      vertex 82.8656 -117.547 97.1824
      vertex 82.6915 -117.245 97.5901
      vertex 78.3614 -119.745 97.5901
    endloop
  endfacet
  facet normal -0.038884 0.0673486 -0.996972
    outer loop
      vertex 80.3406 -123.173 104.05
      vertex 84.35 -120.118 104.1
      vertex 84.6707 -120.673 104.05
    endloop
  endfacet
  facet normal -0.038884 0.0673486 -0.996972
    outer loop
      vertex 84.35 -120.118 104.1
      vertex 80.3406 -123.173 104.05
      vertex 80.0199 -122.618 104.1
    endloop
  endfacet
  facet normal 0.191213 -0.331321 0.92394
    outer loop
      vertex 83.7165 -119.021 96.1007
      vertex 83.4688 -118.592 96.3058
      vertex 79.3864 -121.52 96.1007
    endloop
  endfacet
  facet normal -0.116695 0.202121 0.972383
    outer loop
      vertex 84.6707 -120.673 95.9505
      vertex 80.6534 -123.715 96.1007
      vertex 84.9835 -121.215 96.1007
    endloop
  endfacet
  facet normal -0.116695 0.202121 0.972383
    outer loop
      vertex 80.6534 -123.715 96.1007
      vertex 84.6707 -120.673 95.9505
      vertex 80.3406 -123.173 95.9505
    endloop
  endfacet
  facet normal 0.866021 0.500008 0
    outer loop
      vertex 80.3406 -123.173 104.05
      vertex 78.3614 -119.745 97.5901
      vertex 78.3614 -119.745 102.41
    endloop
  endfacet
  facet normal 0.866021 0.500008 0
    outer loop
      vertex 78.3614 -119.745 97.5901
      vertex 80.3406 -123.173 104.05
      vertex 80.3406 -123.173 95.9505
    endloop
  endfacet
  facet normal 0.866027 0.499973 0.00499973
    outer loop
      vertex 80.0199 -122.618 104.1
      vertex 80.3406 -123.173 104.05
      vertex 79.6992 -122.062 104.05
    endloop
  endfacet
  facet normal 0.866037 0.499979 0.000609155
    outer loop
      vertex 79.6992 -122.062 104.05
      vertex 80.3406 -123.173 104.05
      vertex 79.3864 -121.52 103.899
    endloop
  endfacet
  facet normal 0.866027 0.499973 -0.00495023
    outer loop
      vertex 80.3406 -123.173 95.9505
      vertex 80.0199 -122.618 95.9
      vertex 79.6992 -122.062 95.9505
    endloop
  endfacet
  facet normal 0.324083 -0.561325 0.761502
    outer loop
      vertex 78.5703 -120.107 97.1009
      vertex 82.9412 -117.678 97.0312
      vertex 82.9004 -117.607 97.1009
    endloop
  endfacet
  facet normal 0.324622 -0.562323 0.760535
    outer loop
      vertex 82.9412 -117.678 97.0312
      vertex 78.5703 -120.107 97.1009
      vertex 78.8149 -120.531 96.683
    endloop
  endfacet
  facet normal 0.865841 0.50032 0
    outer loop
      vertex 78.1933 -119.454 101.861
      vertex 77.9951 -119.111 99.3586
      vertex 77.9951 -119.111 100.641
    endloop
  endfacet
  facet normal 0.865841 0.50032 0
    outer loop
      vertex 77.9951 -119.111 99.3586
      vertex 78.1933 -119.454 101.861
      vertex 78.1933 -119.454 98.1386
    endloop
  endfacet
  facet normal 0.324764 -0.562504 0.760341
    outer loop
      vertex 83.145 -118.031 96.683
      vertex 82.9412 -117.678 97.0312
      vertex 78.8149 -120.531 96.683
    endloop
  endfacet
  facet normal 0.866988 0.49832 -0.0030535
    outer loop
      vertex 81.4694 -125.128 97.1009
      vertex 81.2248 -124.705 96.683
      vertex 80.9506 -124.23 96.3469
    endloop
  endfacet
  facet normal -0.0392704 0.068018 0.996911
    outer loop
      vertex 84.35 -120.118 95.9
      vertex 80.3406 -123.173 95.9505
      vertex 84.6707 -120.673 95.9505
    endloop
  endfacet
  facet normal -0.0392704 0.068018 0.996911
    outer loop
      vertex 80.3406 -123.173 95.9505
      vertex 84.35 -120.118 95.9
      vertex 80.0199 -122.618 95.9
    endloop
  endfacet
  facet normal 0.261495 -0.45292 0.85234
    outer loop
      vertex 83.3736 -118.427 96.4029
      vertex 79.0892 -121.006 96.3469
      vertex 83.4193 -118.506 96.3469
    endloop
  endfacet
  facet normal 0.261223 -0.452475 0.85266
    outer loop
      vertex 79.0892 -121.006 96.3469
      vertex 83.3736 -118.427 96.4029
      vertex 78.8149 -120.531 96.683
    endloop
  endfacet
  facet normal 0.865998 0.500048 4.84013e-05
    outer loop
      vertex 81.8464 -125.781 98.1386
      vertex 81.4694 -125.128 97.1009
      vertex 80.3406 -123.173 95.9505
    endloop
  endfacet
  facet normal 0.866015 0.500018 0
    outer loop
      vertex 81.8464 -125.781 101.861
      vertex 80.3406 -123.173 95.9505
      vertex 80.3406 -123.173 104.05
    endloop
  endfacet
  facet normal 0.866015 0.500018 0
    outer loop
      vertex 80.3406 -123.173 95.9505
      vertex 81.8464 -125.781 101.861
      vertex 81.8464 -125.781 98.1386
    endloop
  endfacet
  facet normal 0.191368 -0.331499 -0.923843
    outer loop
      vertex 79.0892 -121.006 103.653
      vertex 83.4688 -118.592 103.694
      vertex 79.3864 -121.52 103.899
    endloop
  endfacet
  facet normal 0.190938 -0.330713 -0.924214
    outer loop
      vertex 83.4688 -118.592 103.694
      vertex 79.0892 -121.006 103.653
      vertex 83.4193 -118.506 103.653
    endloop
  endfacet
  facet normal 0.866071 0.49992 -0.000244821
    outer loop
      vertex 79.3864 -121.52 103.899
      vertex 80.3406 -123.173 104.05
      vertex 78.3614 -119.745 102.41
    endloop
  endfacet
  facet normal 0.380147 -0.65843 -0.649582
    outer loop
      vertex 82.6915 -117.245 102.41
      vertex 82.8656 -117.547 102.818
      vertex 78.3614 -119.745 102.41
    endloop
  endfacet
  facet normal 0.324656 -0.562317 -0.760525
    outer loop
      vertex 82.9412 -117.678 102.969
      vertex 83.145 -118.031 103.317
      vertex 78.8149 -120.531 103.317
    endloop
  endfacet
  facet normal 0.865121 0.501555 0.00278492
    outer loop
      vertex 79.0892 -121.006 103.653
      vertex 79.3864 -121.52 103.899
      vertex 78.8149 -120.531 103.317
    endloop
  endfacet
  facet normal 0.866071 0.49992 0.000244589
    outer loop
      vertex 80.3406 -123.173 95.9505
      vertex 79.3864 -121.52 96.1007
      vertex 78.3614 -119.745 97.5901
    endloop
  endfacet
  facet normal 0.865908 0.500203 0
    outer loop
      vertex 78.3614 -119.745 102.41
      vertex 78.1933 -119.454 98.1386
      vertex 78.1933 -119.454 101.861
    endloop
  endfacet
  facet normal 0.865908 0.500203 0
    outer loop
      vertex 78.1933 -119.454 98.1386
      vertex 78.3614 -119.745 102.41
      vertex 78.3614 -119.745 97.5901
    endloop
  endfacet
  facet normal 0.461996 -0.800195 0.382425
    outer loop
      vertex 78.1933 -119.454 98.1386
      vertex 82.4003 -116.741 98.733
      vertex 78.0702 -119.241 98.733
    endloop
  endfacet
  facet normal 0.461996 -0.800195 0.382425
    outer loop
      vertex 82.4003 -116.741 98.733
      vertex 78.1933 -119.454 98.1386
      vertex 82.5234 -116.954 98.1386
    endloop
  endfacet
  facet normal 0.46195 -0.800116 -0.382644
    outer loop
      vertex 82.4003 -116.741 101.267
      vertex 78.1933 -119.454 101.861
      vertex 78.0702 -119.241 101.267
    endloop
  endfacet
  facet normal 0.46195 -0.800116 -0.382644
    outer loop
      vertex 78.1933 -119.454 101.861
      vertex 82.4003 -116.741 101.267
      vertex 82.5234 -116.954 101.861
    endloop
  endfacet
  facet normal 0.865489 0.500926 -0.00135407
    outer loop
      vertex 79.3864 -121.52 96.1007
      vertex 78.8149 -120.531 96.683
      vertex 78.3614 -119.745 97.5901
    endloop
  endfacet
  facet normal -0.380153 0.65844 0.649569
    outer loop
      vertex 85.7996 -122.628 97.1009
      vertex 81.6784 -125.49 97.5901
      vertex 86.0085 -122.99 97.5901
    endloop
  endfacet
  facet normal -0.380127 0.658411 0.649614
    outer loop
      vertex 81.6784 -125.49 97.5901
      vertex 85.7996 -122.628 97.1009
      vertex 81.4694 -125.128 97.1009
    endloop
  endfacet
  facet normal -0.326073 0.564784 0.758087
    outer loop
      vertex 85.7588 -122.558 97.0312
      vertex 81.4694 -125.128 97.1009
      vertex 85.7996 -122.628 97.1009
    endloop
  endfacet
  facet normal -0.324923 0.562917 0.759967
    outer loop
      vertex 81.4694 -125.128 97.1009
      vertex 85.7588 -122.558 97.0312
      vertex 81.2248 -124.705 96.683
    endloop
  endfacet
  facet normal -0.191281 0.331307 0.92393
    outer loop
      vertex 84.9835 -121.215 96.1007
      vertex 80.9506 -124.23 96.3469
      vertex 85.2807 -121.73 96.3469
    endloop
  endfacet
  facet normal -0.191281 0.331307 0.92393
    outer loop
      vertex 80.9506 -124.23 96.3469
      vertex 84.9835 -121.215 96.1007
      vertex 80.6534 -123.715 96.1007
    endloop
  endfacet
  facet normal -0.261495 0.45292 0.85234
    outer loop
      vertex 80.9506 -124.23 96.3469
      vertex 85.3264 -121.809 96.4029
      vertex 85.2807 -121.73 96.3469
    endloop
  endfacet
  facet normal -0.261262 0.452492 0.852639
    outer loop
      vertex 85.3264 -121.809 96.4029
      vertex 80.9506 -124.23 96.3469
      vertex 81.2248 -124.705 96.683
    endloop
  endfacet
  facet normal -0.461053 0.799171 0.385689
    outer loop
      vertex 86.1766 -123.281 98.1386
      vertex 81.9695 -125.995 98.733
      vertex 86.1971 -123.317 98.2377
    endloop
  endfacet
  facet normal -0.461749 0.799787 0.383573
    outer loop
      vertex 81.9695 -125.995 98.733
      vertex 86.1766 -123.281 98.1386
      vertex 81.8464 -125.781 98.1386
    endloop
  endfacet
  facet normal -0.486189 0.842119 0.233357
    outer loop
      vertex 86.2997 -123.495 98.733
      vertex 82.0446 -126.125 99.3586
      vertex 86.3748 -123.625 99.3586
    endloop
  endfacet
  facet normal -0.486189 0.842119 0.233357
    outer loop
      vertex 82.0446 -126.125 99.3586
      vertex 86.2997 -123.495 98.733
      vertex 81.9695 -125.995 98.733
    endloop
  endfacet
  facet normal 0.865999 0.500045 -4.6032e-05
    outer loop
      vertex 81.6784 -125.49 102.41
      vertex 81.8464 -125.781 101.861
      vertex 81.4694 -125.128 102.899
    endloop
  endfacet
  facet normal -0.461837 0.799939 0.383149
    outer loop
      vertex 86.2997 -123.495 98.733
      vertex 86.1971 -123.317 98.2377
      vertex 81.9695 -125.995 98.733
    endloop
  endfacet
  facet normal -0.117283 0.203139 -0.972101
    outer loop
      vertex 80.6534 -123.715 103.899
      vertex 84.6707 -120.673 104.05
      vertex 84.9835 -121.215 103.899
    endloop
  endfacet
  facet normal -0.117283 0.203139 -0.972101
    outer loop
      vertex 84.6707 -120.673 104.05
      vertex 80.6534 -123.715 103.899
      vertex 80.3406 -123.173 104.05
    endloop
  endfacet
  facet normal 0.865681 0.500595 0.000103355
    outer loop
      vertex 78.0702 -119.241 101.267
      vertex 78.1933 -119.454 101.861
      vertex 77.9951 -119.111 100.641
    endloop
  endfacet
  facet normal 0.261114 -0.452261 -0.852807
    outer loop
      vertex 83.145 -118.031 103.317
      vertex 83.3736 -118.427 103.597
      vertex 78.8149 -120.531 103.317
    endloop
  endfacet
  facet normal 0.379785 -0.657803 -0.650429
    outer loop
      vertex 78.5703 -120.107 102.899
      vertex 82.8656 -117.547 102.818
      vertex 82.9004 -117.607 102.899
    endloop
  endfacet
  facet normal 0.380105 -0.658317 -0.649723
    outer loop
      vertex 82.8656 -117.547 102.818
      vertex 78.5703 -120.107 102.899
      vertex 78.3614 -119.745 102.41
    endloop
  endfacet
  facet normal 0.117436 -0.203405 -0.972026
    outer loop
      vertex 79.6992 -122.062 104.05
      vertex 83.7165 -119.021 103.899
      vertex 84.0293 -119.562 104.05
    endloop
  endfacet
  facet normal 0.117248 -0.203159 -0.972101
    outer loop
      vertex 83.7165 -119.021 103.899
      vertex 79.6992 -122.062 104.05
      vertex 79.3864 -121.52 103.899
    endloop
  endfacet
  facet normal 0.191133 -0.331183 -0.924005
    outer loop
      vertex 83.4688 -118.592 103.694
      vertex 83.7165 -119.021 103.899
      vertex 79.3864 -121.52 103.899
    endloop
  endfacet
  facet normal 0.116848 -0.202386 0.97231
    outer loop
      vertex 83.7165 -119.021 96.1007
      vertex 79.6992 -122.062 95.9505
      vertex 84.0293 -119.562 95.9505
    endloop
  endfacet
  facet normal 0.11666 -0.202141 0.972383
    outer loop
      vertex 79.6992 -122.062 95.9505
      vertex 83.7165 -119.021 96.1007
      vertex 79.3864 -121.52 96.1007
    endloop
  endfacet
  facet normal 0.866037 0.499979 -0.000612399
    outer loop
      vertex 80.3406 -123.173 95.9505
      vertex 79.6992 -122.062 95.9505
      vertex 79.3864 -121.52 96.1007
    endloop
  endfacet
  facet normal 0.866386 0.499375 0.000438278
    outer loop
      vertex 78.8149 -120.531 96.683
      vertex 78.5703 -120.107 97.1009
      vertex 78.3614 -119.745 97.5901
    endloop
  endfacet
  facet normal 0.380118 -0.658461 0.649569
    outer loop
      vertex 78.5703 -120.107 97.1009
      vertex 82.8656 -117.547 97.1824
      vertex 78.3614 -119.745 97.5901
    endloop
  endfacet
  facet normal 0.380772 -0.659512 0.648118
    outer loop
      vertex 82.8656 -117.547 97.1824
      vertex 78.5703 -120.107 97.1009
      vertex 82.9004 -117.607 97.1009
    endloop
  endfacet
  facet normal 0.426448 -0.738625 -0.522087
    outer loop
      vertex 82.5234 -116.954 101.861
      vertex 78.3614 -119.745 102.41
      vertex 78.1933 -119.454 101.861
    endloop
  endfacet
  facet normal 0.426448 -0.738625 -0.522087
    outer loop
      vertex 78.3614 -119.745 102.41
      vertex 82.5234 -116.954 101.861
      vertex 82.6915 -117.245 102.41
    endloop
  endfacet
  facet normal 0.865681 0.500596 -0.000103608
    outer loop
      vertex 78.1933 -119.454 98.1386
      vertex 78.0702 -119.241 98.733
      vertex 77.9951 -119.111 99.3586
    endloop
  endfacet
  facet normal 0.426342 -0.738442 0.522433
    outer loop
      vertex 78.3614 -119.745 97.5901
      vertex 82.5234 -116.954 98.1386
      vertex 78.1933 -119.454 98.1386
    endloop
  endfacet
  facet normal 0.426342 -0.738442 0.522433
    outer loop
      vertex 82.5234 -116.954 98.1386
      vertex 78.3614 -119.745 97.5901
      vertex 82.6915 -117.245 97.5901
    endloop
  endfacet
  facet normal 0.867757 0.496988 0
    outer loop
      vertex 77.9951 -119.111 100.641
      vertex 77.9951 -119.111 99.3586
      vertex 77.9699 -119.067 100
    endloop
  endfacet
  facet normal 0.486198 -0.842114 0.233357
    outer loop
      vertex 78.0702 -119.241 98.733
      vertex 82.3252 -116.611 99.3586
      vertex 77.9951 -119.111 99.3586
    endloop
  endfacet
  facet normal 0.486198 -0.842114 0.233357
    outer loop
      vertex 82.3252 -116.611 99.3586
      vertex 78.0702 -119.241 98.733
      vertex 82.4003 -116.741 98.733
    endloop
  endfacet
  facet normal 0.865999 0.500045 4.62279e-05
    outer loop
      vertex 81.8464 -125.781 98.1386
      vertex 81.6784 -125.49 97.5901
      vertex 81.4694 -125.128 97.1009
    endloop
  endfacet
  facet normal -0.324758 0.562507 0.760341
    outer loop
      vertex 85.7588 -122.558 97.0312
      vertex 85.555 -122.205 96.683
      vertex 81.2248 -124.705 96.683
    endloop
  endfacet
  facet normal -0.426335 0.738446 0.522433
    outer loop
      vertex 86.0085 -122.99 97.5901
      vertex 81.8464 -125.781 98.1386
      vertex 86.1766 -123.281 98.1386
    endloop
  endfacet
  facet normal -0.426359 0.738472 0.522377
    outer loop
      vertex 81.8464 -125.781 98.1386
      vertex 86.0085 -122.99 97.5901
      vertex 81.6784 -125.49 97.5901
    endloop
  endfacet
  facet normal -0.326877 0.566177 -0.7567
    outer loop
      vertex 81.4694 -125.128 102.899
      vertex 85.7588 -122.558 102.969
      vertex 85.7996 -122.628 102.899
    endloop
  endfacet
  facet normal -0.324931 0.563016 -0.75989
    outer loop
      vertex 85.7588 -122.558 102.969
      vertex 81.4694 -125.128 102.899
      vertex 81.2248 -124.705 103.317
    endloop
  endfacet
  facet normal -0.191148 0.331077 -0.92404
    outer loop
      vertex 80.9506 -124.23 103.653
      vertex 84.9835 -121.215 103.899
      vertex 85.2807 -121.73 103.653
    endloop
  endfacet
  facet normal -0.191148 0.331077 -0.92404
    outer loop
      vertex 84.9835 -121.215 103.899
      vertex 80.9506 -124.23 103.653
      vertex 80.6534 -123.715 103.899
    endloop
  endfacet
  facet normal -0.261208 0.452393 -0.852708
    outer loop
      vertex 80.9506 -124.23 103.653
      vertex 85.3264 -121.809 103.597
      vertex 81.2248 -124.705 103.317
    endloop
  endfacet
  facet normal -0.261495 0.45292 -0.85234
    outer loop
      vertex 85.3264 -121.809 103.597
      vertex 80.9506 -124.23 103.653
      vertex 85.2807 -121.73 103.653
    endloop
  endfacet
  facet normal 0.866093 0.499883 -0.00014963
    outer loop
      vertex 80.6534 -123.715 103.899
      vertex 80.9506 -124.23 103.653
      vertex 80.3406 -123.173 104.05
    endloop
  endfacet
  facet normal -0.46097 0.799059 -0.38602
    outer loop
      vertex 81.9695 -125.995 101.267
      vertex 86.1766 -123.281 101.861
      vertex 86.1971 -123.317 101.762
    endloop
  endfacet
  facet normal -0.461704 0.799708 -0.383793
    outer loop
      vertex 86.1766 -123.281 101.861
      vertex 81.9695 -125.995 101.267
      vertex 81.8464 -125.781 101.861
    endloop
  endfacet
  facet normal 0.324705 -0.562379 -0.760458
    outer loop
      vertex 78.5703 -120.107 102.899
      vertex 82.9412 -117.678 102.969
      vertex 78.8149 -120.531 103.317
    endloop
  endfacet
  facet normal 0.32489 -0.562722 -0.760125
    outer loop
      vertex 82.9412 -117.678 102.969
      vertex 78.5703 -120.107 102.899
      vertex 82.9004 -117.607 102.899
    endloop
  endfacet
  facet normal 0.866386 0.499374 -0.000439225
    outer loop
      vertex 78.5703 -120.107 102.899
      vertex 78.8149 -120.531 103.317
      vertex 78.3614 -119.745 102.41
    endloop
  endfacet
  facet normal 0.0388318 -0.0672583 -0.99698
    outer loop
      vertex 80.0199 -122.618 104.1
      vertex 84.0293 -119.562 104.05
      vertex 84.35 -120.118 104.1
    endloop
  endfacet
  facet normal 0.0388318 -0.0672583 -0.99698
    outer loop
      vertex 84.0293 -119.562 104.05
      vertex 80.0199 -122.618 104.1
      vertex 79.6992 -122.062 104.05
    endloop
  endfacet
  facet normal 0.0392178 -0.0679268 0.996919
    outer loop
      vertex 84.0293 -119.562 95.9505
      vertex 80.0199 -122.618 95.9
      vertex 84.35 -120.118 95.9
    endloop
  endfacet
  facet normal 0.0392178 -0.0679268 0.996919
    outer loop
      vertex 80.0199 -122.618 95.9
      vertex 84.0293 -119.562 95.9505
      vertex 79.6992 -122.062 95.9505
    endloop
  endfacet
  facet normal 0.261182 -0.452378 0.852724
    outer loop
      vertex 83.3736 -118.427 96.4029
      vertex 83.145 -118.031 96.683
      vertex 78.8149 -120.531 96.683
    endloop
  endfacet
  facet normal 0.498447 -0.863331 0.0788079
    outer loop
      vertex 77.9951 -119.111 99.3586
      vertex 82.3 -116.567 100
      vertex 77.9699 -119.067 100
    endloop
  endfacet
  facet normal 0.498447 -0.863331 0.0788079
    outer loop
      vertex 82.3 -116.567 100
      vertex 77.9951 -119.111 99.3586
      vertex 82.3252 -116.611 99.3586
    endloop
  endfacet
  facet normal 0.498445 -0.863327 -0.0788568
    outer loop
      vertex 82.3 -116.567 100
      vertex 77.9951 -119.111 100.641
      vertex 77.9699 -119.067 100
    endloop
  endfacet
  facet normal 0.498445 -0.863327 -0.0788568
    outer loop
      vertex 77.9951 -119.111 100.641
      vertex 82.3 -116.567 100
      vertex 82.3252 -116.611 100.641
    endloop
  endfacet
  facet normal -0.426441 0.738629 -0.522087
    outer loop
      vertex 81.8464 -125.781 101.861
      vertex 86.0085 -122.99 102.41
      vertex 86.1766 -123.281 101.861
    endloop
  endfacet
  facet normal -0.426465 0.738655 -0.522031
    outer loop
      vertex 86.0085 -122.99 102.41
      vertex 81.8464 -125.781 101.861
      vertex 81.6784 -125.49 102.41
    endloop
  endfacet
  facet normal -0.26111 0.452263 -0.852807
    outer loop
      vertex 85.3264 -121.809 103.597
      vertex 85.555 -122.205 103.317
      vertex 81.2248 -124.705 103.317
    endloop
  endfacet
  facet normal 0.868071 0.496439 0.00104638
    outer loop
      vertex 81.9695 -125.995 101.267
      vertex 82.0446 -126.125 100.641
      vertex 81.8464 -125.781 101.861
    endloop
  endfacet
  facet normal 0.865962 0.50011 0
    outer loop
      vertex 81.8464 -125.781 101.861
      vertex 82.0699 -126.168 100
      vertex 81.8464 -125.781 98.1386
    endloop
  endfacet
  facet normal 0.191336 -0.331402 0.923885
    outer loop
      vertex 79.0892 -121.006 96.3469
      vertex 83.4688 -118.592 96.3058
      vertex 83.4193 -118.506 96.3469
    endloop
  endfacet
  facet normal 0.191512 -0.331723 0.923733
    outer loop
      vertex 83.4688 -118.592 96.3058
      vertex 79.0892 -121.006 96.3469
      vertex 79.3864 -121.52 96.1007
    endloop
  endfacet
  facet normal 0.86512 0.501556 -0.00278709
    outer loop
      vertex 79.3864 -121.52 96.1007
      vertex 79.0892 -121.006 96.3469
      vertex 78.8149 -120.531 96.683
    endloop
  endfacet
  facet normal 0.865998 0.500048 -4.83939e-05
    outer loop
      vertex 81.4694 -125.128 102.899
      vertex 81.8464 -125.781 101.861
      vertex 80.3406 -123.173 104.05
    endloop
  endfacet
  facet normal 0.868075 0.496432 -0.00104893
    outer loop
      vertex 82.0446 -126.125 99.3586
      vertex 81.9695 -125.995 98.733
      vertex 81.8464 -125.781 98.1386
    endloop
  endfacet
  facet normal 0.867898 0.496742 0.000932746
    outer loop
      vertex 82.0446 -126.125 100.641
      vertex 82.0699 -126.168 100
      vertex 81.8464 -125.781 101.861
    endloop
  endfacet
  facet normal -0.498498 0.863418 -0.0775181
    outer loop
      vertex 82.0699 -126.168 100
      vertex 86.3748 -123.625 100.641
      vertex 86.4 -123.668 100
    endloop
  endfacet
  facet normal -0.498486 0.863418 -0.0775954
    outer loop
      vertex 86.3748 -123.625 100.641
      vertex 82.0699 -126.168 100
      vertex 82.0446 -126.125 100.641
    endloop
  endfacet
  facet normal -0.380087 0.658327 -0.649723
    outer loop
      vertex 81.6784 -125.49 102.41
      vertex 85.7996 -122.628 102.899
      vertex 86.0085 -122.99 102.41
    endloop
  endfacet
  facet normal -0.380062 0.658297 -0.649768
    outer loop
      vertex 85.7996 -122.628 102.899
      vertex 81.6784 -125.49 102.41
      vertex 81.4694 -125.128 102.899
    endloop
  endfacet
  facet normal -0.4985 0.863421 0.0774701
    outer loop
      vertex 86.3748 -123.625 99.3586
      vertex 82.0699 -126.168 100
      vertex 86.4 -123.668 100
    endloop
  endfacet
  facet normal -0.498488 0.863421 0.0775473
    outer loop
      vertex 82.0699 -126.168 100
      vertex 86.3748 -123.625 99.3586
      vertex 82.0446 -126.125 99.3586
    endloop
  endfacet
  facet normal 0.867896 0.496744 -0.000931981
    outer loop
      vertex 82.0699 -126.168 100
      vertex 82.0446 -126.125 99.3586
      vertex 81.8464 -125.781 98.1386
    endloop
  endfacet
  facet normal -0.486206 0.842148 -0.233216
    outer loop
      vertex 82.0446 -126.125 100.641
      vertex 86.2997 -123.495 101.267
      vertex 86.3748 -123.625 100.641
    endloop
  endfacet
  facet normal -0.486206 0.842148 -0.233216
    outer loop
      vertex 86.2997 -123.495 101.267
      vertex 82.0446 -126.125 100.641
      vertex 81.9695 -125.995 101.267
    endloop
  endfacet
  facet normal -0.461796 0.799868 -0.383347
    outer loop
      vertex 86.1971 -123.317 101.762
      vertex 86.2997 -123.495 101.267
      vertex 81.9695 -125.995 101.267
    endloop
  endfacet
  facet normal 0.866986 0.498323 0.00304863
    outer loop
      vertex 81.2248 -124.705 103.317
      vertex 81.4694 -125.128 102.899
      vertex 80.9506 -124.23 103.653
    endloop
  endfacet
  facet normal 0.866306 0.499512 0.00116354
    outer loop
      vertex 80.9506 -124.23 103.653
      vertex 81.4694 -125.128 102.899
      vertex 80.3406 -123.173 104.05
    endloop
  endfacet
  facet normal 0.865769 0.500444 0
    outer loop
      vertex 77.6055 -115.236 108
      vertex 77.4055 -114.89 95.5125
      vertex 77.4055 -114.89 108
    endloop
  endfacet
  facet normal 0.865769 0.500444 -0
    outer loop
      vertex 77.6055 -115.236 88.5943
      vertex 77.4055 -114.89 95.5125
      vertex 77.6055 -115.236 108
    endloop
  endfacet
  facet normal 0.865769 0.500444 0
    outer loop
      vertex 77.4055 -114.89 95.5125
      vertex 77.6055 -115.236 88.5943
      vertex 77.4055 -114.89 88.5943
    endloop
  endfacet
  facet normal 0.866082 0.499903 -0
    outer loop
      vertex 21.0555 -17.2885 88.6043
      vertex 20.8555 -16.942 108
      vertex 21.0555 -17.2885 108
    endloop
  endfacet
  facet normal 0.866082 0.499903 0
    outer loop
      vertex 20.8555 -16.942 108
      vertex 21.0555 -17.2885 88.6043
      vertex 20.8555 -16.942 88.5943
    endloop
  endfacet
  facet normal 0.866082 0.499903 0
    outer loop
      vertex 20.8555 -16.942 88.5943
      vertex 21.0555 -17.2885 88.6043
      vertex 21.0555 -17.2885 88.5943
    endloop
  endfacet
  facet normal 0 0 0
    outer loop
      vertex 20.8555 -16.942 88.5943
      vertex 20.8555 -16.942 124.65
      vertex 20.8555 -16.942 108
    endloop
  endfacet
  facet normal 0.500011 -0.866019 0
    outer loop
      vertex 20.8555 -16.942 124.65
      vertex 21.5916 -16.517 108
      vertex 21.5916 -16.517 124.65
    endloop
  endfacet
  facet normal 0.500011 -0.866019 0
    outer loop
      vertex 21.5916 -16.517 108
      vertex 21.7215 -16.442 89.596
      vertex 21.7215 -16.442 108
    endloop
  endfacet
  facet normal 0.500011 -0.866019 0
    outer loop
      vertex 20.8555 -16.942 88.5943
      vertex 21.5916 -16.517 108
      vertex 20.8555 -16.942 124.65
    endloop
  endfacet
  facet normal 0.500011 -0.866019 1.42115e-17
    outer loop
      vertex 21.5916 -16.517 108
      vertex 20.8555 -16.942 88.5943
      vertex 21.7215 -16.442 89.596
    endloop
  endfacet
  facet normal 0.499993 -0.866029 0
    outer loop
      vertex 21.7215 -16.442 108
      vertex 23.8 -15.242 116.4
      vertex 21.7215 -16.442 116.4
    endloop
  endfacet
  facet normal 0.499993 -0.866029 0
    outer loop
      vertex 21.7215 -16.442 89.596
      vertex 23.8 -15.242 116.4
      vertex 21.7215 -16.442 108
    endloop
  endfacet
  facet normal 0.499993 -0.866029 0
    outer loop
      vertex 23.8 -15.242 42.225
      vertex 21.7215 -16.442 89.596
      vertex 21.7215 -16.442 42.225
    endloop
  endfacet
  facet normal 0.499993 -0.866029 0
    outer loop
      vertex 21.7215 -16.442 89.596
      vertex 23.8 -15.242 42.225
      vertex 23.8 -15.242 116.4
    endloop
  endfacet
  facet normal 0 0 1
    outer loop
      vertex 23.8 -15.242 42.225
      vertex 78.4715 -114.736 42.225
      vertex 80.55 -113.536 42.225
    endloop
  endfacet
  facet normal 0 0 1
    outer loop
      vertex 78.4715 -114.736 42.225
      vertex 23.8 -15.242 42.225
      vertex 21.7215 -16.442 42.225
    endloop
  endfacet
  facet normal -0.499993 0.866029 0
    outer loop
      vertex 80.55 -113.536 116.4
      vertex 78.4715 -114.736 108
      vertex 78.4715 -114.736 116.4
    endloop
  endfacet
  facet normal -0.500011 0.866019 0
    outer loop
      vertex 78.4715 -114.736 108
      vertex 78.4715 -114.736 89.596
      vertex 77.6055 -115.236 108
    endloop
  endfacet
  facet normal -0.499993 0.866029 0
    outer loop
      vertex 80.55 -113.536 116.4
      vertex 78.4715 -114.736 89.596
      vertex 78.4715 -114.736 108
    endloop
  endfacet
  facet normal -0.499993 0.866029 0
    outer loop
      vertex 80.55 -113.536 42.225
      vertex 78.4715 -114.736 89.596
      vertex 80.55 -113.536 116.4
    endloop
  endfacet
  facet normal -0.499993 0.866029 0
    outer loop
      vertex 78.4715 -114.736 89.596
      vertex 80.55 -113.536 42.225
      vertex 78.4715 -114.736 42.225
    endloop
  endfacet
  facet normal -0.500011 0.866019 0
    outer loop
      vertex 77.6055 -115.236 108
      vertex 78.4715 -114.736 89.596
      vertex 77.6055 -115.236 88.5943
    endloop
  endfacet
  facet normal 0.923914 -0 0.382599
    outer loop
      vertex 14.5384 -138.778 113.001
      vertex 15.1989 -136.178 111.406
      vertex 14.5384 -136.178 113.001
    endloop
  endfacet
  facet normal 0.923914 0 0.382599
    outer loop
      vertex 15.1989 -136.178 111.406
      vertex 14.5384 -138.778 113.001
      vertex 15.1989 -138.778 111.406
    endloop
  endfacet
  facet normal -0.233474 0 0.972363
    outer loop
      vertex 26.7208 -136.178 105.535
      vertex 28.3992 -138.778 105.938
      vertex 28.3992 -136.178 105.938
    endloop
  endfacet
  facet normal -0.233474 0 0.972363
    outer loop
      vertex 28.3992 -138.778 105.938
      vertex 26.7208 -136.178 105.535
      vertex 26.7208 -138.778 105.535
    endloop
  endfacet
  facet normal -0.0782116 0 0.996937
    outer loop
      vertex 25 -136.178 105.4
      vertex 26.7208 -138.778 105.535
      vertex 26.7208 -136.178 105.535
    endloop
  endfacet
  facet normal -0.0782116 0 0.996937
    outer loop
      vertex 26.7208 -138.778 105.535
      vertex 25 -136.178 105.4
      vertex 25 -138.778 105.4
    endloop
  endfacet
  facet normal -0.382771 0 -0.923843
    outer loop
      vertex 29.5136 -137.028 126.4
      vertex 29.9939 -136.178 126.201
      vertex 29.9939 -137.028 126.201
    endloop
  endfacet
  facet normal -0.382771 0 -0.923843
    outer loop
      vertex 29.9939 -136.178 126.201
      vertex 29.5136 -137.028 126.4
      vertex 29.5136 -136.178 126.4
    endloop
  endfacet
  facet normal -0.923914 0 -0.382599
    outer loop
      vertex 35.4616 -137.028 119.799
      vertex 34.8011 -136.178 121.394
      vertex 35.4616 -136.178 119.799
    endloop
  endfacet
  facet normal -0.923914 -0 -0.382599
    outer loop
      vertex 34.8011 -136.178 121.394
      vertex 35.4616 -137.028 119.799
      vertex 34.8011 -137.028 121.394
    endloop
  endfacet
  facet normal -0.996919 0 0.0784328
    outer loop
      vertex 35.8646 -136.178 114.679
      vertex 36 -137.028 116.4
      vertex 36 -136.178 116.4
    endloop
  endfacet
  facet normal -0.996919 0 0.0784328
    outer loop
      vertex 35.8646 -138.778 114.679
      vertex 36 -137.028 116.4
      vertex 35.8646 -136.178 114.679
    endloop
  endfacet
  facet normal -0.996919 0 0.0784328
    outer loop
      vertex 36 -137.028 116.4
      vertex 35.8646 -138.778 114.679
      vertex 36 -138.778 116.4
    endloop
  endfacet
  facet normal 0.97235 0 -0.233526
    outer loop
      vertex 14.5384 -137.028 119.799
      vertex 14.1354 -136.178 118.121
      vertex 14.5384 -136.178 119.799
    endloop
  endfacet
  facet normal 0.97235 0 -0.233526
    outer loop
      vertex 14.1354 -136.178 118.121
      vertex 14.5384 -137.028 119.799
      vertex 14.1354 -137.028 118.121
    endloop
  endfacet
  facet normal -0.760278 0 0.649598
    outer loop
      vertex 32.7782 -138.778 108.622
      vertex 33.8992 -136.178 109.934
      vertex 32.7782 -136.178 108.622
    endloop
  endfacet
  facet normal -0.760278 0 0.649598
    outer loop
      vertex 33.8992 -136.178 109.934
      vertex 32.7782 -138.778 108.622
      vertex 33.8992 -138.778 109.934
    endloop
  endfacet
  facet normal 0.382771 0 -0.923843
    outer loop
      vertex 20.0061 -137.028 126.201
      vertex 20.4864 -136.178 126.4
      vertex 20.4864 -137.028 126.4
    endloop
  endfacet
  facet normal 0.382771 0 -0.923843
    outer loop
      vertex 20.4864 -136.178 126.4
      vertex 20.0061 -137.028 126.201
      vertex 20.0061 -136.178 126.201
    endloop
  endfacet
  facet normal -0.97235 0 -0.233526
    outer loop
      vertex 35.8646 -137.028 118.121
      vertex 35.4616 -136.178 119.799
      vertex 35.8646 -136.178 118.121
    endloop
  endfacet
  facet normal -0.97235 -0 -0.233526
    outer loop
      vertex 35.4616 -136.178 119.799
      vertex 35.8646 -137.028 118.121
      vertex 35.4616 -137.028 119.799
    endloop
  endfacet
  facet normal -0.760278 0 -0.649598
    outer loop
      vertex 33.8992 -137.028 122.866
      vertex 32.7782 -136.178 124.178
      vertex 33.8992 -136.178 122.866
    endloop
  endfacet
  facet normal -0.760278 -0 -0.649598
    outer loop
      vertex 32.7782 -136.178 124.178
      vertex 33.8992 -137.028 122.866
      vertex 32.7782 -137.028 124.178
    endloop
  endfacet
  facet normal 0.382908 0 0.923787
    outer loop
      vertex 20.0061 -136.178 106.599
      vertex 21.6008 -138.778 105.938
      vertex 21.6008 -136.178 105.938
    endloop
  endfacet
  facet normal 0.382908 0 0.923787
    outer loop
      vertex 21.6008 -138.778 105.938
      vertex 20.0061 -136.178 106.599
      vertex 20.0061 -138.778 106.599
    endloop
  endfacet
  facet normal 0.97235 -0 0.233526
    outer loop
      vertex 14.1354 -138.778 114.679
      vertex 14.5384 -136.178 113.001
      vertex 14.1354 -136.178 114.679
    endloop
  endfacet
  facet normal 0.97235 0 0.233526
    outer loop
      vertex 14.5384 -136.178 113.001
      vertex 14.1354 -138.778 114.679
      vertex 14.5384 -138.778 113.001
    endloop
  endfacet
  facet normal -0.649426 0 -0.760425
    outer loop
      vertex 31.4656 -137.028 125.299
      vertex 32.7782 -136.178 124.178
      vertex 32.7782 -137.028 124.178
    endloop
  endfacet
  facet normal -0.649426 0 -0.760425
    outer loop
      vertex 32.7782 -136.178 124.178
      vertex 31.4656 -137.028 125.299
      vertex 31.4656 -136.178 125.299
    endloop
  endfacet
  facet normal -0.522558 0 -0.852604
    outer loop
      vertex 29.9939 -137.028 126.201
      vertex 31.4656 -136.178 125.299
      vertex 31.4656 -137.028 125.299
    endloop
  endfacet
  facet normal -0.522558 0 -0.852604
    outer loop
      vertex 31.4656 -136.178 125.299
      vertex 29.9939 -137.028 126.201
      vertex 29.9939 -136.178 126.201
    endloop
  endfacet
  facet normal 0.852677 -0 0.522438
    outer loop
      vertex 15.1989 -138.778 111.406
      vertex 16.1008 -136.178 109.934
      vertex 15.1989 -136.178 111.406
    endloop
  endfacet
  facet normal 0.852677 0 0.522438
    outer loop
      vertex 16.1008 -136.178 109.934
      vertex 15.1989 -138.778 111.406
      vertex 16.1008 -138.778 109.934
    endloop
  endfacet
  facet normal 0.649426 0 0.760425
    outer loop
      vertex 17.2218 -136.178 108.622
      vertex 18.5344 -138.778 107.501
      vertex 18.5344 -136.178 107.501
    endloop
  endfacet
  facet normal 0.649426 0 0.760425
    outer loop
      vertex 18.5344 -138.778 107.501
      vertex 17.2218 -136.178 108.622
      vertex 17.2218 -138.778 108.622
    endloop
  endfacet
  facet normal 0.852677 0 -0.522438
    outer loop
      vertex 16.1008 -137.028 122.866
      vertex 15.1989 -136.178 121.394
      vertex 16.1008 -136.178 122.866
    endloop
  endfacet
  facet normal 0.852677 0 -0.522438
    outer loop
      vertex 15.1989 -136.178 121.394
      vertex 16.1008 -137.028 122.866
      vertex 15.1989 -137.028 121.394
    endloop
  endfacet
  facet normal 0.522558 0 -0.852604
    outer loop
      vertex 18.5344 -137.028 125.299
      vertex 20.0061 -136.178 126.201
      vertex 20.0061 -137.028 126.201
    endloop
  endfacet
  facet normal 0.522558 0 -0.852604
    outer loop
      vertex 20.0061 -136.178 126.201
      vertex 18.5344 -137.028 125.299
      vertex 18.5344 -136.178 125.299
    endloop
  endfacet
  facet normal -0.97235 0 0.233526
    outer loop
      vertex 35.4616 -138.778 113.001
      vertex 35.8646 -136.178 114.679
      vertex 35.4616 -136.178 113.001
    endloop
  endfacet
  facet normal -0.97235 0 0.233526
    outer loop
      vertex 35.8646 -136.178 114.679
      vertex 35.4616 -138.778 113.001
      vertex 35.8646 -138.778 114.679
    endloop
  endfacet
  facet normal -0.649426 0 0.760425
    outer loop
      vertex 31.4656 -136.178 107.501
      vertex 32.7782 -138.778 108.622
      vertex 32.7782 -136.178 108.622
    endloop
  endfacet
  facet normal -0.649426 0 0.760425
    outer loop
      vertex 32.7782 -138.778 108.622
      vertex 31.4656 -136.178 107.501
      vertex 31.4656 -138.778 107.501
    endloop
  endfacet
  facet normal 0.923914 0 -0.382599
    outer loop
      vertex 15.1989 -137.028 121.394
      vertex 14.5384 -136.178 119.799
      vertex 15.1989 -136.178 121.394
    endloop
  endfacet
  facet normal 0.923914 0 -0.382599
    outer loop
      vertex 14.5384 -136.178 119.799
      vertex 15.1989 -137.028 121.394
      vertex 14.5384 -137.028 119.799
    endloop
  endfacet
  facet normal 0.996919 -0 0.0784328
    outer loop
      vertex 14 -137.028 116.4
      vertex 14.1354 -136.178 114.679
      vertex 14 -136.178 116.4
    endloop
  endfacet
  facet normal 0.996919 0 0.0784328
    outer loop
      vertex 14.1354 -138.778 114.679
      vertex 14 -137.028 116.4
      vertex 14 -138.778 116.4
    endloop
  endfacet
  facet normal 0.996919 0 0.0784328
    outer loop
      vertex 14 -137.028 116.4
      vertex 14.1354 -138.778 114.679
      vertex 14.1354 -136.178 114.679
    endloop
  endfacet
  facet normal 0.996919 0 -0.0784328
    outer loop
      vertex 14.1354 -137.028 118.121
      vertex 14 -136.178 116.4
      vertex 14.1354 -136.178 118.121
    endloop
  endfacet
  facet normal 0.996919 0 -0.0784328
    outer loop
      vertex 14 -136.178 116.4
      vertex 14.1354 -137.028 118.121
      vertex 14 -137.028 116.4
    endloop
  endfacet
  facet normal 0.522558 0 0.852604
    outer loop
      vertex 18.5344 -136.178 107.501
      vertex 20.0061 -138.778 106.599
      vertex 20.0061 -136.178 106.599
    endloop
  endfacet
  facet normal 0.522558 0 0.852604
    outer loop
      vertex 20.0061 -138.778 106.599
      vertex 18.5344 -136.178 107.501
      vertex 18.5344 -138.778 107.501
    endloop
  endfacet
  facet normal 0.760278 -0 0.649598
    outer loop
      vertex 16.1008 -138.778 109.934
      vertex 17.2218 -136.178 108.622
      vertex 16.1008 -136.178 109.934
    endloop
  endfacet
  facet normal 0.760278 0 0.649598
    outer loop
      vertex 17.2218 -136.178 108.622
      vertex 16.1008 -138.778 109.934
      vertex 17.2218 -138.778 108.622
    endloop
  endfacet
  facet normal -0.382908 0 0.923787
    outer loop
      vertex 28.3992 -136.178 105.938
      vertex 29.9939 -138.778 106.599
      vertex 29.9939 -136.178 106.599
    endloop
  endfacet
  facet normal -0.382908 0 0.923787
    outer loop
      vertex 29.9939 -138.778 106.599
      vertex 28.3992 -136.178 105.938
      vertex 28.3992 -138.778 105.938
    endloop
  endfacet
  facet normal 0.233474 0 0.972363
    outer loop
      vertex 21.6008 -136.178 105.938
      vertex 23.2792 -138.778 105.535
      vertex 23.2792 -136.178 105.535
    endloop
  endfacet
  facet normal 0.233474 0 0.972363
    outer loop
      vertex 23.2792 -138.778 105.535
      vertex 21.6008 -136.178 105.938
      vertex 21.6008 -138.778 105.938
    endloop
  endfacet
  facet normal -0.923914 0 0.382599
    outer loop
      vertex 34.8011 -138.778 111.406
      vertex 35.4616 -136.178 113.001
      vertex 34.8011 -136.178 111.406
    endloop
  endfacet
  facet normal -0.923914 0 0.382599
    outer loop
      vertex 35.4616 -136.178 113.001
      vertex 34.8011 -138.778 111.406
      vertex 35.4616 -138.778 113.001
    endloop
  endfacet
  facet normal 0.649426 0 -0.760425
    outer loop
      vertex 17.2218 -137.028 124.178
      vertex 18.5344 -136.178 125.299
      vertex 18.5344 -137.028 125.299
    endloop
  endfacet
  facet normal 0.649426 0 -0.760425
    outer loop
      vertex 18.5344 -136.178 125.299
      vertex 17.2218 -137.028 124.178
      vertex 17.2218 -136.178 124.178
    endloop
  endfacet
  facet normal 0.760278 0 -0.649598
    outer loop
      vertex 17.2218 -137.028 124.178
      vertex 16.1008 -136.178 122.866
      vertex 17.2218 -136.178 124.178
    endloop
  endfacet
  facet normal 0.760278 0 -0.649598
    outer loop
      vertex 16.1008 -136.178 122.866
      vertex 17.2218 -137.028 124.178
      vertex 16.1008 -137.028 122.866
    endloop
  endfacet
  facet normal -0.522558 0 0.852604
    outer loop
      vertex 29.9939 -136.178 106.599
      vertex 31.4656 -138.778 107.501
      vertex 31.4656 -136.178 107.501
    endloop
  endfacet
  facet normal -0.522558 0 0.852604
    outer loop
      vertex 31.4656 -138.778 107.501
      vertex 29.9939 -136.178 106.599
      vertex 29.9939 -138.778 106.599
    endloop
  endfacet
  facet normal -0.852677 0 -0.522438
    outer loop
      vertex 34.8011 -137.028 121.394
      vertex 33.8992 -136.178 122.866
      vertex 34.8011 -136.178 121.394
    endloop
  endfacet
  facet normal -0.852677 -0 -0.522438
    outer loop
      vertex 33.8992 -136.178 122.866
      vertex 34.8011 -137.028 121.394
      vertex 33.8992 -137.028 122.866
    endloop
  endfacet
  facet normal -0.852677 0 0.522438
    outer loop
      vertex 33.8992 -138.778 109.934
      vertex 34.8011 -136.178 111.406
      vertex 33.8992 -136.178 109.934
    endloop
  endfacet
  facet normal -0.852677 0 0.522438
    outer loop
      vertex 34.8011 -136.178 111.406
      vertex 33.8992 -138.778 109.934
      vertex 34.8011 -138.778 111.406
    endloop
  endfacet
  facet normal -0.996919 0 -0.0784328
    outer loop
      vertex 36 -137.028 116.4
      vertex 35.8646 -136.178 118.121
      vertex 36 -136.178 116.4
    endloop
  endfacet
  facet normal -0.996919 -0 -0.0784328
    outer loop
      vertex 35.8646 -136.178 118.121
      vertex 36 -137.028 116.4
      vertex 35.8646 -137.028 118.121
    endloop
  endfacet
  facet normal 0.0782116 0 0.996937
    outer loop
      vertex 23.2792 -136.178 105.535
      vertex 25 -138.778 105.4
      vertex 25 -136.178 105.4
    endloop
  endfacet
  facet normal 0.0782116 0 0.996937
    outer loop
      vertex 25 -138.778 105.4
      vertex 23.2792 -136.178 105.535
      vertex 23.2792 -138.778 105.535
    endloop
  endfacet
  facet normal 0 -1 0
    outer loop
      vertex 18.5344 -136.178 125.299
      vertex 20.4864 -136.178 126.4
      vertex 20.0061 -136.178 126.201
    endloop
  endfacet
  facet normal 0 -1 0
    outer loop
      vertex 17.2218 -136.178 124.178
      vertex 20.4864 -136.178 126.4
      vertex 18.5344 -136.178 125.299
    endloop
  endfacet
  facet normal 0 -1 -0
    outer loop
      vertex 20.4864 -136.178 126.4
      vertex 17.2218 -136.178 124.178
      vertex 29.5136 -136.178 126.4
    endloop
  endfacet
  facet normal 0 -1 0
    outer loop
      vertex 29.5136 -136.178 126.4
      vertex 31.4656 -136.178 125.299
      vertex 29.9939 -136.178 126.201
    endloop
  endfacet
  facet normal 0 -1 0
    outer loop
      vertex 32.7782 -136.178 124.178
      vertex 29.5136 -136.178 126.4
      vertex 17.2218 -136.178 124.178
    endloop
  endfacet
  facet normal 0 -1 0
    outer loop
      vertex 29.5136 -136.178 126.4
      vertex 32.7782 -136.178 124.178
      vertex 31.4656 -136.178 125.299
    endloop
  endfacet
  facet normal 0 -1 0
    outer loop
      vertex 16.1008 -136.178 122.866
      vertex 32.7782 -136.178 124.178
      vertex 17.2218 -136.178 124.178
    endloop
  endfacet
  facet normal 0 -1 0
    outer loop
      vertex 16.1008 -136.178 122.866
      vertex 33.8992 -136.178 122.866
      vertex 32.7782 -136.178 124.178
    endloop
  endfacet
  facet normal 0 -1 0
    outer loop
      vertex 15.1989 -136.178 121.394
      vertex 33.8992 -136.178 122.866
      vertex 16.1008 -136.178 122.866
    endloop
  endfacet
  facet normal 0 -1 0
    outer loop
      vertex 15.1989 -136.178 121.394
      vertex 34.8011 -136.178 121.394
      vertex 33.8992 -136.178 122.866
    endloop
  endfacet
  facet normal 0 -1 0
    outer loop
      vertex 14.5384 -136.178 119.799
      vertex 34.8011 -136.178 121.394
      vertex 15.1989 -136.178 121.394
    endloop
  endfacet
  facet normal 0 -1 0
    outer loop
      vertex 14.5384 -136.178 119.799
      vertex 35.4616 -136.178 119.799
      vertex 34.8011 -136.178 121.394
    endloop
  endfacet
  facet normal 0 -1 0
    outer loop
      vertex 14.1354 -136.178 118.121
      vertex 35.4616 -136.178 119.799
      vertex 14.5384 -136.178 119.799
    endloop
  endfacet
  facet normal 0 -1 0
    outer loop
      vertex 14.1354 -136.178 118.121
      vertex 35.8646 -136.178 118.121
      vertex 35.4616 -136.178 119.799
    endloop
  endfacet
  facet normal 0 -1 0
    outer loop
      vertex 14 -136.178 116.4
      vertex 35.8646 -136.178 118.121
      vertex 14.1354 -136.178 118.121
    endloop
  endfacet
  facet normal 0 -1 0
    outer loop
      vertex 14 -136.178 116.4
      vertex 36 -136.178 116.4
      vertex 35.8646 -136.178 118.121
    endloop
  endfacet
  facet normal 0 -1 0
    outer loop
      vertex 14.1354 -136.178 114.679
      vertex 36 -136.178 116.4
      vertex 14 -136.178 116.4
    endloop
  endfacet
  facet normal 0 -1 0
    outer loop
      vertex 14.1354 -136.178 114.679
      vertex 35.8646 -136.178 114.679
      vertex 36 -136.178 116.4
    endloop
  endfacet
  facet normal 0 -1 0
    outer loop
      vertex 14.5384 -136.178 113.001
      vertex 35.8646 -136.178 114.679
      vertex 14.1354 -136.178 114.679
    endloop
  endfacet
  facet normal 0 -1 0
    outer loop
      vertex 14.5384 -136.178 113.001
      vertex 35.4616 -136.178 113.001
      vertex 35.8646 -136.178 114.679
    endloop
  endfacet
  facet normal 0 -1 0
    outer loop
      vertex 15.1989 -136.178 111.406
      vertex 35.4616 -136.178 113.001
      vertex 14.5384 -136.178 113.001
    endloop
  endfacet
  facet normal 0 -1 0
    outer loop
      vertex 15.1989 -136.178 111.406
      vertex 34.8011 -136.178 111.406
      vertex 35.4616 -136.178 113.001
    endloop
  endfacet
  facet normal 0 -1 0
    outer loop
      vertex 16.1008 -136.178 109.934
      vertex 34.8011 -136.178 111.406
      vertex 15.1989 -136.178 111.406
    endloop
  endfacet
  facet normal 0 -1 0
    outer loop
      vertex 16.1008 -136.178 109.934
      vertex 33.8992 -136.178 109.934
      vertex 34.8011 -136.178 111.406
    endloop
  endfacet
  facet normal 0 -1 0
    outer loop
      vertex 17.2218 -136.178 108.622
      vertex 33.8992 -136.178 109.934
      vertex 16.1008 -136.178 109.934
    endloop
  endfacet
  facet normal 0 -1 0
    outer loop
      vertex 17.2218 -136.178 108.622
      vertex 32.7782 -136.178 108.622
      vertex 33.8992 -136.178 109.934
    endloop
  endfacet
  facet normal 0 -1 0
    outer loop
      vertex 18.5344 -136.178 107.501
      vertex 32.7782 -136.178 108.622
      vertex 17.2218 -136.178 108.622
    endloop
  endfacet
  facet normal 0 -1 0
    outer loop
      vertex 18.5344 -136.178 107.501
      vertex 31.4656 -136.178 107.501
      vertex 32.7782 -136.178 108.622
    endloop
  endfacet
  facet normal 0 -1 0
    outer loop
      vertex 20.0061 -136.178 106.599
      vertex 31.4656 -136.178 107.501
      vertex 18.5344 -136.178 107.501
    endloop
  endfacet
  facet normal 0 -1 0
    outer loop
      vertex 20.0061 -136.178 106.599
      vertex 29.9939 -136.178 106.599
      vertex 31.4656 -136.178 107.501
    endloop
  endfacet
  facet normal 0 -1 0
    outer loop
      vertex 21.6008 -136.178 105.938
      vertex 29.9939 -136.178 106.599
      vertex 20.0061 -136.178 106.599
    endloop
  endfacet
  facet normal 0 -1 0
    outer loop
      vertex 21.6008 -136.178 105.938
      vertex 28.3992 -136.178 105.938
      vertex 29.9939 -136.178 106.599
    endloop
  endfacet
  facet normal 0 -1 0
    outer loop
      vertex 23.2792 -136.178 105.535
      vertex 28.3992 -136.178 105.938
      vertex 21.6008 -136.178 105.938
    endloop
  endfacet
  facet normal 0 -1 0
    outer loop
      vertex 23.2792 -136.178 105.535
      vertex 26.7208 -136.178 105.535
      vertex 28.3992 -136.178 105.938
    endloop
  endfacet
  facet normal -0 -1 0
    outer loop
      vertex 26.7208 -136.178 105.535
      vertex 23.2792 -136.178 105.535
      vertex 25 -136.178 105.4
    endloop
  endfacet
  facet normal 0 0 -1
    outer loop
      vertex -89.35 -128.778 3.8147e-07
      vertex -5 -138.778 3.8147e-07
      vertex -79.35 -138.778 3.8147e-07
    endloop
  endfacet
  facet normal 0 0 -1
    outer loop
      vertex -5 -138.778 3.8147e-07
      vertex -89.35 -128.778 3.8147e-07
      vertex -5 17.3205 3.8147e-07
    endloop
  endfacet
  facet normal 1 0 0
    outer loop
      vertex -5 -126.778 116.4
      vertex -5 -138.778 116.4
      vertex -5 -126.778 12
    endloop
  endfacet
  facet normal 1 0 0
    outer loop
      vertex -5 5.32051 12
      vertex -5 17.3205 116.4
      vertex -5 5.32051 116.4
    endloop
  endfacet
  facet normal 1 0 0
    outer loop
      vertex -5 17.3205 116.4
      vertex -5 5.32051 12
      vertex -5 17.3205 3.8147e-07
    endloop
  endfacet
  facet normal 1 -0 0
    outer loop
      vertex -5 -126.778 12
      vertex -5 17.3205 3.8147e-07
      vertex -5 5.32051 12
    endloop
  endfacet
  facet normal 1 0 0
    outer loop
      vertex -5 -126.778 12
      vertex -5 -138.778 3.8147e-07
      vertex -5 17.3205 3.8147e-07
    endloop
  endfacet
  facet normal 1 0 0
    outer loop
      vertex -5 -138.778 3.8147e-07
      vertex -5 -126.778 12
      vertex -5 -138.778 116.4
    endloop
  endfacet
  facet normal -0.707107 -0.707107 0
    outer loop
      vertex -79.35 -138.778 3.8147e-07
      vertex -89.35 -128.778 116.4
      vertex -89.35 -128.778 3.8147e-07
    endloop
  endfacet
  facet normal -0.707107 -0.707107 0
    outer loop
      vertex -89.35 -128.778 116.4
      vertex -79.35 -138.778 3.8147e-07
      vertex -79.35 -138.778 116.4
    endloop
  endfacet
  facet normal 0 -1 0
    outer loop
      vertex -79.35 -138.778 116.4
      vertex -35.8646 -138.778 114.679
      vertex -36 -138.778 116.4
    endloop
  endfacet
  facet normal 0 -1 0
    outer loop
      vertex -79.35 -138.778 116.4
      vertex -35.4616 -138.778 113.001
      vertex -35.8646 -138.778 114.679
    endloop
  endfacet
  facet normal 0 -1 0
    outer loop
      vertex -79.35 -138.778 116.4
      vertex -34.8011 -138.778 111.406
      vertex -35.4616 -138.778 113.001
    endloop
  endfacet
  facet normal 0 -1 0
    outer loop
      vertex -79.35 -138.778 116.4
      vertex -33.8992 -138.778 109.934
      vertex -34.8011 -138.778 111.406
    endloop
  endfacet
  facet normal 0 -1 0
    outer loop
      vertex -79.35 -138.778 116.4
      vertex -32.7782 -138.778 108.622
      vertex -33.8992 -138.778 109.934
    endloop
  endfacet
  facet normal 0 -1 0
    outer loop
      vertex -79.35 -138.778 116.4
      vertex -31.4656 -138.778 107.501
      vertex -32.7782 -138.778 108.622
    endloop
  endfacet
  facet normal 0 -1 0
    outer loop
      vertex -79.35 -138.778 3.8147e-07
      vertex -31.4656 -138.778 107.501
      vertex -79.35 -138.778 116.4
    endloop
  endfacet
  facet normal 0 -1 -0
    outer loop
      vertex -31.4656 -138.778 107.501
      vertex -79.35 -138.778 3.8147e-07
      vertex -29.9939 -138.778 106.599
    endloop
  endfacet
  facet normal 0 -1 -0
    outer loop
      vertex -29.9939 -138.778 106.599
      vertex -79.35 -138.778 3.8147e-07
      vertex -28.3992 -138.778 105.938
    endloop
  endfacet
  facet normal 0 -1 0
    outer loop
      vertex -5 -138.778 3.8147e-07
      vertex -26.7208 -138.778 105.535
      vertex -79.35 -138.778 3.8147e-07
    endloop
  endfacet
  facet normal 0 -1 -0
    outer loop
      vertex -28.3992 -138.778 105.938
      vertex -79.35 -138.778 3.8147e-07
      vertex -26.7208 -138.778 105.535
    endloop
  endfacet
  facet normal 0 -1 0
    outer loop
      vertex -14.1354 -138.778 114.679
      vertex -5 -138.778 116.4
      vertex -14 -138.778 116.4
    endloop
  endfacet
  facet normal 0 -1 0
    outer loop
      vertex -14.5384 -138.778 113.001
      vertex -5 -138.778 116.4
      vertex -14.1354 -138.778 114.679
    endloop
  endfacet
  facet normal 0 -1 0
    outer loop
      vertex -15.1989 -138.778 111.406
      vertex -5 -138.778 116.4
      vertex -14.5384 -138.778 113.001
    endloop
  endfacet
  facet normal 0 -1 0
    outer loop
      vertex -16.1008 -138.778 109.934
      vertex -5 -138.778 116.4
      vertex -15.1989 -138.778 111.406
    endloop
  endfacet
  facet normal 0 -1 0
    outer loop
      vertex -17.2218 -138.778 108.622
      vertex -5 -138.778 116.4
      vertex -16.1008 -138.778 109.934
    endloop
  endfacet
  facet normal 0 -1 0
    outer loop
      vertex -18.5344 -138.778 107.501
      vertex -5 -138.778 116.4
      vertex -17.2218 -138.778 108.622
    endloop
  endfacet
  facet normal 0 -1 0
    outer loop
      vertex -26.7208 -138.778 105.535
      vertex -5 -138.778 3.8147e-07
      vertex -25 -138.778 105.4
    endloop
  endfacet
  facet normal 0 -1 0
    outer loop
      vertex -25 -138.778 105.4
      vertex -5 -138.778 3.8147e-07
      vertex -23.2792 -138.778 105.535
    endloop
  endfacet
  facet normal 0 -1 0
    outer loop
      vertex -23.2792 -138.778 105.535
      vertex -5 -138.778 3.8147e-07
      vertex -21.6008 -138.778 105.938
    endloop
  endfacet
  facet normal 0 -1 0
    outer loop
      vertex -21.6008 -138.778 105.938
      vertex -5 -138.778 3.8147e-07
      vertex -20.0061 -138.778 106.599
    endloop
  endfacet
  facet normal 0 -1 0
    outer loop
      vertex -20.0061 -138.778 106.599
      vertex -5 -138.778 3.8147e-07
      vertex -18.5344 -138.778 107.501
    endloop
  endfacet
  facet normal 0 -1 0
    outer loop
      vertex -18.5344 -138.778 107.501
      vertex -5 -138.778 3.8147e-07
      vertex -5 -138.778 116.4
    endloop
  endfacet
  facet normal -0.865944 0.500141 -2.24759e-05
    outer loop
      vertex -82.4003 -116.741 11.267
      vertex -80.55 -113.536 42.225
      vertex -82.3252 -116.611 10.6414
    endloop
  endfacet
  facet normal -0.867004 0.4983 -0.00011959
    outer loop
      vertex -80.55 -113.536 42.225
      vertex -82.3252 -116.611 99.3586
      vertex -82.3 -116.567 100
    endloop
  endfacet
  facet normal -0.865858 0.500289 -4.29511e-05
    outer loop
      vertex -82.5234 -116.954 11.8614
      vertex -80.55 -113.536 42.225
      vertex -82.4003 -116.741 11.267
    endloop
  endfacet
  facet normal -0.865927 0.50017 1.44922e-05
    outer loop
      vertex -80.55 -113.536 42.225
      vertex -82.4003 -116.741 98.733
      vertex -82.3252 -116.611 99.3586
    endloop
  endfacet
  facet normal -0.865928 0.500168 -2.47718e-05
    outer loop
      vertex -82.6915 -117.245 12.4099
      vertex -80.55 -113.536 42.225
      vertex -82.5234 -116.954 11.8614
    endloop
  endfacet
  facet normal -0.865838 0.500324 2.6184e-05
    outer loop
      vertex -80.55 -113.536 42.225
      vertex -82.5234 -116.954 98.1386
      vertex -82.4003 -116.741 98.733
    endloop
  endfacet
  facet normal -0.8663 0.499524 8.20555e-05
    outer loop
      vertex -82.8656 -117.547 12.8176
      vertex -80.55 -113.536 42.225
      vertex -82.6915 -117.245 12.4099
    endloop
  endfacet
  facet normal -0.86592 0.500183 1.46216e-05
    outer loop
      vertex -80.55 -113.536 42.225
      vertex -82.6915 -117.245 97.5901
      vertex -82.5234 -116.954 98.1386
    endloop
  endfacet
  facet normal -0.865189 0.501446 -0.000267582
    outer loop
      vertex -82.9004 -117.607 12.8991
      vertex -80.55 -113.536 42.225
      vertex -82.8656 -117.547 12.8176
    endloop
  endfacet
  facet normal -0.86632 0.499489 -4.73301e-05
    outer loop
      vertex -80.55 -113.536 42.225
      vertex -82.8656 -117.547 97.1824
      vertex -82.6915 -117.245 97.5901
    endloop
  endfacet
  facet normal -0.866917 0.498453 0.000286397
    outer loop
      vertex -82.9412 -117.678 12.9688
      vertex -80.55 -113.536 42.225
      vertex -82.9004 -117.607 12.8991
    endloop
  endfacet
  facet normal -0.865122 0.501561 0.00015439
    outer loop
      vertex -80.55 -113.536 42.225
      vertex -82.9004 -117.607 97.1009
      vertex -82.8656 -117.547 97.1824
    endloop
  endfacet
  facet normal -0.866032 0.499989 -3.38475e-06
    outer loop
      vertex -83.145 -118.031 13.317
      vertex -80.55 -113.536 42.225
      vertex -82.9412 -117.678 12.9688
    endloop
  endfacet
  facet normal -0.866969 0.498361 -0.000162113
    outer loop
      vertex -80.55 -113.536 42.225
      vertex -82.9412 -117.678 97.0312
      vertex -82.9004 -117.607 97.1009
    endloop
  endfacet
  facet normal -0.866053 0.499952 4.29393e-06
    outer loop
      vertex -83.3736 -118.427 13.5971
      vertex -80.55 -113.536 42.225
      vertex -83.145 -118.031 13.317
    endloop
  endfacet
  facet normal -0.866031 0.49999 1.91629e-06
    outer loop
      vertex -80.55 -113.536 42.225
      vertex -83.145 -118.031 96.683
      vertex -82.9412 -117.678 97.0312
    endloop
  endfacet
  facet normal -0.865649 0.500652 -0.000155103
    outer loop
      vertex -83.4193 -118.506 13.6531
      vertex -80.55 -113.536 42.225
      vertex -83.3736 -118.427 13.5971
    endloop
  endfacet
  facet normal -0.866054 0.499951 -2.39048e-06
    outer loop
      vertex -80.55 -113.536 42.225
      vertex -83.3736 -118.427 96.4029
      vertex -83.145 -118.031 96.683
    endloop
  endfacet
  facet normal -0.866638 0.498937 0.000242526
    outer loop
      vertex -83.4688 -118.592 13.6942
      vertex -80.55 -113.536 42.225
      vertex -83.4193 -118.506 13.6531
    endloop
  endfacet
  facet normal -0.865628 0.500688 8.63546e-05
    outer loop
      vertex -80.55 -113.536 42.225
      vertex -83.4193 -118.506 96.3469
      vertex -83.3736 -118.427 96.4029
    endloop
  endfacet
  facet normal -0.866014 0.500021 -1.3437e-05
    outer loop
      vertex -83.7165 -119.021 13.8993
      vertex -80.55 -113.536 42.225
      vertex -83.4688 -118.592 13.6942
    endloop
  endfacet
  facet normal -0.866661 0.498897 -0.000132851
    outer loop
      vertex -80.55 -113.536 42.225
      vertex -83.4688 -118.592 96.3058
      vertex -83.4193 -118.506 96.3469
    endloop
  endfacet
  facet normal -0.865728 0.500515 -0.00014108
    outer loop
      vertex -84.0293 -119.562 14.0495
      vertex -80.55 -113.536 42.225
      vertex -83.7165 -119.021 13.8993
    endloop
  endfacet
  facet normal -0.866012 0.500023 7.36039e-06
    outer loop
      vertex -80.55 -113.536 42.225
      vertex -83.7165 -119.021 96.1007
      vertex -83.4688 -118.592 96.3058
    endloop
  endfacet
  facet normal -0.866228 0.499649 0.000105912
    outer loop
      vertex -84.35 -120.118 14.1
      vertex -80.55 -113.536 42.225
      vertex -84.0293 -119.562 14.0495
    endloop
  endfacet
  facet normal -0.86572 0.500528 7.60126e-05
    outer loop
      vertex -80.55 -113.536 42.225
      vertex -84.0293 -119.562 95.9505
      vertex -83.7165 -119.021 96.1007
    endloop
  endfacet
  facet normal -0.865838 0.500324 -0.000104703
    outer loop
      vertex -84.6707 -120.673 14.0495
      vertex -80.55 -113.536 42.225
      vertex -84.35 -120.118 14.1
    endloop
  endfacet
  facet normal -0.86623 0.499645 -5.60518e-05
    outer loop
      vertex -80.55 -113.536 42.225
      vertex -84.35 -120.118 95.9
      vertex -84.0293 -119.562 95.9505
    endloop
  endfacet
  facet normal -0.866118 0.499839 5.89118e-05
    outer loop
      vertex -84.9835 -121.215 13.8993
      vertex -80.55 -113.536 42.225
      vertex -84.6707 -120.673 14.0495
    endloop
  endfacet
  facet normal -0.86584 0.50032 5.43009e-05
    outer loop
      vertex -80.55 -113.536 42.225
      vertex -84.6707 -120.673 95.9505
      vertex -84.35 -120.118 95.9
    endloop
  endfacet
  facet normal -0.866139 0.499803 7.18783e-05
    outer loop
      vertex -85.2807 -121.73 13.6531
      vertex -80.55 -113.536 42.225
      vertex -84.9835 -121.215 13.8993
    endloop
  endfacet
  facet normal -0.866115 0.499845 -2.98244e-05
    outer loop
      vertex -80.55 -113.536 42.225
      vertex -84.9835 -121.215 96.1007
      vertex -84.6707 -120.673 95.9505
    endloop
  endfacet
  facet normal -0.865492 0.500923 -0.000356387
    outer loop
      vertex -85.3264 -121.809 13.5971
      vertex -80.55 -113.536 42.225
      vertex -85.2807 -121.73 13.6531
    endloop
  endfacet
  facet normal -0.866131 0.499817 -3.52979e-05
    outer loop
      vertex -80.55 -113.536 42.225
      vertex -85.2807 -121.73 96.3469
      vertex -84.9835 -121.215 96.1007
    endloop
  endfacet
  facet normal -0.866062 0.499937 2.36791e-05
    outer loop
      vertex -85.555 -122.205 13.317
      vertex -80.55 -113.536 42.225
      vertex -85.3264 -121.809 13.5971
    endloop
  endfacet
  facet normal -0.86555 0.500823 0.000167927
    outer loop
      vertex -80.55 -113.536 42.225
      vertex -85.3264 -121.809 96.4029
      vertex -85.2807 -121.73 96.3469
    endloop
  endfacet
  facet normal -0.866032 0.499989 2.74778e-06
    outer loop
      vertex -85.7588 -122.558 12.9688
      vertex -80.55 -113.536 42.225
      vertex -85.555 -122.205 13.317
    endloop
  endfacet
  facet normal -0.866058 0.499944 -1.11599e-05
    outer loop
      vertex -80.55 -113.536 42.225
      vertex -85.555 -122.205 96.683
      vertex -85.3264 -121.809 96.4029
    endloop
  endfacet
  facet normal -0.863037 0.505136 -0.00211736
    outer loop
      vertex -85.7996 -122.628 12.8991
      vertex -80.55 -113.536 42.225
      vertex -85.7588 -122.558 12.9688
    endloop
  endfacet
  facet normal -0.866031 0.499991 -1.21847e-06
    outer loop
      vertex -80.55 -113.536 42.225
      vertex -85.7588 -122.558 97.0312
      vertex -85.555 -122.205 96.683
    endloop
  endfacet
  facet normal -0.866215 0.499672 0.000145545
    outer loop
      vertex -86.0085 -122.99 12.4099
      vertex -80.55 -113.536 42.225
      vertex -85.7996 -122.628 12.8991
    endloop
  endfacet
  facet normal -0.863551 0.50426 0.000937317
    outer loop
      vertex -80.55 -113.536 42.225
      vertex -85.7996 -122.628 97.1009
      vertex -85.7588 -122.558 97.0312
    endloop
  endfacet
  facet normal -0.866016 0.500016 0
    outer loop
      vertex -86.0085 -122.99 97.5901
      vertex -80.55 -113.536 42.225
      vertex -86.0085 -122.99 12.4099
    endloop
  endfacet
  facet normal -0.866164 0.49976 -5.82264e-05
    outer loop
      vertex -80.55 -113.536 42.225
      vertex -86.0085 -122.99 97.5901
      vertex -85.7996 -122.628 97.1009
    endloop
  endfacet
  facet normal -0.865908 0.500203 0
    outer loop
      vertex -86.1766 -123.281 11.8614
      vertex -86.0085 -122.99 97.5901
      vertex -86.0085 -122.99 12.4099
    endloop
  endfacet
  facet normal -0.865908 0.500203 0
    outer loop
      vertex -86.1766 -123.281 11.8614
      vertex -86.1766 -123.281 98.1386
      vertex -86.0085 -122.99 97.5901
    endloop
  endfacet
  facet normal -0.855252 0.518089 -0.0112872
    outer loop
      vertex -89.35 -128.778 3.8147e-07
      vertex -86.1766 -123.281 11.8614
      vertex -86.1971 -123.317 11.7623
    endloop
  endfacet
  facet normal -0.866045 0.499965 0
    outer loop
      vertex -86.1766 -123.281 11.8614
      vertex -89.35 -128.778 3.8147e-07
      vertex -86.1766 -123.281 98.1386
    endloop
  endfacet
  facet normal -0.864812 0.502094 -0.00129847
    outer loop
      vertex -89.35 -128.778 3.8147e-07
      vertex -86.1971 -123.317 11.7623
      vertex -86.2997 -123.495 11.267
    endloop
  endfacet
  facet normal -0.868593 0.495526 0.000330994
    outer loop
      vertex -86.1766 -123.281 98.1386
      vertex -89.35 -128.778 3.8147e-07
      vertex -86.1971 -123.317 98.2377
    endloop
  endfacet
  facet normal -0.866107 0.499858 0.000100855
    outer loop
      vertex -89.35 -128.778 3.8147e-07
      vertex -86.2997 -123.495 11.267
      vertex -86.3748 -123.625 10.6414
    endloop
  endfacet
  facet normal -0.866333 0.499468 3.93711e-05
    outer loop
      vertex -86.1971 -123.317 98.2377
      vertex -89.35 -128.778 3.8147e-07
      vertex -86.2997 -123.495 98.733
    endloop
  endfacet
  facet normal -0.866539 0.499108 0.000584884
    outer loop
      vertex -89.35 -128.778 3.8147e-07
      vertex -86.3748 -123.625 10.6414
      vertex -86.4 -123.668 10
    endloop
  endfacet
  facet normal -0.866014 0.500019 0
    outer loop
      vertex -89.35 -128.778 116.4
      vertex -86.2997 -123.495 98.733
      vertex -89.35 -128.778 3.8147e-07
    endloop
  endfacet
  facet normal -0.866027 0.499997 -6.54966e-06
    outer loop
      vertex -18.0503 -5.28334 11.267
      vertex -5 17.3205 3.8147e-07
      vertex -17.9752 -5.15327 10.6414
    endloop
  endfacet
  facet normal -0.866109 0.499856 -4.32504e-05
    outer loop
      vertex -5 17.3205 3.8147e-07
      vertex -17.9752 -5.15327 99.3586
      vertex -17.95 -5.10955 100
    endloop
  endfacet
  facet normal -0.866034 0.499986 -3.54825e-05
    outer loop
      vertex -18.1529 -5.46102 11.7623
      vertex -5 17.3205 3.8147e-07
      vertex -18.0503 -5.28334 11.267
    endloop
  endfacet
  facet normal -0.86602 0.500009 3.07671e-06
    outer loop
      vertex -5 17.3205 3.8147e-07
      vertex -18.0503 -5.28334 98.733
      vertex -17.9752 -5.15327 99.3586
    endloop
  endfacet
  facet normal -0.86598 0.500078 0.000203786
    outer loop
      vertex -18.1734 -5.49656 11.8614
      vertex -5 17.3205 3.8147e-07
      vertex -18.1529 -5.46102 11.7623
    endloop
  endfacet
  facet normal -0.866004 0.500036 1.13508e-05
    outer loop
      vertex -5 17.3205 3.8147e-07
      vertex -18.1529 -5.46102 98.2377
      vertex -18.0503 -5.28334 98.733
    endloop
  endfacet
  facet normal -0.865988 0.500065 0.000169582
    outer loop
      vertex -18.2014 -5.54508 11.9528
      vertex -5 17.3205 3.8147e-07
      vertex -18.1734 -5.49656 11.8614
    endloop
  endfacet
  facet normal -0.866147 0.499789 -6.52217e-05
    outer loop
      vertex -5 17.3205 3.8147e-07
      vertex -18.1734 -5.49656 98.1386
      vertex -18.1529 -5.46102 98.2377
    endloop
  endfacet
  facet normal -0.866047 0.499962 -9.26719e-05
    outer loop
      vertex -18.3415 -5.78768 12.4099
      vertex -5 17.3205 3.8147e-07
      vertex -18.2014 -5.54508 11.9528
    endloop
  endfacet
  facet normal -0.866096 0.499878 -3.74015e-05
    outer loop
      vertex -5 17.3205 3.8147e-07
      vertex -18.2014 -5.54508 98.0472
      vertex -18.1734 -5.49656 98.1386
    endloop
  endfacet
  facet normal -0.866016 0.500016 4.10478e-05
    outer loop
      vertex -18.5504 -6.14953 12.8991
      vertex -5 17.3205 3.8147e-07
      vertex -18.3415 -5.78768 12.4099
    endloop
  endfacet
  facet normal -0.865988 0.500064 2.04398e-05
    outer loop
      vertex -5 17.3205 3.8147e-07
      vertex -18.3415 -5.78768 97.5901
      vertex -18.2014 -5.54508 98.0472
    endloop
  endfacet
  facet normal -0.866026 0.499998 -2.52378e-06
    outer loop
      vertex -5 17.3205 3.8147e-07
      vertex -18.5504 -6.14953 12.8991
      vertex -23.8 -15.242 42.225
    endloop
  endfacet
  facet normal -0.866025 0.500001 4.68106e-07
    outer loop
      vertex -5 17.3205 3.8147e-07
      vertex -23.8 -15.242 42.225
      vertex -18.3415 -5.78768 97.5901
    endloop
  endfacet
  facet normal -0.866034 0.499985 -8.01995e-06
    outer loop
      vertex -23.8 -15.242 42.225
      vertex -18.5504 -6.14953 12.8991
      vertex -18.795 -6.5732 13.317
    endloop
  endfacet
  facet normal -0.866045 0.499966 8.47435e-06
    outer loop
      vertex -18.3415 -5.78768 97.5901
      vertex -23.8 -15.242 42.225
      vertex -18.5504 -6.14953 97.1009
    endloop
  endfacet
  facet normal -0.866008 0.50003 1.01242e-05
    outer loop
      vertex -23.8 -15.242 42.225
      vertex -18.795 -6.5732 13.317
      vertex -19.0693 -7.04827 13.6531
    endloop
  endfacet
  facet normal -0.866032 0.499988 3.55638e-06
    outer loop
      vertex -18.5504 -6.14953 97.1009
      vertex -23.8 -15.242 42.225
      vertex -18.795 -6.5732 96.683
    endloop
  endfacet
  facet normal -0.866023 0.500004 9.71773e-08
    outer loop
      vertex -23.8 -15.242 42.225
      vertex -19.0693 -7.04827 13.6531
      vertex -19.3665 -7.56303 13.8993
    endloop
  endfacet
  facet normal -0.86601 0.500027 -4.77144e-06
    outer loop
      vertex -18.795 -6.5732 96.683
      vertex -23.8 -15.242 42.225
      vertex -19.0693 -7.04827 96.3469
    endloop
  endfacet
  facet normal -0.865992 0.500059 1.98355e-05
    outer loop
      vertex -23.8 -15.242 42.225
      vertex -19.3665 -7.56303 13.8993
      vertex -19.6272 -8.01451 14.0245
    endloop
  endfacet
  facet normal -0.866023 0.500004 -4.77205e-08
    outer loop
      vertex -19.0693 -7.04827 96.3469
      vertex -23.8 -15.242 42.225
      vertex -19.3665 -7.56303 96.1007
    endloop
  endfacet
  facet normal -0.866155 0.499776 -7.68499e-05
    outer loop
      vertex -23.8 -15.242 42.225
      vertex -19.6272 -8.01451 14.0245
      vertex -19.6793 -8.1048 14.0495
    endloop
  endfacet
  facet normal -0.865993 0.500057 -1.00416e-05
    outer loop
      vertex -19.3665 -7.56303 96.1007
      vertex -23.8 -15.242 42.225
      vertex -19.6272 -8.01451 95.9755
    endloop
  endfacet
  facet normal -0.865823 0.500351 0.000117478
    outer loop
      vertex -23.8 -15.242 42.225
      vertex -19.6793 -8.1048 14.0495
      vertex -19.7328 -8.19738 14.0579
    endloop
  endfacet
  facet normal -0.86615 0.499784 3.89069e-05
    outer loop
      vertex -19.6272 -8.01451 95.9755
      vertex -23.8 -15.242 42.225
      vertex -19.6793 -8.1048 95.9505
    endloop
  endfacet
  facet normal -0.866062 0.499937 -2.06005e-05
    outer loop
      vertex -23.8 -15.242 42.225
      vertex -19.7328 -8.19738 14.0579
      vertex -20 -8.66026 14.1
    endloop
  endfacet
  facet normal -0.865825 0.500347 -6.09279e-05
    outer loop
      vertex -19.6793 -8.1048 95.9505
      vertex -23.8 -15.242 42.225
      vertex -19.7328 -8.19738 95.9421
    endloop
  endfacet
  facet normal -0.866205 0.499689 -9.80889e-05
    outer loop
      vertex -23.8 -15.242 42.225
      vertex -20 -8.66026 14.1
      vertex -20.0534 -8.75283 14.0916
    endloop
  endfacet
  facet normal -0.866061 0.499938 1.06838e-05
    outer loop
      vertex -19.7328 -8.19738 95.9421
      vertex -23.8 -15.242 42.225
      vertex -20 -8.66026 95.9
    endloop
  endfacet
  facet normal -0.865981 0.500077 2.14244e-05
    outer loop
      vertex -23.8 -15.242 42.225
      vertex -20.0534 -8.75283 14.0916
      vertex -20.3207 -9.21571 14.0495
    endloop
  endfacet
  facet normal -0.866207 0.499685 5.19112e-05
    outer loop
      vertex -20 -8.66026 95.9
      vertex -23.8 -15.242 42.225
      vertex -20.0534 -8.75283 95.9084
    endloop
  endfacet
  facet normal -0.866074 0.499916 -2.46294e-05
    outer loop
      vertex -23.8 -15.242 42.225
      vertex -20.3207 -9.21571 14.0495
      vertex -20.5813 -9.66719 13.9244
    endloop
  endfacet
  facet normal -0.86598 0.500078 -1.13386e-05
    outer loop
      vertex -20.0534 -8.75283 95.9084
      vertex -23.8 -15.242 42.225
      vertex -20.3207 -9.21571 95.9505
    endloop
  endfacet
  facet normal -0.865745 0.500485 0.000124845
    outer loop
      vertex -23.8 -15.242 42.225
      vertex -20.5813 -9.66719 13.9244
      vertex -20.6335 -9.75748 13.8993
    endloop
  endfacet
  facet normal -0.866075 0.499913 1.32696e-05
    outer loop
      vertex -20.3207 -9.21571 95.9505
      vertex -23.8 -15.242 42.225
      vertex -20.5813 -9.66719 96.0756
    endloop
  endfacet
  facet normal -0.866008 0.50003 7.52732e-06
    outer loop
      vertex -23.8 -15.242 42.225
      vertex -20.6335 -9.75748 13.8993
      vertex -20.9307 -10.2722 13.6531
    endloop
  endfacet
  facet normal -0.865738 0.500497 -6.72672e-05
    outer loop
      vertex -20.5813 -9.66719 96.0756
      vertex -23.8 -15.242 42.225
      vertex -20.6335 -9.75748 96.1007
    endloop
  endfacet
  facet normal -0.866025 0.500001 6.65218e-07
    outer loop
      vertex -23.8 -15.242 42.225
      vertex -20.9307 -10.2722 13.6531
      vertex -21.205 -10.7473 13.317
    endloop
  endfacet
  facet normal -0.866007 0.500032 -4.12331e-06
    outer loop
      vertex -20.6335 -9.75748 96.1007
      vertex -23.8 -15.242 42.225
      vertex -20.9307 -10.2722 96.3469
    endloop
  endfacet
  facet normal -0.866043 0.499969 -6.0006e-06
    outer loop
      vertex -23.8 -15.242 42.225
      vertex -21.205 -10.7473 13.317
      vertex -21.4496 -11.171 12.8991
    endloop
  endfacet
  facet normal -0.866025 0.500001 -3.70336e-07
    outer loop
      vertex -20.9307 -10.2722 96.3469
      vertex -23.8 -15.242 42.225
      vertex -21.205 -10.7473 96.683
    endloop
  endfacet
  facet normal -0.8661 0.499871 -2.40512e-05
    outer loop
      vertex -23.8 -15.242 42.225
      vertex -21.4496 -11.171 12.8991
      vertex -21.4844 -11.2313 12.8176
    endloop
  endfacet
  facet normal -0.866045 0.499967 3.39723e-06
    outer loop
      vertex -21.205 -10.7473 96.683
      vertex -23.8 -15.242 42.225
      vertex -21.4496 -11.171 97.1009
    endloop
  endfacet
  facet normal -0.865995 0.500053 9.02733e-06
    outer loop
      vertex -23.8 -15.242 42.225
      vertex -21.4844 -11.2313 12.8176
      vertex -21.6585 -11.5328 12.4099
    endloop
  endfacet
  facet normal -0.866106 0.499861 1.38737e-05
    outer loop
      vertex -21.4496 -11.171 97.1009
      vertex -23.8 -15.242 42.225
      vertex -21.4844 -11.2313 97.1824
    endloop
  endfacet
  facet normal -0.866051 0.499956 -7.13422e-06
    outer loop
      vertex -23.8 -15.242 42.225
      vertex -21.6585 -11.5328 12.4099
      vertex -21.8266 -11.824 11.8614
    endloop
  endfacet
  facet normal -0.865993 0.500057 -5.20742e-06
    outer loop
      vertex -21.4844 -11.2313 97.1824
      vertex -23.8 -15.242 42.225
      vertex -21.6585 -11.5328 97.5901
    endloop
  endfacet
  facet normal -0.866085 0.499897 -1.59922e-05
    outer loop
      vertex -23.8 -15.242 42.225
      vertex -21.8266 -11.824 11.8614
      vertex -21.9291 -12.0016 11.366
    endloop
  endfacet
  facet normal -0.866053 0.499952 4.21083e-06
    outer loop
      vertex -21.6585 -11.5328 97.5901
      vertex -23.8 -15.242 42.225
      vertex -21.8266 -11.824 98.1386
    endloop
  endfacet
  facet normal -0.865646 0.500656 9.03837e-05
    outer loop
      vertex -23.8 -15.242 42.225
      vertex -21.9291 -12.0016 11.366
      vertex -21.9497 -12.0372 11.267
    endloop
  endfacet
  facet normal -0.866093 0.499884 9.74915e-06
    outer loop
      vertex -21.8266 -11.824 98.1386
      vertex -23.8 -15.242 42.225
      vertex -21.9291 -12.0016 98.634
    endloop
  endfacet
  facet normal -0.865939 0.500149 2.03191e-05
    outer loop
      vertex -23.8 -15.242 42.225
      vertex -21.9497 -12.0372 11.267
      vertex -22.0248 -12.1672 10.6414
    endloop
  endfacet
  facet normal -0.865604 0.50073 -5.50814e-05
    outer loop
      vertex -21.9291 -12.0016 98.634
      vertex -23.8 -15.242 42.225
      vertex -21.9497 -12.0372 98.733
    endloop
  endfacet
  facet normal -0.866025 0.5 -0.00011876
    outer loop
      vertex -82.3 -116.567 10
      vertex -22.0248 -12.1672 10.6414
      vertex -22.05 -12.211 10
    endloop
  endfacet
  facet normal -0.865924 0.500175 -1.31014e-05
    outer loop
      vertex -21.9497 -12.0372 98.733
      vertex -23.8 -15.242 42.225
      vertex -22.0248 -12.1672 99.3586
    endloop
  endfacet
  facet normal -0.866014 0.50002 5.81551e-05
    outer loop
      vertex -17.9752 -5.15327 10.6414
      vertex -5 17.3205 3.8147e-07
      vertex -17.95 -5.10955 10
    endloop
  endfacet
  facet normal -0.866036 0.499982 -5.47277e-05
    outer loop
      vertex -5 17.3205 3.8147e-07
      vertex -17.9752 -5.15327 9.35862
      vertex -17.95 -5.10955 10
    endloop
  endfacet
  facet normal -0.866025 0.500001 5.43442e-06
    outer loop
      vertex -5 17.3205 3.8147e-07
      vertex -18.0503 -5.28334 8.73303
      vertex -17.9752 -5.15327 9.35862
    endloop
  endfacet
  facet normal -0.866022 0.500006 2.55897e-05
    outer loop
      vertex -5 17.3205 3.8147e-07
      vertex -18.1529 -5.46102 8.23771
      vertex -18.0503 -5.28334 8.73303
    endloop
  endfacet
  facet normal -0.866049 0.49996 -0.000147042
    outer loop
      vertex -5 17.3205 3.8147e-07
      vertex -18.1734 -5.49656 8.13864
      vertex -18.1529 -5.46102 8.23771
    endloop
  endfacet
  facet normal -0.866042 0.499971 -0.000103214
    outer loop
      vertex -5 17.3205 3.8147e-07
      vertex -18.2014 -5.54508 8.04721
      vertex -18.1734 -5.49656 8.13864
    endloop
  endfacet
  facet normal -0.866018 0.500014 5.64172e-05
    outer loop
      vertex -5 17.3205 3.8147e-07
      vertex -18.3415 -5.78768 7.59008
      vertex -18.2014 -5.54508 8.04721
    endloop
  endfacet
  facet normal -0.866028 0.499995 -1.99057e-05
    outer loop
      vertex -5 17.3205 3.8147e-07
      vertex -18.5504 -6.14953 7.10086
      vertex -18.3415 -5.78768 7.59008
    endloop
  endfacet
  facet normal -0.866027 0.499997 -8.69277e-06
    outer loop
      vertex -5 17.3205 3.8147e-07
      vertex -18.795 -6.5732 6.68303
      vertex -18.5504 -6.14953 7.10086
    endloop
  endfacet
  facet normal -0.866022 0.500006 3.48711e-05
    outer loop
      vertex -5 17.3205 3.8147e-07
      vertex -19.0693 -7.04827 6.34687
      vertex -18.795 -6.5732 6.68303
    endloop
  endfacet
  facet normal -0.866025 0.500001 7.99755e-06
    outer loop
      vertex -5 17.3205 3.8147e-07
      vertex -19.3665 -7.56303 6.10067
      vertex -19.0693 -7.04827 6.34687
    endloop
  endfacet
  facet normal -0.866011 0.500025 0.000140015
    outer loop
      vertex -5 17.3205 3.8147e-07
      vertex -19.6272 -8.01451 5.97551
      vertex -19.3665 -7.56303 6.10067
    endloop
  endfacet
  facet normal -0.86608 0.499905 -0.000543017
    outer loop
      vertex -5 17.3205 3.8147e-07
      vertex -19.6793 -8.1048 5.95048
      vertex -19.6272 -8.01451 5.97551
    endloop
  endfacet
  facet normal -0.865882 0.500247 0.00140804
    outer loop
      vertex -5 17.3205 3.8147e-07
      vertex -19.7328 -8.19738 5.94206
      vertex -19.6793 -8.1048 5.95048
    endloop
  endfacet
  facet normal -0.866051 0.499956 -0.000258412
    outer loop
      vertex -5 17.3205 3.8147e-07
      vertex -20 -8.66026 5.9
      vertex -19.7328 -8.19738 5.94206
    endloop
  endfacet
  facet normal -0.866327 0.499467 -0.00311302
    outer loop
      vertex -5 17.3205 3.8147e-07
      vertex -20.0534 -8.75283 5.90841
      vertex -20 -8.66026 5.9
    endloop
  endfacet
  facet normal -0.865949 0.500132 0.000784183
    outer loop
      vertex -5 17.3205 3.8147e-07
      vertex -20.3207 -9.21571 5.95048
      vertex -20.0534 -8.75283 5.90841
    endloop
  endfacet
  facet normal -0.86603 0.499992 0
    outer loop
      vertex -23.8 -15.242 116.4
      vertex -22.0248 -12.1672 99.3586
      vertex -23.8 -15.242 42.225
    endloop
  endfacet
  facet normal -0.866025 0.5 0.000118764
    outer loop
      vertex -82.3 -116.567 10
      vertex -22.05 -12.211 10
      vertex -22.0248 -12.1672 9.35862
    endloop
  endfacet
  facet normal -0.866026 0.5 9.4601e-07
    outer loop
      vertex -22.0248 -12.1672 10.6414
      vertex -80.55 -113.536 42.225
      vertex -23.8 -15.242 42.225
    endloop
  endfacet
  facet normal -0.866026 0.499998 -6.19957e-05
    outer loop
      vertex -82.3252 -116.611 9.35862
      vertex -22.0248 -12.1672 9.35862
      vertex -21.9497 -12.0372 8.73303
    endloop
  endfacet
  facet normal -0.866026 0.499999 -0.000405497
    outer loop
      vertex -82.4003 -116.741 8.73303
      vertex -21.9497 -12.0372 8.73303
      vertex -21.9291 -12.0016 8.63396
    endloop
  endfacet
  facet normal -0.866026 0.499999 6.50684e-05
    outer loop
      vertex -82.4003 -116.741 8.73303
      vertex -21.9291 -12.0016 8.63396
      vertex -21.8266 -11.824 8.13864
    endloop
  endfacet
  facet normal -0.866026 0.5 3.83705e-05
    outer loop
      vertex -82.5234 -116.954 8.13864
      vertex -21.8266 -11.824 8.13864
      vertex -21.6585 -11.5328 7.59008
    endloop
  endfacet
  facet normal -0.866025 0.5 -6.11794e-05
    outer loop
      vertex -82.6915 -117.245 7.59008
      vertex -21.6585 -11.5328 7.59008
      vertex -21.4844 -11.2313 7.1824
    endloop
  endfacet
  facet normal -0.866025 0.500001 0.000151847
    outer loop
      vertex -82.6915 -117.245 7.59008
      vertex -21.4844 -11.2313 7.1824
      vertex -21.4496 -11.171 7.10086
    endloop
  endfacet
  facet normal -0.866026 0.5 4.78727e-05
    outer loop
      vertex -82.9004 -117.607 7.10086
      vertex -21.4496 -11.171 7.10086
      vertex -21.205 -10.7473 6.68303
    endloop
  endfacet
  facet normal -0.866026 0.499998 -5.40082e-06
    outer loop
      vertex -83.145 -118.031 6.68303
      vertex -21.205 -10.7473 6.68303
      vertex -20.9307 -10.2722 6.34687
    endloop
  endfacet
  facet normal -0.866024 0.500003 -8.38627e-05
    outer loop
      vertex -89.35 -128.778 3.8147e-07
      vertex -20.9307 -10.2722 6.34687
      vertex -20.6335 -9.75748 6.10067
    endloop
  endfacet
  facet normal -0.866026 0.499998 -3.96329e-06
    outer loop
      vertex -22.0248 -12.1672 10.6414
      vertex -82.3252 -116.611 10.6414
      vertex -80.55 -113.536 42.225
    endloop
  endfacet
  facet normal -0.866026 0.499998 0.000274504
    outer loop
      vertex -82.3252 -116.611 10.6414
      vertex -22.0248 -12.1672 10.6414
      vertex -82.3 -116.567 10
    endloop
  endfacet
  facet normal -0.865978 0.500079 -0.00207505
    outer loop
      vertex -89.35 -128.778 3.8147e-07
      vertex -20.6335 -9.75748 6.10067
      vertex -20.5813 -9.66719 6.07564
    endloop
  endfacet
  facet normal -0.866033 0.499986 0.000363842
    outer loop
      vertex -89.35 -128.778 3.8147e-07
      vertex -20.5813 -9.66719 6.07564
      vertex -20.3207 -9.21571 5.95048
    endloop
  endfacet
  facet normal -0.866025 0.5 -1.96788e-06
    outer loop
      vertex -89.35 -128.778 3.8147e-07
      vertex -20.3207 -9.21571 5.95048
      vertex -5 17.3205 3.8147e-07
    endloop
  endfacet
  facet normal -0.866026 0.499998 -0.000274512
    outer loop
      vertex -22.0248 -12.1672 9.35862
      vertex -82.3252 -116.611 9.35862
      vertex -82.3 -116.567 10
    endloop
  endfacet
  facet normal -0.866026 0.499999 6.18417e-05
    outer loop
      vertex -21.9497 -12.0372 8.73303
      vertex -82.4003 -116.741 8.73303
      vertex -82.3252 -116.611 9.35862
    endloop
  endfacet
  facet normal -0.866026 0.5 0.00018134
    outer loop
      vertex -21.8266 -11.824 8.13864
      vertex -82.5234 -116.954 8.13864
      vertex -82.4003 -116.741 8.73303
    endloop
  endfacet
  facet normal -0.866025 0.5 0.000143634
    outer loop
      vertex -21.6585 -11.5328 7.59008
      vertex -82.6915 -117.245 7.59008
      vertex -82.5234 -116.954 8.13864
    endloop
  endfacet
  facet normal -0.866026 0.499998 -0.000550256
    outer loop
      vertex -21.4496 -11.171 7.10086
      vertex -82.8656 -117.547 7.1824
      vertex -82.6915 -117.245 7.59008
    endloop
  endfacet
  facet normal -0.866024 0.499999 0.00168886
    outer loop
      vertex -21.4496 -11.171 7.10086
      vertex -82.9004 -117.607 7.10086
      vertex -82.8656 -117.547 7.1824
    endloop
  endfacet
  facet normal -0.866027 0.499991 -0.00237594
    outer loop
      vertex -21.205 -10.7473 6.68303
      vertex -82.9412 -117.678 7.03122
      vertex -82.9004 -117.607 7.10086
    endloop
  endfacet
  facet normal -0.866026 0.499998 -9.31842e-06
    outer loop
      vertex -21.205 -10.7473 6.68303
      vertex -83.145 -118.031 6.68303
      vertex -82.9412 -117.678 7.03122
    endloop
  endfacet
  facet normal -0.866026 0.499998 -9.14344e-05
    outer loop
      vertex -20.9307 -10.2722 6.34687
      vertex -83.3736 -118.427 6.4029
      vertex -83.145 -118.031 6.68303
    endloop
  endfacet
  facet normal -0.866025 0.499998 0.00138312
    outer loop
      vertex -20.9307 -10.2722 6.34687
      vertex -83.4193 -118.506 6.34687
      vertex -83.3736 -118.427 6.4029
    endloop
  endfacet
  facet normal -0.866026 0.499999 2.43294e-05
    outer loop
      vertex -20.9307 -10.2722 6.34687
      vertex -89.35 -128.778 3.8147e-07
      vertex -83.4193 -118.506 6.34687
    endloop
  endfacet
  facet normal -0.868898 0.494868 0.0110119
    outer loop
      vertex -83.4193 -118.506 6.34687
      vertex -89.35 -128.778 3.8147e-07
      vertex -83.4688 -118.592 6.30584
    endloop
  endfacet
  facet normal -0.866 0.500044 -5.26347e-05
    outer loop
      vertex -83.4688 -118.592 6.30584
      vertex -89.35 -128.778 3.8147e-07
      vertex -83.7165 -119.021 6.10067
    endloop
  endfacet
  facet normal -0.865467 0.500962 -0.00201202
    outer loop
      vertex -83.7165 -119.021 6.10067
      vertex -89.35 -128.778 3.8147e-07
      vertex -84.0293 -119.562 5.95048
    endloop
  endfacet
  facet normal -0.866281 0.499558 -0.000184109
    outer loop
      vertex -86.2997 -123.495 98.733
      vertex -89.35 -128.778 116.4
      vertex -86.3748 -123.625 99.3586
    endloop
  endfacet
  facet normal -0.865664 0.500625 -0.000448773
    outer loop
      vertex -86.3748 -123.625 9.35862
      vertex -89.35 -128.778 3.8147e-07
      vertex -86.4 -123.668 10
    endloop
  endfacet
  facet normal -0.865984 0.500071 -4.17947e-05
    outer loop
      vertex -86.2997 -123.495 8.73303
      vertex -89.35 -128.778 3.8147e-07
      vertex -86.3748 -123.625 9.35862
    endloop
  endfacet
  facet normal -0.86615 0.499783 0.000190537
    outer loop
      vertex -86.1971 -123.317 8.23771
      vertex -89.35 -128.778 3.8147e-07
      vertex -86.2997 -123.495 8.73303
    endloop
  endfacet
  facet normal -0.867074 0.498177 0.00160862
    outer loop
      vertex -86.1766 -123.281 8.13864
      vertex -89.35 -128.778 3.8147e-07
      vertex -86.1971 -123.317 8.23771
    endloop
  endfacet
  facet normal -0.865985 0.50007 -9.43068e-05
    outer loop
      vertex -86.0085 -122.99 7.59008
      vertex -89.35 -128.778 3.8147e-07
      vertex -86.1766 -123.281 8.13864
    endloop
  endfacet
  facet normal -0.866084 0.499899 7.91383e-05
    outer loop
      vertex -85.7996 -122.628 7.10086
      vertex -89.35 -128.778 3.8147e-07
      vertex -86.0085 -122.99 7.59008
    endloop
  endfacet
  facet normal -0.864922 0.501902 -0.0022358
    outer loop
      vertex -85.7588 -122.558 7.03122
      vertex -89.35 -128.778 3.8147e-07
      vertex -85.7996 -122.628 7.10086
    endloop
  endfacet
  facet normal -0.866026 0.499999 1.07327e-05
    outer loop
      vertex -85.555 -122.205 6.68303
      vertex -89.35 -128.778 3.8147e-07
      vertex -85.7588 -122.558 7.03122
    endloop
  endfacet
  facet normal -0.866041 0.499973 4.48094e-05
    outer loop
      vertex -85.3264 -121.809 6.4029
      vertex -89.35 -128.778 3.8147e-07
      vertex -85.555 -122.205 6.68303
    endloop
  endfacet
  facet normal -0.865785 0.500416 -0.000597828
    outer loop
      vertex -85.2807 -121.73 6.34687
      vertex -89.35 -128.778 3.8147e-07
      vertex -85.3264 -121.809 6.4029
    endloop
  endfacet
  facet normal -0.866087 0.499893 0.000177221
    outer loop
      vertex -84.9835 -121.215 6.10067
      vertex -89.35 -128.778 3.8147e-07
      vertex -85.2807 -121.73 6.34687
    endloop
  endfacet
  facet normal -0.866089 0.49989 0.000182597
    outer loop
      vertex -84.6707 -120.673 5.95048
      vertex -89.35 -128.778 3.8147e-07
      vertex -84.9835 -121.215 6.10067
    endloop
  endfacet
  facet normal -0.865863 0.500281 -0.000527684
    outer loop
      vertex -84.35 -120.118 5.9
      vertex -89.35 -128.778 3.8147e-07
      vertex -84.6707 -120.673 5.95048
    endloop
  endfacet
  facet normal -0.866265 0.499585 0.0008342
    outer loop
      vertex -84.0293 -119.562 5.95048
      vertex -89.35 -128.778 3.8147e-07
      vertex -84.35 -120.118 5.9
    endloop
  endfacet
  facet normal -0.866025 0.5 0
    outer loop
      vertex -5 17.3205 3.8147e-07
      vertex -17.95 -5.10955 100
      vertex -5 17.3205 116.4
    endloop
  endfacet
  facet normal -0.866042 0.499971 5.37446e-05
    outer loop
      vertex -17.9752 -5.15327 100.641
      vertex -5 17.3205 116.4
      vertex -17.95 -5.10955 100
    endloop
  endfacet
  facet normal -0.866024 0.500002 -5.15063e-06
    outer loop
      vertex -18.0503 -5.28334 101.267
      vertex -5 17.3205 116.4
      vertex -17.9752 -5.15327 100.641
    endloop
  endfacet
  facet normal -0.866019 0.500011 -2.35062e-05
    outer loop
      vertex -18.1529 -5.46102 101.762
      vertex -5 17.3205 116.4
      vertex -18.0503 -5.28334 101.267
    endloop
  endfacet
  facet normal -0.866063 0.499934 0.000135078
    outer loop
      vertex -18.1734 -5.49656 101.861
      vertex -5 17.3205 116.4
      vertex -18.1529 -5.46102 101.762
    endloop
  endfacet
  facet normal -0.866051 0.499955 9.13074e-05
    outer loop
      vertex -18.2014 -5.54508 101.953
      vertex -5 17.3205 116.4
      vertex -18.1734 -5.49656 101.861
    endloop
  endfacet
  facet normal -0.866012 0.500022 -5.01519e-05
    outer loop
      vertex -18.3415 -5.78768 102.41
      vertex -5 17.3205 116.4
      vertex -18.2014 -5.54508 101.953
    endloop
  endfacet
  facet normal -0.86603 0.499992 1.70946e-05
    outer loop
      vertex -18.5504 -6.14953 102.899
      vertex -5 17.3205 116.4
      vertex -18.3415 -5.78768 102.41
    endloop
  endfacet
  facet normal -0.866028 0.499996 7.17282e-06
    outer loop
      vertex -18.795 -6.5732 103.317
      vertex -5 17.3205 116.4
      vertex -18.5504 -6.14953 102.899
    endloop
  endfacet
  facet normal -0.866019 0.50001 -2.74368e-05
    outer loop
      vertex -19.0693 -7.04827 103.653
      vertex -5 17.3205 116.4
      vertex -18.795 -6.5732 103.317
    endloop
  endfacet
  facet normal -0.866023 0.500004 2.71276e-07
    outer loop
      vertex -23.8 -15.242 116.4
      vertex -19.0693 -7.04827 103.653
      vertex -19.3665 -7.56303 103.899
    endloop
  endfacet
  facet normal -0.865988 0.500065 5.00835e-05
    outer loop
      vertex -23.8 -15.242 116.4
      vertex -19.3665 -7.56303 103.899
      vertex -19.6272 -8.01451 104.024
    endloop
  endfacet
  facet normal -0.86617 0.499749 -0.00019558
    outer loop
      vertex -23.8 -15.242 116.4
      vertex -19.6272 -8.01451 104.024
      vertex -19.6793 -8.1048 104.05
    endloop
  endfacet
  facet normal -0.865817 0.500361 0.000275618
    outer loop
      vertex -23.8 -15.242 116.4
      vertex -19.6793 -8.1048 104.05
      vertex -19.7328 -8.19738 104.058
    endloop
  endfacet
  facet normal -0.866063 0.499935 -4.84548e-05
    outer loop
      vertex -23.8 -15.242 116.4
      vertex -19.7328 -8.19738 104.058
      vertex -20 -8.66026 104.1
    endloop
  endfacet
  facet normal -0.866201 0.499696 -0.000218926
    outer loop
      vertex -23.8 -15.242 116.4
      vertex -20 -8.66026 104.1
      vertex -20.0534 -8.75283 104.092
    endloop
  endfacet
  facet normal -0.865982 0.500075 4.77162e-05
    outer loop
      vertex -23.8 -15.242 116.4
      vertex -20.0534 -8.75283 104.092
      vertex -20.3207 -9.21571 104.05
    endloop
  endfacet
  facet normal -0.866071 0.499922 -5.23859e-05
    outer loop
      vertex -23.8 -15.242 116.4
      vertex -20.3207 -9.21571 104.05
      vertex -20.5813 -9.66719 103.924
    endloop
  endfacet
  facet normal -0.865762 0.500456 0.000265823
    outer loop
      vertex -23.8 -15.242 116.4
      vertex -20.5813 -9.66719 103.924
      vertex -20.6335 -9.75748 103.899
    endloop
  endfacet
  facet normal -0.866025 0.500001 -2.70141e-06
    outer loop
      vertex -19.0693 -7.04827 103.653
      vertex -23.8 -15.242 116.4
      vertex -5 17.3205 116.4
    endloop
  endfacet
  facet normal -0.866009 0.500028 1.54054e-05
    outer loop
      vertex -20.9307 -10.2722 103.653
      vertex -23.8 -15.242 116.4
      vertex -20.6335 -9.75748 103.899
    endloop
  endfacet
  facet normal -0.866025 0.500001 1.31261e-06
    outer loop
      vertex -21.205 -10.7473 103.317
      vertex -23.8 -15.242 116.4
      vertex -20.9307 -10.2722 103.653
    endloop
  endfacet
  facet normal -0.866041 0.499973 -1.14211e-05
    outer loop
      vertex -21.4496 -11.171 102.899
      vertex -23.8 -15.242 116.4
      vertex -21.205 -10.7473 103.317
    endloop
  endfacet
  facet normal -0.866088 0.499891 -4.41577e-05
    outer loop
      vertex -21.4844 -11.2313 102.818
      vertex -23.8 -15.242 116.4
      vertex -21.4496 -11.171 102.899
    endloop
  endfacet
  facet normal -0.865999 0.500045 1.65408e-05
    outer loop
      vertex -21.6585 -11.5328 102.41
      vertex -23.8 -15.242 116.4
      vertex -21.4844 -11.2313 102.818
    endloop
  endfacet
  facet normal -0.866047 0.499963 -1.25125e-05
    outer loop
      vertex -21.8266 -11.824 101.861
      vertex -23.8 -15.242 116.4
      vertex -21.6585 -11.5328 102.41
    endloop
  endfacet
  facet normal -0.866072 0.499919 -2.65129e-05
    outer loop
      vertex -21.9291 -12.0016 101.366
      vertex -23.8 -15.242 116.4
      vertex -21.8266 -11.824 101.861
    endloop
  endfacet
  facet normal -0.865718 0.500532 0.000149881
    outer loop
      vertex -21.9497 -12.0372 101.267
      vertex -23.8 -15.242 116.4
      vertex -21.9291 -12.0016 101.366
    endloop
  endfacet
  facet normal -0.865961 0.500111 3.08334e-05
    outer loop
      vertex -22.0248 -12.1672 100.641
      vertex -23.8 -15.242 116.4
      vertex -21.9497 -12.0372 101.267
    endloop
  endfacet
  facet normal -0.866224 0.499656 -8.7495e-05
    outer loop
      vertex -22.05 -12.211 100
      vertex -23.8 -15.242 116.4
      vertex -22.0248 -12.1672 100.641
    endloop
  endfacet
  facet normal -0.865574 0.500781 0.000189813
    outer loop
      vertex -22.0248 -12.1672 99.3586
      vertex -23.8 -15.242 116.4
      vertex -22.05 -12.211 100
    endloop
  endfacet
  facet normal -0.866019 0.500011 0
    outer loop
      vertex -80.55 -113.536 42.225
      vertex -82.3 -116.567 100
      vertex -80.55 -113.536 116.4
    endloop
  endfacet
  facet normal -0.86649 0.499194 0.000201235
    outer loop
      vertex -82.3252 -116.611 100.641
      vertex -80.55 -113.536 116.4
      vertex -82.3 -116.567 100
    endloop
  endfacet
  facet normal -0.865968 0.500099 -3.41059e-05
    outer loop
      vertex -82.4003 -116.741 101.267
      vertex -80.55 -113.536 116.4
      vertex -82.3252 -116.611 100.641
    endloop
  endfacet
  facet normal -0.865892 0.50023 -7.12021e-05
    outer loop
      vertex -82.5234 -116.954 101.861
      vertex -80.55 -113.536 116.4
      vertex -82.4003 -116.741 101.267
    endloop
  endfacet
  facet normal -0.865944 0.500142 -4.34437e-05
    outer loop
      vertex -82.6915 -117.245 102.41
      vertex -80.55 -113.536 116.4
      vertex -82.5234 -116.954 101.861
    endloop
  endfacet
  facet normal -0.86626 0.499593 0.000150374
    outer loop
      vertex -82.8656 -117.547 102.818
      vertex -80.55 -113.536 116.4
      vertex -82.6915 -117.245 102.41
    endloop
  endfacet
  facet normal -0.865319 0.501222 -0.000491036
    outer loop
      vertex -82.9004 -117.607 102.899
      vertex -80.55 -113.536 116.4
      vertex -82.8656 -117.547 102.818
    endloop
  endfacet
  facet normal -0.866806 0.498645 0.000544812
    outer loop
      vertex -82.9412 -117.678 102.969
      vertex -80.55 -113.536 116.4
      vertex -82.9004 -117.607 102.899
    endloop
  endfacet
  facet normal -0.866033 0.499987 -6.44353e-06
    outer loop
      vertex -83.145 -118.031 103.317
      vertex -80.55 -113.536 116.4
      vertex -82.9412 -117.678 102.969
    endloop
  endfacet
  facet normal -0.866052 0.499954 8.47295e-06
    outer loop
      vertex -83.3736 -118.427 103.597
      vertex -80.55 -113.536 116.4
      vertex -83.145 -118.031 103.317
    endloop
  endfacet
  facet normal -0.865695 0.500571 -0.000305979
    outer loop
      vertex -83.4193 -118.506 103.653
      vertex -80.55 -113.536 116.4
      vertex -83.3736 -118.427 103.597
    endloop
  endfacet
  facet normal -0.866586 0.499027 0.000496483
    outer loop
      vertex -83.4688 -118.592 103.694
      vertex -80.55 -113.536 116.4
      vertex -83.4193 -118.506 103.653
    endloop
  endfacet
  facet normal -0.866016 0.500015 -2.74996e-05
    outer loop
      vertex -83.7165 -119.021 103.899
      vertex -80.55 -113.536 116.4
      vertex -83.4688 -118.592 103.694
    endloop
  endfacet
  facet normal -0.865747 0.500481 -0.000300109
    outer loop
      vertex -84.0293 -119.562 104.05
      vertex -80.55 -113.536 116.4
      vertex -83.7165 -119.021 103.899
    endloop
  endfacet
  facet normal -0.866223 0.499657 0.000235967
    outer loop
      vertex -84.35 -120.118 104.1
      vertex -80.55 -113.536 116.4
      vertex -84.0293 -119.562 104.05
    endloop
  endfacet
  facet normal -0.865833 0.500333 -0.000246182
    outer loop
      vertex -84.6707 -120.673 104.05
      vertex -80.55 -113.536 116.4
      vertex -84.35 -120.118 104.1
    endloop
  endfacet
  facet normal -0.866099 0.499873 -0.000102454
    outer loop
      vertex -89.35 -128.778 116.4
      vertex -84.6707 -120.673 104.05
      vertex -84.9835 -121.215 103.899
    endloop
  endfacet
  facet normal -0.866102 0.499868 -0.000106863
    outer loop
      vertex -89.35 -128.778 116.4
      vertex -84.9835 -121.215 103.899
      vertex -85.2807 -121.73 103.653
    endloop
  endfacet
  facet normal -0.865719 0.500531 0.000382245
    outer loop
      vertex -89.35 -128.778 116.4
      vertex -85.2807 -121.73 103.653
      vertex -85.3264 -121.809 103.597
    endloop
  endfacet
  facet normal -0.866046 0.499965 -2.86408e-05
    outer loop
      vertex -89.35 -128.778 116.4
      vertex -85.3264 -121.809 103.597
      vertex -85.555 -122.205 103.317
    endloop
  endfacet
  facet normal -0.866027 0.499997 -7.22347e-06
    outer loop
      vertex -89.35 -128.778 116.4
      vertex -85.555 -122.205 103.317
      vertex -85.7588 -122.558 102.969
    endloop
  endfacet
  facet normal -0.86461 0.502441 0.00150348
    outer loop
      vertex -89.35 -128.778 116.4
      vertex -85.7588 -122.558 102.969
      vertex -85.7996 -122.628 102.899
    endloop
  endfacet
  facet normal -0.866097 0.499876 -5.59281e-05
    outer loop
      vertex -89.35 -128.778 116.4
      vertex -85.7996 -122.628 102.899
      vertex -86.0085 -122.99 102.41
    endloop
  endfacet
  facet normal -0.866025 0.500001 9.70466e-06
    outer loop
      vertex -84.6707 -120.673 104.05
      vertex -89.35 -128.778 116.4
      vertex -80.55 -113.536 116.4
    endloop
  endfacet
  facet normal -0.865965 0.500104 7.00423e-05
    outer loop
      vertex -86.1766 -123.281 101.861
      vertex -89.35 -128.778 116.4
      vertex -86.0085 -122.99 102.41
    endloop
  endfacet
  facet normal -0.867487 0.497458 -0.00126263
    outer loop
      vertex -86.1971 -123.317 101.762
      vertex -89.35 -128.778 116.4
      vertex -86.1766 -123.281 101.861
    endloop
  endfacet
  facet normal -0.8662 0.499698 -0.00014972
    outer loop
      vertex -86.2997 -123.495 101.267
      vertex -89.35 -128.778 116.4
      vertex -86.1971 -123.317 101.762
    endloop
  endfacet
  facet normal -0.865971 0.500095 3.51842e-05
    outer loop
      vertex -86.3748 -123.625 100.641
      vertex -89.35 -128.778 116.4
      vertex -86.2997 -123.495 101.267
    endloop
  endfacet
  facet normal -0.865463 0.500972 0.00041787
    outer loop
      vertex -86.4 -123.668 100
      vertex -89.35 -128.778 116.4
      vertex -86.3748 -123.625 100.641
    endloop
  endfacet
  facet normal -0.866943 0.498407 -0.000647759
    outer loop
      vertex -86.3748 -123.625 99.3586
      vertex -89.35 -128.778 116.4
      vertex -86.4 -123.668 100
    endloop
  endfacet
  facet normal 0 1 0
    outer loop
      vertex -6.60001 -137.178 116.4
      vertex -14.1354 -137.178 114.679
      vertex -14 -137.178 116.4
    endloop
  endfacet
  facet normal 0 1 0
    outer loop
      vertex -6.60001 -137.178 116.4
      vertex -14.5384 -137.178 113.001
      vertex -14.1354 -137.178 114.679
    endloop
  endfacet
  facet normal 0 1 0
    outer loop
      vertex -6.60001 -137.178 116.4
      vertex -15.1989 -137.178 111.406
      vertex -14.5384 -137.178 113.001
    endloop
  endfacet
  facet normal 0 1 0
    outer loop
      vertex -6.60001 -137.178 116.4
      vertex -16.1008 -137.178 109.934
      vertex -15.1989 -137.178 111.406
    endloop
  endfacet
  facet normal 0 1 0
    outer loop
      vertex -6.60001 -137.178 116.4
      vertex -17.2218 -137.178 108.622
      vertex -16.1008 -137.178 109.934
    endloop
  endfacet
  facet normal 0 1 -0
    outer loop
      vertex -6.60001 -137.178 1.6
      vertex -17.2218 -137.178 108.622
      vertex -6.60001 -137.178 116.4
    endloop
  endfacet
  facet normal 0 1 0
    outer loop
      vertex -23.2792 -137.178 105.535
      vertex -6.60001 -137.178 1.6
      vertex -25 -137.178 105.4
    endloop
  endfacet
  facet normal 0 1 0
    outer loop
      vertex -21.6008 -137.178 105.938
      vertex -6.60001 -137.178 1.6
      vertex -23.2792 -137.178 105.535
    endloop
  endfacet
  facet normal 0 1 0
    outer loop
      vertex -20.0061 -137.178 106.599
      vertex -6.60001 -137.178 1.6
      vertex -21.6008 -137.178 105.938
    endloop
  endfacet
  facet normal 0 1 0
    outer loop
      vertex -18.5344 -137.178 107.501
      vertex -6.60001 -137.178 1.6
      vertex -20.0061 -137.178 106.599
    endloop
  endfacet
  facet normal 0 1 0
    outer loop
      vertex -17.2218 -137.178 108.622
      vertex -6.60001 -137.178 1.6
      vertex -18.5344 -137.178 107.501
    endloop
  endfacet
  facet normal 0 1 0
    outer loop
      vertex -35.8646 -137.178 114.679
      vertex -78.6872 -137.178 116.4
      vertex -36 -137.178 116.4
    endloop
  endfacet
  facet normal 0 1 0
    outer loop
      vertex -35.4616 -137.178 113.001
      vertex -78.6872 -137.178 116.4
      vertex -35.8646 -137.178 114.679
    endloop
  endfacet
  facet normal 0 1 0
    outer loop
      vertex -34.8011 -137.178 111.406
      vertex -78.6872 -137.178 116.4
      vertex -35.4616 -137.178 113.001
    endloop
  endfacet
  facet normal 0 1 0
    outer loop
      vertex -33.8992 -137.178 109.934
      vertex -78.6872 -137.178 116.4
      vertex -34.8011 -137.178 111.406
    endloop
  endfacet
  facet normal 0 1 0
    outer loop
      vertex -32.7782 -137.178 108.622
      vertex -78.6872 -137.178 116.4
      vertex -33.8992 -137.178 109.934
    endloop
  endfacet
  facet normal 0 1 0
    outer loop
      vertex -31.4656 -137.178 107.501
      vertex -78.6872 -137.178 116.4
      vertex -32.7782 -137.178 108.622
    endloop
  endfacet
  facet normal 0 1 0
    outer loop
      vertex -78.6872 -137.178 1.6
      vertex -31.4656 -137.178 107.501
      vertex -29.9939 -137.178 106.599
    endloop
  endfacet
  facet normal 0 1 0
    outer loop
      vertex -78.6872 -137.178 1.6
      vertex -29.9939 -137.178 106.599
      vertex -28.3992 -137.178 105.938
    endloop
  endfacet
  facet normal 0 1 0
    outer loop
      vertex -6.60001 -137.178 1.6
      vertex -28.3992 -137.178 105.938
      vertex -26.7208 -137.178 105.535
    endloop
  endfacet
  facet normal 0 1 0
    outer loop
      vertex -6.60001 -137.178 1.6
      vertex -26.7208 -137.178 105.535
      vertex -25 -137.178 105.4
    endloop
  endfacet
  facet normal 0 1 0
    outer loop
      vertex -28.3992 -137.178 105.938
      vertex -6.60001 -137.178 1.6
      vertex -78.6872 -137.178 1.6
    endloop
  endfacet
  facet normal 0 1 0
    outer loop
      vertex -31.4656 -137.178 107.501
      vertex -78.6872 -137.178 1.6
      vertex -78.6872 -137.178 116.4
    endloop
  endfacet
  facet normal -1 0 0
    outer loop
      vertex -6.60001 11.3492 1.6
      vertex -6.60001 5.32051 12
      vertex -6.60001 11.3492 116.4
    endloop
  endfacet
  facet normal -1 0 0
    outer loop
      vertex -6.60001 11.3492 1.6
      vertex -6.60001 -126.778 12
      vertex -6.60001 5.32051 12
    endloop
  endfacet
  facet normal -1 0 0
    outer loop
      vertex -6.60001 -137.178 1.6
      vertex -6.60001 -126.778 12
      vertex -6.60001 11.3492 1.6
    endloop
  endfacet
  facet normal -1 0 0
    outer loop
      vertex -6.60001 -137.178 116.4
      vertex -6.60001 -126.778 12
      vertex -6.60001 -137.178 1.6
    endloop
  endfacet
  facet normal -1 0 0
    outer loop
      vertex -6.60001 -126.778 12
      vertex -6.60001 -137.178 116.4
      vertex -6.60001 -126.778 116.4
    endloop
  endfacet
  facet normal -1 -0 0
    outer loop
      vertex -6.60001 11.3492 116.4
      vertex -6.60001 5.32051 12
      vertex -6.60001 5.32051 116.4
    endloop
  endfacet
  facet normal 0.707124 0.707089 0
    outer loop
      vertex -78.6872 -137.178 116.4
      vertex -86.7648 -129.1 1.6
      vertex -86.7648 -129.1 116.4
    endloop
  endfacet
  facet normal 0.707124 0.707089 0
    outer loop
      vertex -86.7648 -129.1 1.6
      vertex -78.6872 -137.178 116.4
      vertex -78.6872 -137.178 1.6
    endloop
  endfacet
  facet normal 0 0 1
    outer loop
      vertex -18.8038 -18.5885 1.6
      vertex -75.1603 -116.186 1.6
      vertex -75.1538 -116.19 1.6
    endloop
  endfacet
  facet normal 0 0 1
    outer loop
      vertex -18.8038 -18.5885 1.6
      vertex -76.483 -115.422 1.6
      vertex -75.1603 -116.186 1.6
    endloop
  endfacet
  facet normal 0 -0 1
    outer loop
      vertex -76.483 -115.422 1.6
      vertex -21.9215 -16.7885 1.6
      vertex -78.2715 -114.39 1.6
    endloop
  endfacet
  facet normal 0 0 1
    outer loop
      vertex -6.60001 11.3492 1.6
      vertex -10.8038 -4.73205 1.6
      vertex -6.60001 -137.178 1.6
    endloop
  endfacet
  facet normal 0 0 1
    outer loop
      vertex -6.60001 11.3492 1.6
      vertex -12.9215 -1.2 1.6
      vertex -10.8038 -4.73205 1.6
    endloop
  endfacet
  facet normal 0 -0 1
    outer loop
      vertex -12.9215 -1.2 1.6
      vertex -6.60001 11.3492 1.6
      vertex -13.6144 -0.800001 1.6
    endloop
  endfacet
  facet normal -0 0 1
    outer loop
      vertex -18.8038 -18.5885 1.6
      vertex -6.60001 -137.178 1.6
      vertex -10.8038 -4.73205 1.6
    endloop
  endfacet
  facet normal 0 0 1
    outer loop
      vertex -76.483 -115.422 1.6
      vertex -18.8038 -18.5885 1.6
      vertex -21.9215 -16.7885 1.6
    endloop
  endfacet
  facet normal 0 0 1
    outer loop
      vertex -18.8038 -18.5885 1.6
      vertex -75.1538 -116.19 1.6
      vertex -6.60001 -137.178 1.6
    endloop
  endfacet
  facet normal 0 0 1
    outer loop
      vertex -75.1538 -116.19 1.6
      vertex -78.6872 -137.178 1.6
      vertex -6.60001 -137.178 1.6
    endloop
  endfacet
  facet normal -0 0 1
    outer loop
      vertex -83.1538 -130.046 1.6
      vertex -78.6872 -137.178 1.6
      vertex -75.1538 -116.19 1.6
    endloop
  endfacet
  facet normal -0 0 1
    outer loop
      vertex -86.7648 -129.1 1.6
      vertex -83.1538 -130.046 1.6
      vertex -86.2715 -128.246 1.6
    endloop
  endfacet
  facet normal 0 0 1
    outer loop
      vertex -83.1538 -130.046 1.6
      vertex -86.7648 -129.1 1.6
      vertex -78.6872 -137.178 1.6
    endloop
  endfacet
  facet normal 0 0 1
    outer loop
      vertex -10.8038 -4.73205 1.6
      vertex -12.9215 -1.2 1.6
      vertex -13.9215 -2.93205 1.6
    endloop
  endfacet
  facet normal 0.866024 -0.500002 0
    outer loop
      vertex -13.6144 -0.800001 116.4
      vertex -6.60001 11.3492 1.6
      vertex -6.60001 11.3492 116.4
    endloop
  endfacet
  facet normal 0.866024 -0.500002 0
    outer loop
      vertex -6.60001 11.3492 1.6
      vertex -13.6144 -0.800001 116.4
      vertex -13.6144 -0.800001 1.6
    endloop
  endfacet
  facet normal -0 0 1
    outer loop
      vertex -6.60001 5.32051 12
      vertex -5 -126.778 12
      vertex -5 5.32051 12
    endloop
  endfacet
  facet normal 0 0 1
    outer loop
      vertex -5 -126.778 12
      vertex -6.60001 5.32051 12
      vertex -6.60001 -126.778 12
    endloop
  endfacet
  facet normal 0 -1 0
    outer loop
      vertex -6.60001 5.32051 12
      vertex -5 5.32051 116.4
      vertex -6.60001 5.32051 116.4
    endloop
  endfacet
  facet normal 0 -1 -0
    outer loop
      vertex -5 5.32051 116.4
      vertex -6.60001 5.32051 12
      vertex -5 5.32051 12
    endloop
  endfacet
  facet normal 0 1 -0
    outer loop
      vertex -5 -126.778 12
      vertex -6.60001 -126.778 116.4
      vertex -5 -126.778 116.4
    endloop
  endfacet
  facet normal 0 1 0
    outer loop
      vertex -6.60001 -126.778 116.4
      vertex -5 -126.778 12
      vertex -6.60001 -126.778 12
    endloop
  endfacet
  facet normal 0.866025 -0.5 0
    outer loop
      vertex -78.4715 -114.736 89.596
      vertex -86.2715 -128.246 89.596
      vertex -78.4715 -114.736 42.225
    endloop
  endfacet
  facet normal 0.866025 -0.5 0
    outer loop
      vertex -12.9215 -1.2 1.6
      vertex -13.9215 -2.93205 89.596
      vertex -13.9215 -2.93205 18
    endloop
  endfacet
  facet normal 0.866022 -0.500006 1.96828e-06
    outer loop
      vertex -21.7215 -16.442 42.225
      vertex -13.9215 -2.93205 89.596
      vertex -17.1269 -8.48387 89.596
    endloop
  endfacet
  facet normal 0.866027 -0.499998 0
    outer loop
      vertex -21.7215 -16.442 42.225
      vertex -17.1269 -8.48387 89.596
      vertex -21.7215 -16.442 89.596
    endloop
  endfacet
  facet normal 0.866025 -0.500001 0
    outer loop
      vertex -13.9215 -2.93205 89.596
      vertex -21.7215 -16.442 42.225
      vertex -13.9215 -2.93205 18
    endloop
  endfacet
  facet normal 0.866026 -0.499999 1.83178e-06
    outer loop
      vertex -21.7215 -16.442 42.225
      vertex -21.9215 -16.7885 18
      vertex -13.9215 -2.93205 18
    endloop
  endfacet
  facet normal 0.866026 -0.499998 0
    outer loop
      vertex -78.2715 -114.39 9.18531
      vertex -21.9215 -16.7885 18
      vertex -78.2715 -114.39 18
    endloop
  endfacet
  facet normal 0.866026 -0.499998 1.82223e-06
    outer loop
      vertex -21.7215 -16.442 42.225
      vertex -78.2715 -114.39 18
      vertex -21.9215 -16.7885 18
    endloop
  endfacet
  facet normal 0.866026 -0.5 8.47414e-06
    outer loop
      vertex -78.4715 -114.736 42.225
      vertex -78.2715 -114.39 18
      vertex -21.7215 -16.442 42.225
    endloop
  endfacet
  facet normal 0.866025 -0.5 0
    outer loop
      vertex -86.2715 -128.246 18
      vertex -78.4715 -114.736 42.225
      vertex -86.2715 -128.246 89.596
    endloop
  endfacet
  facet normal 0.866019 -0.500011 8.25612e-06
    outer loop
      vertex -78.4715 -114.736 42.225
      vertex -86.2715 -128.246 18
      vertex -78.2715 -114.39 18
    endloop
  endfacet
  facet normal 0.866025 -0.5 0
    outer loop
      vertex -13.9215 -2.93205 89.6
      vertex -12.9215 -1.2 116.4
      vertex -13.9215 -2.93205 108
    endloop
  endfacet
  facet normal 0.866025 -0.500001 2.70563e-07
    outer loop
      vertex -21.7215 -16.442 116.4
      vertex -13.9215 -2.93205 108
      vertex -12.9215 -1.2 116.4
    endloop
  endfacet
  facet normal 0.866025 -0.500001 0
    outer loop
      vertex -13.9215 -2.93205 108
      vertex -21.7215 -16.442 116.4
      vertex -21.7215 -16.442 108
    endloop
  endfacet
  facet normal 0.866025 -0.5 0
    outer loop
      vertex -13.9215 -2.93205 89.596
      vertex -12.9215 -1.2 116.4
      vertex -13.9215 -2.93205 89.6
    endloop
  endfacet
  facet normal 0.866025 -0.5 0
    outer loop
      vertex -12.9215 -1.2 116.4
      vertex -13.9215 -2.93205 89.596
      vertex -12.9215 -1.2 1.6
    endloop
  endfacet
  facet normal 0.866025 -0.5 0
    outer loop
      vertex -12.9215 -1.2 1.6
      vertex -13.9215 -2.93205 18
      vertex -13.9215 -2.93205 1.6
    endloop
  endfacet
  facet normal 0.866026 -0.499998 0
    outer loop
      vertex -21.9215 -16.7885 18
      vertex -78.2715 -114.39 9.18531
      vertex -21.9215 -16.7885 1.6
    endloop
  endfacet
  facet normal 0.866026 -0.499998 0
    outer loop
      vertex -21.9215 -16.7885 1.6
      vertex -78.2715 -114.39 9.18531
      vertex -78.2715 -114.39 1.6
    endloop
  endfacet
  facet normal 0.866025 -0.5 0
    outer loop
      vertex -78.4715 -114.736 116.4
      vertex -86.2715 -128.246 108
      vertex -78.4715 -114.736 108
    endloop
  endfacet
  facet normal 0.865919 -0.500185 0
    outer loop
      vertex -86.7648 -129.1 116.4
      vertex -86.2715 -128.246 89.6
      vertex -86.2715 -128.246 108
    endloop
  endfacet
  facet normal 0.865919 -0.500185 0
    outer loop
      vertex -86.2715 -128.246 89.6
      vertex -86.7648 -129.1 116.4
      vertex -86.2715 -128.246 89.596
    endloop
  endfacet
  facet normal 0.865919 -0.500185 0
    outer loop
      vertex -86.7648 -129.1 1.6
      vertex -86.2715 -128.246 89.596
      vertex -86.7648 -129.1 116.4
    endloop
  endfacet
  facet normal 0.866019 -0.500011 2.35637e-05
    outer loop
      vertex -86.7648 -129.1 116.4
      vertex -86.2715 -128.246 108
      vertex -78.4715 -114.736 116.4
    endloop
  endfacet
  facet normal 0.865919 -0.500185 0
    outer loop
      vertex -86.2715 -128.246 89.596
      vertex -86.7648 -129.1 1.6
      vertex -86.2715 -128.246 18
    endloop
  endfacet
  facet normal 0.865919 -0.500185 0
    outer loop
      vertex -86.2715 -128.246 18
      vertex -86.7648 -129.1 1.6
      vertex -86.2715 -128.246 1.6
    endloop
  endfacet
  facet normal 0.499956 0.866051 -0
    outer loop
      vertex -12.9215 -1.2 1.6
      vertex -13.6144 -0.800001 116.4
      vertex -12.9215 -1.2 116.4
    endloop
  endfacet
  facet normal 0.499956 0.866051 0
    outer loop
      vertex -13.6144 -0.800001 116.4
      vertex -12.9215 -1.2 1.6
      vertex -13.6144 -0.800001 1.6
    endloop
  endfacet
  facet normal 0.499999 0.866026 -0
    outer loop
      vertex -10.8038 -4.73205 1.6
      vertex -13.9215 -2.93205 18
      vertex -10.8038 -4.73205 18
    endloop
  endfacet
  facet normal 0.499999 0.866026 0
    outer loop
      vertex -13.9215 -2.93205 18
      vertex -10.8038 -4.73205 1.6
      vertex -13.9215 -2.93205 1.6
    endloop
  endfacet
  facet normal 0.866026 -0.499999 0
    outer loop
      vertex -18.8038 -18.5885 18
      vertex -10.8038 -4.73205 1.6
      vertex -10.8038 -4.73205 18
    endloop
  endfacet
  facet normal 0.866026 -0.499999 0
    outer loop
      vertex -10.8038 -4.73205 1.6
      vertex -18.8038 -18.5885 18
      vertex -18.8038 -18.5885 1.6
    endloop
  endfacet
  facet normal 0 0 1
    outer loop
      vertex -13.9215 -2.93205 18
      vertex -18.8038 -18.5885 18
      vertex -10.8038 -4.73205 18
    endloop
  endfacet
  facet normal 0 -0 1
    outer loop
      vertex -18.8038 -18.5885 18
      vertex -13.9215 -2.93205 18
      vertex -21.9215 -16.7885 18
    endloop
  endfacet
  facet normal -0.499999 -0.866026 0
    outer loop
      vertex -21.9215 -16.7885 1.6
      vertex -18.8038 -18.5885 18
      vertex -21.9215 -16.7885 18
    endloop
  endfacet
  facet normal -0.499999 -0.866026 -0
    outer loop
      vertex -18.8038 -18.5885 18
      vertex -21.9215 -16.7885 1.6
      vertex -18.8038 -18.5885 1.6
    endloop
  endfacet
  facet normal -0.499999 -0.866026 0
    outer loop
      vertex -86.2715 -128.246 1.6
      vertex -83.1538 -130.046 18
      vertex -86.2715 -128.246 18
    endloop
  endfacet
  facet normal -0.499999 -0.866026 -0
    outer loop
      vertex -83.1538 -130.046 18
      vertex -86.2715 -128.246 1.6
      vertex -83.1538 -130.046 1.6
    endloop
  endfacet
  facet normal 0.499999 0.866026 0
    outer loop
      vertex -75.1538 -116.19 18
      vertex -78.2715 -114.39 9.18531
      vertex -78.2715 -114.39 18
    endloop
  endfacet
  facet normal 0.499971 0.866042 1.30704e-05
    outer loop
      vertex -75.1603 -116.186 1.6
      vertex -78.2715 -114.39 9.18531
      vertex -75.1538 -116.19 18
    endloop
  endfacet
  facet normal 0.500166 0.865929 0.00011976
    outer loop
      vertex -78.2715 -114.39 9.18531
      vertex -75.1603 -116.186 1.6
      vertex -76.483 -115.422 1.6
    endloop
  endfacet
  facet normal 0 0 1
    outer loop
      vertex -78.2715 -114.39 18
      vertex -83.1538 -130.046 18
      vertex -75.1538 -116.19 18
    endloop
  endfacet
  facet normal 0 -0 1
    outer loop
      vertex -83.1538 -130.046 18
      vertex -78.2715 -114.39 18
      vertex -86.2715 -128.246 18
    endloop
  endfacet
  facet normal 0.866019 -0.500011 0
    outer loop
      vertex -83.1538 -130.046 18
      vertex -75.1538 -116.19 1.6
      vertex -75.1538 -116.19 18
    endloop
  endfacet
  facet normal 0.866019 -0.500011 0
    outer loop
      vertex -75.1538 -116.19 1.6
      vertex -83.1538 -130.046 18
      vertex -83.1538 -130.046 1.6
    endloop
  endfacet
  facet normal 0.524097 0.851658 -0
    outer loop
      vertex -75.1538 -116.19 1.6
      vertex -75.1603 -116.186 1.6
      vertex -75.1538 -116.19 18
    endloop
  endfacet
  facet normal 0.499785 0.866149 0
    outer loop
      vertex -76.483 -115.422 1.6
      vertex -78.2715 -114.39 1.6
      vertex -78.2715 -114.39 9.18531
    endloop
  endfacet
  facet normal 0.499999 0.866026 0
    outer loop
      vertex -10.8038 -4.73205 86
      vertex -13.9215 -2.93205 89.596
      vertex -13.9215 -2.93205 89.6
    endloop
  endfacet
  facet normal 0.498283 0.867012 -0.00198149
    outer loop
      vertex -13.9215 -2.93205 89.596
      vertex -10.8038 -4.73205 86
      vertex -10.8125 -4.72705 86
    endloop
  endfacet
  facet normal -0.498283 -0.867012 0.0019783
    outer loop
      vertex -18.8038 -18.5885 86
      vertex -21.0555 -17.2885 88.5943
      vertex -18.8125 -18.5835 86
    endloop
  endfacet
  facet normal -0.499994 -0.866029 0
    outer loop
      vertex -21.0555 -17.2885 88.5943
      vertex -18.8038 -18.5885 86
      vertex -21.0555 -17.2885 88.6043
    endloop
  endfacet
  facet normal 0.866026 -0.499999 0
    outer loop
      vertex -18.8038 -18.5885 108
      vertex -10.8038 -4.73205 86
      vertex -10.8038 -4.73205 108
    endloop
  endfacet
  facet normal 0.866026 -0.499999 0
    outer loop
      vertex -10.8038 -4.73205 86
      vertex -18.8038 -18.5885 108
      vertex -18.8038 -18.5885 86
    endloop
  endfacet
  facet normal 0 0 -1
    outer loop
      vertex -18.8038 -18.5885 86
      vertex -10.8125 -4.72705 86
      vertex -10.8038 -4.73205 86
    endloop
  endfacet
  facet normal 0 0 -1
    outer loop
      vertex -10.8125 -4.72705 86
      vertex -18.8038 -18.5885 86
      vertex -18.8125 -18.5835 86
    endloop
  endfacet
  facet normal 0.499999 0.866026 0
    outer loop
      vertex -10.8038 -4.73205 108
      vertex -13.9215 -2.93205 89.6
      vertex -13.9215 -2.93205 108
    endloop
  endfacet
  facet normal 0.499999 0.866026 0
    outer loop
      vertex -13.9215 -2.93205 89.6
      vertex -10.8038 -4.73205 108
      vertex -10.8038 -4.73205 86
    endloop
  endfacet
  facet normal 0 0 1
    outer loop
      vertex -20.8555 -16.942 108
      vertex -10.8038 -4.73205 108
      vertex -13.9215 -2.93205 108
    endloop
  endfacet
  facet normal 0 0 1
    outer loop
      vertex -10.8038 -4.73205 108
      vertex -20.8555 -16.942 108
      vertex -18.8038 -18.5885 108
    endloop
  endfacet
  facet normal 0 -0 1
    outer loop
      vertex -20.8555 -16.942 108
      vertex -13.9215 -2.93205 108
      vertex -21.7215 -16.442 108
    endloop
  endfacet
  facet normal 0 0 1
    outer loop
      vertex -18.8038 -18.5885 108
      vertex -20.8555 -16.942 108
      vertex -21.0555 -17.2885 108
    endloop
  endfacet
  facet normal -0.499994 -0.866029 0
    outer loop
      vertex -21.0555 -17.2885 88.6043
      vertex -18.8038 -18.5885 108
      vertex -21.0555 -17.2885 108
    endloop
  endfacet
  facet normal -0.499994 -0.866029 -0
    outer loop
      vertex -18.8038 -18.5885 108
      vertex -21.0555 -17.2885 88.6043
      vertex -18.8038 -18.5885 86
    endloop
  endfacet
  facet normal -0.61292 0.353778 -0.706519
    outer loop
      vertex -18.8125 -18.5835 86
      vertex -21.0555 -17.2885 88.5943
      vertex -20.8555 -16.942 88.5943
    endloop
  endfacet
  facet normal -0.612873 0.353847 -0.706526
    outer loop
      vertex -20.8555 -16.942 88.5943
      vertex -17.1269 -8.48387 89.596
      vertex -18.8125 -18.5835 86
    endloop
  endfacet
  facet normal -0.6129 0.353856 -0.706498
    outer loop
      vertex -17.1269 -8.48387 89.596
      vertex -20.8555 -16.942 88.5943
      vertex -21.7215 -16.442 89.596
    endloop
  endfacet
  facet normal -0.612883 0.353854 -0.706513
    outer loop
      vertex -10.8125 -4.72705 86
      vertex -17.1269 -8.48387 89.596
      vertex -13.9215 -2.93205 89.596
    endloop
  endfacet
  facet normal -0.612881 0.353846 -0.706519
    outer loop
      vertex -17.1269 -8.48387 89.596
      vertex -10.8125 -4.72705 86
      vertex -18.8125 -18.5835 86
    endloop
  endfacet
  facet normal -0.499999 -0.866026 0
    outer loop
      vertex -86.2715 -128.246 89.6
      vertex -83.1538 -130.046 108
      vertex -86.2715 -128.246 108
    endloop
  endfacet
  facet normal -0.499999 -0.866026 -0
    outer loop
      vertex -83.1538 -130.046 108
      vertex -86.2715 -128.246 89.6
      vertex -83.1538 -130.046 86
    endloop
  endfacet
  facet normal 0.499994 0.866029 0
    outer loop
      vertex -75.1538 -116.19 108
      vertex -77.4055 -114.89 95.5125
      vertex -77.4055 -114.89 108
    endloop
  endfacet
  facet normal 0.499998 0.866027 -9.02316e-07
    outer loop
      vertex -77.4055 -114.89 95.5125
      vertex -75.1538 -116.19 108
      vertex -75.1625 -116.185 86
    endloop
  endfacet
  facet normal -0 0 1
    outer loop
      vertex -77.6055 -115.236 108
      vertex -75.1538 -116.19 108
      vertex -77.4055 -114.89 108
    endloop
  endfacet
  facet normal 0 0 1
    outer loop
      vertex -77.6055 -115.236 108
      vertex -83.1538 -130.046 108
      vertex -75.1538 -116.19 108
    endloop
  endfacet
  facet normal 0 0 1
    outer loop
      vertex -86.2715 -128.246 108
      vertex -77.6055 -115.236 108
      vertex -78.4715 -114.736 108
    endloop
  endfacet
  facet normal 0 0 1
    outer loop
      vertex -77.6055 -115.236 108
      vertex -86.2715 -128.246 108
      vertex -83.1538 -130.046 108
    endloop
  endfacet
  facet normal 0.866019 -0.500011 0
    outer loop
      vertex -83.1538 -130.046 108
      vertex -75.1538 -116.19 86
      vertex -75.1538 -116.19 108
    endloop
  endfacet
  facet normal 0.866019 -0.500011 0
    outer loop
      vertex -75.1538 -116.19 86
      vertex -83.1538 -130.046 108
      vertex -83.1538 -130.046 86
    endloop
  endfacet
  facet normal 0 0 -1
    outer loop
      vertex -83.1538 -130.046 86
      vertex -75.1625 -116.185 86
      vertex -75.1538 -116.19 86
    endloop
  endfacet
  facet normal 0 0 -1
    outer loop
      vertex -75.1625 -116.185 86
      vertex -83.1538 -130.046 86
      vertex -83.1625 -130.041 86
    endloop
  endfacet
  facet normal 0.498284 0.867014 -0
    outer loop
      vertex -75.1538 -116.19 86
      vertex -75.1625 -116.185 86
      vertex -75.1538 -116.19 108
    endloop
  endfacet
  facet normal 0.500001 0.866025 0
    outer loop
      vertex -75.1625 -116.185 86
      vertex -77.4055 -114.89 88.5943
      vertex -77.4055 -114.89 95.5125
    endloop
  endfacet
  facet normal -0.498283 -0.867012 0.00198149
    outer loop
      vertex -83.1538 -130.046 86
      vertex -86.2715 -128.246 89.596
      vertex -83.1625 -130.041 86
    endloop
  endfacet
  facet normal -0.499999 -0.866026 0
    outer loop
      vertex -86.2715 -128.246 89.596
      vertex -83.1538 -130.046 86
      vertex -86.2715 -128.246 89.6
    endloop
  endfacet
  facet normal -0.612699 0.354161 -0.706519
    outer loop
      vertex -75.1625 -116.185 86
      vertex -77.6055 -115.236 88.5943
      vertex -77.4055 -114.89 88.5943
    endloop
  endfacet
  facet normal -0.612853 0.353841 -0.706547
    outer loop
      vertex -83.1625 -130.041 86
      vertex -77.6055 -115.236 88.5943
      vertex -75.1625 -116.185 86
    endloop
  endfacet
  facet normal -0.612887 0.353848 -0.706513
    outer loop
      vertex -86.2715 -128.246 89.596
      vertex -77.6055 -115.236 88.5943
      vertex -83.1625 -130.041 86
    endloop
  endfacet
  facet normal -0.612899 0.353857 -0.706498
    outer loop
      vertex -77.6055 -115.236 88.5943
      vertex -86.2715 -128.246 89.596
      vertex -78.4715 -114.736 89.596
    endloop
  endfacet
  facet normal 0.0392473 0.0679827 -0.996914
    outer loop
      vertex -20.0534 -8.75283 14.0916
      vertex -15.6699 -11.1603 14.1
      vertex -15.9906 -11.7157 14.0495
    endloop
  endfacet
  facet normal 0.0391806 0.0678613 -0.996925
    outer loop
      vertex -15.6699 -11.1603 14.1
      vertex -20.0534 -8.75283 14.0916
      vertex -20 -8.66026 14.1
    endloop
  endfacet
  facet normal -0.380203 -0.658527 -0.649453
    outer loop
      vertex -18.3415 -5.78768 12.4099
      vertex -14.2203 -8.64953 12.8991
      vertex -18.5504 -6.14953 12.8991
    endloop
  endfacet
  facet normal -0.380198 -0.658521 -0.64946
    outer loop
      vertex -14.2203 -8.64953 12.8991
      vertex -18.3415 -5.78768 12.4099
      vertex -14.0114 -8.28767 12.4099
    endloop
  endfacet
  facet normal 0.0392599 0.068 -0.996913
    outer loop
      vertex -20.0534 -8.75283 14.0916
      vertex -15.9906 -11.7157 14.0495
      vertex -20.3207 -9.21571 14.0495
    endloop
  endfacet
  facet normal 0.116716 0.20218 -0.972369
    outer loop
      vertex -16.3034 -12.2575 13.8993
      vertex -20.5813 -9.66719 13.9244
      vertex -15.9906 -11.7157 14.0495
    endloop
  endfacet
  facet normal 0.116994 0.202637 -0.97224
    outer loop
      vertex -20.5813 -9.66719 13.9244
      vertex -16.3034 -12.2575 13.8993
      vertex -20.6335 -9.75748 13.8993
    endloop
  endfacet
  facet normal -0.865983 0.500074 -0.000403794
    outer loop
      vertex -15.9906 -11.7157 14.0495
      vertex -15.6699 -11.1603 14.1
      vertex -16.3034 -12.2575 13.8993
    endloop
  endfacet
  facet normal -0.866045 0.499966 0.000135
    outer loop
      vertex -14.4649 -9.0732 6.68303
      vertex -15.0364 -10.063 6.10067
      vertex -15.6699 -11.1603 5.9
    endloop
  endfacet
  facet normal -0.866015 0.500018 4.91119e-05
    outer loop
      vertex -15.6699 -11.1603 14.1
      vertex -14.4649 -9.0732 13.317
      vertex -16.6006 -12.7722 13.6531
    endloop
  endfacet
  facet normal -0.865989 0.500063 9.72494e-05
    outer loop
      vertex -14.2203 -8.64953 12.8991
      vertex -14.0114 -8.28767 12.4099
      vertex -14.4649 -9.0732 13.317
    endloop
  endfacet
  facet normal -0.865929 0.500167 -8.35433e-05
    outer loop
      vertex -13.7202 -7.78333 8.73303
      vertex -13.8433 -7.99655 8.13864
      vertex -14.0114 -8.28767 7.59008
    endloop
  endfacet
  facet normal -0.261213 -0.452432 -0.852686
    outer loop
      vertex -14.7392 -9.54827 13.6531
      vertex -18.795 -6.5732 13.317
      vertex -14.4649 -9.0732 13.317
    endloop
  endfacet
  facet normal -0.261213 -0.452432 -0.852686
    outer loop
      vertex -18.795 -6.5732 13.317
      vertex -14.7392 -9.54827 13.6531
      vertex -19.0693 -7.04827 13.6531
    endloop
  endfacet
  facet normal -0.866065 0.499931 5.53554e-05
    outer loop
      vertex -13.7202 -7.78333 8.73303
      vertex -14.0114 -8.28767 7.59008
      vertex -14.4649 -9.0732 6.68303
    endloop
  endfacet
  facet normal -0.866041 0.499973 7.93761e-05
    outer loop
      vertex -15.0364 -10.063 6.10067
      vertex -15.3492 -10.6048 5.95048
      vertex -15.6699 -11.1603 5.9
    endloop
  endfacet
  facet normal -0.866015 0.500018 -4.91122e-05
    outer loop
      vertex -14.4649 -9.0732 6.68303
      vertex -15.6699 -11.1603 5.9
      vertex -16.6006 -12.7722 6.34687
    endloop
  endfacet
  facet normal 0.380229 0.658571 -0.649392
    outer loop
      vertex -21.4844 -11.2313 12.8176
      vertex -17.3284 -14.0328 12.4099
      vertex -21.6585 -11.5328 12.4099
    endloop
  endfacet
  facet normal -0.866116 0.499843 0.00010924
    outer loop
      vertex -17.1194 -13.671 12.8991
      vertex -16.6006 -12.7722 13.6531
      vertex -17.6946 -14.6672 10.6414
    endloop
  endfacet
  facet normal -0.461953 -0.800124 0.382623
    outer loop
      vertex -13.8433 -7.99655 8.13864
      vertex -18.1529 -5.46102 8.23771
      vertex -18.1734 -5.49656 8.13864
    endloop
  endfacet
  facet normal -0.461939 -0.800104 0.382683
    outer loop
      vertex -18.1529 -5.46102 8.23771
      vertex -13.8433 -7.99655 8.13864
      vertex -13.7202 -7.78333 8.73303
    endloop
  endfacet
  facet normal -0.191345 -0.331418 -0.923877
    outer loop
      vertex -15.0364 -10.063 13.8993
      vertex -19.0693 -7.04827 13.6531
      vertex -14.7392 -9.54827 13.6531
    endloop
  endfacet
  facet normal -0.191337 -0.331407 -0.923883
    outer loop
      vertex -19.0693 -7.04827 13.6531
      vertex -15.0364 -10.063 13.8993
      vertex -19.3665 -7.56303 13.8993
    endloop
  endfacet
  facet normal 0.324744 0.562483 -0.760365
    outer loop
      vertex -17.1194 -13.671 12.8991
      vertex -21.205 -10.7473 13.317
      vertex -16.8748 -13.2473 13.317
    endloop
  endfacet
  facet normal 0.324744 0.562483 -0.760365
    outer loop
      vertex -21.205 -10.7473 13.317
      vertex -17.1194 -13.671 12.8991
      vertex -21.4496 -11.171 12.8991
    endloop
  endfacet
  facet normal -0.191345 -0.331418 0.923877
    outer loop
      vertex -19.0693 -7.04827 6.34687
      vertex -15.0364 -10.063 6.10067
      vertex -14.7392 -9.54827 6.34687
    endloop
  endfacet
  facet normal -0.191337 -0.331407 0.923883
    outer loop
      vertex -15.0364 -10.063 6.10067
      vertex -19.0693 -7.04827 6.34687
      vertex -19.3665 -7.56303 6.10067
    endloop
  endfacet
  facet normal -0.86625 0.499611 0.000477112
    outer loop
      vertex -16.8748 -13.2473 13.317
      vertex -16.6006 -12.7722 13.6531
      vertex -17.1194 -13.671 12.8991
    endloop
  endfacet
  facet normal -0.0392515 -0.0679851 0.996914
    outer loop
      vertex -19.7328 -8.19738 5.94206
      vertex -15.3492 -10.6048 5.95048
      vertex -19.6793 -8.1048 5.95048
    endloop
  endfacet
  facet normal -0.0392295 -0.0679451 0.996918
    outer loop
      vertex -15.3492 -10.6048 5.95048
      vertex -19.7328 -8.19738 5.94206
      vertex -15.6699 -11.1603 5.9
    endloop
  endfacet
  facet normal -0.116718 -0.202162 0.972372
    outer loop
      vertex -19.6272 -8.01451 5.97551
      vertex -15.3492 -10.6048 5.95048
      vertex -15.0364 -10.063 6.10067
    endloop
  endfacet
  facet normal -0.116738 -0.202195 0.972363
    outer loop
      vertex -15.3492 -10.6048 5.95048
      vertex -19.6272 -8.01451 5.97551
      vertex -19.6793 -8.1048 5.95048
    endloop
  endfacet
  facet normal -0.461938 -0.800099 0.382695
    outer loop
      vertex -13.7202 -7.78333 8.73303
      vertex -18.0503 -5.28334 8.73303
      vertex -18.1529 -5.46102 8.23771
    endloop
  endfacet
  facet normal -0.426306 -0.738381 -0.522548
    outer loop
      vertex -18.2014 -5.54508 11.9528
      vertex -14.0114 -8.28767 12.4099
      vertex -18.3415 -5.78768 12.4099
    endloop
  endfacet
  facet normal -0.866009 0.500029 2.71082e-05
    outer loop
      vertex -13.7202 -7.78333 11.267
      vertex -13.6199 -7.60955 10
      vertex -14.4649 -9.0732 13.317
    endloop
  endfacet
  facet normal -0.0392642 -0.068006 -0.996912
    outer loop
      vertex -19.7328 -8.19738 14.0579
      vertex -15.6699 -11.1603 14.1
      vertex -20 -8.66026 14.1
    endloop
  endfacet
  facet normal 0.116678 0.202091 -0.972392
    outer loop
      vertex -20.3207 -9.21571 14.0495
      vertex -15.9906 -11.7157 14.0495
      vertex -20.5813 -9.66719 13.9244
    endloop
  endfacet
  facet normal -0.86625 0.499611 -0.000477611
    outer loop
      vertex -16.6006 -12.7722 6.34687
      vertex -16.8748 -13.2473 6.68303
      vertex -17.1194 -13.671 7.10086
    endloop
  endfacet
  facet normal -0.866022 0.500005 0
    outer loop
      vertex -16.6006 -12.7722 13.6531
      vertex -13.6199 -7.60955 10
      vertex -16.6006 -12.7722 6.34687
    endloop
  endfacet
  facet normal -0.866009 0.500029 -2.7109e-05
    outer loop
      vertex -13.6199 -7.60955 10
      vertex -13.7202 -7.78333 8.73303
      vertex -14.4649 -9.0732 6.68303
    endloop
  endfacet
  facet normal -0.426313 -0.738395 0.522523
    outer loop
      vertex -14.0114 -8.28767 7.59008
      vertex -18.2014 -5.54508 8.04721
      vertex -18.3415 -5.78768 7.59008
    endloop
  endfacet
  facet normal -0.865929 0.500167 8.35199e-05
    outer loop
      vertex -13.8433 -7.99655 11.8614
      vertex -13.7202 -7.78333 11.267
      vertex -14.0114 -8.28767 12.4099
    endloop
  endfacet
  facet normal -0.461974 -0.80016 -0.382524
    outer loop
      vertex -18.1529 -5.46102 11.7623
      vertex -13.8433 -7.99655 11.8614
      vertex -18.1734 -5.49656 11.8614
    endloop
  endfacet
  facet normal -0.461939 -0.800107 -0.382677
    outer loop
      vertex -13.8433 -7.99655 11.8614
      vertex -18.1529 -5.46102 11.7623
      vertex -13.7202 -7.78333 11.267
    endloop
  endfacet
  facet normal -0.116754 -0.202226 -0.972354
    outer loop
      vertex -19.3665 -7.56303 13.8993
      vertex -15.0364 -10.063 13.8993
      vertex -19.6272 -8.01451 14.0245
    endloop
  endfacet
  facet normal 0.191354 0.33143 -0.923871
    outer loop
      vertex -16.6006 -12.7722 13.6531
      vertex -20.6335 -9.75748 13.8993
      vertex -16.3034 -12.2575 13.8993
    endloop
  endfacet
  facet normal 0.191348 0.331422 -0.923875
    outer loop
      vertex -20.6335 -9.75748 13.8993
      vertex -16.6006 -12.7722 13.6531
      vertex -20.9307 -10.2722 13.6531
    endloop
  endfacet
  facet normal -0.866025 0.5 0.000131801
    outer loop
      vertex -16.3034 -12.2575 13.8993
      vertex -15.6699 -11.1603 14.1
      vertex -16.6006 -12.7722 13.6531
    endloop
  endfacet
  facet normal 0.261222 0.452446 -0.852676
    outer loop
      vertex -16.8748 -13.2473 13.317
      vertex -20.9307 -10.2722 13.6531
      vertex -16.6006 -12.7722 13.6531
    endloop
  endfacet
  facet normal 0.2612 0.452419 -0.852697
    outer loop
      vertex -20.9307 -10.2722 13.6531
      vertex -16.8748 -13.2473 13.317
      vertex -21.205 -10.7473 13.317
    endloop
  endfacet
  facet normal -0.866016 0.500016 1.92874e-05
    outer loop
      vertex -14.4649 -9.0732 13.317
      vertex -13.6199 -7.60955 10
      vertex -16.6006 -12.7722 13.6531
    endloop
  endfacet
  facet normal -0.866059 0.499941 4.09924e-05
    outer loop
      vertex -17.4964 -14.324 11.8614
      vertex -17.1194 -13.671 12.8991
      vertex -17.6195 -14.5372 11.267
    endloop
  endfacet
  facet normal 0.46196 0.800105 -0.382654
    outer loop
      vertex -17.6195 -14.5372 11.267
      vertex -21.9291 -12.0016 11.366
      vertex -17.4964 -14.324 11.8614
    endloop
  endfacet
  facet normal 0.46173 0.799754 -0.383665
    outer loop
      vertex -21.9291 -12.0016 11.366
      vertex -17.6195 -14.5372 11.267
      vertex -21.9497 -12.0372 11.267
    endloop
  endfacet
  facet normal -0.865196 0.501433 -0.00121144
    outer loop
      vertex -17.3284 -14.0328 12.4099
      vertex -17.1194 -13.671 12.8991
      vertex -17.4964 -14.324 11.8614
    endloop
  endfacet
  facet normal 0.380194 0.658526 -0.649459
    outer loop
      vertex -17.3284 -14.0328 12.4099
      vertex -21.4496 -11.171 12.8991
      vertex -17.1194 -13.671 12.8991
    endloop
  endfacet
  facet normal 0.380157 0.658484 -0.649522
    outer loop
      vertex -21.4496 -11.171 12.8991
      vertex -17.3284 -14.0328 12.4099
      vertex -21.4844 -11.2313 12.8176
    endloop
  endfacet
  facet normal 0.461982 0.800189 -0.382452
    outer loop
      vertex -21.8266 -11.824 11.8614
      vertex -17.4964 -14.324 11.8614
      vertex -21.9291 -12.0016 11.366
    endloop
  endfacet
  facet normal 0.039227 0.0679416 0.996918
    outer loop
      vertex -20.0534 -8.75283 5.90841
      vertex -15.6699 -11.1603 5.9
      vertex -20 -8.66026 5.9
    endloop
  endfacet
  facet normal 0.0392341 0.0679546 0.996917
    outer loop
      vertex -15.6699 -11.1603 5.9
      vertex -20.0534 -8.75283 5.90841
      vertex -15.9906 -11.7157 5.95048
    endloop
  endfacet
  facet normal 0.191354 0.33143 0.923871
    outer loop
      vertex -20.6335 -9.75748 6.10067
      vertex -16.6006 -12.7722 6.34687
      vertex -16.3034 -12.2575 6.10067
    endloop
  endfacet
  facet normal 0.191348 0.331422 0.923875
    outer loop
      vertex -16.6006 -12.7722 6.34687
      vertex -20.6335 -9.75748 6.10067
      vertex -20.9307 -10.2722 6.34687
    endloop
  endfacet
  facet normal 0.324713 0.562428 0.760418
    outer loop
      vertex -21.205 -10.7473 6.68303
      vertex -17.1194 -13.671 7.10086
      vertex -16.8748 -13.2473 6.68303
    endloop
  endfacet
  facet normal 0.324713 0.562428 0.760418
    outer loop
      vertex -17.1194 -13.671 7.10086
      vertex -21.205 -10.7473 6.68303
      vertex -21.4496 -11.171 7.10086
    endloop
  endfacet
  facet normal 0.426312 0.73839 0.522531
    outer loop
      vertex -21.6585 -11.5328 7.59008
      vertex -17.4964 -14.324 8.13864
      vertex -17.3284 -14.0328 7.59008
    endloop
  endfacet
  facet normal 0.426287 0.738364 0.522587
    outer loop
      vertex -17.4964 -14.324 8.13864
      vertex -21.6585 -11.5328 7.59008
      vertex -21.8266 -11.824 8.13864
    endloop
  endfacet
  facet normal 0.461778 0.799837 0.383434
    outer loop
      vertex -17.6195 -14.5372 8.73303
      vertex -21.9291 -12.0016 8.63396
      vertex -21.9497 -12.0372 8.73303
    endloop
  endfacet
  facet normal 0.461954 0.800106 0.38266
    outer loop
      vertex -21.9291 -12.0016 8.63396
      vertex -17.6195 -14.5372 8.73303
      vertex -17.4964 -14.324 8.13864
    endloop
  endfacet
  facet normal 0.498446 0.863348 0.0786201
    outer loop
      vertex -22.0248 -12.1672 9.35862
      vertex -17.7199 -14.711 10
      vertex -17.6946 -14.6672 9.35862
    endloop
  endfacet
  facet normal 0.498458 0.863349 0.0785428
    outer loop
      vertex -17.7199 -14.711 10
      vertex -22.0248 -12.1672 9.35862
      vertex -22.05 -12.211 10
    endloop
  endfacet
  facet normal -0.116719 -0.202165 0.972371
    outer loop
      vertex -15.0364 -10.063 6.10067
      vertex -19.3665 -7.56303 6.10067
      vertex -19.6272 -8.01451 5.97551
    endloop
  endfacet
  facet normal -0.865989 0.500063 -9.71908e-05
    outer loop
      vertex -14.0114 -8.28767 7.59008
      vertex -14.2203 -8.64953 7.10086
      vertex -14.4649 -9.0732 6.68303
    endloop
  endfacet
  facet normal -0.866116 0.499843 -0.000109234
    outer loop
      vertex -16.6006 -12.7722 6.34687
      vertex -17.1194 -13.671 7.10086
      vertex -17.6946 -14.6672 9.35862
    endloop
  endfacet
  facet normal -0.426348 -0.738434 0.522439
    outer loop
      vertex -14.0114 -8.28767 7.59008
      vertex -18.1734 -5.49656 8.13864
      vertex -18.2014 -5.54508 8.04721
    endloop
  endfacet
  facet normal -0.426318 -0.738402 0.522509
    outer loop
      vertex -18.1734 -5.49656 8.13864
      vertex -14.0114 -8.28767 7.59008
      vertex -13.8433 -7.99655 8.13864
    endloop
  endfacet
  facet normal -0.0392409 -0.0679742 -0.996915
    outer loop
      vertex -19.7328 -8.19738 14.0579
      vertex -15.3492 -10.6048 14.0495
      vertex -15.6699 -11.1603 14.1
    endloop
  endfacet
  facet normal -0.0391588 -0.0678246 -0.996928
    outer loop
      vertex -15.3492 -10.6048 14.0495
      vertex -19.7328 -8.19738 14.0579
      vertex -19.6793 -8.1048 14.0495
    endloop
  endfacet
  facet normal -0.866045 0.499966 -0.000135029
    outer loop
      vertex -15.0364 -10.063 13.8993
      vertex -14.4649 -9.0732 13.317
      vertex -15.6699 -11.1603 14.1
    endloop
  endfacet
  facet normal -0.866009 0.500028 5.64065e-06
    outer loop
      vertex -14.7392 -9.54827 13.6531
      vertex -14.4649 -9.0732 13.317
      vertex -15.0364 -10.063 13.8993
    endloop
  endfacet
  facet normal -0.461935 -0.800094 -0.382708
    outer loop
      vertex -18.0503 -5.28334 11.267
      vertex -13.7202 -7.78333 11.267
      vertex -18.1529 -5.46102 11.7623
    endloop
  endfacet
  facet normal -0.498461 -0.863357 -0.0784334
    outer loop
      vertex -17.95 -5.10955 10
      vertex -13.6451 -7.65326 10.6414
      vertex -17.9752 -5.15327 10.6414
    endloop
  endfacet
  facet normal -0.498463 -0.863357 -0.07842
    outer loop
      vertex -13.6451 -7.65326 10.6414
      vertex -17.95 -5.10955 10
      vertex -13.6199 -7.60955 10
    endloop
  endfacet
  facet normal -0.865922 0.500179 0
    outer loop
      vertex -17.6946 -14.6672 10.6414
      vertex -17.6946 -14.6672 9.35862
      vertex -17.7199 -14.711 10
    endloop
  endfacet
  facet normal 0.498446 0.863349 -0.0786176
    outer loop
      vertex -17.7199 -14.711 10
      vertex -22.0248 -12.1672 10.6414
      vertex -17.6946 -14.6672 10.6414
    endloop
  endfacet
  facet normal 0.498458 0.863349 -0.0785404
    outer loop
      vertex -22.0248 -12.1672 10.6414
      vertex -17.7199 -14.711 10
      vertex -22.05 -12.211 10
    endloop
  endfacet
  facet normal -0.866109 0.499856 0.000101446
    outer loop
      vertex -17.6195 -14.5372 11.267
      vertex -17.1194 -13.671 12.8991
      vertex -17.6946 -14.6672 10.6414
    endloop
  endfacet
  facet normal 0.486189 0.842119 -0.233357
    outer loop
      vertex -17.6946 -14.6672 10.6414
      vertex -21.9497 -12.0372 11.267
      vertex -17.6195 -14.5372 11.267
    endloop
  endfacet
  facet normal 0.486189 0.842119 -0.233357
    outer loop
      vertex -21.9497 -12.0372 11.267
      vertex -17.6946 -14.6672 10.6414
      vertex -22.0248 -12.1672 10.6414
    endloop
  endfacet
  facet normal 0.426299 0.738368 -0.522572
    outer loop
      vertex -17.4964 -14.324 11.8614
      vertex -21.6585 -11.5328 12.4099
      vertex -17.3284 -14.0328 12.4099
    endloop
  endfacet
  facet normal 0.426275 0.738342 -0.522629
    outer loop
      vertex -21.6585 -11.5328 12.4099
      vertex -17.4964 -14.324 11.8614
      vertex -21.8266 -11.824 11.8614
    endloop
  endfacet
  facet normal -0.865983 0.500074 0.000403756
    outer loop
      vertex -15.6699 -11.1603 5.9
      vertex -15.9906 -11.7157 5.95048
      vertex -16.3034 -12.2575 6.10067
    endloop
  endfacet
  facet normal -0.0392271 -0.0679418 0.996918
    outer loop
      vertex -15.6699 -11.1603 5.9
      vertex -19.7328 -8.19738 5.94206
      vertex -20 -8.66026 5.9
    endloop
  endfacet
  facet normal -0.866016 0.500016 -1.92877e-05
    outer loop
      vertex -13.6199 -7.60955 10
      vertex -14.4649 -9.0732 6.68303
      vertex -16.6006 -12.7722 6.34687
    endloop
  endfacet
  facet normal -0.49846 -0.863357 0.0784358
    outer loop
      vertex -13.6451 -7.65326 9.35862
      vertex -17.95 -5.10955 10
      vertex -17.9752 -5.15327 9.35862
    endloop
  endfacet
  facet normal -0.498462 -0.863357 0.0784224
    outer loop
      vertex -17.95 -5.10955 10
      vertex -13.6451 -7.65326 9.35862
      vertex -13.6199 -7.60955 10
    endloop
  endfacet
  facet normal -0.324728 -0.562442 0.760401
    outer loop
      vertex -18.5504 -6.14953 7.10086
      vertex -14.4649 -9.0732 6.68303
      vertex -14.2203 -8.64953 7.10086
    endloop
  endfacet
  facet normal -0.324728 -0.562442 0.760401
    outer loop
      vertex -14.4649 -9.0732 6.68303
      vertex -18.5504 -6.14953 7.10086
      vertex -18.795 -6.5732 6.68303
    endloop
  endfacet
  facet normal -0.866065 0.499931 -5.53635e-05
    outer loop
      vertex -14.0114 -8.28767 12.4099
      vertex -13.7202 -7.78333 11.267
      vertex -14.4649 -9.0732 13.317
    endloop
  endfacet
  facet normal -0.426299 -0.738374 -0.522563
    outer loop
      vertex -18.1734 -5.49656 11.8614
      vertex -14.0114 -8.28767 12.4099
      vertex -18.2014 -5.54508 11.9528
    endloop
  endfacet
  facet normal -0.426305 -0.73838 -0.522551
    outer loop
      vertex -14.0114 -8.28767 12.4099
      vertex -18.1734 -5.49656 11.8614
      vertex -13.8433 -7.99655 11.8614
    endloop
  endfacet
  facet normal -0.116731 -0.202171 -0.972369
    outer loop
      vertex -15.3492 -10.6048 14.0495
      vertex -19.6272 -8.01451 14.0245
      vertex -15.0364 -10.063 13.8993
    endloop
  endfacet
  facet normal -0.116606 -0.201966 -0.972426
    outer loop
      vertex -19.6272 -8.01451 14.0245
      vertex -15.3492 -10.6048 14.0495
      vertex -19.6793 -8.1048 14.0495
    endloop
  endfacet
  facet normal -0.866041 0.499973 -7.93836e-05
    outer loop
      vertex -15.3492 -10.6048 14.0495
      vertex -15.0364 -10.063 13.8993
      vertex -15.6699 -11.1603 14.1
    endloop
  endfacet
  facet normal -0.865857 0.500291 -7.49909e-05
    outer loop
      vertex -13.6199 -7.60955 10
      vertex -13.6451 -7.65326 9.35862
      vertex -13.7202 -7.78333 8.73303
    endloop
  endfacet
  facet normal -0.486185 -0.842096 0.23345
    outer loop
      vertex -13.7202 -7.78333 8.73303
      vertex -17.9752 -5.15327 9.35862
      vertex -18.0503 -5.28334 8.73303
    endloop
  endfacet
  facet normal -0.486185 -0.842096 0.23345
    outer loop
      vertex -17.9752 -5.15327 9.35862
      vertex -13.7202 -7.78333 8.73303
      vertex -13.6451 -7.65326 9.35862
    endloop
  endfacet
  facet normal -0.865858 0.500291 7.4988e-05
    outer loop
      vertex -13.6451 -7.65326 10.6414
      vertex -13.6199 -7.60955 10
      vertex -13.7202 -7.78333 11.267
    endloop
  endfacet
  facet normal -0.486186 -0.842096 -0.233446
    outer loop
      vertex -17.9752 -5.15327 10.6414
      vertex -13.7202 -7.78333 11.267
      vertex -18.0503 -5.28334 11.267
    endloop
  endfacet
  facet normal -0.486186 -0.842096 -0.233446
    outer loop
      vertex -13.7202 -7.78333 11.267
      vertex -17.9752 -5.15327 10.6414
      vertex -13.6451 -7.65326 10.6414
    endloop
  endfacet
  facet normal 0.3802 0.658537 0.649443
    outer loop
      vertex -21.4496 -11.171 7.10086
      vertex -17.3284 -14.0328 7.59008
      vertex -17.1194 -13.671 7.10086
    endloop
  endfacet
  facet normal 0.380261 0.658606 0.649338
    outer loop
      vertex -17.3284 -14.0328 7.59008
      vertex -21.4496 -11.171 7.10086
      vertex -21.4844 -11.2313 7.1824
    endloop
  endfacet
  facet normal 0.486189 0.842118 0.233361
    outer loop
      vertex -21.9497 -12.0372 8.73303
      vertex -17.6946 -14.6672 9.35862
      vertex -17.6195 -14.5372 8.73303
    endloop
  endfacet
  facet normal 0.486189 0.842118 0.233361
    outer loop
      vertex -17.6946 -14.6672 9.35862
      vertex -21.9497 -12.0372 8.73303
      vertex -22.0248 -12.1672 9.35862
    endloop
  endfacet
  facet normal -0.866025 0.5 -0.000131789
    outer loop
      vertex -15.6699 -11.1603 5.9
      vertex -16.3034 -12.2575 6.10067
      vertex -16.6006 -12.7722 6.34687
    endloop
  endfacet
  facet normal 0.116721 0.20216 0.972372
    outer loop
      vertex -20.5813 -9.66719 6.07564
      vertex -16.3034 -12.2575 6.10067
      vertex -15.9906 -11.7157 5.95048
    endloop
  endfacet
  facet normal 0.116686 0.202103 0.972388
    outer loop
      vertex -16.3034 -12.2575 6.10067
      vertex -20.5813 -9.66719 6.07564
      vertex -20.6335 -9.75748 6.10067
    endloop
  endfacet
  facet normal 0.0392321 0.0679519 0.996917
    outer loop
      vertex -15.9906 -11.7157 5.95048
      vertex -20.0534 -8.75283 5.90841
      vertex -20.3207 -9.21571 5.95048
    endloop
  endfacet
  facet normal -0.866041 0.499973 0
    outer loop
      vertex -17.6946 -14.6672 9.35862
      vertex -16.6006 -12.7722 13.6531
      vertex -16.6006 -12.7722 6.34687
    endloop
  endfacet
  facet normal -0.866041 0.499973 0
    outer loop
      vertex -16.6006 -12.7722 13.6531
      vertex -17.6946 -14.6672 9.35862
      vertex -17.6946 -14.6672 10.6414
    endloop
  endfacet
  facet normal -0.261247 -0.452491 0.852644
    outer loop
      vertex -18.795 -6.5732 6.68303
      vertex -14.7392 -9.54827 6.34687
      vertex -14.4649 -9.0732 6.68303
    endloop
  endfacet
  facet normal -0.261247 -0.452491 0.852644
    outer loop
      vertex -14.7392 -9.54827 6.34687
      vertex -18.795 -6.5732 6.68303
      vertex -19.0693 -7.04827 6.34687
    endloop
  endfacet
  facet normal -0.866009 0.500028 -5.63754e-06
    outer loop
      vertex -14.4649 -9.0732 6.68303
      vertex -14.7392 -9.54827 6.34687
      vertex -15.0364 -10.063 6.10067
    endloop
  endfacet
  facet normal -0.380209 -0.658538 0.649437
    outer loop
      vertex -14.2203 -8.64953 7.10086
      vertex -18.3415 -5.78768 7.59008
      vertex -18.5504 -6.14953 7.10086
    endloop
  endfacet
  facet normal -0.380205 -0.658533 0.649445
    outer loop
      vertex -18.3415 -5.78768 7.59008
      vertex -14.2203 -8.64953 7.10086
      vertex -14.0114 -8.28767 7.59008
    endloop
  endfacet
  facet normal -0.32476 -0.562497 -0.760348
    outer loop
      vertex -14.4649 -9.0732 13.317
      vertex -18.5504 -6.14953 12.8991
      vertex -14.2203 -8.64953 12.8991
    endloop
  endfacet
  facet normal -0.32476 -0.562497 -0.760348
    outer loop
      vertex -18.5504 -6.14953 12.8991
      vertex -14.4649 -9.0732 13.317
      vertex -18.795 -6.5732 13.317
    endloop
  endfacet
  facet normal -0.866059 0.499941 -4.09982e-05
    outer loop
      vertex -17.1194 -13.671 7.10086
      vertex -17.4964 -14.324 8.13864
      vertex -17.6195 -14.5372 8.73303
    endloop
  endfacet
  facet normal -0.866109 0.499856 -0.000101452
    outer loop
      vertex -17.1194 -13.671 7.10086
      vertex -17.6195 -14.5372 8.73303
      vertex -17.6946 -14.6672 9.35862
    endloop
  endfacet
  facet normal -0.865196 0.501433 0.0012111
    outer loop
      vertex -17.1194 -13.671 7.10086
      vertex -17.3284 -14.0328 7.59008
      vertex -17.4964 -14.324 8.13864
    endloop
  endfacet
  facet normal 0.461971 0.800171 0.382505
    outer loop
      vertex -17.4964 -14.324 8.13864
      vertex -21.8266 -11.824 8.13864
      vertex -21.9291 -12.0016 8.63396
    endloop
  endfacet
  facet normal 0.380221 0.658558 0.64941
    outer loop
      vertex -17.3284 -14.0328 7.59008
      vertex -21.4844 -11.2313 7.1824
      vertex -21.6585 -11.5328 7.59008
    endloop
  endfacet
  facet normal 0.11673 0.202183 0.972366
    outer loop
      vertex -15.9906 -11.7157 5.95048
      vertex -20.3207 -9.21571 5.95048
      vertex -20.5813 -9.66719 6.07564
    endloop
  endfacet
  facet normal 0.261256 0.452505 0.852634
    outer loop
      vertex -20.9307 -10.2722 6.34687
      vertex -16.8748 -13.2473 6.68303
      vertex -16.6006 -12.7722 6.34687
    endloop
  endfacet
  facet normal 0.261234 0.452478 0.852655
    outer loop
      vertex -16.8748 -13.2473 6.68303
      vertex -20.9307 -10.2722 6.34687
      vertex -21.205 -10.7473 6.68303
    endloop
  endfacet
  facet normal -0.866093 0.499882 -0.000148242
    outer loop
      vertex -80.6534 -123.715 13.8993
      vertex -80.3406 -123.173 14.0495
      vertex -80.9506 -124.23 13.6531
    endloop
  endfacet
  facet normal -0.426342 -0.738442 -0.522433
    outer loop
      vertex -82.5234 -116.954 11.8614
      vertex -78.3614 -119.745 12.4099
      vertex -82.6915 -117.245 12.4099
    endloop
  endfacet
  facet normal -0.426342 -0.738442 -0.522433
    outer loop
      vertex -78.3614 -119.745 12.4099
      vertex -82.5234 -116.954 11.8614
      vertex -78.1933 -119.454 11.8614
    endloop
  endfacet
  facet normal -0.866305 0.499513 0.00116212
    outer loop
      vertex -80.9506 -124.23 13.6531
      vertex -80.3406 -123.173 14.0495
      vertex -81.4694 -125.128 12.8991
    endloop
  endfacet
  facet normal -0.486197 -0.842113 0.233361
    outer loop
      vertex -78.0702 -119.241 8.73303
      vertex -82.3252 -116.611 9.35862
      vertex -82.4003 -116.741 8.73303
    endloop
  endfacet
  facet normal -0.486197 -0.842113 0.233361
    outer loop
      vertex -82.3252 -116.611 9.35862
      vertex -78.0702 -119.241 8.73303
      vertex -77.9951 -119.111 9.35862
    endloop
  endfacet
  facet normal -0.865489 0.500926 -0.00135437
    outer loop
      vertex -78.3614 -119.745 7.59008
      vertex -78.8149 -120.531 6.68303
      vertex -79.3864 -121.52 6.10067
    endloop
  endfacet
  facet normal -0.261254 -0.452535 0.852618
    outer loop
      vertex -83.3736 -118.427 6.4029
      vertex -79.0892 -121.006 6.34687
      vertex -78.8149 -120.531 6.68303
    endloop
  endfacet
  facet normal -0.261597 -0.453097 0.852215
    outer loop
      vertex -79.0892 -121.006 6.34687
      vertex -83.3736 -118.427 6.4029
      vertex -83.4193 -118.506 6.34687
    endloop
  endfacet
  facet normal -0.380029 -0.658226 -0.649859
    outer loop
      vertex -82.6915 -117.245 12.4099
      vertex -78.3614 -119.745 12.4099
      vertex -82.8656 -117.547 12.8176
    endloop
  endfacet
  facet normal 0.039255 0.0679912 0.996913
    outer loop
      vertex -84.35 -120.118 5.9
      vertex -80.3406 -123.173 5.95048
      vertex -80.0199 -122.618 5.9
    endloop
  endfacet
  facet normal 0.039255 0.0679912 0.996913
    outer loop
      vertex -80.3406 -123.173 5.95048
      vertex -84.35 -120.118 5.9
      vertex -84.6707 -120.673 5.95048
    endloop
  endfacet
  facet normal -0.191213 -0.331321 -0.92394
    outer loop
      vertex -83.4688 -118.592 13.6942
      vertex -79.3864 -121.52 13.8993
      vertex -83.7165 -119.021 13.8993
    endloop
  endfacet
  facet normal 0.261178 0.452381 -0.852724
    outer loop
      vertex -85.3264 -121.809 13.5971
      vertex -81.2248 -124.705 13.317
      vertex -85.555 -122.205 13.317
    endloop
  endfacet
  facet normal 0.116695 0.202121 -0.972383
    outer loop
      vertex -80.6534 -123.715 13.8993
      vertex -84.6707 -120.673 14.0495
      vertex -80.3406 -123.173 14.0495
    endloop
  endfacet
  facet normal 0.116695 0.202121 -0.972383
    outer loop
      vertex -84.6707 -120.673 14.0495
      vertex -80.6534 -123.715 13.8993
      vertex -84.9835 -121.215 13.8993
    endloop
  endfacet
  facet normal 0.426359 0.738472 -0.522377
    outer loop
      vertex -81.8464 -125.781 11.8614
      vertex -86.0085 -122.99 12.4099
      vertex -81.6784 -125.49 12.4099
    endloop
  endfacet
  facet normal 0.426335 0.738446 -0.522433
    outer loop
      vertex -86.0085 -122.99 12.4099
      vertex -81.8464 -125.781 11.8614
      vertex -86.1766 -123.281 11.8614
    endloop
  endfacet
  facet normal -0.866021 0.500008 0
    outer loop
      vertex -80.3406 -123.173 5.95048
      vertex -78.3614 -119.745 12.4099
      vertex -78.3614 -119.745 7.59008
    endloop
  endfacet
  facet normal -0.866021 0.500008 0
    outer loop
      vertex -78.3614 -119.745 12.4099
      vertex -80.3406 -123.173 5.95048
      vertex -80.3406 -123.173 14.0495
    endloop
  endfacet
  facet normal -0.866027 0.499973 -0.00495219
    outer loop
      vertex -79.6992 -122.062 5.95048
      vertex -80.0199 -122.618 5.9
      vertex -80.3406 -123.173 5.95048
    endloop
  endfacet
  facet normal -0.866037 0.499979 -0.00061244
    outer loop
      vertex -79.3864 -121.52 6.10067
      vertex -79.6992 -122.062 5.95048
      vertex -80.3406 -123.173 5.95048
    endloop
  endfacet
  facet normal -0.866027 0.499973 0.00495023
    outer loop
      vertex -80.0199 -122.618 14.1
      vertex -79.6992 -122.062 14.0495
      vertex -80.3406 -123.173 14.0495
    endloop
  endfacet
  facet normal -0.324622 -0.562323 -0.760535
    outer loop
      vertex -82.9412 -117.678 12.9688
      vertex -78.5703 -120.107 12.8991
      vertex -78.8149 -120.531 13.317
    endloop
  endfacet
  facet normal -0.324083 -0.561325 -0.761502
    outer loop
      vertex -78.5703 -120.107 12.8991
      vertex -82.9412 -117.678 12.9688
      vertex -82.9004 -117.607 12.8991
    endloop
  endfacet
  facet normal -0.461994 -0.800193 0.38243
    outer loop
      vertex -78.1933 -119.454 8.13864
      vertex -82.4003 -116.741 8.73303
      vertex -82.5234 -116.954 8.13864
    endloop
  endfacet
  facet normal -0.461994 -0.800193 0.38243
    outer loop
      vertex -82.4003 -116.741 8.73303
      vertex -78.1933 -119.454 8.13864
      vertex -78.0702 -119.241 8.73303
    endloop
  endfacet
  facet normal -0.461996 -0.800195 -0.382425
    outer loop
      vertex -82.4003 -116.741 11.267
      vertex -78.1933 -119.454 11.8614
      vertex -82.5234 -116.954 11.8614
    endloop
  endfacet
  facet normal -0.461996 -0.800195 -0.382425
    outer loop
      vertex -78.1933 -119.454 11.8614
      vertex -82.4003 -116.741 11.267
      vertex -78.0702 -119.241 11.267
    endloop
  endfacet
  facet normal -0.866988 0.49832 0.0030535
    outer loop
      vertex -81.2248 -124.705 13.317
      vertex -80.9506 -124.23 13.6531
      vertex -81.4694 -125.128 12.8991
    endloop
  endfacet
  facet normal 0.0392704 0.068018 -0.996911
    outer loop
      vertex -80.3406 -123.173 14.0495
      vertex -84.35 -120.118 14.1
      vertex -80.0199 -122.618 14.1
    endloop
  endfacet
  facet normal 0.0392704 0.068018 -0.996911
    outer loop
      vertex -84.35 -120.118 14.1
      vertex -80.3406 -123.173 14.0495
      vertex -84.6707 -120.673 14.0495
    endloop
  endfacet
  facet normal -0.324764 -0.562504 -0.760341
    outer loop
      vertex -82.9412 -117.678 12.9688
      vertex -78.8149 -120.531 13.317
      vertex -83.145 -118.031 13.317
    endloop
  endfacet
  facet normal -0.866015 0.500018 0
    outer loop
      vertex -81.8464 -125.781 8.13864
      vertex -80.3406 -123.173 14.0495
      vertex -80.3406 -123.173 5.95048
    endloop
  endfacet
  facet normal -0.866015 0.500018 0
    outer loop
      vertex -80.3406 -123.173 14.0495
      vertex -81.8464 -125.781 8.13864
      vertex -81.8464 -125.781 11.8614
    endloop
  endfacet
  facet normal -0.865998 0.500048 -4.84013e-05
    outer loop
      vertex -81.4694 -125.128 12.8991
      vertex -80.3406 -123.173 14.0495
      vertex -81.8464 -125.781 11.8614
    endloop
  endfacet
  facet normal -0.866989 0.498318 -0.00305669
    outer loop
      vertex -80.9506 -124.23 6.34687
      vertex -81.2248 -124.705 6.68303
      vertex -81.4694 -125.128 7.10086
    endloop
  endfacet
  facet normal -0.866071 0.49992 0.000244585
    outer loop
      vertex -78.3614 -119.745 7.59008
      vertex -79.3864 -121.52 6.10067
      vertex -80.3406 -123.173 5.95048
    endloop
  endfacet
  facet normal -0.380021 -0.658212 0.649877
    outer loop
      vertex -78.3614 -119.745 7.59008
      vertex -82.6915 -117.245 7.59008
      vertex -82.8656 -117.547 7.1824
    endloop
  endfacet
  facet normal -0.191268 -0.331417 0.923893
    outer loop
      vertex -79.3864 -121.52 6.10067
      vertex -83.4688 -118.592 6.30584
      vertex -83.7165 -119.021 6.10067
    endloop
  endfacet
  facet normal -0.865121 0.501556 -0.00278555
    outer loop
      vertex -78.8149 -120.531 6.68303
      vertex -79.0892 -121.006 6.34687
      vertex -79.3864 -121.52 6.10067
    endloop
  endfacet
  facet normal -0.866071 0.49992 -0.000244589
    outer loop
      vertex -79.3864 -121.52 13.8993
      vertex -78.3614 -119.745 12.4099
      vertex -80.3406 -123.173 14.0495
    endloop
  endfacet
  facet normal -0.865908 0.500203 0
    outer loop
      vertex -78.3614 -119.745 7.59008
      vertex -78.1933 -119.454 11.8614
      vertex -78.1933 -119.454 8.13864
    endloop
  endfacet
  facet normal -0.865908 0.500203 0
    outer loop
      vertex -78.1933 -119.454 11.8614
      vertex -78.3614 -119.745 7.59008
      vertex -78.3614 -119.745 12.4099
    endloop
  endfacet
  facet normal -0.86512 0.501556 0.00278709
    outer loop
      vertex -79.0892 -121.006 13.6531
      vertex -78.8149 -120.531 13.317
      vertex -79.3864 -121.52 13.8993
    endloop
  endfacet
  facet normal -0.865489 0.500926 0.00135407
    outer loop
      vertex -78.8149 -120.531 13.317
      vertex -78.3614 -119.745 12.4099
      vertex -79.3864 -121.52 13.8993
    endloop
  endfacet
  facet normal 0.380127 0.658411 -0.649614
    outer loop
      vertex -81.6784 -125.49 12.4099
      vertex -85.7996 -122.628 12.8991
      vertex -81.4694 -125.128 12.8991
    endloop
  endfacet
  facet normal 0.380153 0.65844 -0.649569
    outer loop
      vertex -85.7996 -122.628 12.8991
      vertex -81.6784 -125.49 12.4099
      vertex -86.0085 -122.99 12.4099
    endloop
  endfacet
  facet normal 0.324923 0.562917 -0.759967
    outer loop
      vertex -81.4694 -125.128 12.8991
      vertex -85.7588 -122.558 12.9688
      vertex -81.2248 -124.705 13.317
    endloop
  endfacet
  facet normal 0.326073 0.564784 -0.758087
    outer loop
      vertex -85.7588 -122.558 12.9688
      vertex -81.4694 -125.128 12.8991
      vertex -85.7996 -122.628 12.8991
    endloop
  endfacet
  facet normal 0.191281 0.331307 -0.92393
    outer loop
      vertex -80.9506 -124.23 13.6531
      vertex -84.9835 -121.215 13.8993
      vertex -80.6534 -123.715 13.8993
    endloop
  endfacet
  facet normal 0.191281 0.331307 -0.92393
    outer loop
      vertex -84.9835 -121.215 13.8993
      vertex -80.9506 -124.23 13.6531
      vertex -85.2807 -121.73 13.6531
    endloop
  endfacet
  facet normal 0.261262 0.452492 -0.852639
    outer loop
      vertex -85.3264 -121.809 13.5971
      vertex -80.9506 -124.23 13.6531
      vertex -81.2248 -124.705 13.317
    endloop
  endfacet
  facet normal 0.261495 0.45292 -0.85234
    outer loop
      vertex -80.9506 -124.23 13.6531
      vertex -85.3264 -121.809 13.5971
      vertex -85.2807 -121.73 13.6531
    endloop
  endfacet
  facet normal 0.486189 0.842119 -0.233357
    outer loop
      vertex -82.0446 -126.125 10.6414
      vertex -86.2997 -123.495 11.267
      vertex -81.9695 -125.995 11.267
    endloop
  endfacet
  facet normal 0.486189 0.842119 -0.233357
    outer loop
      vertex -86.2997 -123.495 11.267
      vertex -82.0446 -126.125 10.6414
      vertex -86.3748 -123.625 10.6414
    endloop
  endfacet
  facet normal 0.426372 0.738494 0.522335
    outer loop
      vertex -86.0085 -122.99 7.59008
      vertex -81.8464 -125.781 8.13864
      vertex -81.6784 -125.49 7.59008
    endloop
  endfacet
  facet normal 0.426347 0.738468 0.522392
    outer loop
      vertex -81.8464 -125.781 8.13864
      vertex -86.0085 -122.99 7.59008
      vertex -86.1766 -123.281 8.13864
    endloop
  endfacet
  facet normal 0.461749 0.799787 -0.383573
    outer loop
      vertex -81.9695 -125.995 11.267
      vertex -86.1766 -123.281 11.8614
      vertex -81.8464 -125.781 11.8614
    endloop
  endfacet
  facet normal 0.461053 0.799171 -0.385689
    outer loop
      vertex -86.1766 -123.281 11.8614
      vertex -81.9695 -125.995 11.267
      vertex -86.1971 -123.317 11.7623
    endloop
  endfacet
  facet normal 0.116688 0.202108 0.972387
    outer loop
      vertex -84.6707 -120.673 5.95048
      vertex -80.6534 -123.715 6.10067
      vertex -80.3406 -123.173 5.95048
    endloop
  endfacet
  facet normal 0.116688 0.202108 0.972387
    outer loop
      vertex -80.6534 -123.715 6.10067
      vertex -84.6707 -120.673 5.95048
      vertex -84.9835 -121.215 6.10067
    endloop
  endfacet
  facet normal -0.865681 0.500596 -0.00010361
    outer loop
      vertex -77.9951 -119.111 9.35862
      vertex -78.0702 -119.241 8.73303
      vertex -78.1933 -119.454 8.13864
    endloop
  endfacet
  facet normal -0.261203 -0.452413 0.852699
    outer loop
      vertex -78.8149 -120.531 6.68303
      vertex -83.145 -118.031 6.68303
      vertex -83.3736 -118.427 6.4029
    endloop
  endfacet
  facet normal -0.38085 -0.659648 0.647933
    outer loop
      vertex -78.5703 -120.107 7.10086
      vertex -82.8656 -117.547 7.1824
      vertex -82.9004 -117.607 7.10086
    endloop
  endfacet
  facet normal -0.38012 -0.658474 0.649554
    outer loop
      vertex -82.8656 -117.547 7.1824
      vertex -78.5703 -120.107 7.10086
      vertex -78.3614 -119.745 7.59008
    endloop
  endfacet
  facet normal -0.116653 -0.202129 0.972387
    outer loop
      vertex -83.7165 -119.021 6.10067
      vertex -79.6992 -122.062 5.95048
      vertex -79.3864 -121.52 6.10067
    endloop
  endfacet
  facet normal -0.116841 -0.202373 0.972313
    outer loop
      vertex -79.6992 -122.062 5.95048
      vertex -83.7165 -119.021 6.10067
      vertex -84.0293 -119.562 5.95048
    endloop
  endfacet
  facet normal -0.324758 -0.562494 0.76035
    outer loop
      vertex -78.8149 -120.531 6.68303
      vertex -82.9412 -117.678 7.03122
      vertex -83.145 -118.031 6.68303
    endloop
  endfacet
  facet normal -0.191058 -0.33092 0.924115
    outer loop
      vertex -83.4688 -118.592 6.30584
      vertex -79.0892 -121.006 6.34687
      vertex -83.4193 -118.506 6.34687
    endloop
  endfacet
  facet normal -0.191501 -0.33173 0.923733
    outer loop
      vertex -79.0892 -121.006 6.34687
      vertex -83.4688 -118.592 6.30584
      vertex -79.3864 -121.52 6.10067
    endloop
  endfacet
  facet normal -0.11666 -0.202141 -0.972383
    outer loop
      vertex -79.6992 -122.062 14.0495
      vertex -83.7165 -119.021 13.8993
      vertex -79.3864 -121.52 13.8993
    endloop
  endfacet
  facet normal -0.116848 -0.202386 -0.97231
    outer loop
      vertex -83.7165 -119.021 13.8993
      vertex -79.6992 -122.062 14.0495
      vertex -84.0293 -119.562 14.0495
    endloop
  endfacet
  facet normal -0.866037 0.499979 0.000612399
    outer loop
      vertex -79.6992 -122.062 14.0495
      vertex -79.3864 -121.52 13.8993
      vertex -80.3406 -123.173 14.0495
    endloop
  endfacet
  facet normal -0.866386 0.499375 -0.000438278
    outer loop
      vertex -78.5703 -120.107 12.8991
      vertex -78.3614 -119.745 12.4099
      vertex -78.8149 -120.531 13.317
    endloop
  endfacet
  facet normal -0.380772 -0.659512 -0.648118
    outer loop
      vertex -82.8656 -117.547 12.8176
      vertex -78.5703 -120.107 12.8991
      vertex -82.9004 -117.607 12.8991
    endloop
  endfacet
  facet normal -0.380118 -0.658461 -0.649569
    outer loop
      vertex -78.5703 -120.107 12.8991
      vertex -82.8656 -117.547 12.8176
      vertex -78.3614 -119.745 12.4099
    endloop
  endfacet
  facet normal -0.426355 -0.738464 0.522392
    outer loop
      vertex -78.3614 -119.745 7.59008
      vertex -82.5234 -116.954 8.13864
      vertex -82.6915 -117.245 7.59008
    endloop
  endfacet
  facet normal -0.426355 -0.738464 0.522392
    outer loop
      vertex -82.5234 -116.954 8.13864
      vertex -78.3614 -119.745 7.59008
      vertex -78.1933 -119.454 8.13864
    endloop
  endfacet
  facet normal -0.865841 0.50032 0
    outer loop
      vertex -78.1933 -119.454 8.13864
      vertex -77.9951 -119.111 10.6414
      vertex -77.9951 -119.111 9.35862
    endloop
  endfacet
  facet normal -0.865841 0.50032 0
    outer loop
      vertex -77.9951 -119.111 10.6414
      vertex -78.1933 -119.454 8.13864
      vertex -78.1933 -119.454 11.8614
    endloop
  endfacet
  facet normal -0.865681 0.500596 0.000103608
    outer loop
      vertex -78.0702 -119.241 11.267
      vertex -77.9951 -119.111 10.6414
      vertex -78.1933 -119.454 11.8614
    endloop
  endfacet
  facet normal -0.865999 0.500045 -4.62279e-05
    outer loop
      vertex -81.6784 -125.49 12.4099
      vertex -81.4694 -125.128 12.8991
      vertex -81.8464 -125.781 11.8614
    endloop
  endfacet
  facet normal 0.324758 0.562507 -0.760341
    outer loop
      vertex -85.555 -122.205 13.317
      vertex -81.2248 -124.705 13.317
      vertex -85.7588 -122.558 12.9688
    endloop
  endfacet
  facet normal 0.461748 0.799785 0.383578
    outer loop
      vertex -86.1766 -123.281 8.13864
      vertex -81.9695 -125.995 8.73303
      vertex -81.8464 -125.781 8.13864
    endloop
  endfacet
  facet normal 0.461021 0.799142 0.385788
    outer loop
      vertex -81.9695 -125.995 8.73303
      vertex -86.1766 -123.281 8.13864
      vertex -86.1971 -123.317 8.23771
    endloop
  endfacet
  facet normal -0.865999 0.500045 4.62148e-05
    outer loop
      vertex -81.4694 -125.128 7.10086
      vertex -81.6784 -125.49 7.59008
      vertex -81.8464 -125.781 8.13864
    endloop
  endfacet
  facet normal 0.461837 0.799939 -0.383149
    outer loop
      vertex -86.1971 -123.317 11.7623
      vertex -81.9695 -125.995 11.267
      vertex -86.2997 -123.495 11.267
    endloop
  endfacet
  facet normal 0.261597 0.453097 0.852215
    outer loop
      vertex -85.3264 -121.809 6.4029
      vertex -80.9506 -124.23 6.34687
      vertex -85.2807 -121.73 6.34687
    endloop
  endfacet
  facet normal 0.261299 0.452549 0.852597
    outer loop
      vertex -80.9506 -124.23 6.34687
      vertex -85.3264 -121.809 6.4029
      vertex -81.2248 -124.705 6.68303
    endloop
  endfacet
  facet normal -0.866093 0.499882 0.000148228
    outer loop
      vertex -80.3406 -123.173 5.95048
      vertex -80.6534 -123.715 6.10067
      vertex -80.9506 -124.23 6.34687
    endloop
  endfacet
  facet normal -0.867896 0.496744 -0.000932015
    outer loop
      vertex -81.8464 -125.781 8.13864
      vertex -82.0446 -126.125 9.35862
      vertex -82.0699 -126.168 10
    endloop
  endfacet
  facet normal 0.486189 0.842118 0.233361
    outer loop
      vertex -86.2997 -123.495 8.73303
      vertex -82.0446 -126.125 9.35862
      vertex -81.9695 -125.995 8.73303
    endloop
  endfacet
  facet normal 0.486189 0.842118 0.233361
    outer loop
      vertex -82.0446 -126.125 9.35862
      vertex -86.2997 -123.495 8.73303
      vertex -86.3748 -123.625 9.35862
    endloop
  endfacet
  facet normal -0.323921 -0.561045 0.761777
    outer loop
      vertex -82.9412 -117.678 7.03122
      vertex -78.5703 -120.107 7.10086
      vertex -82.9004 -117.607 7.10086
    endloop
  endfacet
  facet normal -0.324584 -0.562272 0.760589
    outer loop
      vertex -78.5703 -120.107 7.10086
      vertex -82.9412 -117.678 7.03122
      vertex -78.8149 -120.531 6.68303
    endloop
  endfacet
  facet normal -0.866386 0.499375 0.000438014
    outer loop
      vertex -78.3614 -119.745 7.59008
      vertex -78.5703 -120.107 7.10086
      vertex -78.8149 -120.531 6.68303
    endloop
  endfacet
  facet normal -0.0392023 -0.0679 0.996922
    outer loop
      vertex -84.0293 -119.562 5.95048
      vertex -80.0199 -122.618 5.9
      vertex -79.6992 -122.062 5.95048
    endloop
  endfacet
  facet normal -0.0392023 -0.0679 0.996922
    outer loop
      vertex -80.0199 -122.618 5.9
      vertex -84.0293 -119.562 5.95048
      vertex -84.35 -120.118 5.9
    endloop
  endfacet
  facet normal -0.0392178 -0.0679268 -0.996919
    outer loop
      vertex -80.0199 -122.618 14.1
      vertex -84.0293 -119.562 14.0495
      vertex -79.6992 -122.062 14.0495
    endloop
  endfacet
  facet normal -0.0392178 -0.0679268 -0.996919
    outer loop
      vertex -84.0293 -119.562 14.0495
      vertex -80.0199 -122.618 14.1
      vertex -84.35 -120.118 14.1
    endloop
  endfacet
  facet normal -0.261182 -0.452378 -0.852724
    outer loop
      vertex -83.145 -118.031 13.317
      vertex -78.8149 -120.531 13.317
      vertex -83.3736 -118.427 13.5971
    endloop
  endfacet
  facet normal -0.867757 0.496988 0
    outer loop
      vertex -77.9951 -119.111 10.6414
      vertex -77.9699 -119.067 10
      vertex -77.9951 -119.111 9.35862
    endloop
  endfacet
  facet normal -0.486198 -0.842114 -0.233357
    outer loop
      vertex -82.3252 -116.611 10.6414
      vertex -78.0702 -119.241 11.267
      vertex -82.4003 -116.741 11.267
    endloop
  endfacet
  facet normal -0.486198 -0.842114 -0.233357
    outer loop
      vertex -78.0702 -119.241 11.267
      vertex -82.3252 -116.611 10.6414
      vertex -77.9951 -119.111 10.6414
    endloop
  endfacet
  facet normal -0.866305 0.499513 -0.00116212
    outer loop
      vertex -80.3406 -123.173 5.95048
      vertex -80.9506 -124.23 6.34687
      vertex -81.4694 -125.128 7.10086
    endloop
  endfacet
  facet normal 0.324898 0.562859 0.76002
    outer loop
      vertex -85.7588 -122.558 7.03122
      vertex -81.4694 -125.128 7.10086
      vertex -81.2248 -124.705 6.68303
    endloop
  endfacet
  facet normal 0.325911 0.564504 0.758364
    outer loop
      vertex -81.4694 -125.128 7.10086
      vertex -85.7588 -122.558 7.03122
      vertex -85.7996 -122.628 7.10086
    endloop
  endfacet
  facet normal 0.324753 0.562498 0.76035
    outer loop
      vertex -81.2248 -124.705 6.68303
      vertex -85.555 -122.205 6.68303
      vertex -85.7588 -122.558 7.03122
    endloop
  endfacet
  facet normal 0.261198 0.452416 0.852699
    outer loop
      vertex -81.2248 -124.705 6.68303
      vertex -85.3264 -121.809 6.4029
      vertex -85.555 -122.205 6.68303
    endloop
  endfacet
  facet normal 0.191281 0.331307 0.92393
    outer loop
      vertex -84.9835 -121.215 6.10067
      vertex -80.9506 -124.23 6.34687
      vertex -80.6534 -123.715 6.10067
    endloop
  endfacet
  facet normal 0.191281 0.331307 0.92393
    outer loop
      vertex -80.9506 -124.23 6.34687
      vertex -84.9835 -121.215 6.10067
      vertex -85.2807 -121.73 6.34687
    endloop
  endfacet
  facet normal -0.865962 0.50011 0
    outer loop
      vertex -81.8464 -125.781 11.8614
      vertex -81.8464 -125.781 8.13864
      vertex -82.0699 -126.168 10
    endloop
  endfacet
  facet normal -0.261223 -0.452475 -0.85266
    outer loop
      vertex -79.0892 -121.006 13.6531
      vertex -83.3736 -118.427 13.5971
      vertex -78.8149 -120.531 13.317
    endloop
  endfacet
  facet normal -0.261495 -0.45292 -0.85234
    outer loop
      vertex -83.3736 -118.427 13.5971
      vertex -79.0892 -121.006 13.6531
      vertex -83.4193 -118.506 13.6531
    endloop
  endfacet
  facet normal -0.191512 -0.331723 -0.923733
    outer loop
      vertex -83.4688 -118.592 13.6942
      vertex -79.0892 -121.006 13.6531
      vertex -79.3864 -121.52 13.8993
    endloop
  endfacet
  facet normal -0.191336 -0.331402 -0.923885
    outer loop
      vertex -79.0892 -121.006 13.6531
      vertex -83.4688 -118.592 13.6942
      vertex -83.4193 -118.506 13.6531
    endloop
  endfacet
  facet normal -0.498447 -0.863331 -0.0788079
    outer loop
      vertex -82.3 -116.567 10
      vertex -77.9951 -119.111 10.6414
      vertex -82.3252 -116.611 10.6414
    endloop
  endfacet
  facet normal -0.498447 -0.863331 -0.0788079
    outer loop
      vertex -77.9951 -119.111 10.6414
      vertex -82.3 -116.567 10
      vertex -77.9699 -119.067 10
    endloop
  endfacet
  facet normal -0.498447 -0.86333 0.0788104
    outer loop
      vertex -77.9951 -119.111 9.35862
      vertex -82.3 -116.567 10
      vertex -82.3252 -116.611 9.35862
    endloop
  endfacet
  facet normal -0.498447 -0.86333 0.0788104
    outer loop
      vertex -82.3 -116.567 10
      vertex -77.9951 -119.111 9.35862
      vertex -77.9699 -119.067 10
    endloop
  endfacet
  facet normal -0.865998 0.500048 4.83948e-05
    outer loop
      vertex -80.3406 -123.173 5.95048
      vertex -81.4694 -125.128 7.10086
      vertex -81.8464 -125.781 8.13864
    endloop
  endfacet
  facet normal -0.868075 0.496432 0.00104893
    outer loop
      vertex -81.9695 -125.995 11.267
      vertex -81.8464 -125.781 11.8614
      vertex -82.0446 -126.125 10.6414
    endloop
  endfacet
  facet normal -0.868075 0.496432 -0.00104895
    outer loop
      vertex -81.8464 -125.781 8.13864
      vertex -81.9695 -125.995 8.73303
      vertex -82.0446 -126.125 9.35862
    endloop
  endfacet
  facet normal 0.46184 0.799944 0.383136
    outer loop
      vertex -81.9695 -125.995 8.73303
      vertex -86.1971 -123.317 8.23771
      vertex -86.2997 -123.495 8.73303
    endloop
  endfacet
  facet normal 0.380134 0.658422 0.649599
    outer loop
      vertex -85.7996 -122.628 7.10086
      vertex -81.6784 -125.49 7.59008
      vertex -81.4694 -125.128 7.10086
    endloop
  endfacet
  facet normal 0.38016 0.658452 0.649554
    outer loop
      vertex -81.6784 -125.49 7.59008
      vertex -85.7996 -122.628 7.10086
      vertex -86.0085 -122.99 7.59008
    endloop
  endfacet
  facet normal 0.498488 0.863421 -0.0775473
    outer loop
      vertex -82.0699 -126.168 10
      vertex -86.3748 -123.625 10.6414
      vertex -82.0446 -126.125 10.6414
    endloop
  endfacet
  facet normal 0.4985 0.863421 -0.0774701
    outer loop
      vertex -86.3748 -123.625 10.6414
      vertex -82.0699 -126.168 10
      vertex -86.4 -123.668 10
    endloop
  endfacet
  facet normal -0.867896 0.496744 0.000931981
    outer loop
      vertex -82.0446 -126.125 10.6414
      vertex -81.8464 -125.781 11.8614
      vertex -82.0699 -126.168 10
    endloop
  endfacet
  facet normal 0.498488 0.863421 0.0775497
    outer loop
      vertex -86.3748 -123.625 9.35862
      vertex -82.0699 -126.168 10
      vertex -82.0446 -126.125 9.35862
    endloop
  endfacet
  facet normal 0.4985 0.863421 0.0774725
    outer loop
      vertex -82.0699 -126.168 10
      vertex -86.3748 -123.625 9.35862
      vertex -86.4 -123.668 10
    endloop
  endfacet
  facet normal 0.0388063 0.0673453 -0.996975
    outer loop
      vertex -20.0534 -8.75283 104.092
      vertex -15.6699 -11.1603 104.1
      vertex -15.9906 -11.7157 104.05
    endloop
  endfacet
  facet normal 0.0373255 0.0646483 -0.99721
    outer loop
      vertex -15.6699 -11.1603 104.1
      vertex -20.0534 -8.75283 104.092
      vertex -20 -8.66026 104.1
    endloop
  endfacet
  facet normal -0.380137 -0.658413 -0.649606
    outer loop
      vertex -18.3415 -5.78768 102.41
      vertex -14.2203 -8.64953 102.899
      vertex -18.5504 -6.14953 102.899
    endloop
  endfacet
  facet normal -0.380133 -0.658408 -0.649614
    outer loop
      vertex -14.2203 -8.64953 102.899
      vertex -18.3415 -5.78768 102.41
      vertex -14.0114 -8.28767 102.41
    endloop
  endfacet
  facet normal 0.0391672 0.0678395 -0.996927
    outer loop
      vertex -20.0534 -8.75283 104.092
      vertex -15.9906 -11.7157 104.05
      vertex -20.3207 -9.21571 104.05
    endloop
  endfacet
  facet normal 0.117343 0.203175 -0.972086
    outer loop
      vertex -16.3034 -12.2575 103.899
      vertex -20.5813 -9.66719 103.924
      vertex -15.9906 -11.7157 104.05
    endloop
  endfacet
  facet normal 0.116554 0.201874 -0.972452
    outer loop
      vertex -20.5813 -9.66719 103.924
      vertex -16.3034 -12.2575 103.899
      vertex -20.6335 -9.75748 103.899
    endloop
  endfacet
  facet normal -0.865983 0.500073 -0.000398708
    outer loop
      vertex -15.9906 -11.7157 104.05
      vertex -15.6699 -11.1603 104.1
      vertex -16.3034 -12.2575 103.899
    endloop
  endfacet
  facet normal -0.866045 0.499966 0.000135029
    outer loop
      vertex -14.4649 -9.0732 96.683
      vertex -15.0364 -10.063 96.1007
      vertex -15.6699 -11.1603 95.9
    endloop
  endfacet
  facet normal -0.866015 0.500018 4.91072e-05
    outer loop
      vertex -15.6699 -11.1603 104.1
      vertex -14.4649 -9.0732 103.317
      vertex -16.6006 -12.7722 103.653
    endloop
  endfacet
  facet normal -0.866065 0.499931 -5.53472e-05
    outer loop
      vertex -14.0114 -8.28767 102.41
      vertex -13.7202 -7.78333 101.267
      vertex -14.4649 -9.0732 103.317
    endloop
  endfacet
  facet normal -0.865929 0.500167 -8.35199e-05
    outer loop
      vertex -13.7202 -7.78333 98.733
      vertex -13.8433 -7.99655 98.1386
      vertex -14.0114 -8.28767 97.5901
    endloop
  endfacet
  facet normal -0.261157 -0.452334 -0.852755
    outer loop
      vertex -14.7392 -9.54827 103.653
      vertex -18.795 -6.5732 103.317
      vertex -14.4649 -9.0732 103.317
    endloop
  endfacet
  facet normal -0.261157 -0.452334 -0.852755
    outer loop
      vertex -18.795 -6.5732 103.317
      vertex -14.7392 -9.54827 103.653
      vertex -19.0693 -7.04827 103.653
    endloop
  endfacet
  facet normal -0.866065 0.499931 5.53635e-05
    outer loop
      vertex -13.7202 -7.78333 98.733
      vertex -14.0114 -8.28767 97.5901
      vertex -14.4649 -9.0732 96.683
    endloop
  endfacet
  facet normal -0.866041 0.499973 7.93836e-05
    outer loop
      vertex -15.0364 -10.063 96.1007
      vertex -15.3492 -10.6048 95.9505
      vertex -15.6699 -11.1603 95.9
    endloop
  endfacet
  facet normal -0.866015 0.500018 -4.91119e-05
    outer loop
      vertex -14.4649 -9.0732 96.683
      vertex -15.6699 -11.1603 95.9
      vertex -16.6006 -12.7722 96.3469
    endloop
  endfacet
  facet normal 0.380347 0.658776 -0.649116
    outer loop
      vertex -21.4844 -11.2313 102.818
      vertex -17.3284 -14.0328 102.41
      vertex -21.6585 -11.5328 102.41
    endloop
  endfacet
  facet normal -0.866116 0.499843 0.000109217
    outer loop
      vertex -17.1194 -13.671 102.899
      vertex -16.6006 -12.7722 103.653
      vertex -17.6946 -14.6672 100.641
    endloop
  endfacet
  facet normal -0.461974 -0.80016 0.382524
    outer loop
      vertex -13.8433 -7.99655 98.1386
      vertex -18.1529 -5.46102 98.2377
      vertex -18.1734 -5.49656 98.1386
    endloop
  endfacet
  facet normal -0.461939 -0.800107 0.382677
    outer loop
      vertex -18.1529 -5.46102 98.2377
      vertex -13.8433 -7.99655 98.1386
      vertex -13.7202 -7.78333 98.733
    endloop
  endfacet
  facet normal -0.191213 -0.331188 -0.923987
    outer loop
      vertex -15.0364 -10.063 103.899
      vertex -19.0693 -7.04827 103.653
      vertex -14.7392 -9.54827 103.653
    endloop
  endfacet
  facet normal -0.191204 -0.331177 -0.923993
    outer loop
      vertex -19.0693 -7.04827 103.653
      vertex -15.0364 -10.063 103.899
      vertex -19.3665 -7.56303 103.899
    endloop
  endfacet
  facet normal 0.324789 0.562561 -0.760288
    outer loop
      vertex -17.1194 -13.671 102.899
      vertex -21.205 -10.7473 103.317
      vertex -16.8748 -13.2473 103.317
    endloop
  endfacet
  facet normal 0.324789 0.562561 -0.760288
    outer loop
      vertex -21.205 -10.7473 103.317
      vertex -17.1194 -13.671 102.899
      vertex -21.4496 -11.171 102.899
    endloop
  endfacet
  facet normal -0.866249 0.499612 0.000476349
    outer loop
      vertex -16.8748 -13.2473 103.317
      vertex -16.6006 -12.7722 103.653
      vertex -17.1194 -13.671 102.899
    endloop
  endfacet
  facet normal -0.0391588 -0.0678246 0.996928
    outer loop
      vertex -19.7328 -8.19738 95.9421
      vertex -15.3492 -10.6048 95.9505
      vertex -19.6793 -8.1048 95.9505
    endloop
  endfacet
  facet normal -0.0392409 -0.0679742 0.996915
    outer loop
      vertex -15.3492 -10.6048 95.9505
      vertex -19.7328 -8.19738 95.9421
      vertex -15.6699 -11.1603 95.9
    endloop
  endfacet
  facet normal 0.461982 0.800189 0.382452
    outer loop
      vertex -17.4964 -14.324 98.1386
      vertex -21.8266 -11.824 98.1386
      vertex -21.9291 -12.0016 98.634
    endloop
  endfacet
  facet normal -0.116731 -0.202171 0.972369
    outer loop
      vertex -19.6272 -8.01451 95.9755
      vertex -15.3492 -10.6048 95.9505
      vertex -15.0364 -10.063 96.1007
    endloop
  endfacet
  facet normal -0.116606 -0.201966 0.972426
    outer loop
      vertex -15.3492 -10.6048 95.9505
      vertex -19.6272 -8.01451 95.9755
      vertex -19.6793 -8.1048 95.9505
    endloop
  endfacet
  facet normal -0.461935 -0.800094 0.382708
    outer loop
      vertex -13.7202 -7.78333 98.733
      vertex -18.0503 -5.28334 98.733
      vertex -18.1529 -5.46102 98.2377
    endloop
  endfacet
  facet normal -0.866009 0.500029 2.71082e-05
    outer loop
      vertex -13.7202 -7.78333 101.267
      vertex -13.6199 -7.60955 100
      vertex -14.4649 -9.0732 103.317
    endloop
  endfacet
  facet normal -0.42628 -0.738337 -0.522631
    outer loop
      vertex -18.2014 -5.54508 101.953
      vertex -14.0114 -8.28767 102.41
      vertex -18.3415 -5.78768 102.41
    endloop
  endfacet
  facet normal -0.0391715 -0.0678455 -0.996927
    outer loop
      vertex -19.7328 -8.19738 104.058
      vertex -15.6699 -11.1603 104.1
      vertex -20 -8.66026 104.1
    endloop
  endfacet
  facet normal 0.117471 0.203465 -0.97201
    outer loop
      vertex -20.3207 -9.21571 104.05
      vertex -15.9906 -11.7157 104.05
      vertex -20.5813 -9.66719 103.924
    endloop
  endfacet
  facet normal -0.86625 0.499611 -0.000477112
    outer loop
      vertex -16.6006 -12.7722 96.3469
      vertex -16.8748 -13.2473 96.683
      vertex -17.1194 -13.671 97.1009
    endloop
  endfacet
  facet normal 0.324744 0.562483 0.760365
    outer loop
      vertex -21.205 -10.7473 96.683
      vertex -17.1194 -13.671 97.1009
      vertex -16.8748 -13.2473 96.683
    endloop
  endfacet
  facet normal 0.324744 0.562483 0.760365
    outer loop
      vertex -17.1194 -13.671 97.1009
      vertex -21.205 -10.7473 96.683
      vertex -21.4496 -11.171 97.1009
    endloop
  endfacet
  facet normal -0.866009 0.500029 -2.71082e-05
    outer loop
      vertex -13.6199 -7.60955 100
      vertex -13.7202 -7.78333 98.733
      vertex -14.4649 -9.0732 96.683
    endloop
  endfacet
  facet normal -0.426306 -0.738381 0.522548
    outer loop
      vertex -14.0114 -8.28767 97.5901
      vertex -18.2014 -5.54508 98.0472
      vertex -18.3415 -5.78768 97.5901
    endloop
  endfacet
  facet normal -0.865929 0.500167 8.38533e-05
    outer loop
      vertex -13.8433 -7.99655 101.861
      vertex -13.7202 -7.78333 101.267
      vertex -14.0114 -8.28767 102.41
    endloop
  endfacet
  facet normal -0.461905 -0.800042 -0.382854
    outer loop
      vertex -18.1529 -5.46102 101.762
      vertex -13.8433 -7.99655 101.861
      vertex -18.1734 -5.49656 101.861
    endloop
  endfacet
  facet normal -0.461895 -0.800026 -0.382897
    outer loop
      vertex -13.8433 -7.99655 101.861
      vertex -18.1529 -5.46102 101.762
      vertex -13.7202 -7.78333 101.267
    endloop
  endfacet
  facet normal -0.116578 -0.20192 -0.972439
    outer loop
      vertex -19.3665 -7.56303 103.899
      vertex -15.0364 -10.063 103.899
      vertex -19.6272 -8.01451 104.024
    endloop
  endfacet
  facet normal -0.427337 -0.739527 -0.520079
    outer loop
      vertex -18.1734 -5.49656 101.861
      vertex -14.0114 -8.28767 102.41
      vertex -18.2014 -5.54508 101.953
    endloop
  endfacet
  facet normal -0.426411 -0.738564 -0.522205
    outer loop
      vertex -14.0114 -8.28767 102.41
      vertex -18.1734 -5.49656 101.861
      vertex -13.8433 -7.99655 101.861
    endloop
  endfacet
  facet normal 0.191221 0.3312 -0.923981
    outer loop
      vertex -16.6006 -12.7722 103.653
      vertex -20.6335 -9.75748 103.899
      vertex -16.3034 -12.2575 103.899
    endloop
  endfacet
  facet normal 0.191215 0.331192 -0.923985
    outer loop
      vertex -20.6335 -9.75748 103.899
      vertex -16.6006 -12.7722 103.653
      vertex -20.9307 -10.2722 103.653
    endloop
  endfacet
  facet normal -0.866025 0.5 0.000132097
    outer loop
      vertex -16.3034 -12.2575 103.899
      vertex -15.6699 -11.1603 104.1
      vertex -16.6006 -12.7722 103.653
    endloop
  endfacet
  facet normal 0.261165 0.452348 -0.852745
    outer loop
      vertex -16.8748 -13.2473 103.317
      vertex -20.9307 -10.2722 103.653
      vertex -16.6006 -12.7722 103.653
    endloop
  endfacet
  facet normal 0.261143 0.452321 -0.852766
    outer loop
      vertex -20.9307 -10.2722 103.653
      vertex -16.8748 -13.2473 103.317
      vertex -21.205 -10.7473 103.317
    endloop
  endfacet
  facet normal -0.866016 0.500016 1.92872e-05
    outer loop
      vertex -14.4649 -9.0732 103.317
      vertex -13.6199 -7.60955 100
      vertex -16.6006 -12.7722 103.653
    endloop
  endfacet
  facet normal -0.866059 0.499941 4.10725e-05
    outer loop
      vertex -17.4964 -14.324 101.861
      vertex -17.1194 -13.671 102.899
      vertex -17.6195 -14.5372 101.267
    endloop
  endfacet
  facet normal 0.46191 0.800029 -0.382874
    outer loop
      vertex -17.6195 -14.5372 101.267
      vertex -21.9291 -12.0016 101.366
      vertex -17.4964 -14.324 101.861
    endloop
  endfacet
  facet normal 0.46173 0.799754 -0.383665
    outer loop
      vertex -21.9291 -12.0016 101.366
      vertex -17.6195 -14.5372 101.267
      vertex -21.9497 -12.0372 101.267
    endloop
  endfacet
  facet normal -0.865199 0.501427 -0.00120629
    outer loop
      vertex -17.3284 -14.0328 102.41
      vertex -17.1194 -13.671 102.899
      vertex -17.4964 -14.324 101.861
    endloop
  endfacet
  facet normal 0.380128 0.658412 -0.649612
    outer loop
      vertex -17.3284 -14.0328 102.41
      vertex -21.4496 -11.171 102.899
      vertex -17.1194 -13.671 102.899
    endloop
  endfacet
  facet normal 0.378852 0.656953 -0.651831
    outer loop
      vertex -21.4496 -11.171 102.899
      vertex -17.3284 -14.0328 102.41
      vertex -21.4844 -11.2313 102.818
    endloop
  endfacet
  facet normal 0.461927 0.800095 -0.382716
    outer loop
      vertex -21.8266 -11.824 101.861
      vertex -17.4964 -14.324 101.861
      vertex -21.9291 -12.0016 101.366
    endloop
  endfacet
  facet normal 0.0391806 0.0678613 0.996925
    outer loop
      vertex -20.0534 -8.75283 95.9084
      vertex -15.6699 -11.1603 95.9
      vertex -20 -8.66026 95.9
    endloop
  endfacet
  facet normal 0.0392473 0.0679827 0.996914
    outer loop
      vertex -15.6699 -11.1603 95.9
      vertex -20.0534 -8.75283 95.9084
      vertex -15.9906 -11.7157 95.9505
    endloop
  endfacet
  facet normal 0.426299 0.738368 0.522572
    outer loop
      vertex -21.6585 -11.5328 97.5901
      vertex -17.4964 -14.324 98.1386
      vertex -17.3284 -14.0328 97.5901
    endloop
  endfacet
  facet normal 0.426275 0.738342 0.522629
    outer loop
      vertex -17.4964 -14.324 98.1386
      vertex -21.6585 -11.5328 97.5901
      vertex -21.8266 -11.824 98.1386
    endloop
  endfacet
  facet normal 0.46173 0.799754 0.383665
    outer loop
      vertex -17.6195 -14.5372 98.733
      vertex -21.9291 -12.0016 98.634
      vertex -21.9497 -12.0372 98.733
    endloop
  endfacet
  facet normal 0.46196 0.800105 0.382654
    outer loop
      vertex -21.9291 -12.0016 98.634
      vertex -17.6195 -14.5372 98.733
      vertex -17.4964 -14.324 98.1386
    endloop
  endfacet
  facet normal 0.498446 0.863349 0.0786176
    outer loop
      vertex -22.0248 -12.1672 99.3586
      vertex -17.7199 -14.711 100
      vertex -17.6946 -14.6672 99.3586
    endloop
  endfacet
  facet normal 0.498458 0.863349 0.0785404
    outer loop
      vertex -17.7199 -14.711 100
      vertex -22.0248 -12.1672 99.3586
      vertex -22.05 -12.211 100
    endloop
  endfacet
  facet normal -0.261213 -0.452432 0.852686
    outer loop
      vertex -18.795 -6.5732 96.683
      vertex -14.7392 -9.54827 96.3469
      vertex -14.4649 -9.0732 96.683
    endloop
  endfacet
  facet normal -0.261213 -0.452432 0.852686
    outer loop
      vertex -14.7392 -9.54827 96.3469
      vertex -18.795 -6.5732 96.683
      vertex -19.0693 -7.04827 96.3469
    endloop
  endfacet
  facet normal -0.116754 -0.202226 0.972354
    outer loop
      vertex -15.0364 -10.063 96.1007
      vertex -19.3665 -7.56303 96.1007
      vertex -19.6272 -8.01451 95.9755
    endloop
  endfacet
  facet normal -0.865989 0.500063 -9.72494e-05
    outer loop
      vertex -14.0114 -8.28767 97.5901
      vertex -14.2203 -8.64953 97.1009
      vertex -14.4649 -9.0732 96.683
    endloop
  endfacet
  facet normal -0.866116 0.499843 -0.00010924
    outer loop
      vertex -16.6006 -12.7722 96.3469
      vertex -17.1194 -13.671 97.1009
      vertex -17.6946 -14.6672 99.3586
    endloop
  endfacet
  facet normal -0.498461 -0.863357 0.0784334
    outer loop
      vertex -13.6451 -7.65326 99.3586
      vertex -17.95 -5.10955 100
      vertex -17.9752 -5.15327 99.3586
    endloop
  endfacet
  facet normal -0.498463 -0.863357 0.07842
    outer loop
      vertex -17.95 -5.10955 100
      vertex -13.6451 -7.65326 99.3586
      vertex -13.6199 -7.60955 100
    endloop
  endfacet
  facet normal -0.426299 -0.738374 0.522563
    outer loop
      vertex -14.0114 -8.28767 97.5901
      vertex -18.1734 -5.49656 98.1386
      vertex -18.2014 -5.54508 98.0472
    endloop
  endfacet
  facet normal -0.426305 -0.73838 0.522551
    outer loop
      vertex -18.1734 -5.49656 98.1386
      vertex -14.0114 -8.28767 97.5901
      vertex -13.8433 -7.99655 98.1386
    endloop
  endfacet
  facet normal -0.0388 -0.0673368 -0.996976
    outer loop
      vertex -19.7328 -8.19738 104.058
      vertex -15.3492 -10.6048 104.05
      vertex -15.6699 -11.1603 104.1
    endloop
  endfacet
  facet normal -0.0373047 -0.0646133 -0.997213
    outer loop
      vertex -15.3492 -10.6048 104.05
      vertex -19.7328 -8.19738 104.058
      vertex -19.6793 -8.1048 104.05
    endloop
  endfacet
  facet normal -0.866045 0.499966 -0.000135221
    outer loop
      vertex -15.0364 -10.063 103.899
      vertex -14.4649 -9.0732 103.317
      vertex -15.6699 -11.1603 104.1
    endloop
  endfacet
  facet normal -0.866009 0.500028 5.63627e-06
    outer loop
      vertex -14.7392 -9.54827 103.653
      vertex -14.4649 -9.0732 103.317
      vertex -15.0364 -10.063 103.899
    endloop
  endfacet
  facet normal 0.261222 0.452446 0.852676
    outer loop
      vertex -20.9307 -10.2722 96.3469
      vertex -16.8748 -13.2473 96.683
      vertex -16.6006 -12.7722 96.3469
    endloop
  endfacet
  facet normal 0.2612 0.452419 0.852697
    outer loop
      vertex -16.8748 -13.2473 96.683
      vertex -20.9307 -10.2722 96.3469
      vertex -21.205 -10.7473 96.683
    endloop
  endfacet
  facet normal -0.461894 -0.800023 -0.382906
    outer loop
      vertex -18.0503 -5.28334 101.267
      vertex -13.7202 -7.78333 101.267
      vertex -18.1529 -5.46102 101.762
    endloop
  endfacet
  facet normal -0.498459 -0.863354 -0.078482
    outer loop
      vertex -17.95 -5.10955 100
      vertex -13.6451 -7.65326 100.641
      vertex -17.9752 -5.15327 100.641
    endloop
  endfacet
  facet normal -0.498461 -0.863354 -0.0784686
    outer loop
      vertex -13.6451 -7.65326 100.641
      vertex -17.95 -5.10955 100
      vertex -13.6199 -7.60955 100
    endloop
  endfacet
  facet normal -0.865922 0.500179 0
    outer loop
      vertex -17.6946 -14.6672 100.641
      vertex -17.6946 -14.6672 99.3586
      vertex -17.7199 -14.711 100
    endloop
  endfacet
  facet normal 0.498444 0.863345 -0.0786664
    outer loop
      vertex -17.7199 -14.711 100
      vertex -22.0248 -12.1672 100.641
      vertex -17.6946 -14.6672 100.641
    endloop
  endfacet
  facet normal 0.498456 0.863346 -0.0785891
    outer loop
      vertex -22.0248 -12.1672 100.641
      vertex -17.7199 -14.711 100
      vertex -22.05 -12.211 100
    endloop
  endfacet
  facet normal -0.866108 0.499856 0.000101336
    outer loop
      vertex -17.6195 -14.5372 101.267
      vertex -17.1194 -13.671 102.899
      vertex -17.6946 -14.6672 100.641
    endloop
  endfacet
  facet normal 0.486206 0.842148 -0.233216
    outer loop
      vertex -17.6946 -14.6672 100.641
      vertex -21.9497 -12.0372 101.267
      vertex -17.6195 -14.5372 101.267
    endloop
  endfacet
  facet normal 0.486206 0.842148 -0.233216
    outer loop
      vertex -21.9497 -12.0372 101.267
      vertex -17.6946 -14.6672 100.641
      vertex -22.0248 -12.1672 100.641
    endloop
  endfacet
  facet normal 0.426405 0.738551 -0.522226
    outer loop
      vertex -17.4964 -14.324 101.861
      vertex -21.6585 -11.5328 102.41
      vertex -17.3284 -14.0328 102.41
    endloop
  endfacet
  facet normal 0.426381 0.738526 -0.522283
    outer loop
      vertex -21.6585 -11.5328 102.41
      vertex -17.4964 -14.324 101.861
      vertex -21.8266 -11.824 101.861
    endloop
  endfacet
  facet normal -0.865983 0.500074 0.000403794
    outer loop
      vertex -15.6699 -11.1603 95.9
      vertex -15.9906 -11.7157 95.9505
      vertex -16.3034 -12.2575 96.1007
    endloop
  endfacet
  facet normal -0.0392642 -0.068006 0.996912
    outer loop
      vertex -15.6699 -11.1603 95.9
      vertex -19.7328 -8.19738 95.9421
      vertex -20 -8.66026 95.9
    endloop
  endfacet
  facet normal 0.191354 0.33143 0.923871
    outer loop
      vertex -20.6335 -9.75748 96.1007
      vertex -16.6006 -12.7722 96.3469
      vertex -16.3034 -12.2575 96.1007
    endloop
  endfacet
  facet normal 0.191348 0.331422 0.923875
    outer loop
      vertex -16.6006 -12.7722 96.3469
      vertex -20.6335 -9.75748 96.1007
      vertex -20.9307 -10.2722 96.3469
    endloop
  endfacet
  facet normal -0.866022 0.500005 0
    outer loop
      vertex -16.6006 -12.7722 103.653
      vertex -13.6199 -7.60955 100
      vertex -16.6006 -12.7722 96.3469
    endloop
  endfacet
  facet normal -0.865858 0.500291 -7.4988e-05
    outer loop
      vertex -13.6199 -7.60955 100
      vertex -13.6451 -7.65326 99.3586
      vertex -13.7202 -7.78333 98.733
    endloop
  endfacet
  facet normal -0.32476 -0.562497 0.760348
    outer loop
      vertex -18.5504 -6.14953 97.1009
      vertex -14.4649 -9.0732 96.683
      vertex -14.2203 -8.64953 97.1009
    endloop
  endfacet
  facet normal -0.32476 -0.562497 0.760348
    outer loop
      vertex -14.4649 -9.0732 96.683
      vertex -18.5504 -6.14953 97.1009
      vertex -18.795 -6.5732 96.683
    endloop
  endfacet
  facet normal -0.865989 0.500063 9.74597e-05
    outer loop
      vertex -14.2203 -8.64953 102.899
      vertex -14.0114 -8.28767 102.41
      vertex -14.4649 -9.0732 103.317
    endloop
  endfacet
  facet normal -0.117172 -0.203273 -0.972086
    outer loop
      vertex -15.3492 -10.6048 104.05
      vertex -19.6272 -8.01451 104.024
      vertex -15.0364 -10.063 103.899
    endloop
  endfacet
  facet normal -0.121002 -0.20958 -0.970276
    outer loop
      vertex -19.6272 -8.01451 104.024
      vertex -15.3492 -10.6048 104.05
      vertex -19.6793 -8.1048 104.05
    endloop
  endfacet
  facet normal -0.866041 0.499974 -7.83837e-05
    outer loop
      vertex -15.3492 -10.6048 104.05
      vertex -15.0364 -10.063 103.899
      vertex -15.6699 -11.1603 104.1
    endloop
  endfacet
  facet normal -0.486186 -0.842096 0.233446
    outer loop
      vertex -13.7202 -7.78333 98.733
      vertex -17.9752 -5.15327 99.3586
      vertex -18.0503 -5.28334 98.733
    endloop
  endfacet
  facet normal -0.486186 -0.842096 0.233446
    outer loop
      vertex -17.9752 -5.15327 99.3586
      vertex -13.7202 -7.78333 98.733
      vertex -13.6451 -7.65326 99.3586
    endloop
  endfacet
  facet normal -0.865857 0.500291 7.5081e-05
    outer loop
      vertex -13.6451 -7.65326 100.641
      vertex -13.6199 -7.60955 100
      vertex -13.7202 -7.78333 101.267
    endloop
  endfacet
  facet normal -0.486203 -0.842126 -0.233305
    outer loop
      vertex -17.9752 -5.15327 100.641
      vertex -13.7202 -7.78333 101.267
      vertex -18.0503 -5.28334 101.267
    endloop
  endfacet
  facet normal -0.486203 -0.842126 -0.233305
    outer loop
      vertex -13.7202 -7.78333 101.267
      vertex -17.9752 -5.15327 100.641
      vertex -13.6451 -7.65326 100.641
    endloop
  endfacet
  facet normal -0.865196 0.501433 0.00121144
    outer loop
      vertex -17.1194 -13.671 97.1009
      vertex -17.3284 -14.0328 97.5901
      vertex -17.4964 -14.324 98.1386
    endloop
  endfacet
  facet normal 0.486189 0.842119 0.233357
    outer loop
      vertex -21.9497 -12.0372 98.733
      vertex -17.6946 -14.6672 99.3586
      vertex -17.6195 -14.5372 98.733
    endloop
  endfacet
  facet normal 0.486189 0.842119 0.233357
    outer loop
      vertex -17.6946 -14.6672 99.3586
      vertex -21.9497 -12.0372 98.733
      vertex -22.0248 -12.1672 99.3586
    endloop
  endfacet
  facet normal -0.866016 0.500016 -1.92874e-05
    outer loop
      vertex -13.6199 -7.60955 100
      vertex -14.4649 -9.0732 96.683
      vertex -16.6006 -12.7722 96.3469
    endloop
  endfacet
  facet normal -0.866025 0.5 -0.000131801
    outer loop
      vertex -15.6699 -11.1603 95.9
      vertex -16.3034 -12.2575 96.1007
      vertex -16.6006 -12.7722 96.3469
    endloop
  endfacet
  facet normal 0.116716 0.20218 0.972369
    outer loop
      vertex -20.5813 -9.66719 96.0756
      vertex -16.3034 -12.2575 96.1007
      vertex -15.9906 -11.7157 95.9505
    endloop
  endfacet
  facet normal 0.116994 0.202637 0.97224
    outer loop
      vertex -16.3034 -12.2575 96.1007
      vertex -20.5813 -9.66719 96.0756
      vertex -20.6335 -9.75748 96.1007
    endloop
  endfacet
  facet normal 0.0392599 0.068 0.996913
    outer loop
      vertex -15.9906 -11.7157 95.9505
      vertex -20.0534 -8.75283 95.9084
      vertex -20.3207 -9.21571 95.9505
    endloop
  endfacet
  facet normal -0.866041 0.499973 0
    outer loop
      vertex -17.6946 -14.6672 99.3586
      vertex -16.6006 -12.7722 103.653
      vertex -16.6006 -12.7722 96.3469
    endloop
  endfacet
  facet normal -0.866041 0.499973 0
    outer loop
      vertex -16.6006 -12.7722 103.653
      vertex -17.6946 -14.6672 99.3586
      vertex -17.6946 -14.6672 100.641
    endloop
  endfacet
  facet normal -0.866009 0.500028 -5.64065e-06
    outer loop
      vertex -14.4649 -9.0732 96.683
      vertex -14.7392 -9.54827 96.3469
      vertex -15.0364 -10.063 96.1007
    endloop
  endfacet
  facet normal -0.191345 -0.331418 0.923877
    outer loop
      vertex -19.0693 -7.04827 96.3469
      vertex -15.0364 -10.063 96.1007
      vertex -14.7392 -9.54827 96.3469
    endloop
  endfacet
  facet normal -0.191337 -0.331407 0.923883
    outer loop
      vertex -15.0364 -10.063 96.1007
      vertex -19.0693 -7.04827 96.3469
      vertex -19.3665 -7.56303 96.1007
    endloop
  endfacet
  facet normal -0.380203 -0.658527 0.649453
    outer loop
      vertex -14.2203 -8.64953 97.1009
      vertex -18.3415 -5.78768 97.5901
      vertex -18.5504 -6.14953 97.1009
    endloop
  endfacet
  facet normal -0.380198 -0.658521 0.64946
    outer loop
      vertex -18.3415 -5.78768 97.5901
      vertex -14.2203 -8.64953 97.1009
      vertex -14.0114 -8.28767 97.5901
    endloop
  endfacet
  facet normal -0.324805 -0.562575 -0.760271
    outer loop
      vertex -14.4649 -9.0732 103.317
      vertex -18.5504 -6.14953 102.899
      vertex -14.2203 -8.64953 102.899
    endloop
  endfacet
  facet normal -0.324805 -0.562575 -0.760271
    outer loop
      vertex -18.5504 -6.14953 102.899
      vertex -14.4649 -9.0732 103.317
      vertex -18.795 -6.5732 103.317
    endloop
  endfacet
  facet normal -0.866059 0.499941 -4.09924e-05
    outer loop
      vertex -17.1194 -13.671 97.1009
      vertex -17.4964 -14.324 98.1386
      vertex -17.6195 -14.5372 98.733
    endloop
  endfacet
  facet normal -0.866109 0.499856 -0.000101446
    outer loop
      vertex -17.1194 -13.671 97.1009
      vertex -17.6195 -14.5372 98.733
      vertex -17.6946 -14.6672 99.3586
    endloop
  endfacet
  facet normal 0.380229 0.658571 0.649392
    outer loop
      vertex -17.3284 -14.0328 97.5901
      vertex -21.4844 -11.2313 97.1824
      vertex -21.6585 -11.5328 97.5901
    endloop
  endfacet
  facet normal 0.380194 0.658526 0.649459
    outer loop
      vertex -21.4496 -11.171 97.1009
      vertex -17.3284 -14.0328 97.5901
      vertex -17.1194 -13.671 97.1009
    endloop
  endfacet
  facet normal 0.380157 0.658484 0.649522
    outer loop
      vertex -17.3284 -14.0328 97.5901
      vertex -21.4496 -11.171 97.1009
      vertex -21.4844 -11.2313 97.1824
    endloop
  endfacet
  facet normal 0.116678 0.202091 0.972392
    outer loop
      vertex -15.9906 -11.7157 95.9505
      vertex -20.3207 -9.21571 95.9505
      vertex -20.5813 -9.66719 96.0756
    endloop
  endfacet
  facet normal -0.866093 0.499883 -0.00014963
    outer loop
      vertex -80.6534 -123.715 103.899
      vertex -80.3406 -123.173 104.05
      vertex -80.9506 -124.23 103.653
    endloop
  endfacet
  facet normal -0.426448 -0.738625 -0.522087
    outer loop
      vertex -82.5234 -116.954 101.861
      vertex -78.3614 -119.745 102.41
      vertex -82.6915 -117.245 102.41
    endloop
  endfacet
  facet normal -0.426448 -0.738625 -0.522087
    outer loop
      vertex -78.3614 -119.745 102.41
      vertex -82.5234 -116.954 101.861
      vertex -78.1933 -119.454 101.861
    endloop
  endfacet
  facet normal -0.866306 0.499512 0.00116354
    outer loop
      vertex -80.9506 -124.23 103.653
      vertex -80.3406 -123.173 104.05
      vertex -81.4694 -125.128 102.899
    endloop
  endfacet
  facet normal -0.486198 -0.842114 0.233357
    outer loop
      vertex -78.0702 -119.241 98.733
      vertex -82.3252 -116.611 99.3586
      vertex -82.4003 -116.741 98.733
    endloop
  endfacet
  facet normal -0.486198 -0.842114 0.233357
    outer loop
      vertex -82.3252 -116.611 99.3586
      vertex -78.0702 -119.241 98.733
      vertex -77.9951 -119.111 99.3586
    endloop
  endfacet
  facet normal -0.865489 0.500926 -0.00135407
    outer loop
      vertex -78.3614 -119.745 97.5901
      vertex -78.8149 -120.531 96.683
      vertex -79.3864 -121.52 96.1007
    endloop
  endfacet
  facet normal -0.261223 -0.452475 0.85266
    outer loop
      vertex -83.3736 -118.427 96.4029
      vertex -79.0892 -121.006 96.3469
      vertex -78.8149 -120.531 96.683
    endloop
  endfacet
  facet normal -0.261495 -0.45292 0.85234
    outer loop
      vertex -79.0892 -121.006 96.3469
      vertex -83.3736 -118.427 96.4029
      vertex -83.4193 -118.506 96.3469
    endloop
  endfacet
  facet normal -0.380147 -0.65843 -0.649582
    outer loop
      vertex -82.6915 -117.245 102.41
      vertex -78.3614 -119.745 102.41
      vertex -82.8656 -117.547 102.818
    endloop
  endfacet
  facet normal 0.0392704 0.068018 0.996911
    outer loop
      vertex -84.35 -120.118 95.9
      vertex -80.3406 -123.173 95.9505
      vertex -80.0199 -122.618 95.9
    endloop
  endfacet
  facet normal 0.0392704 0.068018 0.996911
    outer loop
      vertex -80.3406 -123.173 95.9505
      vertex -84.35 -120.118 95.9
      vertex -84.6707 -120.673 95.9505
    endloop
  endfacet
  facet normal -0.191133 -0.331183 -0.924005
    outer loop
      vertex -83.4688 -118.592 103.694
      vertex -79.3864 -121.52 103.899
      vertex -83.7165 -119.021 103.899
    endloop
  endfacet
  facet normal 0.26111 0.452263 -0.852807
    outer loop
      vertex -85.3264 -121.809 103.597
      vertex -81.2248 -124.705 103.317
      vertex -85.555 -122.205 103.317
    endloop
  endfacet
  facet normal 0.117283 0.203139 -0.972101
    outer loop
      vertex -80.6534 -123.715 103.899
      vertex -84.6707 -120.673 104.05
      vertex -80.3406 -123.173 104.05
    endloop
  endfacet
  facet normal 0.117283 0.203139 -0.972101
    outer loop
      vertex -84.6707 -120.673 104.05
      vertex -80.6534 -123.715 103.899
      vertex -84.9835 -121.215 103.899
    endloop
  endfacet
  facet normal 0.426465 0.738655 -0.522031
    outer loop
      vertex -81.8464 -125.781 101.861
      vertex -86.0085 -122.99 102.41
      vertex -81.6784 -125.49 102.41
    endloop
  endfacet
  facet normal 0.426441 0.738629 -0.522087
    outer loop
      vertex -86.0085 -122.99 102.41
      vertex -81.8464 -125.781 101.861
      vertex -86.1766 -123.281 101.861
    endloop
  endfacet
  facet normal -0.866021 0.500008 0
    outer loop
      vertex -80.3406 -123.173 95.9505
      vertex -78.3614 -119.745 102.41
      vertex -78.3614 -119.745 97.5901
    endloop
  endfacet
  facet normal -0.866021 0.500008 0
    outer loop
      vertex -78.3614 -119.745 102.41
      vertex -80.3406 -123.173 95.9505
      vertex -80.3406 -123.173 104.05
    endloop
  endfacet
  facet normal -0.866027 0.499973 -0.00495023
    outer loop
      vertex -79.6992 -122.062 95.9505
      vertex -80.0199 -122.618 95.9
      vertex -80.3406 -123.173 95.9505
    endloop
  endfacet
  facet normal -0.866037 0.499979 -0.000612399
    outer loop
      vertex -79.3864 -121.52 96.1007
      vertex -79.6992 -122.062 95.9505
      vertex -80.3406 -123.173 95.9505
    endloop
  endfacet
  facet normal -0.866027 0.499973 0.00499973
    outer loop
      vertex -80.0199 -122.618 104.1
      vertex -79.6992 -122.062 104.05
      vertex -80.3406 -123.173 104.05
    endloop
  endfacet
  facet normal -0.324705 -0.562379 -0.760458
    outer loop
      vertex -82.9412 -117.678 102.969
      vertex -78.5703 -120.107 102.899
      vertex -78.8149 -120.531 103.317
    endloop
  endfacet
  facet normal -0.32489 -0.562722 -0.760125
    outer loop
      vertex -78.5703 -120.107 102.899
      vertex -82.9412 -117.678 102.969
      vertex -82.9004 -117.607 102.899
    endloop
  endfacet
  facet normal -0.461996 -0.800195 0.382425
    outer loop
      vertex -78.1933 -119.454 98.1386
      vertex -82.4003 -116.741 98.733
      vertex -82.5234 -116.954 98.1386
    endloop
  endfacet
  facet normal -0.461996 -0.800195 0.382425
    outer loop
      vertex -82.4003 -116.741 98.733
      vertex -78.1933 -119.454 98.1386
      vertex -78.0702 -119.241 98.733
    endloop
  endfacet
  facet normal -0.46195 -0.800116 -0.382644
    outer loop
      vertex -82.4003 -116.741 101.267
      vertex -78.1933 -119.454 101.861
      vertex -82.5234 -116.954 101.861
    endloop
  endfacet
  facet normal -0.46195 -0.800116 -0.382644
    outer loop
      vertex -78.1933 -119.454 101.861
      vertex -82.4003 -116.741 101.267
      vertex -78.0702 -119.241 101.267
    endloop
  endfacet
  facet normal -0.866986 0.498323 0.00304863
    outer loop
      vertex -81.2248 -124.705 103.317
      vertex -80.9506 -124.23 103.653
      vertex -81.4694 -125.128 102.899
    endloop
  endfacet
  facet normal 0.038884 0.0673486 -0.996972
    outer loop
      vertex -80.3406 -123.173 104.05
      vertex -84.35 -120.118 104.1
      vertex -80.0199 -122.618 104.1
    endloop
  endfacet
  facet normal 0.038884 0.0673486 -0.996972
    outer loop
      vertex -84.35 -120.118 104.1
      vertex -80.3406 -123.173 104.05
      vertex -84.6707 -120.673 104.05
    endloop
  endfacet
  facet normal -0.324656 -0.562317 -0.760525
    outer loop
      vertex -82.9412 -117.678 102.969
      vertex -78.8149 -120.531 103.317
      vertex -83.145 -118.031 103.317
    endloop
  endfacet
  facet normal -0.866015 0.500018 0
    outer loop
      vertex -81.8464 -125.781 98.1386
      vertex -80.3406 -123.173 104.05
      vertex -80.3406 -123.173 95.9505
    endloop
  endfacet
  facet normal -0.866015 0.500018 0
    outer loop
      vertex -80.3406 -123.173 104.05
      vertex -81.8464 -125.781 98.1386
      vertex -81.8464 -125.781 101.861
    endloop
  endfacet
  facet normal -0.865998 0.500048 -4.83939e-05
    outer loop
      vertex -81.4694 -125.128 102.899
      vertex -80.3406 -123.173 104.05
      vertex -81.8464 -125.781 101.861
    endloop
  endfacet
  facet normal -0.866988 0.49832 -0.0030535
    outer loop
      vertex -80.9506 -124.23 96.3469
      vertex -81.2248 -124.705 96.683
      vertex -81.4694 -125.128 97.1009
    endloop
  endfacet
  facet normal -0.866071 0.49992 0.000244589
    outer loop
      vertex -78.3614 -119.745 97.5901
      vertex -79.3864 -121.52 96.1007
      vertex -80.3406 -123.173 95.9505
    endloop
  endfacet
  facet normal -0.380029 -0.658226 0.649859
    outer loop
      vertex -78.3614 -119.745 97.5901
      vertex -82.6915 -117.245 97.5901
      vertex -82.8656 -117.547 97.1824
    endloop
  endfacet
  facet normal -0.191213 -0.331321 0.92394
    outer loop
      vertex -79.3864 -121.52 96.1007
      vertex -83.4688 -118.592 96.3058
      vertex -83.7165 -119.021 96.1007
    endloop
  endfacet
  facet normal -0.86512 0.501556 -0.00278709
    outer loop
      vertex -78.8149 -120.531 96.683
      vertex -79.0892 -121.006 96.3469
      vertex -79.3864 -121.52 96.1007
    endloop
  endfacet
  facet normal -0.866071 0.49992 -0.000244821
    outer loop
      vertex -79.3864 -121.52 103.899
      vertex -78.3614 -119.745 102.41
      vertex -80.3406 -123.173 104.05
    endloop
  endfacet
  facet normal -0.865908 0.500203 0
    outer loop
      vertex -78.3614 -119.745 97.5901
      vertex -78.1933 -119.454 101.861
      vertex -78.1933 -119.454 98.1386
    endloop
  endfacet
  facet normal -0.865908 0.500203 0
    outer loop
      vertex -78.1933 -119.454 101.861
      vertex -78.3614 -119.745 97.5901
      vertex -78.3614 -119.745 102.41
    endloop
  endfacet
  facet normal -0.865121 0.501555 0.00278492
    outer loop
      vertex -79.0892 -121.006 103.653
      vertex -78.8149 -120.531 103.317
      vertex -79.3864 -121.52 103.899
    endloop
  endfacet
  facet normal -0.865489 0.500925 0.00135365
    outer loop
      vertex -78.8149 -120.531 103.317
      vertex -78.3614 -119.745 102.41
      vertex -79.3864 -121.52 103.899
    endloop
  endfacet
  facet normal 0.380062 0.658297 -0.649768
    outer loop
      vertex -81.6784 -125.49 102.41
      vertex -85.7996 -122.628 102.899
      vertex -81.4694 -125.128 102.899
    endloop
  endfacet
  facet normal 0.380087 0.658327 -0.649723
    outer loop
      vertex -85.7996 -122.628 102.899
      vertex -81.6784 -125.49 102.41
      vertex -86.0085 -122.99 102.41
    endloop
  endfacet
  facet normal 0.324931 0.563016 -0.75989
    outer loop
      vertex -81.4694 -125.128 102.899
      vertex -85.7588 -122.558 102.969
      vertex -81.2248 -124.705 103.317
    endloop
  endfacet
  facet normal 0.326877 0.566177 -0.7567
    outer loop
      vertex -85.7588 -122.558 102.969
      vertex -81.4694 -125.128 102.899
      vertex -85.7996 -122.628 102.899
    endloop
  endfacet
  facet normal 0.191148 0.331077 -0.92404
    outer loop
      vertex -80.9506 -124.23 103.653
      vertex -84.9835 -121.215 103.899
      vertex -80.6534 -123.715 103.899
    endloop
  endfacet
  facet normal 0.191148 0.331077 -0.92404
    outer loop
      vertex -84.9835 -121.215 103.899
      vertex -80.9506 -124.23 103.653
      vertex -85.2807 -121.73 103.653
    endloop
  endfacet
  facet normal 0.261208 0.452393 -0.852708
    outer loop
      vertex -85.3264 -121.809 103.597
      vertex -80.9506 -124.23 103.653
      vertex -81.2248 -124.705 103.317
    endloop
  endfacet
  facet normal 0.261495 0.45292 -0.85234
    outer loop
      vertex -80.9506 -124.23 103.653
      vertex -85.3264 -121.809 103.597
      vertex -85.2807 -121.73 103.653
    endloop
  endfacet
  facet normal 0.486206 0.842148 -0.233216
    outer loop
      vertex -82.0446 -126.125 100.641
      vertex -86.2997 -123.495 101.267
      vertex -81.9695 -125.995 101.267
    endloop
  endfacet
  facet normal 0.486206 0.842148 -0.233216
    outer loop
      vertex -86.2997 -123.495 101.267
      vertex -82.0446 -126.125 100.641
      vertex -86.3748 -123.625 100.641
    endloop
  endfacet
  facet normal 0.426359 0.738472 0.522377
    outer loop
      vertex -86.0085 -122.99 97.5901
      vertex -81.8464 -125.781 98.1386
      vertex -81.6784 -125.49 97.5901
    endloop
  endfacet
  facet normal 0.426335 0.738446 0.522433
    outer loop
      vertex -81.8464 -125.781 98.1386
      vertex -86.0085 -122.99 97.5901
      vertex -86.1766 -123.281 98.1386
    endloop
  endfacet
  facet normal 0.461704 0.799708 -0.383793
    outer loop
      vertex -81.9695 -125.995 101.267
      vertex -86.1766 -123.281 101.861
      vertex -81.8464 -125.781 101.861
    endloop
  endfacet
  facet normal 0.46097 0.799059 -0.38602
    outer loop
      vertex -86.1766 -123.281 101.861
      vertex -81.9695 -125.995 101.267
      vertex -86.1971 -123.317 101.762
    endloop
  endfacet
  facet normal 0.116695 0.202121 0.972383
    outer loop
      vertex -84.6707 -120.673 95.9505
      vertex -80.6534 -123.715 96.1007
      vertex -80.3406 -123.173 95.9505
    endloop
  endfacet
  facet normal 0.116695 0.202121 0.972383
    outer loop
      vertex -80.6534 -123.715 96.1007
      vertex -84.6707 -120.673 95.9505
      vertex -84.9835 -121.215 96.1007
    endloop
  endfacet
  facet normal -0.865681 0.500596 -0.000103608
    outer loop
      vertex -77.9951 -119.111 99.3586
      vertex -78.0702 -119.241 98.733
      vertex -78.1933 -119.454 98.1386
    endloop
  endfacet
  facet normal -0.261182 -0.452378 0.852724
    outer loop
      vertex -78.8149 -120.531 96.683
      vertex -83.145 -118.031 96.683
      vertex -83.3736 -118.427 96.4029
    endloop
  endfacet
  facet normal -0.380772 -0.659512 0.648118
    outer loop
      vertex -78.5703 -120.107 97.1009
      vertex -82.8656 -117.547 97.1824
      vertex -82.9004 -117.607 97.1009
    endloop
  endfacet
  facet normal -0.380118 -0.658461 0.649569
    outer loop
      vertex -82.8656 -117.547 97.1824
      vertex -78.5703 -120.107 97.1009
      vertex -78.3614 -119.745 97.5901
    endloop
  endfacet
  facet normal -0.11666 -0.202141 0.972383
    outer loop
      vertex -83.7165 -119.021 96.1007
      vertex -79.6992 -122.062 95.9505
      vertex -79.3864 -121.52 96.1007
    endloop
  endfacet
  facet normal -0.116848 -0.202386 0.97231
    outer loop
      vertex -79.6992 -122.062 95.9505
      vertex -83.7165 -119.021 96.1007
      vertex -84.0293 -119.562 95.9505
    endloop
  endfacet
  facet normal -0.324764 -0.562504 0.760341
    outer loop
      vertex -78.8149 -120.531 96.683
      vertex -82.9412 -117.678 97.0312
      vertex -83.145 -118.031 96.683
    endloop
  endfacet
  facet normal -0.191336 -0.331402 0.923885
    outer loop
      vertex -83.4688 -118.592 96.3058
      vertex -79.0892 -121.006 96.3469
      vertex -83.4193 -118.506 96.3469
    endloop
  endfacet
  facet normal -0.191512 -0.331723 0.923733
    outer loop
      vertex -79.0892 -121.006 96.3469
      vertex -83.4688 -118.592 96.3058
      vertex -79.3864 -121.52 96.1007
    endloop
  endfacet
  facet normal -0.117248 -0.203159 -0.972101
    outer loop
      vertex -79.6992 -122.062 104.05
      vertex -83.7165 -119.021 103.899
      vertex -79.3864 -121.52 103.899
    endloop
  endfacet
  facet normal -0.117436 -0.203405 -0.972026
    outer loop
      vertex -83.7165 -119.021 103.899
      vertex -79.6992 -122.062 104.05
      vertex -84.0293 -119.562 104.05
    endloop
  endfacet
  facet normal -0.866037 0.499979 0.000609155
    outer loop
      vertex -79.6992 -122.062 104.05
      vertex -79.3864 -121.52 103.899
      vertex -80.3406 -123.173 104.05
    endloop
  endfacet
  facet normal -0.866386 0.499374 -0.000439225
    outer loop
      vertex -78.5703 -120.107 102.899
      vertex -78.3614 -119.745 102.41
      vertex -78.8149 -120.531 103.317
    endloop
  endfacet
  facet normal -0.379785 -0.657803 -0.650429
    outer loop
      vertex -82.8656 -117.547 102.818
      vertex -78.5703 -120.107 102.899
      vertex -82.9004 -117.607 102.899
    endloop
  endfacet
  facet normal -0.380105 -0.658317 -0.649723
    outer loop
      vertex -78.5703 -120.107 102.899
      vertex -82.8656 -117.547 102.818
      vertex -78.3614 -119.745 102.41
    endloop
  endfacet
  facet normal -0.426342 -0.738442 0.522433
    outer loop
      vertex -78.3614 -119.745 97.5901
      vertex -82.5234 -116.954 98.1386
      vertex -82.6915 -117.245 97.5901
    endloop
  endfacet
  facet normal -0.426342 -0.738442 0.522433
    outer loop
      vertex -82.5234 -116.954 98.1386
      vertex -78.3614 -119.745 97.5901
      vertex -78.1933 -119.454 98.1386
    endloop
  endfacet
  facet normal -0.865841 0.50032 0
    outer loop
      vertex -78.1933 -119.454 98.1386
      vertex -77.9951 -119.111 100.641
      vertex -77.9951 -119.111 99.3586
    endloop
  endfacet
  facet normal -0.865841 0.50032 0
    outer loop
      vertex -77.9951 -119.111 100.641
      vertex -78.1933 -119.454 98.1386
      vertex -78.1933 -119.454 101.861
    endloop
  endfacet
  facet normal -0.865681 0.500595 0.000103355
    outer loop
      vertex -78.0702 -119.241 101.267
      vertex -77.9951 -119.111 100.641
      vertex -78.1933 -119.454 101.861
    endloop
  endfacet
  facet normal -0.865999 0.500045 -4.6032e-05
    outer loop
      vertex -81.6784 -125.49 102.41
      vertex -81.4694 -125.128 102.899
      vertex -81.8464 -125.781 101.861
    endloop
  endfacet
  facet normal 0.32465 0.56232 -0.760525
    outer loop
      vertex -85.555 -122.205 103.317
      vertex -81.2248 -124.705 103.317
      vertex -85.7588 -122.558 102.969
    endloop
  endfacet
  facet normal 0.461749 0.799787 0.383573
    outer loop
      vertex -86.1766 -123.281 98.1386
      vertex -81.9695 -125.995 98.733
      vertex -81.8464 -125.781 98.1386
    endloop
  endfacet
  facet normal 0.461053 0.799171 0.385689
    outer loop
      vertex -81.9695 -125.995 98.733
      vertex -86.1766 -123.281 98.1386
      vertex -86.1971 -123.317 98.2377
    endloop
  endfacet
  facet normal -0.865999 0.500045 4.62279e-05
    outer loop
      vertex -81.4694 -125.128 97.1009
      vertex -81.6784 -125.49 97.5901
      vertex -81.8464 -125.781 98.1386
    endloop
  endfacet
  facet normal 0.461796 0.799868 -0.383347
    outer loop
      vertex -86.1971 -123.317 101.762
      vertex -81.9695 -125.995 101.267
      vertex -86.2997 -123.495 101.267
    endloop
  endfacet
  facet normal 0.261495 0.45292 0.85234
    outer loop
      vertex -85.3264 -121.809 96.4029
      vertex -80.9506 -124.23 96.3469
      vertex -85.2807 -121.73 96.3469
    endloop
  endfacet
  facet normal 0.261262 0.452492 0.852639
    outer loop
      vertex -80.9506 -124.23 96.3469
      vertex -85.3264 -121.809 96.4029
      vertex -81.2248 -124.705 96.683
    endloop
  endfacet
  facet normal -0.866093 0.499882 0.000148242
    outer loop
      vertex -80.3406 -123.173 95.9505
      vertex -80.6534 -123.715 96.1007
      vertex -80.9506 -124.23 96.3469
    endloop
  endfacet
  facet normal -0.867896 0.496744 -0.000931981
    outer loop
      vertex -81.8464 -125.781 98.1386
      vertex -82.0446 -126.125 99.3586
      vertex -82.0699 -126.168 100
    endloop
  endfacet
  facet normal 0.486189 0.842119 0.233357
    outer loop
      vertex -86.2997 -123.495 98.733
      vertex -82.0446 -126.125 99.3586
      vertex -81.9695 -125.995 98.733
    endloop
  endfacet
  facet normal 0.486189 0.842119 0.233357
    outer loop
      vertex -82.0446 -126.125 99.3586
      vertex -86.2997 -123.495 98.733
      vertex -86.3748 -123.625 99.3586
    endloop
  endfacet
  facet normal -0.324083 -0.561325 0.761502
    outer loop
      vertex -82.9412 -117.678 97.0312
      vertex -78.5703 -120.107 97.1009
      vertex -82.9004 -117.607 97.1009
    endloop
  endfacet
  facet normal -0.324622 -0.562323 0.760535
    outer loop
      vertex -78.5703 -120.107 97.1009
      vertex -82.9412 -117.678 97.0312
      vertex -78.8149 -120.531 96.683
    endloop
  endfacet
  facet normal -0.866386 0.499375 0.000438278
    outer loop
      vertex -78.3614 -119.745 97.5901
      vertex -78.5703 -120.107 97.1009
      vertex -78.8149 -120.531 96.683
    endloop
  endfacet
  facet normal -0.0392178 -0.0679268 0.996919
    outer loop
      vertex -84.0293 -119.562 95.9505
      vertex -80.0199 -122.618 95.9
      vertex -79.6992 -122.062 95.9505
    endloop
  endfacet
  facet normal -0.0392178 -0.0679268 0.996919
    outer loop
      vertex -80.0199 -122.618 95.9
      vertex -84.0293 -119.562 95.9505
      vertex -84.35 -120.118 95.9
    endloop
  endfacet
  facet normal -0.0388318 -0.0672583 -0.99698
    outer loop
      vertex -80.0199 -122.618 104.1
      vertex -84.0293 -119.562 104.05
      vertex -79.6992 -122.062 104.05
    endloop
  endfacet
  facet normal -0.0388318 -0.0672583 -0.99698
    outer loop
      vertex -84.0293 -119.562 104.05
      vertex -80.0199 -122.618 104.1
      vertex -84.35 -120.118 104.1
    endloop
  endfacet
  facet normal -0.261114 -0.452261 -0.852807
    outer loop
      vertex -83.145 -118.031 103.317
      vertex -78.8149 -120.531 103.317
      vertex -83.3736 -118.427 103.597
    endloop
  endfacet
  facet normal -0.867757 0.496988 0
    outer loop
      vertex -77.9951 -119.111 100.641
      vertex -77.9699 -119.067 100
      vertex -77.9951 -119.111 99.3586
    endloop
  endfacet
  facet normal -0.486215 -0.842143 -0.233216
    outer loop
      vertex -82.3252 -116.611 100.641
      vertex -78.0702 -119.241 101.267
      vertex -82.4003 -116.741 101.267
    endloop
  endfacet
  facet normal -0.486215 -0.842143 -0.233216
    outer loop
      vertex -78.0702 -119.241 101.267
      vertex -82.3252 -116.611 100.641
      vertex -77.9951 -119.111 100.641
    endloop
  endfacet
  facet normal -0.866305 0.499513 -0.00116212
    outer loop
      vertex -80.3406 -123.173 95.9505
      vertex -80.9506 -124.23 96.3469
      vertex -81.4694 -125.128 97.1009
    endloop
  endfacet
  facet normal 0.324923 0.562917 0.759967
    outer loop
      vertex -85.7588 -122.558 97.0312
      vertex -81.4694 -125.128 97.1009
      vertex -81.2248 -124.705 96.683
    endloop
  endfacet
  facet normal 0.326073 0.564784 0.758087
    outer loop
      vertex -81.4694 -125.128 97.1009
      vertex -85.7588 -122.558 97.0312
      vertex -85.7996 -122.628 97.1009
    endloop
  endfacet
  facet normal 0.324758 0.562507 0.760341
    outer loop
      vertex -81.2248 -124.705 96.683
      vertex -85.555 -122.205 96.683
      vertex -85.7588 -122.558 97.0312
    endloop
  endfacet
  facet normal 0.261178 0.452381 0.852724
    outer loop
      vertex -81.2248 -124.705 96.683
      vertex -85.3264 -121.809 96.4029
      vertex -85.555 -122.205 96.683
    endloop
  endfacet
  facet normal 0.191281 0.331307 0.92393
    outer loop
      vertex -84.9835 -121.215 96.1007
      vertex -80.9506 -124.23 96.3469
      vertex -80.6534 -123.715 96.1007
    endloop
  endfacet
  facet normal 0.191281 0.331307 0.92393
    outer loop
      vertex -80.9506 -124.23 96.3469
      vertex -84.9835 -121.215 96.1007
      vertex -85.2807 -121.73 96.3469
    endloop
  endfacet
  facet normal -0.865962 0.50011 0
    outer loop
      vertex -81.8464 -125.781 101.861
      vertex -81.8464 -125.781 98.1386
      vertex -82.0699 -126.168 100
    endloop
  endfacet
  facet normal -0.261164 -0.452378 -0.852729
    outer loop
      vertex -79.0892 -121.006 103.653
      vertex -83.3736 -118.427 103.597
      vertex -78.8149 -120.531 103.317
    endloop
  endfacet
  facet normal -0.261495 -0.45292 -0.85234
    outer loop
      vertex -83.3736 -118.427 103.597
      vertex -79.0892 -121.006 103.653
      vertex -83.4193 -118.506 103.653
    endloop
  endfacet
  facet normal -0.191368 -0.331499 -0.923843
    outer loop
      vertex -83.4688 -118.592 103.694
      vertex -79.0892 -121.006 103.653
      vertex -79.3864 -121.52 103.899
    endloop
  endfacet
  facet normal -0.190938 -0.330713 -0.924214
    outer loop
      vertex -79.0892 -121.006 103.653
      vertex -83.4688 -118.592 103.694
      vertex -83.4193 -118.506 103.653
    endloop
  endfacet
  facet normal -0.498445 -0.863327 -0.0788568
    outer loop
      vertex -82.3 -116.567 100
      vertex -77.9951 -119.111 100.641
      vertex -82.3252 -116.611 100.641
    endloop
  endfacet
  facet normal -0.498445 -0.863327 -0.0788568
    outer loop
      vertex -77.9951 -119.111 100.641
      vertex -82.3 -116.567 100
      vertex -77.9699 -119.067 100
    endloop
  endfacet
  facet normal -0.498447 -0.863331 0.0788079
    outer loop
      vertex -77.9951 -119.111 99.3586
      vertex -82.3 -116.567 100
      vertex -82.3252 -116.611 99.3586
    endloop
  endfacet
  facet normal -0.498447 -0.863331 0.0788079
    outer loop
      vertex -82.3 -116.567 100
      vertex -77.9951 -119.111 99.3586
      vertex -77.9699 -119.067 100
    endloop
  endfacet
  facet normal -0.865998 0.500048 4.84013e-05
    outer loop
      vertex -80.3406 -123.173 95.9505
      vertex -81.4694 -125.128 97.1009
      vertex -81.8464 -125.781 98.1386
    endloop
  endfacet
  facet normal -0.868071 0.496439 0.00104638
    outer loop
      vertex -81.9695 -125.995 101.267
      vertex -81.8464 -125.781 101.861
      vertex -82.0446 -126.125 100.641
    endloop
  endfacet
  facet normal -0.868075 0.496432 -0.00104893
    outer loop
      vertex -81.8464 -125.781 98.1386
      vertex -81.9695 -125.995 98.733
      vertex -82.0446 -126.125 99.3586
    endloop
  endfacet
  facet normal 0.461837 0.799939 0.383149
    outer loop
      vertex -81.9695 -125.995 98.733
      vertex -86.1971 -123.317 98.2377
      vertex -86.2997 -123.495 98.733
    endloop
  endfacet
  facet normal 0.380127 0.658411 0.649614
    outer loop
      vertex -85.7996 -122.628 97.1009
      vertex -81.6784 -125.49 97.5901
      vertex -81.4694 -125.128 97.1009
    endloop
  endfacet
  facet normal 0.380153 0.65844 0.649569
    outer loop
      vertex -81.6784 -125.49 97.5901
      vertex -85.7996 -122.628 97.1009
      vertex -86.0085 -122.99 97.5901
    endloop
  endfacet
  facet normal 0.498486 0.863418 -0.0775954
    outer loop
      vertex -82.0699 -126.168 100
      vertex -86.3748 -123.625 100.641
      vertex -82.0446 -126.125 100.641
    endloop
  endfacet
  facet normal 0.498498 0.863418 -0.0775181
    outer loop
      vertex -86.3748 -123.625 100.641
      vertex -82.0699 -126.168 100
      vertex -86.4 -123.668 100
    endloop
  endfacet
  facet normal -0.867898 0.496742 0.000932746
    outer loop
      vertex -82.0446 -126.125 100.641
      vertex -81.8464 -125.781 101.861
      vertex -82.0699 -126.168 100
    endloop
  endfacet
  facet normal 0.498488 0.863421 0.0775473
    outer loop
      vertex -86.3748 -123.625 99.3586
      vertex -82.0699 -126.168 100
      vertex -82.0446 -126.125 99.3586
    endloop
  endfacet
  facet normal 0.4985 0.863421 0.0774701
    outer loop
      vertex -82.0699 -126.168 100
      vertex -86.3748 -123.625 99.3586
      vertex -86.4 -123.668 100
    endloop
  endfacet
  facet normal -0.865769 0.500444 0
    outer loop
      vertex -77.6055 -115.236 88.5943
      vertex -77.4055 -114.89 95.5125
      vertex -77.4055 -114.89 88.5943
    endloop
  endfacet
  facet normal -0.865769 0.500444 0
    outer loop
      vertex -77.6055 -115.236 108
      vertex -77.4055 -114.89 95.5125
      vertex -77.6055 -115.236 88.5943
    endloop
  endfacet
  facet normal -0.865769 0.500444 0
    outer loop
      vertex -77.4055 -114.89 95.5125
      vertex -77.6055 -115.236 108
      vertex -77.4055 -114.89 108
    endloop
  endfacet
  facet normal -0.866082 0.499903 0
    outer loop
      vertex -21.0555 -17.2885 88.6043
      vertex -20.8555 -16.942 88.5943
      vertex -21.0555 -17.2885 88.5943
    endloop
  endfacet
  facet normal -0.866082 0.499903 0
    outer loop
      vertex -20.8555 -16.942 88.5943
      vertex -21.0555 -17.2885 88.6043
      vertex -20.8555 -16.942 108
    endloop
  endfacet
  facet normal -0.866082 0.499903 0
    outer loop
      vertex -20.8555 -16.942 108
      vertex -21.0555 -17.2885 88.6043
      vertex -21.0555 -17.2885 108
    endloop
  endfacet
  facet normal 0 0 1
    outer loop
      vertex -23.8 -15.242 42.225
      vertex -78.4715 -114.736 42.225
      vertex -21.7215 -16.442 42.225
    endloop
  endfacet
  facet normal 0 -0 1
    outer loop
      vertex -78.4715 -114.736 42.225
      vertex -23.8 -15.242 42.225
      vertex -80.55 -113.536 42.225
    endloop
  endfacet
  facet normal -0.499993 -0.866029 0
    outer loop
      vertex -23.8 -15.242 116.4
      vertex -21.7215 -16.442 108
      vertex -21.7215 -16.442 116.4
    endloop
  endfacet
  facet normal -0.500011 -0.866019 -0
    outer loop
      vertex -21.7215 -16.442 108
      vertex -21.7215 -16.442 89.596
      vertex -20.8555 -16.942 108
    endloop
  endfacet
  facet normal -0.499993 -0.866029 0
    outer loop
      vertex -23.8 -15.242 116.4
      vertex -21.7215 -16.442 89.596
      vertex -21.7215 -16.442 108
    endloop
  endfacet
  facet normal -0.499993 -0.866029 0
    outer loop
      vertex -23.8 -15.242 42.225
      vertex -21.7215 -16.442 89.596
      vertex -23.8 -15.242 116.4
    endloop
  endfacet
  facet normal -0.499993 -0.866029 -0
    outer loop
      vertex -21.7215 -16.442 89.596
      vertex -23.8 -15.242 42.225
      vertex -21.7215 -16.442 42.225
    endloop
  endfacet
  facet normal -0.500011 -0.866019 -0
    outer loop
      vertex -20.8555 -16.942 108
      vertex -21.7215 -16.442 89.596
      vertex -20.8555 -16.942 88.5943
    endloop
  endfacet
  facet normal 0.500011 0.866019 0
    outer loop
      vertex -77.6055 -115.236 108
      vertex -78.4715 -114.736 89.596
      vertex -78.4715 -114.736 108
    endloop
  endfacet
  facet normal 0.500011 0.866019 0
    outer loop
      vertex -78.4715 -114.736 89.596
      vertex -77.6055 -115.236 108
      vertex -77.6055 -115.236 88.5943
    endloop
  endfacet
  facet normal 0.499993 0.866029 -0
    outer loop
      vertex -78.4715 -114.736 108
      vertex -80.55 -113.536 116.4
      vertex -78.4715 -114.736 116.4
    endloop
  endfacet
  facet normal 0.499993 0.866029 -0
    outer loop
      vertex -78.4715 -114.736 89.596
      vertex -80.55 -113.536 116.4
      vertex -78.4715 -114.736 108
    endloop
  endfacet
  facet normal 0.499993 0.866029 0
    outer loop
      vertex -80.55 -113.536 42.225
      vertex -78.4715 -114.736 89.596
      vertex -78.4715 -114.736 42.225
    endloop
  endfacet
  facet normal 0.499993 0.866029 0
    outer loop
      vertex -78.4715 -114.736 89.596
      vertex -80.55 -113.536 42.225
      vertex -80.55 -113.536 116.4
    endloop
  endfacet
  facet normal 0.382908 0 0.923787
    outer loop
      vertex -29.9939 -137.178 106.599
      vertex -28.3992 -138.778 105.938
      vertex -28.3992 -137.178 105.938
    endloop
  endfacet
  facet normal 0.382908 0 0.923787
    outer loop
      vertex -28.3992 -138.778 105.938
      vertex -29.9939 -137.178 106.599
      vertex -29.9939 -138.778 106.599
    endloop
  endfacet
  facet normal 0.923914 -0 0.382599
    outer loop
      vertex -35.4616 -138.778 113.001
      vertex -34.8011 -137.178 111.406
      vertex -35.4616 -137.178 113.001
    endloop
  endfacet
  facet normal 0.923914 0 0.382599
    outer loop
      vertex -34.8011 -137.178 111.406
      vertex -35.4616 -138.778 113.001
      vertex -34.8011 -138.778 111.406
    endloop
  endfacet
  facet normal -0.97235 0 0.233526
    outer loop
      vertex -14.5384 -138.778 113.001
      vertex -14.1354 -137.178 114.679
      vertex -14.5384 -137.178 113.001
    endloop
  endfacet
  facet normal -0.97235 0 0.233526
    outer loop
      vertex -14.1354 -137.178 114.679
      vertex -14.5384 -138.778 113.001
      vertex -14.1354 -138.778 114.679
    endloop
  endfacet
  facet normal -0.382908 0 0.923787
    outer loop
      vertex -21.6008 -137.178 105.938
      vertex -20.0061 -138.778 106.599
      vertex -20.0061 -137.178 106.599
    endloop
  endfacet
  facet normal -0.382908 0 0.923787
    outer loop
      vertex -20.0061 -138.778 106.599
      vertex -21.6008 -137.178 105.938
      vertex -21.6008 -138.778 105.938
    endloop
  endfacet
  facet normal 0.97235 -0 0.233526
    outer loop
      vertex -35.8646 -138.778 114.679
      vertex -35.4616 -137.178 113.001
      vertex -35.8646 -137.178 114.679
    endloop
  endfacet
  facet normal 0.97235 0 0.233526
    outer loop
      vertex -35.4616 -137.178 113.001
      vertex -35.8646 -138.778 114.679
      vertex -35.4616 -138.778 113.001
    endloop
  endfacet
  facet normal 0.760278 -0 0.649598
    outer loop
      vertex -33.8992 -138.778 109.934
      vertex -32.7782 -137.178 108.622
      vertex -33.8992 -137.178 109.934
    endloop
  endfacet
  facet normal 0.760278 0 0.649598
    outer loop
      vertex -32.7782 -137.178 108.622
      vertex -33.8992 -138.778 109.934
      vertex -32.7782 -138.778 108.622
    endloop
  endfacet
  facet normal 0.233474 0 0.972363
    outer loop
      vertex -28.3992 -137.178 105.938
      vertex -26.7208 -138.778 105.535
      vertex -26.7208 -137.178 105.535
    endloop
  endfacet
  facet normal 0.233474 0 0.972363
    outer loop
      vertex -26.7208 -138.778 105.535
      vertex -28.3992 -137.178 105.938
      vertex -28.3992 -138.778 105.938
    endloop
  endfacet
  facet normal 0.649426 0 0.760425
    outer loop
      vertex -32.7782 -137.178 108.622
      vertex -31.4656 -138.778 107.501
      vertex -31.4656 -137.178 107.501
    endloop
  endfacet
  facet normal 0.649426 0 0.760425
    outer loop
      vertex -31.4656 -138.778 107.501
      vertex -32.7782 -137.178 108.622
      vertex -32.7782 -138.778 108.622
    endloop
  endfacet
  facet normal 0.522558 0 0.852604
    outer loop
      vertex -31.4656 -137.178 107.501
      vertex -29.9939 -138.778 106.599
      vertex -29.9939 -137.178 106.599
    endloop
  endfacet
  facet normal 0.522558 0 0.852604
    outer loop
      vertex -29.9939 -138.778 106.599
      vertex -31.4656 -137.178 107.501
      vertex -31.4656 -138.778 107.501
    endloop
  endfacet
  facet normal -0.852677 0 0.522438
    outer loop
      vertex -16.1008 -138.778 109.934
      vertex -15.1989 -137.178 111.406
      vertex -16.1008 -137.178 109.934
    endloop
  endfacet
  facet normal -0.852677 0 0.522438
    outer loop
      vertex -15.1989 -137.178 111.406
      vertex -16.1008 -138.778 109.934
      vertex -15.1989 -138.778 111.406
    endloop
  endfacet
  facet normal 0.0782116 0 0.996937
    outer loop
      vertex -26.7208 -137.178 105.535
      vertex -25 -138.778 105.4
      vertex -25 -137.178 105.4
    endloop
  endfacet
  facet normal 0.0782116 0 0.996937
    outer loop
      vertex -25 -138.778 105.4
      vertex -26.7208 -137.178 105.535
      vertex -26.7208 -138.778 105.535
    endloop
  endfacet
  facet normal -0.233474 0 0.972363
    outer loop
      vertex -23.2792 -137.178 105.535
      vertex -21.6008 -138.778 105.938
      vertex -21.6008 -137.178 105.938
    endloop
  endfacet
  facet normal -0.233474 0 0.972363
    outer loop
      vertex -21.6008 -138.778 105.938
      vertex -23.2792 -137.178 105.535
      vertex -23.2792 -138.778 105.535
    endloop
  endfacet
  facet normal -0.522558 0 0.852604
    outer loop
      vertex -20.0061 -137.178 106.599
      vertex -18.5344 -138.778 107.501
      vertex -18.5344 -137.178 107.501
    endloop
  endfacet
  facet normal -0.522558 0 0.852604
    outer loop
      vertex -18.5344 -138.778 107.501
      vertex -20.0061 -137.178 106.599
      vertex -20.0061 -138.778 106.599
    endloop
  endfacet
  facet normal -0.923914 0 0.382599
    outer loop
      vertex -15.1989 -138.778 111.406
      vertex -14.5384 -137.178 113.001
      vertex -15.1989 -137.178 111.406
    endloop
  endfacet
  facet normal -0.923914 0 0.382599
    outer loop
      vertex -14.5384 -137.178 113.001
      vertex -15.1989 -138.778 111.406
      vertex -14.5384 -138.778 113.001
    endloop
  endfacet
  facet normal -0.996919 0 0.0784328
    outer loop
      vertex -14.1354 -138.778 114.679
      vertex -14 -137.178 116.4
      vertex -14.1354 -137.178 114.679
    endloop
  endfacet
  facet normal -0.996919 0 0.0784328
    outer loop
      vertex -14 -137.178 116.4
      vertex -14.1354 -138.778 114.679
      vertex -14 -138.778 116.4
    endloop
  endfacet
  facet normal -0.649426 0 0.760425
    outer loop
      vertex -18.5344 -137.178 107.501
      vertex -17.2218 -138.778 108.622
      vertex -17.2218 -137.178 108.622
    endloop
  endfacet
  facet normal -0.649426 0 0.760425
    outer loop
      vertex -17.2218 -138.778 108.622
      vertex -18.5344 -137.178 107.501
      vertex -18.5344 -138.778 107.501
    endloop
  endfacet
  facet normal -0.760278 0 0.649598
    outer loop
      vertex -17.2218 -138.778 108.622
      vertex -16.1008 -137.178 109.934
      vertex -17.2218 -137.178 108.622
    endloop
  endfacet
  facet normal -0.760278 0 0.649598
    outer loop
      vertex -16.1008 -137.178 109.934
      vertex -17.2218 -138.778 108.622
      vertex -16.1008 -138.778 109.934
    endloop
  endfacet
  facet normal 0.852677 -0 0.522438
    outer loop
      vertex -34.8011 -138.778 111.406
      vertex -33.8992 -137.178 109.934
      vertex -34.8011 -137.178 111.406
    endloop
  endfacet
  facet normal 0.852677 0 0.522438
    outer loop
      vertex -33.8992 -137.178 109.934
      vertex -34.8011 -138.778 111.406
      vertex -33.8992 -138.778 109.934
    endloop
  endfacet
  facet normal 0.996919 -0 0.0784328
    outer loop
      vertex -36 -138.778 116.4
      vertex -35.8646 -137.178 114.679
      vertex -36 -137.178 116.4
    endloop
  endfacet
  facet normal 0.996919 0 0.0784328
    outer loop
      vertex -35.8646 -137.178 114.679
      vertex -36 -138.778 116.4
      vertex -35.8646 -138.778 114.679
    endloop
  endfacet
  facet normal -0.0782116 0 0.996937
    outer loop
      vertex -25 -137.178 105.4
      vertex -23.2792 -138.778 105.535
      vertex -23.2792 -137.178 105.535
    endloop
  endfacet
  facet normal -0.0782116 0 0.996937
    outer loop
      vertex -23.2792 -138.778 105.535
      vertex -25 -137.178 105.4
      vertex -25 -138.778 105.4
    endloop
  endfacet
  facet normal 0 0 1
    outer loop
      vertex -80.55 -113.536 116.4
      vertex -86.7648 -129.1 116.4
      vertex -78.4715 -114.736 116.4
    endloop
  endfacet
  facet normal 0 -0 1
    outer loop
      vertex -86.7648 -129.1 116.4
      vertex -80.55 -113.536 116.4
      vertex -89.35 -128.778 116.4
    endloop
  endfacet
  facet normal -0 0 1
    outer loop
      vertex -78.6872 -137.178 116.4
      vertex -36 -138.778 116.4
      vertex -36 -137.178 116.4
    endloop
  endfacet
  facet normal 0 0 1
    outer loop
      vertex -78.6872 -137.178 116.4
      vertex -79.35 -138.778 116.4
      vertex -36 -138.778 116.4
    endloop
  endfacet
  facet normal 0 0 1
    outer loop
      vertex -86.7648 -129.1 116.4
      vertex -79.35 -138.778 116.4
      vertex -78.6872 -137.178 116.4
    endloop
  endfacet
  facet normal 0 0 1
    outer loop
      vertex -79.35 -138.778 116.4
      vertex -86.7648 -129.1 116.4
      vertex -89.35 -128.778 116.4
    endloop
  endfacet
  facet normal 0 0 1
    outer loop
      vertex -6.60001 -137.178 116.4
      vertex -5 -126.778 116.4
      vertex -6.60001 -126.778 116.4
    endloop
  endfacet
  facet normal 0 0 1
    outer loop
      vertex -5 -126.778 116.4
      vertex -6.60001 -137.178 116.4
      vertex -5 -138.778 116.4
    endloop
  endfacet
  facet normal 0 0 1
    outer loop
      vertex -14 -138.778 116.4
      vertex -6.60001 -137.178 116.4
      vertex -14 -137.178 116.4
    endloop
  endfacet
  facet normal 0 0 1
    outer loop
      vertex -6.60001 -137.178 116.4
      vertex -14 -138.778 116.4
      vertex -5 -138.778 116.4
    endloop
  endfacet
  facet normal 0 0 1
    outer loop
      vertex -5 17.3205 116.4
      vertex -6.60001 11.3492 116.4
      vertex -5 5.32051 116.4
    endloop
  endfacet
  facet normal 0 0 1
    outer loop
      vertex -5 17.3205 116.4
      vertex -13.6144 -0.800001 116.4
      vertex -6.60001 11.3492 116.4
    endloop
  endfacet
  facet normal 0 0 1
    outer loop
      vertex -23.8 -15.242 116.4
      vertex -13.6144 -0.800001 116.4
      vertex -5 17.3205 116.4
    endloop
  endfacet
  facet normal 0 0 1
    outer loop
      vertex -13.6144 -0.800001 116.4
      vertex -23.8 -15.242 116.4
      vertex -21.7215 -16.442 116.4
    endloop
  endfacet
  facet normal 0 0 1
    outer loop
      vertex -5 5.32051 116.4
      vertex -6.60001 11.3492 116.4
      vertex -6.60001 5.32051 116.4
    endloop
  endfacet
  facet normal 0 0 1
    outer loop
      vertex -12.9215 -1.2 116.4
      vertex -13.6144 -0.800001 116.4
      vertex -21.7215 -16.442 116.4
    endloop
  endfacet
endsolid OpenSCAD_Model
