solid OpenSCAD_Model
  facet normal -1 0 0
    outer loop
      vertex 0 -130.301 3.8147e-07
      vertex 0 -116.301 3
      vertex 0 -116.301 3.8147e-07
    endloop
  endfacet
  facet normal -1 -0 0
    outer loop
      vertex 0 -118.301 12
      vertex 0 -130.301 3.8147e-07
      vertex 0 -118.301 102.9
    endloop
  endfacet
  facet normal -1 -0 0
    outer loop
      vertex 0 -116.301 3
      vertex 0 -130.301 3.8147e-07
      vertex 0 -118.301 12
    endloop
  endfacet
  facet normal -1 0 0
    outer loop
      vertex 0 1.76382 102.9
      vertex 0 13.7638 3.8147e-07
      vertex 0 1.76382 12
    endloop
  endfacet
  facet normal -1 0 0
    outer loop
      vertex 0 -104.301 3.8147e-07
      vertex 0 1.76382 12
      vertex 0 13.7638 3.8147e-07
    endloop
  endfacet
  facet normal -1 0 0
    outer loop
      vertex 0 -104.301 3
      vertex 0 1.76382 12
      vertex 0 -104.301 3.8147e-07
    endloop
  endfacet
  facet normal -1 0 0
    outer loop
      vertex 0 -118.301 12
      vertex 0 -104.301 3
      vertex 0 -116.301 3
    endloop
  endfacet
  facet normal -1 0 0
    outer loop
      vertex 0 -104.301 3
      vertex 0 -118.301 12
      vertex 0 1.76382 12
    endloop
  endfacet
  facet normal -1 0 0
    outer loop
      vertex 0 13.7638 3.8147e-07
      vertex 0 1.76382 102.9
      vertex 0 13.7638 116.4
    endloop
  endfacet
  facet normal -1 0 0
    outer loop
      vertex 0 -118.301 102.9
      vertex 0 13.7638 116.4
      vertex 0 1.76382 102.9
    endloop
  endfacet
  facet normal -1 0 0
    outer loop
      vertex 0 -118.301 102.9
      vertex 0 -130.301 116.4
      vertex 0 13.7638 116.4
    endloop
  endfacet
  facet normal -1 0 0
    outer loop
      vertex 0 -130.301 116.4
      vertex 0 -118.301 102.9
      vertex 0 -130.301 3.8147e-07
    endloop
  endfacet
  facet normal 0.707107 -0.707107 0
    outer loop
      vertex 87.4037 -130.301 116.4
      vertex 97.4037 -120.301 3.8147e-07
      vertex 97.4037 -120.301 116.4
    endloop
  endfacet
  facet normal 0.707107 -0.707107 0
    outer loop
      vertex 97.4037 -120.301 3.8147e-07
      vertex 87.4037 -130.301 116.4
      vertex 87.4037 -130.301 3.8147e-07
    endloop
  endfacet
  facet normal 0 0 -1
    outer loop
      vertex 87.4037 -130.301 3.8147e-07
      vertex 9.92613 -111.239 3.8147e-07
      vertex 10 -110.301 3.8147e-07
    endloop
  endfacet
  facet normal 0 0 -1
    outer loop
      vertex 87.4037 -130.301 3.8147e-07
      vertex 9.70634 -112.155 3.8147e-07
      vertex 9.92613 -111.239 3.8147e-07
    endloop
  endfacet
  facet normal 0 0 -1
    outer loop
      vertex 87.4037 -130.301 3.8147e-07
      vertex 9.34604 -113.025 3.8147e-07
      vertex 9.70634 -112.155 3.8147e-07
    endloop
  endfacet
  facet normal 0 0 -1
    outer loop
      vertex 87.4037 -130.301 3.8147e-07
      vertex 8.8541 -113.828 3.8147e-07
      vertex 9.34604 -113.025 3.8147e-07
    endloop
  endfacet
  facet normal 0 0 -1
    outer loop
      vertex 0 -130.301 3.8147e-07
      vertex 8.8541 -113.828 3.8147e-07
      vertex 87.4037 -130.301 3.8147e-07
    endloop
  endfacet
  facet normal 0 0 -1
    outer loop
      vertex 8.8541 -113.828 3.8147e-07
      vertex 0 -130.301 3.8147e-07
      vertex 8.24264 -114.543 3.8147e-07
    endloop
  endfacet
  facet normal 0 0 -1
    outer loop
      vertex 8.24264 -114.543 3.8147e-07
      vertex 0 -130.301 3.8147e-07
      vertex 7.52671 -115.155 3.8147e-07
    endloop
  endfacet
  facet normal 0 0 -1
    outer loop
      vertex 7.52671 -115.155 3.8147e-07
      vertex 0 -130.301 3.8147e-07
      vertex 6.72394 -115.647 3.8147e-07
    endloop
  endfacet
  facet normal 0 0 -1
    outer loop
      vertex 6.72394 -115.647 3.8147e-07
      vertex 0 -130.301 3.8147e-07
      vertex 5.8541 -116.007 3.8147e-07
    endloop
  endfacet
  facet normal 0 0 -1
    outer loop
      vertex 5.8541 -116.007 3.8147e-07
      vertex 0 -130.301 3.8147e-07
      vertex 4.93861 -116.227 3.8147e-07
    endloop
  endfacet
  facet normal 0 0 -1
    outer loop
      vertex 4.93861 -116.227 3.8147e-07
      vertex 0 -130.301 3.8147e-07
      vertex 4 -116.301 3.8147e-07
    endloop
  endfacet
  facet normal -0 0 -1
    outer loop
      vertex 4 -116.301 3.8147e-07
      vertex 0 -130.301 3.8147e-07
      vertex 0 -116.301 3.8147e-07
    endloop
  endfacet
  facet normal 0 0 -1
    outer loop
      vertex 9.92613 -109.362 3.8147e-07
      vertex 87.4037 -130.301 3.8147e-07
      vertex 10 -110.301 3.8147e-07
    endloop
  endfacet
  facet normal 0 0 -1
    outer loop
      vertex 9.70634 -108.447 3.8147e-07
      vertex 87.4037 -130.301 3.8147e-07
      vertex 9.92613 -109.362 3.8147e-07
    endloop
  endfacet
  facet normal 0 0 -1
    outer loop
      vertex 87.4037 -130.301 3.8147e-07
      vertex 9.70634 -108.447 3.8147e-07
      vertex 97.4037 -120.301 3.8147e-07
    endloop
  endfacet
  facet normal 0 0 -1
    outer loop
      vertex 9.34604 -107.577 3.8147e-07
      vertex 97.4037 -120.301 3.8147e-07
      vertex 9.70634 -108.447 3.8147e-07
    endloop
  endfacet
  facet normal 0 0 -1
    outer loop
      vertex 8.8541 -106.774 3.8147e-07
      vertex 97.4037 -120.301 3.8147e-07
      vertex 9.34604 -107.577 3.8147e-07
    endloop
  endfacet
  facet normal 0 0 -1
    outer loop
      vertex 8.24264 -106.058 3.8147e-07
      vertex 97.4037 -120.301 3.8147e-07
      vertex 8.8541 -106.774 3.8147e-07
    endloop
  endfacet
  facet normal 0 0 -1
    outer loop
      vertex 0 13.7638 3.8147e-07
      vertex 8.24264 -106.058 3.8147e-07
      vertex 7.52671 -105.447 3.8147e-07
    endloop
  endfacet
  facet normal 0 0 -1
    outer loop
      vertex 0 13.7638 3.8147e-07
      vertex 7.52671 -105.447 3.8147e-07
      vertex 6.72394 -104.955 3.8147e-07
    endloop
  endfacet
  facet normal 0 0 -1
    outer loop
      vertex 0 13.7638 3.8147e-07
      vertex 6.72394 -104.955 3.8147e-07
      vertex 5.8541 -104.594 3.8147e-07
    endloop
  endfacet
  facet normal 0 0 -1
    outer loop
      vertex 0 13.7638 3.8147e-07
      vertex 5.8541 -104.594 3.8147e-07
      vertex 4.93861 -104.375 3.8147e-07
    endloop
  endfacet
  facet normal 0 0 -1
    outer loop
      vertex 8.24264 -106.058 3.8147e-07
      vertex 0 13.7638 3.8147e-07
      vertex 97.4037 -120.301 3.8147e-07
    endloop
  endfacet
  facet normal 0 0 -1
    outer loop
      vertex 4 -104.301 3.8147e-07
      vertex 0 13.7638 3.8147e-07
      vertex 4.93861 -104.375 3.8147e-07
    endloop
  endfacet
  facet normal 0 0 -1
    outer loop
      vertex 0 13.7638 3.8147e-07
      vertex 4 -104.301 3.8147e-07
      vertex 0 -104.301 3.8147e-07
    endloop
  endfacet
  facet normal 0 -1 0
    outer loop
      vertex 0 -130.301 3.8147e-07
      vertex 87.4037 -130.301 116.4
      vertex 0 -130.301 116.4
    endloop
  endfacet
  facet normal 0 -1 -0
    outer loop
      vertex 87.4037 -130.301 116.4
      vertex 0 -130.301 3.8147e-07
      vertex 87.4037 -130.301 3.8147e-07
    endloop
  endfacet
  facet normal 0.809065 0.58772 0
    outer loop
      vertex 87.0586 -106.062 116.4
      vertex 89.1456 -108.935 99.3586
      vertex 87.0586 -106.062 42.225
    endloop
  endfacet
  facet normal 0.80905 0.58774 -6.82127e-07
    outer loop
      vertex 87.0586 -106.062 42.225
      vertex 89.1406 -108.928 10.5345
      vertex 89.1159 -108.894 10
    endloop
  endfacet
  facet normal 0.808299 0.588772 8.08808e-05
    outer loop
      vertex 89.2338 -109.056 98.733
      vertex 87.0586 -106.062 42.225
      vertex 89.1456 -108.935 99.3586
    endloop
  endfacet
  facet normal 0.811019 0.58502 0.000374641
    outer loop
      vertex 87.0586 -106.062 42.225
      vertex 89.1456 -108.935 10.6414
      vertex 89.1406 -108.928 10.5345
    endloop
  endfacet
  facet normal 0.806764 0.590873 0.000251305
    outer loop
      vertex 89.258 -109.089 98.634
      vertex 87.0586 -106.062 42.225
      vertex 89.2338 -109.056 98.733
    endloop
  endfacet
  facet normal 0.808409 0.588622 -0.000125398
    outer loop
      vertex 87.0586 -106.062 42.225
      vertex 89.2338 -109.056 11.267
      vertex 89.1456 -108.935 10.6414
    endloop
  endfacet
  facet normal 0.809026 0.587772 -3.29167e-06
    outer loop
      vertex 89.3786 -109.255 98.1386
      vertex 87.0586 -106.062 42.225
      vertex 89.258 -109.089 98.634
    endloop
  endfacet
  facet normal 0.806994 0.590559 -0.000412185
    outer loop
      vertex 87.0586 -106.062 42.225
      vertex 89.258 -109.089 11.366
      vertex 89.2338 -109.056 11.267
    endloop
  endfacet
  facet normal 0.809167 0.587579 -2.01578e-05
    outer loop
      vertex 89.5761 -109.527 97.5901
      vertex 87.0586 -106.062 42.225
      vertex 89.3786 -109.255 98.1386
    endloop
  endfacet
  facet normal 0.809023 0.587776 5.39987e-06
    outer loop
      vertex 87.0586 -106.062 42.225
      vertex 89.3786 -109.255 11.8614
      vertex 89.258 -109.089 11.366
    endloop
  endfacet
  facet normal 0.809248 0.587467 -3.08715e-05
    outer loop
      vertex 89.7808 -109.809 97.1824
      vertex 87.0586 -106.062 42.225
      vertex 89.5761 -109.527 97.5901
    endloop
  endfacet
  facet normal 0.809153 0.587598 3.41517e-05
    outer loop
      vertex 87.0586 -106.062 42.225
      vertex 89.5761 -109.527 12.4099
      vertex 89.3786 -109.255 11.8614
    endloop
  endfacet
  facet normal 0.807683 0.589616 0.000193171
    outer loop
      vertex 89.8217 -109.865 97.1009
      vertex 87.0586 -106.062 42.225
      vertex 89.7808 -109.809 97.1824
    endloop
  endfacet
  facet normal 0.809233 0.587488 5.35201e-05
    outer loop
      vertex 87.0586 -106.062 42.225
      vertex 89.7808 -109.809 12.8176
      vertex 89.5761 -109.527 12.4099
    endloop
  endfacet
  facet normal 0.808755 0.588146 3.73283e-05
    outer loop
      vertex 89.8697 -109.931 97.0312
      vertex 87.0586 -106.062 42.225
      vertex 89.8217 -109.865 97.1009
    endloop
  endfacet
  facet normal 0.807782 0.589482 -0.00033479
    outer loop
      vertex 87.0586 -106.062 42.225
      vertex 89.8217 -109.865 12.8991
      vertex 89.7808 -109.809 12.8176
    endloop
  endfacet
  facet normal 0.809189 0.587549 -2.70906e-05
    outer loop
      vertex 90.1093 -110.261 96.683
      vertex 87.0586 -106.062 42.225
      vertex 89.8697 -109.931 97.0312
    endloop
  endfacet
  facet normal 0.808769 0.588126 -6.59341e-05
    outer loop
      vertex 87.0586 -106.062 42.225
      vertex 89.8697 -109.931 12.9688
      vertex 89.8217 -109.865 12.8991
    endloop
  endfacet
  facet normal 0.809169 0.587577 -2.3816e-05
    outer loop
      vertex 90.4317 -110.705 96.3469
      vertex 87.0586 -106.062 42.225
      vertex 90.1093 -110.261 96.683
    endloop
  endfacet
  facet normal 0.809178 0.587563 4.78517e-05
    outer loop
      vertex 87.0586 -106.062 42.225
      vertex 90.1093 -110.261 13.317
      vertex 89.8697 -109.931 12.9688
    endloop
  endfacet
  facet normal 0.809069 0.587714 -5.86206e-06
    outer loop
      vertex 90.7811 -111.186 96.1007
      vertex 87.0586 -106.062 42.225
      vertex 90.4317 -110.705 96.3469
    endloop
  endfacet
  facet normal 0.809162 0.587586 4.27799e-05
    outer loop
      vertex 87.0586 -106.062 42.225
      vertex 90.4317 -110.705 13.6531
      vertex 90.1093 -110.261 13.317
    endloop
  endfacet
  facet normal 0.808551 0.588427 9.77997e-05
    outer loop
      vertex 91.0875 -111.607 95.9755
      vertex 87.0586 -106.062 42.225
      vertex 90.7811 -111.186 96.1007
    endloop
  endfacet
  facet normal 0.809068 0.587715 1.07016e-05
    outer loop
      vertex 87.0586 -106.062 42.225
      vertex 90.7811 -111.186 13.8993
      vertex 90.4317 -110.705 13.6531
    endloop
  endfacet
  facet normal 0.81102 0.585018 -0.000438984
    outer loop
      vertex 91.1488 -111.692 95.9505
      vertex 87.0586 -106.062 42.225
      vertex 91.0875 -111.607 95.9755
    endloop
  endfacet
  facet normal 0.808562 0.58841 -0.000181515
    outer loop
      vertex 87.0586 -106.062 42.225
      vertex 91.0875 -111.607 14.0245
      vertex 90.7811 -111.186 13.8993
    endloop
  endfacet
  facet normal 0.807612 0.589714 0.000312616
    outer loop
      vertex 91.2116 -111.778 95.9421
      vertex 87.0586 -106.062 42.225
      vertex 91.1488 -111.692 95.9505
    endloop
  endfacet
  facet normal 0.810968 0.58509 0.000814912
    outer loop
      vertex 87.0586 -106.062 42.225
      vertex 91.1488 -111.692 14.0495
      vertex 91.0875 -111.607 14.0245
    endloop
  endfacet
  facet normal 0.809362 0.587309 -7.85869e-05
    outer loop
      vertex 91.5258 -112.211 95.9
      vertex 87.0586 -106.062 42.225
      vertex 91.2116 -111.778 95.9421
    endloop
  endfacet
  facet normal 0.807625 0.589696 -0.000590684
    outer loop
      vertex 87.0586 -106.062 42.225
      vertex 91.2116 -111.778 14.0579
      vertex 91.1488 -111.692 14.0495
    endloop
  endfacet
  facet normal 0.809073 0.587708 -8.92287e-06
    outer loop
      vertex 91.9028 -112.73 95.9505
      vertex 87.0586 -106.062 42.225
      vertex 91.5258 -112.211 95.9
    endloop
  endfacet
  facet normal 0.809359 0.587314 0.000148492
    outer loop
      vertex 87.0586 -106.062 42.225
      vertex 91.5258 -112.211 14.1
      vertex 91.2116 -111.778 14.0579
    endloop
  endfacet
  facet normal 0.808961 0.587862 2.03418e-05
    outer loop
      vertex 92.2705 -113.236 96.1007
      vertex 87.0586 -106.062 42.225
      vertex 91.9028 -112.73 95.9505
    endloop
  endfacet
  facet normal 0.809074 0.587707 1.7205e-05
    outer loop
      vertex 87.0586 -106.062 42.225
      vertex 91.9028 -112.73 14.0495
      vertex 91.5258 -112.211 14.1
    endloop
  endfacet
  facet normal 0.80862 0.588331 0.000115738
    outer loop
      vertex 92.3287 -113.316 96.1417
      vertex 87.0586 -106.062 42.225
      vertex 92.2705 -113.236 96.1007
    endloop
  endfacet
  facet normal 0.808958 0.587866 -4.01816e-05
    outer loop
      vertex 87.0586 -106.062 42.225
      vertex 92.2705 -113.236 13.8993
      vertex 91.9028 -112.73 14.0495
    endloop
  endfacet
  facet normal 0.809164 0.587583 -3.79942e-05
    outer loop
      vertex 92.6199 -113.717 96.3469
      vertex 87.0586 -106.062 42.225
      vertex 92.3287 -113.316 96.1417
    endloop
  endfacet
  facet normal 0.808591 0.588371 -0.000235698
    outer loop
      vertex 87.0586 -106.062 42.225
      vertex 92.3287 -113.316 13.8583
      vertex 92.2705 -113.236 13.8993
    endloop
  endfacet
  facet normal 0.808307 0.588761 0.000216681
    outer loop
      vertex 92.8886 -114.086 96.627
      vertex 87.0586 -106.062 42.225
      vertex 92.6199 -113.717 96.3469
    endloop
  endfacet
  facet normal 0.809174 0.58757 7.73691e-05
    outer loop
      vertex 87.0586 -106.062 42.225
      vertex 92.6199 -113.717 13.6531
      vertex 92.3287 -113.316 13.8583
    endloop
  endfacet
  facet normal 0.809394 0.587266 -0.000120219
    outer loop
      vertex 92.9423 -114.16 96.683
      vertex 87.0586 -106.062 42.225
      vertex 92.8886 -114.086 96.627
    endloop
  endfacet
  facet normal 0.808219 0.588882 -0.000459862
    outer loop
      vertex 87.0586 -106.062 42.225
      vertex 92.8886 -114.086 13.373
      vertex 92.6199 -113.717 13.6531
    endloop
  endfacet
  facet normal 0.809146 0.587607 -4.27421e-05
    outer loop
      vertex 93.2299 -114.556 97.1009
      vertex 87.0586 -106.062 42.225
      vertex 92.9423 -114.16 96.683
    endloop
  endfacet
  facet normal 0.809442 0.587199 0.000255072
    outer loop
      vertex 87.0586 -106.062 42.225
      vertex 92.9423 -114.16 13.317
      vertex 92.8886 -114.086 13.373
    endloop
  endfacet
  facet normal 0.808976 0.587842 1.2759e-05
    outer loop
      vertex 93.4755 -114.894 97.5901
      vertex 87.0586 -106.062 42.225
      vertex 93.2299 -114.556 97.1009
    endloop
  endfacet
  facet normal 0.809173 0.58757 9.63773e-05
    outer loop
      vertex 87.0586 -106.062 42.225
      vertex 93.2299 -114.556 12.8991
      vertex 92.9423 -114.16 13.317
    endloop
  endfacet
  facet normal 0.809059 0.587727 -1.53338e-05
    outer loop
      vertex 93.6731 -115.166 98.1386
      vertex 87.0586 -106.062 42.225
      vertex 93.4755 -114.894 97.5901
    endloop
  endfacet
  facet normal 0.808962 0.58786 -3.18982e-05
    outer loop
      vertex 87.0586 -106.062 42.225
      vertex 93.4755 -114.894 12.4099
      vertex 93.2299 -114.556 12.8991
    endloop
  endfacet
  facet normal 0.809015 0.587789 -0
    outer loop
      vertex 93.6731 -115.166 11.8614
      vertex 87.0586 -106.062 42.225
      vertex 93.6731 -115.166 98.1386
    endloop
  endfacet
  facet normal 0.809091 0.587684 4.79703e-05
    outer loop
      vertex 87.0586 -106.062 42.225
      vertex 93.6731 -115.166 11.8614
      vertex 93.4755 -114.894 12.4099
    endloop
  endfacet
  facet normal 0.808822 0.588054 -2.31058e-05
    outer loop
      vertex 97.4037 -120.301 3.8147e-07
      vertex 93.6731 -115.166 98.1386
      vertex 93.8178 -115.365 98.733
    endloop
  endfacet
  facet normal 0.809032 0.587765 0
    outer loop
      vertex 93.6731 -115.166 98.1386
      vertex 97.4037 -120.301 3.8147e-07
      vertex 93.6731 -115.166 11.8614
    endloop
  endfacet
  facet normal 0.806633 0.591051 0.00141072
    outer loop
      vertex 97.4037 -120.301 116.4
      vertex 93.8178 -115.365 98.733
      vertex 93.9061 -115.487 99.3586
    endloop
  endfacet
  facet normal 0.80986 0.586623 0.000755163
    outer loop
      vertex 93.6731 -115.166 11.8614
      vertex 97.4037 -120.301 3.8147e-07
      vertex 93.8178 -115.365 11.267
    endloop
  endfacet
  facet normal 0.808498 0.588499 0.000307019
    outer loop
      vertex 97.4037 -120.301 116.4
      vertex 93.9061 -115.487 99.3586
      vertex 93.9357 -115.528 100
    endloop
  endfacet
  facet normal 0.808205 0.5889 -0.000769343
    outer loop
      vertex 93.8178 -115.365 11.267
      vertex 97.4037 -120.301 3.8147e-07
      vertex 93.9061 -115.487 10.6414
    endloop
  endfacet
  facet normal 0.809059 0.587728 1.86165e-06
    outer loop
      vertex 89.1406 -108.928 99.4655
      vertex 87.0586 -106.062 116.4
      vertex 89.1159 -108.894 100
    endloop
  endfacet
  facet normal 0.809051 0.587738 -8.59908e-07
    outer loop
      vertex 87.0586 -106.062 116.4
      vertex 89.1406 -108.928 100.534
      vertex 89.1159 -108.894 100
    endloop
  endfacet
  facet normal 0.810297 0.586019 0.000473309
    outer loop
      vertex 87.0586 -106.062 116.4
      vertex 89.1456 -108.935 100.641
      vertex 89.1406 -108.928 100.534
    endloop
  endfacet
  facet normal 0.808568 0.588402 -0.000190198
    outer loop
      vertex 87.0586 -106.062 116.4
      vertex 89.2338 -109.056 101.267
      vertex 89.1456 -108.935 100.641
    endloop
  endfacet
  facet normal 0.807381 0.59003 -0.000683001
    outer loop
      vertex 87.0586 -106.062 116.4
      vertex 89.258 -109.089 101.366
      vertex 89.2338 -109.056 101.267
    endloop
  endfacet
  facet normal 0.809018 0.587783 8.95306e-06
    outer loop
      vertex 87.0586 -106.062 116.4
      vertex 89.3786 -109.255 101.861
      vertex 89.258 -109.089 101.366
    endloop
  endfacet
  facet normal 0.809129 0.587632 5.98954e-05
    outer loop
      vertex 87.0586 -106.062 116.4
      vertex 89.5761 -109.527 102.41
      vertex 89.3786 -109.255 101.861
    endloop
  endfacet
  facet normal 0.809202 0.587531 9.80755e-05
    outer loop
      vertex 87.0586 -106.062 116.4
      vertex 89.7808 -109.809 102.818
      vertex 89.5761 -109.527 102.41
    endloop
  endfacet
  facet normal 0.807973 0.58922 -0.000614351
    outer loop
      vertex 87.0586 -106.062 116.4
      vertex 89.8217 -109.865 102.899
      vertex 89.7808 -109.809 102.818
    endloop
  endfacet
  facet normal 0.808799 0.588085 -0.000125379
    outer loop
      vertex 87.0586 -106.062 116.4
      vertex 89.8697 -109.931 102.969
      vertex 89.8217 -109.865 102.899
    endloop
  endfacet
  facet normal 0.809157 0.587593 9.11005e-05
    outer loop
      vertex 87.0586 -106.062 116.4
      vertex 90.1093 -110.261 103.317
      vertex 89.8697 -109.931 102.969
    endloop
  endfacet
  facet normal 0.809147 0.587607 8.44146e-05
    outer loop
      vertex 87.0586 -106.062 116.4
      vertex 90.4317 -110.705 103.653
      vertex 90.1093 -110.261 103.317
    endloop
  endfacet
  facet normal 0.809065 0.587719 2.19021e-05
    outer loop
      vertex 87.0586 -106.062 116.4
      vertex 90.7811 -111.186 103.899
      vertex 90.4317 -110.705 103.653
    endloop
  endfacet
  facet normal 0.808591 0.588371 -0.000386406
    outer loop
      vertex 87.0586 -106.062 116.4
      vertex 91.0875 -111.607 104.024
      vertex 90.7811 -111.186 103.899
    endloop
  endfacet
  facet normal 0.81083 0.58528 0.00172723
    outer loop
      vertex 87.0586 -106.062 116.4
      vertex 91.1488 -111.692 104.05
      vertex 91.0875 -111.607 104.024
    endloop
  endfacet
  facet normal 0.807655 0.589654 -0.00131806
    outer loop
      vertex 87.0586 -106.062 116.4
      vertex 91.2116 -111.778 104.058
      vertex 91.1488 -111.692 104.05
    endloop
  endfacet
  facet normal 0.809351 0.587325 0.000330717
    outer loop
      vertex 87.0586 -106.062 116.4
      vertex 91.5258 -112.211 104.1
      vertex 91.2116 -111.778 104.058
    endloop
  endfacet
  facet normal 0.809021 0.58778 -1.64405e-05
    outer loop
      vertex 97.4037 -120.301 116.4
      vertex 91.5258 -112.211 104.1
      vertex 87.0586 -106.062 116.4
    endloop
  endfacet
  facet normal 0.809069 0.587713 -8.34432e-05
    outer loop
      vertex 91.5258 -112.211 104.1
      vertex 97.4037 -120.301 116.4
      vertex 91.9028 -112.73 104.05
    endloop
  endfacet
  facet normal 0.80897 0.587849 4.39158e-05
    outer loop
      vertex 91.9028 -112.73 104.05
      vertex 97.4037 -120.301 116.4
      vertex 92.2705 -113.236 103.899
    endloop
  endfacet
  facet normal 0.808729 0.588181 0.000330453
    outer loop
      vertex 92.2705 -113.236 103.899
      vertex 97.4037 -120.301 116.4
      vertex 92.3287 -113.316 103.858
    endloop
  endfacet
  facet normal 0.809123 0.587639 -0.000130611
    outer loop
      vertex 92.3287 -113.316 103.858
      vertex 97.4037 -120.301 116.4
      vertex 92.6199 -113.717 103.653
    endloop
  endfacet
  facet normal 0.808559 0.588415 0.000481468
    outer loop
      vertex 92.6199 -113.717 103.653
      vertex 97.4037 -120.301 116.4
      vertex 92.8886 -114.086 103.373
    endloop
  endfacet
  facet normal 0.809268 0.58744 -0.000229389
    outer loop
      vertex 92.8886 -114.086 103.373
      vertex 97.4037 -120.301 116.4
      vertex 92.9423 -114.16 103.317
    endloop
  endfacet
  facet normal 0.809095 0.587678 -5.87726e-05
    outer loop
      vertex 92.9423 -114.16 103.317
      vertex 97.4037 -120.301 116.4
      vertex 93.2299 -114.556 102.899
    endloop
  endfacet
  facet normal 0.809041 0.587752 0
    outer loop
      vertex 93.8178 -115.365 98.733
      vertex 97.4037 -120.301 116.4
      vertex 97.4037 -120.301 3.8147e-07
    endloop
  endfacet
  facet normal 0.809321 0.587366 -0.000196741
    outer loop
      vertex 93.9061 -115.487 100.641
      vertex 97.4037 -120.301 116.4
      vertex 93.9357 -115.528 100
    endloop
  endfacet
  facet normal 0.809431 0.587215 -0.000267451
    outer loop
      vertex 93.8178 -115.365 101.267
      vertex 97.4037 -120.301 116.4
      vertex 93.9061 -115.487 100.641
    endloop
  endfacet
  facet normal 0.808913 0.587928 8.77992e-05
    outer loop
      vertex 93.6731 -115.166 101.861
      vertex 97.4037 -120.301 116.4
      vertex 93.8178 -115.365 101.267
    endloop
  endfacet
  facet normal 0.809039 0.587755 -5.63747e-06
    outer loop
      vertex 93.4755 -114.894 102.41
      vertex 97.4037 -120.301 116.4
      vertex 93.6731 -115.166 101.861
    endloop
  endfacet
  facet normal 0.809002 0.587806 2.49746e-05
    outer loop
      vertex 93.2299 -114.556 102.899
      vertex 97.4037 -120.301 116.4
      vertex 93.4755 -114.894 102.41
    endloop
  endfacet
  facet normal 0.809025 0.587774 1.96751e-05
    outer loop
      vertex 13.7065 -5.10153 98.2377
      vertex 0 13.7638 116.4
      vertex 13.5859 -4.93555 98.733
    endloop
  endfacet
  facet normal 0.809027 0.587772 -3.66323e-05
    outer loop
      vertex 0 13.7638 3.8147e-07
      vertex 13.4976 -4.81404 10.6414
      vertex 13.4679 -4.7732 10
    endloop
  endfacet
  facet normal 0.808899 0.587948 -0.000256322
    outer loop
      vertex 13.7306 -5.13473 98.1386
      vertex 0 13.7638 116.4
      vertex 13.7065 -5.10153 98.2377
    endloop
  endfacet
  facet normal 0.809024 0.587776 -2.58386e-05
    outer loop
      vertex 0 13.7638 3.8147e-07
      vertex 13.5859 -4.93555 11.267
      vertex 13.4976 -4.81404 10.6414
    endloop
  endfacet
  facet normal 0.808749 0.588153 -0.000581216
    outer loop
      vertex 13.7635 -5.18006 98.0472
      vertex 0 13.7638 116.4
      vertex 13.7306 -5.13473 98.1386
    endloop
  endfacet
  facet normal 0.809021 0.587779 -1.68474e-05
    outer loop
      vertex 0 13.7638 3.8147e-07
      vertex 13.7065 -5.10153 11.7623
      vertex 13.5859 -4.93555 11.267
    endloop
  endfacet
  facet normal 0.809086 0.58769 0.000149546
    outer loop
      vertex 13.9282 -5.40669 97.5901
      vertex 0 13.7638 116.4
      vertex 13.7635 -5.18006 98.0472
    endloop
  endfacet
  facet normal 0.808951 0.587876 0.000219513
    outer loop
      vertex 0 13.7638 3.8147e-07
      vertex 13.7306 -5.13473 11.8614
      vertex 13.7065 -5.10153 11.7623
    endloop
  endfacet
  facet normal 0.809016 0.587786 -7.24254e-07
    outer loop
      vertex 20.345 -14.2387 42.225
      vertex 0 13.7638 116.4
      vertex 13.9282 -5.40669 97.5901
    endloop
  endfacet
  facet normal 0.808885 0.587966 0.000439552
    outer loop
      vertex 0 13.7638 3.8147e-07
      vertex 13.7635 -5.18006 11.9528
      vertex 13.7306 -5.13473 11.8614
    endloop
  endfacet
  facet normal 0.809017 0.587785 0
    outer loop
      vertex 0 13.7638 116.4
      vertex 20.345 -14.2387 42.225
      vertex 0 13.7638 3.8147e-07
    endloop
  endfacet
  facet normal 0.809016 0.587787 1.7405e-06
    outer loop
      vertex 14.1738 -5.74472 12.8991
      vertex 0 13.7638 3.8147e-07
      vertex 20.345 -14.2387 42.225
    endloop
  endfacet
  facet normal 0.809006 0.5878 -3.97645e-06
    outer loop
      vertex 20.345 -14.2387 42.225
      vertex 13.9282 -5.40669 97.5901
      vertex 14.1738 -5.74472 97.1009
    endloop
  endfacet
  facet normal 0.809051 0.587738 -0.000113088
    outer loop
      vertex 0 13.7638 3.8147e-07
      vertex 13.9282 -5.40669 12.4099
      vertex 13.7635 -5.18006 11.9528
    endloop
  endfacet
  facet normal 0.809084 0.587693 2.1374e-05
    outer loop
      vertex 20.345 -14.2387 42.225
      vertex 14.1738 -5.74472 97.1009
      vertex 14.4613 -6.14051 96.683
    endloop
  endfacet
  facet normal 0.809022 0.587778 -1.91823e-05
    outer loop
      vertex 0 13.7638 3.8147e-07
      vertex 14.1738 -5.74472 12.8991
      vertex 13.9282 -5.40669 12.4099
    endloop
  endfacet
  facet normal 0.808951 0.587876 -2.03331e-05
    outer loop
      vertex 20.345 -14.2387 42.225
      vertex 14.4613 -6.14051 96.683
      vertex 14.7838 -6.5843 96.3469
    endloop
  endfacet
  facet normal 0.809098 0.587674 -4.82006e-05
    outer loop
      vertex 14.1738 -5.74472 12.8991
      vertex 20.345 -14.2387 42.225
      vertex 14.4613 -6.14051 13.317
    endloop
  endfacet
  facet normal 0.809066 0.587718 1.3828e-05
    outer loop
      vertex 20.345 -14.2387 42.225
      vertex 14.7838 -6.5843 96.3469
      vertex 15.0749 -6.98503 96.1417
    endloop
  endfacet
  facet normal 0.808943 0.587887 4.31434e-05
    outer loop
      vertex 14.4613 -6.14051 13.317
      vertex 20.345 -14.2387 42.225
      vertex 14.7838 -6.5843 13.6531
    endloop
  endfacet
  facet normal 0.809146 0.587607 3.66455e-05
    outer loop
      vertex 20.345 -14.2387 42.225
      vertex 15.0749 -6.98503 96.1417
      vertex 15.1331 -7.06517 96.1007
    endloop
  endfacet
  facet normal 0.809069 0.587713 -2.81596e-05
    outer loop
      vertex 14.7838 -6.5843 13.6531
      vertex 20.345 -14.2387 42.225
      vertex 15.0749 -6.98503 13.8583
    endloop
  endfacet
  facet normal 0.808975 0.587843 -1.13991e-05
    outer loop
      vertex 20.345 -14.2387 42.225
      vertex 15.1331 -7.06517 96.1007
      vertex 15.1944 -7.14953 96.0756
    endloop
  endfacet
  facet normal 0.809156 0.587594 -7.46211e-05
    outer loop
      vertex 15.0749 -6.98503 13.8583
      vertex 20.345 -14.2387 42.225
      vertex 15.1331 -7.06517 13.8993
    endloop
  endfacet
  facet normal 0.80894 0.587891 -2.0944e-05
    outer loop
      vertex 20.345 -14.2387 42.225
      vertex 15.1944 -7.14953 96.0756
      vertex 15.5009 -7.57128 95.9505
    endloop
  endfacet
  facet normal 0.808973 0.587845 2.25191e-05
    outer loop
      vertex 15.1331 -7.06517 13.8993
      vertex 20.345 -14.2387 42.225
      vertex 15.1944 -7.14953 13.9244
    endloop
  endfacet
  facet normal 0.809075 0.587706 1.41243e-05
    outer loop
      vertex 20.345 -14.2387 42.225
      vertex 15.5009 -7.57128 95.9505
      vertex 15.815 -8.00369 95.9084
    endloop
  endfacet
  facet normal 0.808938 0.587895 4.137e-05
    outer loop
      vertex 15.1944 -7.14953 13.9244
      vertex 20.345 -14.2387 42.225
      vertex 15.5009 -7.57128 14.0495
    endloop
  endfacet
  facet normal 0.809158 0.587591 3.45108e-05
    outer loop
      vertex 20.345 -14.2387 42.225
      vertex 15.815 -8.00369 95.9084
      vertex 15.8778 -8.09017 95.9
    endloop
  endfacet
  facet normal 0.809075 0.587705 -2.72345e-05
    outer loop
      vertex 15.5009 -7.57128 14.0495
      vertex 20.345 -14.2387 42.225
      vertex 15.815 -8.00369 14.0916
    endloop
  endfacet
  facet normal 0.808986 0.587829 -7.10706e-06
    outer loop
      vertex 20.345 -14.2387 42.225
      vertex 15.8778 -8.09017 95.9
      vertex 16.192 -8.52258 95.9421
    endloop
  endfacet
  facet normal 0.80916 0.587589 -6.65423e-05
    outer loop
      vertex 15.815 -8.00369 14.0916
      vertex 20.345 -14.2387 42.225
      vertex 15.8778 -8.09017 14.1
    endloop
  endfacet
  facet normal 0.809155 0.587595 3.08776e-05
    outer loop
      vertex 20.345 -14.2387 42.225
      vertex 16.192 -8.52258 95.9421
      vertex 16.2548 -8.60906 95.9505
    endloop
  endfacet
  facet normal 0.808986 0.587828 1.34289e-05
    outer loop
      vertex 15.8778 -8.09017 14.1
      vertex 20.345 -14.2387 42.225
      vertex 16.192 -8.52258 14.0579
    endloop
  endfacet
  facet normal 0.808946 0.587884 -1.53327e-05
    outer loop
      vertex 20.345 -14.2387 42.225
      vertex 16.2548 -8.60906 95.9505
      vertex 16.3161 -8.69341 95.9755
    endloop
  endfacet
  facet normal 0.809154 0.587597 -5.83447e-05
    outer loop
      vertex 16.192 -8.52258 14.0579
      vertex 20.345 -14.2387 42.225
      vertex 16.2548 -8.60906 14.0495
    endloop
  endfacet
  facet normal 0.808952 0.587875 -1.39368e-05
    outer loop
      vertex 20.345 -14.2387 42.225
      vertex 16.3161 -8.69341 95.9755
      vertex 16.6226 -9.11517 96.1007
    endloop
  endfacet
  facet normal 0.808947 0.587881 2.84594e-05
    outer loop
      vertex 16.2548 -8.60906 14.0495
      vertex 20.345 -14.2387 42.225
      vertex 16.3161 -8.69341 14.0245
    endloop
  endfacet
  facet normal 0.809061 0.587725 7.78202e-06
    outer loop
      vertex 20.345 -14.2387 42.225
      vertex 16.6226 -9.11517 96.1007
      vertex 16.9137 -9.5159 96.3058
    endloop
  endfacet
  facet normal 0.808954 0.587872 2.58673e-05
    outer loop
      vertex 16.3161 -8.69341 14.0245
      vertex 20.345 -14.2387 42.225
      vertex 16.6226 -9.11517 13.8993
    endloop
  endfacet
  facet normal 0.809166 0.58758 2.71114e-05
    outer loop
      vertex 20.345 -14.2387 42.225
      vertex 16.9137 -9.5159 96.3058
      vertex 16.9719 -9.59605 96.3469
    endloop
  endfacet
  facet normal 0.809059 0.587727 -1.42067e-05
    outer loop
      vertex 16.6226 -9.11517 13.8993
      vertex 20.345 -14.2387 42.225
      vertex 16.9137 -9.5159 13.6942
    endloop
  endfacet
  facet normal 0.808938 0.587894 -1.39636e-05
    outer loop
      vertex 20.345 -14.2387 42.225
      vertex 16.9719 -9.59605 96.3469
      vertex 17.2944 -10.0398 96.683
    endloop
  endfacet
  facet normal 0.80916 0.587588 -4.94903e-05
    outer loop
      vertex 16.9137 -9.5159 13.6942
      vertex 20.345 -14.2387 42.225
      vertex 16.9719 -9.59605 13.6531
    endloop
  endfacet
  facet normal 0.809076 0.587703 8.46002e-06
    outer loop
      vertex 20.345 -14.2387 42.225
      vertex 17.2944 -10.0398 96.683
      vertex 17.5819 -10.4356 97.1009
    endloop
  endfacet
  facet normal 0.808942 0.587888 2.50821e-05
    outer loop
      vertex 16.9719 -9.59605 13.6531
      vertex 20.345 -14.2387 42.225
      vertex 17.2944 -10.0398 13.317
    endloop
  endfacet
  facet normal 0.809063 0.587722 6.45022e-06
    outer loop
      vertex 20.345 -14.2387 42.225
      vertex 17.5819 -10.4356 97.1009
      vertex 17.8275 -10.7737 97.5901
    endloop
  endfacet
  facet normal 0.809073 0.587708 -1.4943e-05
    outer loop
      vertex 17.2944 -10.0398 13.317
      vertex 20.345 -14.2387 42.225
      vertex 17.5819 -10.4356 12.8991
    endloop
  endfacet
  facet normal 0.80911 0.587657 1.26748e-05
    outer loop
      vertex 20.345 -14.2387 42.225
      vertex 17.8275 -10.7737 97.5901
      vertex 17.8604 -10.819 97.6815
    endloop
  endfacet
  facet normal 0.809059 0.587727 -1.1182e-05
    outer loop
      vertex 17.5819 -10.4356 12.8991
      vertex 20.345 -14.2387 42.225
      vertex 17.8275 -10.7737 12.4099
    endloop
  endfacet
  facet normal 0.808918 0.587922 -1.22646e-05
    outer loop
      vertex 20.345 -14.2387 42.225
      vertex 17.8604 -10.819 97.6815
      vertex 18.0251 -11.0456 98.1386
    endloop
  endfacet
  facet normal 0.809102 0.587669 -2.14732e-05
    outer loop
      vertex 17.8275 -10.7737 12.4099
      vertex 20.345 -14.2387 42.225
      vertex 17.8604 -10.819 12.3185
    endloop
  endfacet
  facet normal 0.809029 0.587768 1.1573e-06
    outer loop
      vertex 20.345 -14.2387 42.225
      vertex 18.0251 -11.0456 98.1386
      vertex 18.1457 -11.2116 98.634
    endloop
  endfacet
  facet normal 0.808926 0.587911 2.0779e-05
    outer loop
      vertex 17.8604 -10.819 12.3185
      vertex 20.345 -14.2387 42.225
      vertex 18.0251 -11.0456 11.8614
    endloop
  endfacet
  facet normal 0.809229 0.587493 2.37092e-05
    outer loop
      vertex 20.345 -14.2387 42.225
      vertex 18.1457 -11.2116 98.634
      vertex 18.1698 -11.2448 98.733
    endloop
  endfacet
  facet normal 0.809028 0.58777 -1.8985e-06
    outer loop
      vertex 18.0251 -11.0456 11.8614
      vertex 20.345 -14.2387 42.225
      vertex 18.1457 -11.2116 11.366
    endloop
  endfacet
  facet normal 0.808954 0.587871 -6.90305e-06
    outer loop
      vertex 20.345 -14.2387 42.225
      vertex 18.1698 -11.2448 98.733
      vertex 18.2581 -11.3663 99.3586
    endloop
  endfacet
  facet normal 0.809208 0.587523 -3.88959e-05
    outer loop
      vertex 18.1457 -11.2116 11.366
      vertex 20.345 -14.2387 42.225
      vertex 18.1698 -11.2448 11.267
    endloop
  endfacet
  facet normal 0.809348 0.58733 -0.000116251
    outer loop
      vertex 20.345 -14.2387 116.4
      vertex 18.2581 -11.3663 99.3586
      vertex 18.2878 -11.4071 100
    endloop
  endfacet
  facet normal 0.809017 0.587786 -5.55307e-08
    outer loop
      vertex 87.0586 -106.062 42.225
      vertex 18.1698 -11.2448 11.267
      vertex 20.345 -14.2387 42.225
    endloop
  endfacet
  facet normal 0.809033 0.587763 3.7486e-05
    outer loop
      vertex 13.4976 -4.81404 99.3586
      vertex 0 13.7638 116.4
      vertex 13.4679 -4.7732 100
    endloop
  endfacet
  facet normal 0.809003 0.587804 -3.35064e-05
    outer loop
      vertex 0 13.7638 116.4
      vertex 13.4976 -4.81404 100.641
      vertex 13.4679 -4.7732 100
    endloop
  endfacet
  facet normal 0.809009 0.587796 -1.97044e-05
    outer loop
      vertex 0 13.7638 116.4
      vertex 13.5859 -4.93555 101.267
      vertex 13.4976 -4.81404 100.641
    endloop
  endfacet
  facet normal 0.809012 0.587792 -1.05821e-05
    outer loop
      vertex 0 13.7638 116.4
      vertex 13.7065 -5.10153 101.762
      vertex 13.5859 -4.93555 101.267
    endloop
  endfacet
  facet normal 0.809067 0.587716 0.000137963
    outer loop
      vertex 0 13.7638 116.4
      vertex 13.7306 -5.13473 101.861
      vertex 13.7065 -5.10153 101.762
    endloop
  endfacet
  facet normal 0.809096 0.587676 0.000218145
    outer loop
      vertex 0 13.7638 116.4
      vertex 13.7635 -5.18006 101.953
      vertex 13.7306 -5.13473 101.861
    endloop
  endfacet
  facet normal 0.808997 0.587813 -5.63948e-05
    outer loop
      vertex 0 13.7638 116.4
      vertex 13.9282 -5.40669 102.41
      vertex 13.7635 -5.18006 101.953
    endloop
  endfacet
  facet normal 0.809014 0.587789 -7.0498e-06
    outer loop
      vertex 0 13.7638 116.4
      vertex 14.1738 -5.74472 102.899
      vertex 13.9282 -5.40669 102.41
    endloop
  endfacet
  facet normal 0.809039 0.587755 6.88559e-05
    outer loop
      vertex 0 13.7638 116.4
      vertex 14.4613 -6.14051 103.317
      vertex 14.1738 -5.74472 102.899
    endloop
  endfacet
  facet normal 0.80899 0.587822 -8.80379e-05
    outer loop
      vertex 0 13.7638 116.4
      vertex 14.7838 -6.5843 103.653
      vertex 14.4613 -6.14051 103.317
    endloop
  endfacet
  facet normal 0.809017 0.587785 2.8671e-06
    outer loop
      vertex 20.345 -14.2387 116.4
      vertex 14.7838 -6.5843 103.653
      vertex 0 13.7638 116.4
    endloop
  endfacet
  facet normal 0.809082 0.587696 -7.86084e-05
    outer loop
      vertex 14.7838 -6.5843 103.653
      vertex 20.345 -14.2387 116.4
      vertex 15.0749 -6.98503 103.858
    endloop
  endfacet
  facet normal 0.809188 0.587549 -0.000208347
    outer loop
      vertex 15.0749 -6.98503 103.858
      vertex 20.345 -14.2387 116.4
      vertex 15.1331 -7.06517 103.899
    endloop
  endfacet
  facet normal 0.808969 0.587852 5.68476e-05
    outer loop
      vertex 15.1331 -7.06517 103.899
      vertex 20.345 -14.2387 116.4
      vertex 15.1944 -7.14953 103.924
    endloop
  endfacet
  facet normal 0.808929 0.587907 0.000104633
    outer loop
      vertex 15.1944 -7.14953 103.924
      vertex 20.345 -14.2387 116.4
      vertex 15.5009 -7.57128 104.05
    endloop
  endfacet
  facet normal 0.809077 0.587702 -6.40611e-05
    outer loop
      vertex 15.5009 -7.57128 104.05
      vertex 20.345 -14.2387 116.4
      vertex 15.815 -8.00369 104.092
    endloop
  endfacet
  facet normal 0.809164 0.587583 -0.000156145
    outer loop
      vertex 15.815 -8.00369 104.092
      vertex 20.345 -14.2387 116.4
      vertex 15.8778 -8.09017 104.1
    endloop
  endfacet
  facet normal 0.808987 0.587827 2.99078e-05
    outer loop
      vertex 15.8778 -8.09017 104.1
      vertex 20.345 -14.2387 116.4
      vertex 16.192 -8.52258 104.058
    endloop
  endfacet
  facet normal 0.809151 0.587601 -0.000130201
    outer loop
      vertex 16.192 -8.52258 104.058
      vertex 20.345 -14.2387 116.4
      vertex 16.2548 -8.60906 104.05
    endloop
  endfacet
  facet normal 0.808952 0.587874 6.03003e-05
    outer loop
      vertex 16.2548 -8.60906 104.05
      vertex 20.345 -14.2387 116.4
      vertex 16.3161 -8.69341 104.024
    endloop
  endfacet
  facet normal 0.808958 0.587867 5.50702e-05
    outer loop
      vertex 16.3161 -8.69341 104.024
      vertex 20.345 -14.2387 116.4
      vertex 16.6226 -9.11517 103.899
    endloop
  endfacet
  facet normal 0.809055 0.587732 -2.90745e-05
    outer loop
      vertex 16.6226 -9.11517 103.899
      vertex 20.345 -14.2387 116.4
      vertex 16.9137 -9.5159 103.694
    endloop
  endfacet
  facet normal 0.80902 0.587781 0
    outer loop
      vertex 18.2581 -11.3663 99.3586
      vertex 20.345 -14.2387 116.4
      vertex 20.345 -14.2387 42.225
    endloop
  endfacet
  facet normal 0.80888 0.587974 5.3648e-05
    outer loop
      vertex 18.2581 -11.3663 100.641
      vertex 20.345 -14.2387 116.4
      vertex 18.2878 -11.4071 100
    endloop
  endfacet
  facet normal 0.808977 0.58784 1.62478e-05
    outer loop
      vertex 18.1698 -11.2448 101.267
      vertex 20.345 -14.2387 116.4
      vertex 18.2581 -11.3663 100.641
    endloop
  endfacet
  facet normal 0.809171 0.587573 -6.44755e-05
    outer loop
      vertex 18.1457 -11.2116 101.366
      vertex 20.345 -14.2387 116.4
      vertex 18.1698 -11.2448 101.267
    endloop
  endfacet
  facet normal 0.809027 0.587772 -3.14774e-06
    outer loop
      vertex 18.0251 -11.0456 101.861
      vertex 20.345 -14.2387 116.4
      vertex 18.1457 -11.2116 101.366
    endloop
  endfacet
  facet normal 0.808941 0.58789 3.6455e-05
    outer loop
      vertex 17.8604 -10.819 102.318
      vertex 20.345 -14.2387 116.4
      vertex 18.0251 -11.0456 101.861
    endloop
  endfacet
  facet normal 0.809086 0.587691 -3.75864e-05
    outer loop
      vertex 17.8275 -10.7737 102.41
      vertex 20.345 -14.2387 116.4
      vertex 17.8604 -10.819 102.318
    endloop
  endfacet
  facet normal 0.809053 0.587736 -2.04958e-05
    outer loop
      vertex 17.5819 -10.4356 102.899
      vertex 20.345 -14.2387 116.4
      vertex 17.8275 -10.7737 102.41
    endloop
  endfacet
  facet normal 0.809066 0.587717 -2.84412e-05
    outer loop
      vertex 17.2944 -10.0398 103.317
      vertex 20.345 -14.2387 116.4
      vertex 17.5819 -10.4356 102.899
    endloop
  endfacet
  facet normal 0.808951 0.587876 4.94916e-05
    outer loop
      vertex 16.9719 -9.59605 103.653
      vertex 20.345 -14.2387 116.4
      vertex 17.2944 -10.0398 103.317
    endloop
  endfacet
  facet normal 0.809148 0.587605 -0.000101299
    outer loop
      vertex 16.9137 -9.5159 103.694
      vertex 20.345 -14.2387 116.4
      vertex 16.9719 -9.59605 103.653
    endloop
  endfacet
  facet normal 0.809029 0.587769 2.79425e-05
    outer loop
      vertex 13.5859 -4.93555 98.733
      vertex 0 13.7638 116.4
      vertex 13.4976 -4.81404 99.3586
    endloop
  endfacet
  facet normal 0.809009 0.587797 3.41995e-05
    outer loop
      vertex 13.4976 -4.81404 9.35862
      vertex 0 13.7638 3.8147e-07
      vertex 13.4679 -4.7732 10
    endloop
  endfacet
  facet normal 0.809012 0.587792 2.09173e-05
    outer loop
      vertex 13.5859 -4.93555 8.73303
      vertex 0 13.7638 3.8147e-07
      vertex 13.4976 -4.81404 9.35862
    endloop
  endfacet
  facet normal 0.809014 0.58779 1.16256e-05
    outer loop
      vertex 13.7065 -5.10153 8.23771
      vertex 0 13.7638 3.8147e-07
      vertex 13.5859 -4.93555 8.73303
    endloop
  endfacet
  facet normal 0.809048 0.587743 -0.000151557
    outer loop
      vertex 13.7306 -5.13473 8.13864
      vertex 0 13.7638 3.8147e-07
      vertex 13.7065 -5.10153 8.23771
    endloop
  endfacet
  facet normal 0.809068 0.587715 -0.00024944
    outer loop
      vertex 13.7635 -5.18006 8.04721
      vertex 0 13.7638 3.8147e-07
      vertex 13.7306 -5.13473 8.13864
    endloop
  endfacet
  facet normal 0.809004 0.587803 6.41843e-05
    outer loop
      vertex 13.9282 -5.40669 7.59008
      vertex 0 13.7638 3.8147e-07
      vertex 13.7635 -5.18006 8.04721
    endloop
  endfacet
  facet normal 0.809015 0.587788 8.32419e-06
    outer loop
      vertex 14.1738 -5.74472 7.10086
      vertex 0 13.7638 3.8147e-07
      vertex 13.9282 -5.40669 7.59008
    endloop
  endfacet
  facet normal 0.809031 0.587766 -8.47877e-05
    outer loop
      vertex 14.4613 -6.14051 6.68303
      vertex 0 13.7638 3.8147e-07
      vertex 14.1738 -5.74472 7.10086
    endloop
  endfacet
  facet normal 0.808999 0.58781 0.000113904
    outer loop
      vertex 14.7838 -6.5843 6.34687
      vertex 0 13.7638 3.8147e-07
      vertex 14.4613 -6.14051 6.68303
    endloop
  endfacet
  facet normal 0.809034 0.587762 -0.000118047
    outer loop
      vertex 15.0749 -6.98503 6.1417
      vertex 0 13.7638 3.8147e-07
      vertex 14.7838 -6.5843 6.34687
    endloop
  endfacet
  facet normal 0.809061 0.587724 -0.000313491
    outer loop
      vertex 15.1331 -7.06517 6.10067
      vertex 0 13.7638 3.8147e-07
      vertex 15.0749 -6.98503 6.1417
    endloop
  endfacet
  facet normal 0.808997 0.587812 0.000146451
    outer loop
      vertex 15.1944 -7.14953 6.07564
      vertex 0 13.7638 3.8147e-07
      vertex 15.1331 -7.06517 6.10067
    endloop
  endfacet
  facet normal 0.808981 0.587835 0.000265101
    outer loop
      vertex 15.5009 -7.57128 5.95048
      vertex 0 13.7638 3.8147e-07
      vertex 15.1944 -7.14953 6.07564
    endloop
  endfacet
  facet normal 0.809059 0.587727 -0.000325324
    outer loop
      vertex 15.815 -8.00369 5.90841
      vertex 0 13.7638 3.8147e-07
      vertex 15.5009 -7.57128 5.95048
    endloop
  endfacet
  facet normal 0.80912 0.587643 -0.000796067
    outer loop
      vertex 15.8778 -8.09017 5.9
      vertex 0 13.7638 3.8147e-07
      vertex 15.815 -8.00369 5.90841
    endloop
  endfacet
  facet normal 0.808967 0.587854 0.00039549
    outer loop
      vertex 16.192 -8.52258 5.94206
      vertex 0 13.7638 3.8147e-07
      vertex 15.8778 -8.09017 5.9
    endloop
  endfacet
  facet normal 0.809236 0.587481 -0.00173521
    outer loop
      vertex 16.2548 -8.60906 5.95048
      vertex 0 13.7638 3.8147e-07
      vertex 16.192 -8.52258 5.94206
    endloop
  endfacet
  facet normal 0.452515 0.853065 0.259828
    outer loop
      vertex 18.0251 -11.0456 8.13864
      vertex 17.8275 -10.7737 7.59008
      vertex 17.8604 -10.819 7.68151
    endloop
  endfacet
  facet normal 0.809018 0.587784 -6.60361e-06
    outer loop
      vertex 89.1159 -108.894 10
      vertex 18.1698 -11.2448 11.267
      vertex 87.0586 -106.062 42.225
    endloop
  endfacet
  facet normal 0.809018 0.587784 3.28359e-05
    outer loop
      vertex 18.1698 -11.2448 11.267
      vertex 89.1159 -108.894 10
      vertex 18.2581 -11.3663 10.6414
    endloop
  endfacet
  facet normal 0.809018 0.587784 7.21249e-05
    outer loop
      vertex 18.2581 -11.3663 10.6414
      vertex 89.1159 -108.894 10
      vertex 18.2878 -11.4071 10
    endloop
  endfacet
  facet normal 0.809018 0.587784 -7.21271e-05
    outer loop
      vertex 18.2878 -11.4071 10
      vertex 89.1159 -108.894 10
      vertex 18.2581 -11.3663 9.35862
    endloop
  endfacet
  facet normal 0.809018 0.587784 -3.58383e-06
    outer loop
      vertex 89.1406 -108.928 9.46552
      vertex 18.2581 -11.3663 9.35862
      vertex 89.1159 -108.894 10
    endloop
  endfacet
  facet normal 0.809018 0.587783 -0.000649148
    outer loop
      vertex 89.1456 -108.935 9.35862
      vertex 18.2581 -11.3663 9.35862
      vertex 89.1406 -108.928 9.46552
    endloop
  endfacet
  facet normal 0.809018 0.587784 -3.29365e-05
    outer loop
      vertex 18.2581 -11.3663 9.35862
      vertex 89.1456 -108.935 9.35862
      vertex 18.1698 -11.2448 8.73303
    endloop
  endfacet
  facet normal 0.809017 0.587785 0.000372896
    outer loop
      vertex 89.2338 -109.056 8.73303
      vertex 18.1698 -11.2448 8.73303
      vertex 89.1456 -108.935 9.35862
    endloop
  endfacet
  facet normal 0.809017 0.587785 0.000173229
    outer loop
      vertex 18.1698 -11.2448 8.73303
      vertex 89.2338 -109.056 8.73303
      vertex 18.1457 -11.2116 8.63396
    endloop
  endfacet
  facet normal 0.809017 0.587785 9.85158e-06
    outer loop
      vertex 18.1457 -11.2116 8.63396
      vertex 89.2338 -109.056 8.73303
      vertex 18.0251 -11.0456 8.13864
    endloop
  endfacet
  facet normal 0.80901 0.587791 0.00182636
    outer loop
      vertex 89.258 -109.089 8.63396
      vertex 18.0251 -11.0456 8.13864
      vertex 89.2338 -109.056 8.73303
    endloop
  endfacet
  facet normal 0.809016 0.587786 -1.04336e-05
    outer loop
      vertex 89.3786 -109.255 8.13864
      vertex 18.0251 -11.0456 8.13864
      vertex 89.258 -109.089 8.63396
    endloop
  endfacet
  facet normal 0.806101 0.591778 -0.00104714
    outer loop
      vertex 89.1456 -108.935 99.3586
      vertex 87.0586 -106.062 116.4
      vertex 89.1406 -108.928 99.4655
    endloop
  endfacet
  facet normal 0.809016 0.587786 -7.7499e-05
    outer loop
      vertex 18.0251 -11.0456 8.13864
      vertex 89.3786 -109.255 8.13864
      vertex 17.8275 -10.7737 7.59008
    endloop
  endfacet
  facet normal 0.809016 0.587786 -0.000176857
    outer loop
      vertex 89.5761 -109.527 7.59008
      vertex 17.8275 -10.7737 7.59008
      vertex 89.3786 -109.255 8.13864
    endloop
  endfacet
  facet normal 0.809016 0.587786 7.35331e-05
    outer loop
      vertex 17.8275 -10.7737 7.59008
      vertex 89.5761 -109.527 7.59008
      vertex 17.5819 -10.4356 7.10086
    endloop
  endfacet
  facet normal 0.809017 0.587784 -0.00036633
    outer loop
      vertex 89.7808 -109.809 7.1824
      vertex 17.5819 -10.4356 7.10086
      vertex 89.5761 -109.527 7.59008
    endloop
  endfacet
  facet normal 0.809015 0.587785 0.00211883
    outer loop
      vertex 89.8217 -109.865 7.10086
      vertex 17.5819 -10.4356 7.10086
      vertex 89.7808 -109.809 7.1824
    endloop
  endfacet
  facet normal 0.809017 0.587786 0.000127752
    outer loop
      vertex 17.5819 -10.4356 7.10086
      vertex 89.8217 -109.865 7.10086
      vertex 17.2944 -10.0398 6.68303
    endloop
  endfacet
  facet normal 0.809016 0.587787 0.000557295
    outer loop
      vertex 89.8697 -109.931 7.03122
      vertex 17.2944 -10.0398 6.68303
      vertex 89.8217 -109.865 7.10086
    endloop
  endfacet
  facet normal 0.809017 0.587785 -0.000369025
    outer loop
      vertex 90.1093 -110.261 6.68303
      vertex 17.2944 -10.0398 6.68303
      vertex 89.8697 -109.931 7.03122
    endloop
  endfacet
  facet normal 0.809017 0.587785 -0.000233532
    outer loop
      vertex 17.2944 -10.0398 6.68303
      vertex 90.1093 -110.261 6.68303
      vertex 16.9719 -9.59605 6.34687
    endloop
  endfacet
  facet normal 0.809017 0.587784 -0.000443338
    outer loop
      vertex 90.4317 -110.705 6.34687
      vertex 16.9719 -9.59605 6.34687
      vertex 90.1093 -110.261 6.68303
    endloop
  endfacet
  facet normal 0.809018 0.587784 1.43197e-05
    outer loop
      vertex 97.4037 -120.301 3.8147e-07
      vertex 16.9719 -9.59605 6.34687
      vertex 90.4317 -110.705 6.34687
    endloop
  endfacet
  facet normal 0.809033 0.587763 0.000573536
    outer loop
      vertex 16.9719 -9.59605 6.34687
      vertex 97.4037 -120.301 3.8147e-07
      vertex 16.9137 -9.5159 6.30584
    endloop
  endfacet
  facet normal 0.809022 0.587779 0.000167049
    outer loop
      vertex 16.9137 -9.5159 6.30584
      vertex 97.4037 -120.301 3.8147e-07
      vertex 16.6226 -9.11517 6.10067
    endloop
  endfacet
  facet normal 0.809007 0.587799 -0.000403308
    outer loop
      vertex 16.6226 -9.11517 6.10067
      vertex 97.4037 -120.301 3.8147e-07
      vertex 16.3161 -8.69341 5.97551
    endloop
  endfacet
  facet normal 0.809006 0.5878 -0.000443124
    outer loop
      vertex 16.3161 -8.69341 5.97551
      vertex 97.4037 -120.301 3.8147e-07
      vertex 16.2548 -8.60906 5.95048
    endloop
  endfacet
  facet normal 0.809267 0.58744 0.000808436
    outer loop
      vertex 97.4037 -120.301 3.8147e-07
      vertex 90.4317 -110.705 6.34687
      vertex 90.7811 -111.186 6.10067
    endloop
  endfacet
  facet normal 0.808156 0.588963 -0.00267285
    outer loop
      vertex 97.4037 -120.301 3.8147e-07
      vertex 90.7811 -111.186 6.10067
      vertex 91.0875 -111.607 5.97551
    endloop
  endfacet
  facet normal 0.812568 0.582762 0.0110135
    outer loop
      vertex 97.4037 -120.301 3.8147e-07
      vertex 91.0875 -111.607 5.97551
      vertex 91.1488 -111.692 5.95048
    endloop
  endfacet
  facet normal 0.807354 0.590046 -0.00500638
    outer loop
      vertex 97.4037 -120.301 3.8147e-07
      vertex 91.1488 -111.692 5.95048
      vertex 91.2116 -111.778 5.94206
    endloop
  endfacet
  facet normal 0.80942 0.587228 0.00118893
    outer loop
      vertex 97.4037 -120.301 3.8147e-07
      vertex 91.2116 -111.778 5.94206
      vertex 91.5258 -112.211 5.9
    endloop
  endfacet
  facet normal 0.809017 0.587785 2.87255e-06
    outer loop
      vertex 16.2548 -8.60906 5.95048
      vertex 97.4037 -120.301 3.8147e-07
      vertex 0 13.7638 3.8147e-07
    endloop
  endfacet
  facet normal 0.809065 0.587719 0.000163213
    outer loop
      vertex 91.9028 -112.73 5.95048
      vertex 97.4037 -120.301 3.8147e-07
      vertex 91.5258 -112.211 5.9
    endloop
  endfacet
  facet normal 0.808975 0.587843 -7.82641e-05
    outer loop
      vertex 92.2705 -113.236 6.10067
      vertex 97.4037 -120.301 3.8147e-07
      vertex 91.9028 -112.73 5.95048
    endloop
  endfacet
  facet normal 0.808782 0.588108 -0.0005479
    outer loop
      vertex 92.3287 -113.316 6.1417
      vertex 97.4037 -120.301 3.8147e-07
      vertex 92.2705 -113.236 6.10067
    endloop
  endfacet
  facet normal 0.809102 0.587668 0.000216609
    outer loop
      vertex 92.6199 -113.717 6.34687
      vertex 97.4037 -120.301 3.8147e-07
      vertex 92.3287 -113.316 6.1417
    endloop
  endfacet
  facet normal 0.808657 0.58828 -0.00075307
    outer loop
      vertex 92.8886 -114.086 6.627
      vertex 97.4037 -120.301 3.8147e-07
      vertex 92.6199 -113.717 6.34687
    endloop
  endfacet
  facet normal 0.809221 0.587504 0.000358861
    outer loop
      vertex 92.9423 -114.16 6.68303
      vertex 97.4037 -120.301 3.8147e-07
      vertex 92.8886 -114.086 6.627
    endloop
  endfacet
  facet normal 0.809081 0.587697 8.73596e-05
    outer loop
      vertex 93.2299 -114.556 7.10086
      vertex 97.4037 -120.301 3.8147e-07
      vertex 92.9423 -114.16 6.68303
    endloop
  endfacet
  facet normal 0.809009 0.587797 -3.53373e-05
    outer loop
      vertex 93.4755 -114.894 7.59008
      vertex 97.4037 -120.301 3.8147e-07
      vertex 93.2299 -114.556 7.10086
    endloop
  endfacet
  facet normal 0.809037 0.587757 7.59091e-06
    outer loop
      vertex 93.6731 -115.166 8.13864
      vertex 97.4037 -120.301 3.8147e-07
      vertex 93.4755 -114.894 7.59008
    endloop
  endfacet
  facet normal 0.808947 0.587881 -0.000111703
    outer loop
      vertex 93.8178 -115.365 8.73303
      vertex 97.4037 -120.301 3.8147e-07
      vertex 93.6731 -115.166 8.13864
    endloop
  endfacet
  facet normal 0.809309 0.587383 0.000317812
    outer loop
      vertex 93.9061 -115.487 9.35862
      vertex 97.4037 -120.301 3.8147e-07
      vertex 93.8178 -115.365 8.73303
    endloop
  endfacet
  facet normal 0.80921 0.587519 0.000211481
    outer loop
      vertex 93.9357 -115.528 10
      vertex 97.4037 -120.301 3.8147e-07
      vertex 93.9061 -115.487 9.35862
    endloop
  endfacet
  facet normal 0.808724 0.588188 -0.000276712
    outer loop
      vertex 93.9061 -115.487 10.6414
      vertex 97.4037 -120.301 3.8147e-07
      vertex 93.9357 -115.528 10
    endloop
  endfacet
  facet normal -0.809017 -0.587785 0
    outer loop
      vertex 2 7.60846 2
      vertex 7.79418 -0.36655 102.9
      vertex 2 7.60846 102.9
    endloop
  endfacet
  facet normal -0.809016 -0.587787 0
    outer loop
      vertex 8.38197 -1.17557 116.4
      vertex 7.79418 -0.36655 103.4
      vertex 7.79418 -0.36655 102.9
    endloop
  endfacet
  facet normal -0.809017 -0.587785 -2.15641e-08
    outer loop
      vertex 8.38197 -1.17557 2
      vertex 7.79418 -0.36655 102.9
      vertex 2 7.60846 2
    endloop
  endfacet
  facet normal -0.809016 -0.587787 -0
    outer loop
      vertex 8.38197 -1.17557 116.4
      vertex 7.79418 -0.36655 102.9
      vertex 8.38197 -1.17557 2
    endloop
  endfacet
  facet normal -0.809016 -0.587787 0
    outer loop
      vertex 7.79418 -0.36655 103.4
      vertex 8.38197 -1.17557 116.4
      vertex 7.79418 -0.36655 116.4
    endloop
  endfacet
  facet normal -0.809017 -0.587785 0
    outer loop
      vertex 7.79418 -0.36655 102.9
      vertex 2 7.60846 103.4
      vertex 2 7.60846 102.9
    endloop
  endfacet
  facet normal -0.809017 -0.587785 0
    outer loop
      vertex 2 7.60846 103.4
      vertex 7.79418 -0.36655 102.9
      vertex 7.79418 -0.36655 103.4
    endloop
  endfacet
  facet normal 0 1 -0
    outer loop
      vertex 86.5752 -128.301 2
      vertex 2 -128.301 102.9
      vertex 86.5752 -128.301 102.9
    endloop
  endfacet
  facet normal 0 1 0
    outer loop
      vertex 2 -128.301 102.9
      vertex 86.5752 -128.301 2
      vertex 2 -128.301 2
    endloop
  endfacet
  facet normal 0 1 -0
    outer loop
      vertex 86.5752 -128.301 102.9
      vertex 2 -128.301 103.4
      vertex 86.5752 -128.301 103.4
    endloop
  endfacet
  facet normal 0 1 0
    outer loop
      vertex 2 -128.301 103.4
      vertex 86.5752 -128.301 102.9
      vertex 2 -128.301 102.9
    endloop
  endfacet
  facet normal 1 0 0
    outer loop
      vertex 2 -118.301 102.9
      vertex 2 -128.301 102.9
      vertex 2 -118.301 12
    endloop
  endfacet
  facet normal 1 -0 0
    outer loop
      vertex 2 -118.301 12
      vertex 2 -104.301 3
      vertex 2 1.76382 12
    endloop
  endfacet
  facet normal 1 0 0
    outer loop
      vertex 2 -104.301 3
      vertex 2 -118.301 12
      vertex 2 -116.301 3
    endloop
  endfacet
  facet normal 1 0 0
    outer loop
      vertex 2 -128.301 2
      vertex 2 -116.301 3
      vertex 2 -118.301 12
    endloop
  endfacet
  facet normal 1 0 0
    outer loop
      vertex 2 -116.301 3
      vertex 2 -128.301 2
      vertex 2 -116.301 2
    endloop
  endfacet
  facet normal 1 0 0
    outer loop
      vertex 2 -128.301 2
      vertex 2 -118.301 12
      vertex 2 -128.301 102.9
    endloop
  endfacet
  facet normal 1 0 0
    outer loop
      vertex 2 1.76382 12
      vertex 2 7.60846 102.9
      vertex 2 1.76382 102.9
    endloop
  endfacet
  facet normal 1 0 0
    outer loop
      vertex 2 7.60846 102.9
      vertex 2 1.76382 12
      vertex 2 7.60846 2
    endloop
  endfacet
  facet normal 1 0 0
    outer loop
      vertex 2 -104.301 2
      vertex 2 1.76382 12
      vertex 2 -104.301 3
    endloop
  endfacet
  facet normal 1 0 0
    outer loop
      vertex 2 1.76382 12
      vertex 2 -104.301 2
      vertex 2 7.60846 2
    endloop
  endfacet
  facet normal 1 0 0
    outer loop
      vertex 2 7.60846 103.4
      vertex 2 1.76382 102.9
      vertex 2 7.60846 102.9
    endloop
  endfacet
  facet normal 1 0 0
    outer loop
      vertex 2 7.60846 103.4
      vertex 2 -118.301 102.9
      vertex 2 1.76382 102.9
    endloop
  endfacet
  facet normal 1 -0 0
    outer loop
      vertex 2 -128.301 103.4
      vertex 2 -118.301 102.9
      vertex 2 7.60846 103.4
    endloop
  endfacet
  facet normal 1 0 0
    outer loop
      vertex 2 -118.301 102.9
      vertex 2 -128.301 103.4
      vertex 2 -128.301 102.9
    endloop
  endfacet
  facet normal -0 0 1
    outer loop
      vertex 17.0558 -17.1229 2
      vertex 84.3965 -107.502 2
      vertex 18.1531 -16.3257 2
    endloop
  endfacet
  facet normal 0 0 1
    outer loop
      vertex 91.3821 -122.204 2
      vertex 94.0657 -120.81 2
      vertex 93.801 -120.446 2
    endloop
  endfacet
  facet normal 0 0 1
    outer loop
      vertex 91.374 -122.21 2
      vertex 94.0657 -120.81 2
      vertex 91.3821 -122.204 2
    endloop
  endfacet
  facet normal -0 0 1
    outer loop
      vertex 91.374 -122.21 2
      vertex 86.5752 -128.301 2
      vertex 94.0657 -120.81 2
    endloop
  endfacet
  facet normal 0 0 1
    outer loop
      vertex 81.9694 -109.265 2
      vertex 86.5752 -128.301 2
      vertex 91.374 -122.21 2
    endloop
  endfacet
  facet normal 0 0 1
    outer loop
      vertex 84.3965 -107.502 2
      vertex 17.0558 -17.1229 2
      vertex 81.9694 -109.265 2
    endloop
  endfacet
  facet normal -0 0 1
    outer loop
      vertex 15.7319 -18.0847 2
      vertex 81.9694 -109.265 2
      vertex 17.0558 -17.1229 2
    endloop
  endfacet
  facet normal -0 0 1
    outer loop
      vertex 15.726 -18.089 2
      vertex 81.9694 -109.265 2
      vertex 15.7319 -18.0847 2
    endloop
  endfacet
  facet normal 0 0 1
    outer loop
      vertex 81.9694 -109.265 2
      vertex 15.726 -18.089 2
      vertex 8.24264 -106.058 2
    endloop
  endfacet
  facet normal -0 -0 1
    outer loop
      vertex 9.34604 -107.577 2
      vertex 81.9694 -109.265 2
      vertex 8.8541 -106.774 2
    endloop
  endfacet
  facet normal 0 0 1
    outer loop
      vertex 9.70634 -112.155 2
      vertex 81.9694 -109.265 2
      vertex 9.92613 -111.239 2
    endloop
  endfacet
  facet normal 0 0 1
    outer loop
      vertex 81.9694 -109.265 2
      vertex 9.70634 -112.155 2
      vertex 86.5752 -128.301 2
    endloop
  endfacet
  facet normal -0 0 1
    outer loop
      vertex 9.34604 -113.025 2
      vertex 86.5752 -128.301 2
      vertex 9.70634 -112.155 2
    endloop
  endfacet
  facet normal -0 0 1
    outer loop
      vertex 8.8541 -113.828 2
      vertex 86.5752 -128.301 2
      vertex 9.34604 -113.025 2
    endloop
  endfacet
  facet normal 0 0 1
    outer loop
      vertex 2 -128.301 2
      vertex 8.8541 -113.828 2
      vertex 8.24264 -114.543 2
    endloop
  endfacet
  facet normal 0 0 1
    outer loop
      vertex 2 -128.301 2
      vertex 8.24264 -114.543 2
      vertex 7.52671 -115.155 2
    endloop
  endfacet
  facet normal 0 0 1
    outer loop
      vertex 2 -128.301 2
      vertex 7.52671 -115.155 2
      vertex 6.72394 -115.647 2
    endloop
  endfacet
  facet normal 0 0 1
    outer loop
      vertex 2 -128.301 2
      vertex 6.72394 -115.647 2
      vertex 5.8541 -116.007 2
    endloop
  endfacet
  facet normal 0 0 1
    outer loop
      vertex 2 -128.301 2
      vertex 5.8541 -116.007 2
      vertex 4.93861 -116.227 2
    endloop
  endfacet
  facet normal 0 0 1
    outer loop
      vertex 2 -128.301 2
      vertex 4.93861 -116.227 2
      vertex 4 -116.301 2
    endloop
  endfacet
  facet normal 0 0 1
    outer loop
      vertex 2 -128.301 2
      vertex 4 -116.301 2
      vertex 2 -116.301 2
    endloop
  endfacet
  facet normal 0 0 1
    outer loop
      vertex 8.8541 -113.828 2
      vertex 2 -128.301 2
      vertex 86.5752 -128.301 2
    endloop
  endfacet
  facet normal 0 0 1
    outer loop
      vertex 15.726 -18.089 2
      vertex 4.93861 -104.375 2
      vertex 5.8541 -104.594 2
    endloop
  endfacet
  facet normal 0 0 1
    outer loop
      vertex 15.726 -18.089 2
      vertex 4 -104.301 2
      vertex 4.93861 -104.375 2
    endloop
  endfacet
  facet normal 0 0 1
    outer loop
      vertex 2 7.60846 2
      vertex 7.57295 -1.76336 2
      vertex 8.38197 -1.17557 2
    endloop
  endfacet
  facet normal 0 0 1
    outer loop
      vertex 2 7.60846 2
      vertex 6.32147 -5.14474 2
      vertex 7.57295 -1.76336 2
    endloop
  endfacet
  facet normal 0 0 1
    outer loop
      vertex 2 -104.301 2
      vertex 6.32147 -5.14474 2
      vertex 2 7.60846 2
    endloop
  endfacet
  facet normal 0 0 1
    outer loop
      vertex 15.726 -18.089 2
      vertex 2 -104.301 2
      vertex 4 -104.301 2
    endloop
  endfacet
  facet normal 0 0 1
    outer loop
      vertex 8.74852 -3.38139 2
      vertex 7.57295 -1.76336 2
      vertex 6.32147 -5.14474 2
    endloop
  endfacet
  facet normal 0 0 1
    outer loop
      vertex 9.92613 -111.239 2
      vertex 81.9694 -109.265 2
      vertex 10 -110.301 2
    endloop
  endfacet
  facet normal 0 -0 1
    outer loop
      vertex 10 -110.301 2
      vertex 81.9694 -109.265 2
      vertex 9.92613 -109.362 2
    endloop
  endfacet
  facet normal 0 -0 1
    outer loop
      vertex 9.92613 -109.362 2
      vertex 81.9694 -109.265 2
      vertex 9.70634 -108.447 2
    endloop
  endfacet
  facet normal -0 -0 1
    outer loop
      vertex 9.70634 -108.447 2
      vertex 81.9694 -109.265 2
      vertex 9.34604 -107.577 2
    endloop
  endfacet
  facet normal 0 0 1
    outer loop
      vertex 81.9694 -109.265 2
      vertex 8.24264 -106.058 2
      vertex 8.8541 -106.774 2
    endloop
  endfacet
  facet normal 0 0 1
    outer loop
      vertex 15.726 -18.089 2
      vertex 7.52671 -105.447 2
      vertex 8.24264 -106.058 2
    endloop
  endfacet
  facet normal 0 0 1
    outer loop
      vertex 15.726 -18.089 2
      vertex 6.72394 -104.955 2
      vertex 7.52671 -105.447 2
    endloop
  endfacet
  facet normal 0 0 1
    outer loop
      vertex 2 -104.301 2
      vertex 15.726 -18.089 2
      vertex 6.32147 -5.14474 2
    endloop
  endfacet
  facet normal 0 0 1
    outer loop
      vertex 15.726 -18.089 2
      vertex 5.8541 -104.594 2
      vertex 6.72394 -104.955 2
    endloop
  endfacet
  facet normal -0.709074 0.705134 0
    outer loop
      vertex 94.0657 -120.81 2
      vertex 93.9583 -120.918 102.9
      vertex 94.0657 -120.81 116.4
    endloop
  endfacet
  facet normal -0.70713 0.707083 4.15442e-06
    outer loop
      vertex 86.5752 -128.301 2
      vertex 93.9583 -120.918 102.9
      vertex 94.0657 -120.81 2
    endloop
  endfacet
  facet normal -0.707102 0.707112 0
    outer loop
      vertex 93.9583 -120.918 102.9
      vertex 86.5752 -128.301 2
      vertex 86.5752 -128.301 102.9
    endloop
  endfacet
  facet normal -0.709074 0.705134 0
    outer loop
      vertex 93.9583 -120.918 103.4
      vertex 94.0657 -120.81 116.4
      vertex 93.9583 -120.918 102.9
    endloop
  endfacet
  facet normal -0.709074 0.705134 0
    outer loop
      vertex 94.0657 -120.81 116.4
      vertex 93.9583 -120.918 103.4
      vertex 93.9583 -120.918 116.4
    endloop
  endfacet
  facet normal -0.707102 0.707112 0
    outer loop
      vertex 86.5752 -128.301 102.9
      vertex 93.9583 -120.918 103.4
      vertex 93.9583 -120.918 102.9
    endloop
  endfacet
  facet normal -0.707102 0.707112 0
    outer loop
      vertex 93.9583 -120.918 103.4
      vertex 86.5752 -128.301 102.9
      vertex 86.5752 -128.301 103.4
    endloop
  endfacet
  facet normal -0 0 1
    outer loop
      vertex 0 1.76382 12
      vertex 2 -118.301 12
      vertex 2 1.76382 12
    endloop
  endfacet
  facet normal 0 0 1
    outer loop
      vertex 2 -118.301 12
      vertex 0 1.76382 12
      vertex 0 -118.301 12
    endloop
  endfacet
  facet normal 0 -1 0
    outer loop
      vertex 0 1.76382 12
      vertex 2 1.76382 102.9
      vertex 0 1.76382 102.9
    endloop
  endfacet
  facet normal 0 -1 -0
    outer loop
      vertex 2 1.76382 102.9
      vertex 0 1.76382 12
      vertex 2 1.76382 12
    endloop
  endfacet
  facet normal 0 1 -0
    outer loop
      vertex 2 -118.301 12
      vertex 0 -118.301 102.9
      vertex 2 -118.301 102.9
    endloop
  endfacet
  facet normal 0 1 0
    outer loop
      vertex 0 -118.301 102.9
      vertex 2 -118.301 12
      vertex 0 -118.301 12
    endloop
  endfacet
  facet normal -0.808765 -0.588132 0
    outer loop
      vertex 94.0657 -120.81 2
      vertex 93.801 -120.446 18
      vertex 93.801 -120.446 2
    endloop
  endfacet
  facet normal -0.808765 -0.588132 0
    outer loop
      vertex 93.801 -120.446 18
      vertex 94.0657 -120.81 2
      vertex 93.801 -120.446 88.995
    endloop
  endfacet
  facet normal -0.808765 -0.588132 -0
    outer loop
      vertex 94.0657 -120.81 116.4
      vertex 93.801 -120.446 88.995
      vertex 94.0657 -120.81 2
    endloop
  endfacet
  facet normal -0.809017 -0.587785 0
    outer loop
      vertex 84.3965 -107.502 2
      vertex 18.1531 -16.3257 6.98164
      vertex 18.1531 -16.3257 2
    endloop
  endfacet
  facet normal -0.809017 -0.587785 -0
    outer loop
      vertex 84.3965 -107.502 18
      vertex 18.1531 -16.3257 6.98164
      vertex 84.3965 -107.502 2
    endloop
  endfacet
  facet normal -0.809017 -0.587785 0
    outer loop
      vertex 8.74852 -3.38139 18
      vertex 17.918 -16.0021 42.225
      vertex 8.74852 -3.38139 88.995
    endloop
  endfacet
  facet normal -0.809017 -0.587785 2.96199e-07
    outer loop
      vertex 18.1531 -16.3257 18
      vertex 17.918 -16.0021 42.225
      vertex 8.74852 -3.38139 18
    endloop
  endfacet
  facet normal -0.809017 -0.587785 0
    outer loop
      vertex 18.1531 -16.3257 6.98164
      vertex 84.3965 -107.502 18
      vertex 18.1531 -16.3257 18
    endloop
  endfacet
  facet normal -0.809017 -0.587785 2.98924e-07
    outer loop
      vertex 18.1531 -16.3257 18
      vertex 84.3965 -107.502 18
      vertex 17.918 -16.0021 42.225
    endloop
  endfacet
  facet normal -0.809015 -0.587787 1.42101e-05
    outer loop
      vertex 84.3965 -107.502 18
      vertex 84.6316 -107.825 42.225
      vertex 17.918 -16.0021 42.225
    endloop
  endfacet
  facet normal -0.809013 -0.587791 1.41408e-05
    outer loop
      vertex 93.801 -120.446 18
      vertex 84.6316 -107.825 42.225
      vertex 84.3965 -107.502 18
    endloop
  endfacet
  facet normal -0.809026 -0.587773 -0
    outer loop
      vertex 93.801 -120.446 88.995
      vertex 84.6316 -107.825 42.225
      vertex 93.801 -120.446 18
    endloop
  endfacet
  facet normal -0.809026 -0.587773 0
    outer loop
      vertex 84.6316 -107.825 42.225
      vertex 93.801 -120.446 88.995
      vertex 84.6316 -107.825 88.995
    endloop
  endfacet
  facet normal -0.809016 -0.587786 -0
    outer loop
      vertex 8.74852 -3.38139 18
      vertex 7.57295 -1.76336 2
      vertex 8.74852 -3.38139 2
    endloop
  endfacet
  facet normal -0.809016 -0.587786 -0
    outer loop
      vertex 8.74852 -3.38139 88.995
      vertex 7.57295 -1.76336 2
      vertex 8.74852 -3.38139 18
    endloop
  endfacet
  facet normal -0.809016 -0.587786 0
    outer loop
      vertex 7.57295 -1.76336 2
      vertex 8.74852 -3.38139 88.995
      vertex 7.57295 -1.76336 116.4
    endloop
  endfacet
  facet normal -0.809016 -0.587786 -0
    outer loop
      vertex 8.74852 -3.38139 89
      vertex 7.57295 -1.76336 116.4
      vertex 8.74852 -3.38139 88.995
    endloop
  endfacet
  facet normal -0.809016 -0.587786 -0
    outer loop
      vertex 8.74852 -3.38139 108
      vertex 7.57295 -1.76336 116.4
      vertex 8.74852 -3.38139 89
    endloop
  endfacet
  facet normal -0.809017 -0.587785 -0
    outer loop
      vertex 17.918 -16.0021 116.4
      vertex 8.74852 -3.38139 108
      vertex 17.918 -16.0021 108
    endloop
  endfacet
  facet normal -0.809017 -0.587785 -2.32212e-07
    outer loop
      vertex 8.74852 -3.38139 108
      vertex 17.918 -16.0021 116.4
      vertex 7.57295 -1.76336 116.4
    endloop
  endfacet
  facet normal -0.809017 -0.587785 0
    outer loop
      vertex 8.74852 -3.38139 88.995
      vertex 17.918 -16.0021 42.225
      vertex 17.918 -16.0021 88.995
    endloop
  endfacet
  facet normal -0.809026 -0.587773 0
    outer loop
      vertex 93.801 -120.446 108
      vertex 84.6316 -107.825 116.4
      vertex 84.6316 -107.825 108
    endloop
  endfacet
  facet normal -0.809019 -0.587783 2.312e-05
    outer loop
      vertex 93.801 -120.446 108
      vertex 94.0657 -120.81 116.4
      vertex 84.6316 -107.825 116.4
    endloop
  endfacet
  facet normal -0.808765 -0.588132 0
    outer loop
      vertex 93.801 -120.446 88.995
      vertex 94.0657 -120.81 116.4
      vertex 93.801 -120.446 108
    endloop
  endfacet
  facet normal -0.587787 0.809016 0
    outer loop
      vertex 8.38197 -1.17557 2
      vertex 7.57295 -1.76336 116.4
      vertex 8.38197 -1.17557 116.4
    endloop
  endfacet
  facet normal -0.587787 0.809016 0
    outer loop
      vertex 7.57295 -1.76336 116.4
      vertex 8.38197 -1.17557 2
      vertex 7.57295 -1.76336 2
    endloop
  endfacet
  facet normal 0 0 1
    outer loop
      vertex 8.74852 -3.38139 18
      vertex 15.726 -18.089 18
      vertex 18.1531 -16.3257 18
    endloop
  endfacet
  facet normal 0 0 1
    outer loop
      vertex 15.726 -18.089 18
      vertex 8.74852 -3.38139 18
      vertex 6.32147 -5.14474 18
    endloop
  endfacet
  facet normal 0.587768 -0.809029 0
    outer loop
      vertex 18.1531 -16.3257 2
      vertex 18.1531 -16.3257 6.98164
      vertex 17.0558 -17.1229 2
    endloop
  endfacet
  facet normal -0.587784 0.809018 0
    outer loop
      vertex 8.74852 -3.38139 2
      vertex 6.32147 -5.14474 18
      vertex 8.74852 -3.38139 18
    endloop
  endfacet
  facet normal -0.587784 0.809018 0
    outer loop
      vertex 6.32147 -5.14474 18
      vertex 8.74852 -3.38139 2
      vertex 6.32147 -5.14474 2
    endloop
  endfacet
  facet normal -0.809018 -0.587784 0
    outer loop
      vertex 15.726 -18.089 2
      vertex 6.32147 -5.14474 18
      vertex 6.32147 -5.14474 2
    endloop
  endfacet
  facet normal -0.809018 -0.587784 0
    outer loop
      vertex 6.32147 -5.14474 18
      vertex 15.726 -18.089 2
      vertex 15.726 -18.089 18
    endloop
  endfacet
  facet normal 0.588986 -0.808143 0
    outer loop
      vertex 15.7319 -18.0847 2
      vertex 15.726 -18.089 18
      vertex 15.726 -18.089 2
    endloop
  endfacet
  facet normal 0.587765 -0.809031 0
    outer loop
      vertex 15.726 -18.089 18
      vertex 18.1531 -16.3257 6.98164
      vertex 18.1531 -16.3257 18
    endloop
  endfacet
  facet normal 0.587763 -0.809033 -6.89905e-07
    outer loop
      vertex 15.7319 -18.0847 2
      vertex 18.1531 -16.3257 6.98164
      vertex 15.726 -18.089 18
    endloop
  endfacet
  facet normal 0.587757 -0.809037 3.67276e-06
    outer loop
      vertex 18.1531 -16.3257 6.98164
      vertex 15.7319 -18.0847 2
      vertex 17.0558 -17.1229 2
    endloop
  endfacet
  facet normal 0.587909 -0.808927 0
    outer loop
      vertex 91.3821 -122.204 2
      vertex 93.801 -120.446 18
      vertex 91.3821 -122.204 18
    endloop
  endfacet
  facet normal 0.587909 -0.808927 0
    outer loop
      vertex 93.801 -120.446 18
      vertex 91.3821 -122.204 2
      vertex 93.801 -120.446 2
    endloop
  endfacet
  facet normal 0.595228 -0.803557 0
    outer loop
      vertex 91.374 -122.21 2
      vertex 91.3821 -122.204 18
      vertex 91.374 -122.21 18
    endloop
  endfacet
  facet normal 0.595228 -0.803557 0
    outer loop
      vertex 91.3821 -122.204 18
      vertex 91.374 -122.21 2
      vertex 91.3821 -122.204 2
    endloop
  endfacet
  facet normal -0.809032 -0.587765 0
    outer loop
      vertex 91.374 -122.21 2
      vertex 81.9694 -109.265 18
      vertex 81.9694 -109.265 2
    endloop
  endfacet
  facet normal -0.809032 -0.587765 0
    outer loop
      vertex 81.9694 -109.265 18
      vertex 91.374 -122.21 2
      vertex 91.374 -122.21 18
    endloop
  endfacet
  facet normal -0.5877 0.809079 0
    outer loop
      vertex 84.3965 -107.502 2
      vertex 81.9694 -109.265 18
      vertex 84.3965 -107.502 18
    endloop
  endfacet
  facet normal -0.5877 0.809079 0
    outer loop
      vertex 81.9694 -109.265 18
      vertex 84.3965 -107.502 2
      vertex 81.9694 -109.265 2
    endloop
  endfacet
  facet normal 0 0 1
    outer loop
      vertex 84.3965 -107.502 18
      vertex 91.3821 -122.204 18
      vertex 93.801 -120.446 18
    endloop
  endfacet
  facet normal -0 0 1
    outer loop
      vertex 81.9694 -109.265 18
      vertex 91.3821 -122.204 18
      vertex 84.3965 -107.502 18
    endloop
  endfacet
  facet normal 0 0 1
    outer loop
      vertex 91.3821 -122.204 18
      vertex 81.9694 -109.265 18
      vertex 91.374 -122.21 18
    endloop
  endfacet
  facet normal 0 0 -1
    outer loop
      vertex 15.726 -18.089 86
      vertex 6.32956 -5.13887 86
      vertex 15.7341 -18.0831 86
    endloop
  endfacet
  facet normal 0 -0 -1
    outer loop
      vertex 6.32956 -5.13887 86
      vertex 15.726 -18.089 86
      vertex 6.32147 -5.14474 86
    endloop
  endfacet
  facet normal 0.572536 0.415955 -0.70653
    outer loop
      vertex 17.3441 -16.9134 87.9933
      vertex 15.7341 -18.0831 86
      vertex 17.109 -16.5898 87.9933
    endloop
  endfacet
  facet normal 0.572536 0.415972 -0.70652
    outer loop
      vertex 17.117 -16.584 88.0033
      vertex 8.74852 -3.38139 88.995
      vertex 17.918 -16.0021 88.995
    endloop
  endfacet
  facet normal 0.575738 0.417727 -0.702872
    outer loop
      vertex 17.109 -16.5898 87.9933
      vertex 8.74852 -3.38139 88.995
      vertex 17.117 -16.584 88.0033
    endloop
  endfacet
  facet normal 0.572527 0.415965 -0.706531
    outer loop
      vertex 6.32956 -5.13887 86
      vertex 17.109 -16.5898 87.9933
      vertex 15.7341 -18.0831 86
    endloop
  endfacet
  facet normal 0.572537 0.415977 -0.706516
    outer loop
      vertex 17.109 -16.5898 87.9933
      vertex 6.32956 -5.13887 86
      vertex 8.74852 -3.38139 88.995
    endloop
  endfacet
  facet normal 0 0 1
    outer loop
      vertex 16.1786 -17.2658 108
      vertex 17.3441 -16.9134 108
      vertex 17.109 -16.5898 108
    endloop
  endfacet
  facet normal -0 0 1
    outer loop
      vertex 16.1786 -17.2658 108
      vertex 15.726 -18.089 108
      vertex 17.3441 -16.9134 108
    endloop
  endfacet
  facet normal -0 0 1
    outer loop
      vertex 6.32147 -5.14474 108
      vertex 16.1786 -17.2658 108
      vertex 7.00912 -4.64514 108
    endloop
  endfacet
  facet normal 0 0 1
    outer loop
      vertex 16.1786 -17.2658 108
      vertex 6.32147 -5.14474 108
      vertex 15.726 -18.089 108
    endloop
  endfacet
  facet normal 0 0 1
    outer loop
      vertex 8.74852 -3.38139 108
      vertex 17.7966 -16.0902 108
      vertex 17.918 -16.0021 108
    endloop
  endfacet
  facet normal 0 0 1
    outer loop
      vertex 17.7966 -16.0902 108
      vertex 8.74852 -3.38139 108
      vertex 8.62717 -3.46956 108
    endloop
  endfacet
  facet normal 0.587774 -0.809025 0
    outer loop
      vertex 17.3441 -16.9134 87.9933
      vertex 17.3441 -16.9134 93.3088
      vertex 15.7341 -18.0831 86
    endloop
  endfacet
  facet normal -0.587803 0.809004 0
    outer loop
      vertex 8.74852 -3.38139 108
      vertex 8.62717 -3.46956 104.4
      vertex 8.62717 -3.46956 108
    endloop
  endfacet
  facet normal -0.587803 0.809004 0
    outer loop
      vertex 8.74852 -3.38139 89
      vertex 8.62717 -3.46956 104.4
      vertex 8.74852 -3.38139 108
    endloop
  endfacet
  facet normal -0.587771 0.809027 0
    outer loop
      vertex 8.62717 -3.46956 104.9
      vertex 8.62717 -3.46956 104.4
      vertex 8.22265 -3.76345 104.9
    endloop
  endfacet
  facet normal -0.587793 0.809011 0
    outer loop
      vertex 8.22265 -3.76345 105.4
      vertex 8.22265 -3.76345 104.9
      vertex 7.81814 -4.05735 105.4
    endloop
  endfacet
  facet normal -0.58779 0.809014 0
    outer loop
      vertex 7.81814 -4.05735 105.9
      vertex 7.81814 -4.05735 105.4
      vertex 7.41364 -4.35124 105.9
    endloop
  endfacet
  facet normal -0.587784 0.809018 0
    outer loop
      vertex 7.41364 -4.35124 106.4
      vertex 7.41364 -4.35124 105.9
      vertex 7.00912 -4.64514 106.4
    endloop
  endfacet
  facet normal -0.58778 0.809021 0
    outer loop
      vertex 7.00912 -4.64514 106.4
      vertex 6.32147 -5.14474 108
      vertex 7.00912 -4.64514 108
    endloop
  endfacet
  facet normal -0.587789 0.809014 6.67427e-07
    outer loop
      vertex 6.32147 -5.14474 86
      vertex 7.41364 -4.35124 105.9
      vertex 7.81814 -4.05735 105.4
    endloop
  endfacet
  facet normal -0.587771 0.809028 3.90407e-07
    outer loop
      vertex 8.74852 -3.38139 89
      vertex 8.22265 -3.76345 104.9
      vertex 8.62717 -3.46956 104.4
    endloop
  endfacet
  facet normal -0.587794 0.809011 -8.00306e-07
    outer loop
      vertex 8.74852 -3.38139 89
      vertex 7.81814 -4.05735 105.4
      vertex 8.22265 -3.76345 104.9
    endloop
  endfacet
  facet normal -0.587784 0.809018 5.97341e-08
    outer loop
      vertex 6.32147 -5.14474 86
      vertex 7.81814 -4.05735 105.4
      vertex 8.74852 -3.38139 89
    endloop
  endfacet
  facet normal -0.587784 0.809018 2.01689e-07
    outer loop
      vertex 7.41364 -4.35124 105.9
      vertex 6.32147 -5.14474 86
      vertex 7.00912 -4.64514 106.4
    endloop
  endfacet
  facet normal -0.58778 0.809021 0
    outer loop
      vertex 7.00912 -4.64514 106.4
      vertex 6.32147 -5.14474 86
      vertex 6.32147 -5.14474 108
    endloop
  endfacet
  facet normal -0.809018 -0.587784 0
    outer loop
      vertex 15.726 -18.089 86
      vertex 6.32147 -5.14474 108
      vertex 6.32147 -5.14474 86
    endloop
  endfacet
  facet normal -0.809018 -0.587784 0
    outer loop
      vertex 6.32147 -5.14474 108
      vertex 15.726 -18.089 86
      vertex 15.726 -18.089 108
    endloop
  endfacet
  facet normal -0.587279 0.809384 -0.000625272
    outer loop
      vertex 6.32147 -5.14474 86
      vertex 8.74852 -3.38139 88.995
      vertex 6.32956 -5.13887 86
    endloop
  endfacet
  facet normal -0.587784 0.809018 0
    outer loop
      vertex 8.74852 -3.38139 88.995
      vertex 6.32147 -5.14474 86
      vertex 8.74852 -3.38139 89
    endloop
  endfacet
  facet normal 0.588765 -0.808304 0
    outer loop
      vertex 15.7341 -18.0831 86
      vertex 15.726 -18.089 108
      vertex 15.726 -18.089 86
    endloop
  endfacet
  facet normal 0.587779 -0.809021 0
    outer loop
      vertex 15.726 -18.089 108
      vertex 17.3441 -16.9134 93.3088
      vertex 17.3441 -16.9134 108
    endloop
  endfacet
  facet normal 0.587776 -0.809024 -5.57071e-07
    outer loop
      vertex 17.3441 -16.9134 93.3088
      vertex 15.726 -18.089 108
      vertex 15.7341 -18.0831 86
    endloop
  endfacet
  facet normal 0.587817 -0.808994 0
    outer loop
      vertex 91.3821 -122.204 104.4
      vertex 92.7391 -121.218 103.9
      vertex 92.7391 -121.218 104.4
    endloop
  endfacet
  facet normal 0.588131 -0.808766 1.13299e-05
    outer loop
      vertex 92.7391 -121.218 103.9
      vertex 93.801 -120.446 88.995
      vertex 93.6797 -120.534 103.9
    endloop
  endfacet
  facet normal 0.587812 -0.808998 -2.3438e-05
    outer loop
      vertex 91.3821 -122.204 104.4
      vertex 93.801 -120.446 88.995
      vertex 92.7391 -121.218 103.9
    endloop
  endfacet
  facet normal 0.587909 -0.808927 0
    outer loop
      vertex 93.801 -120.446 88.995
      vertex 91.3821 -122.204 104.4
      vertex 91.3821 -122.204 86
    endloop
  endfacet
  facet normal 0.587219 -0.809428 0
    outer loop
      vertex 93.6797 -120.534 103.9
      vertex 93.801 -120.446 108
      vertex 93.6797 -120.534 108
    endloop
  endfacet
  facet normal 0.587219 -0.809428 0
    outer loop
      vertex 93.801 -120.446 108
      vertex 93.6797 -120.534 103.9
      vertex 93.801 -120.446 88.995
    endloop
  endfacet
  facet normal 0.595228 -0.803557 0
    outer loop
      vertex 91.374 -122.21 86
      vertex 91.3821 -122.204 104.4
      vertex 91.374 -122.21 104.4
    endloop
  endfacet
  facet normal 0.595228 -0.803557 0
    outer loop
      vertex 91.3821 -122.204 104.4
      vertex 91.374 -122.21 86
      vertex 91.3821 -122.204 86
    endloop
  endfacet
  facet normal -0.809018 -0.587783 0
    outer loop
      vertex 91.2335 -122.016 104.4
      vertex 81.9694 -109.265 108
      vertex 81.9694 -109.265 86
    endloop
  endfacet
  facet normal -0.808988 -0.587825 0.000506837
    outer loop
      vertex 81.9694 -109.265 108
      vertex 90.3409 -120.788 105.9
      vertex 90.0433 -120.378 106.4
    endloop
  endfacet
  facet normal -0.809091 -0.587683 -0.000684722
    outer loop
      vertex 81.9694 -109.265 108
      vertex 90.6384 -121.197 105.4
      vertex 90.3409 -120.788 105.9
    endloop
  endfacet
  facet normal -0.808963 -0.587859 0.000549237
    outer loop
      vertex 81.9694 -109.265 108
      vertex 90.936 -121.607 104.9
      vertex 90.6384 -121.197 105.4
    endloop
  endfacet
  facet normal -0.809116 -0.587649 -0.000727018
    outer loop
      vertex 81.9694 -109.265 108
      vertex 91.2335 -122.016 104.4
      vertex 90.936 -121.607 104.9
    endloop
  endfacet
  facet normal -0.809032 -0.587765 1.94283e-05
    outer loop
      vertex 91.374 -122.21 86
      vertex 91.2335 -122.016 104.4
      vertex 81.9694 -109.265 86
    endloop
  endfacet
  facet normal -0.809908 -0.586557 0
    outer loop
      vertex 91.2335 -122.016 104.4
      vertex 91.374 -122.21 86
      vertex 91.374 -122.21 104.4
    endloop
  endfacet
  facet normal -0.809023 -0.587777 0
    outer loop
      vertex 81.9694 -109.265 108
      vertex 90.0433 -120.378 106.4
      vertex 90.0433 -120.378 108
    endloop
  endfacet
  facet normal -0.809282 -0.58742 0
    outer loop
      vertex 90.0433 -120.378 106.4
      vertex 90.3409 -120.788 105.9
      vertex 90.3409 -120.788 106.4
    endloop
  endfacet
  facet normal -0.808693 -0.58823 0
    outer loop
      vertex 90.3409 -120.788 105.9
      vertex 90.6384 -121.197 105.4
      vertex 90.6384 -121.197 105.9
    endloop
  endfacet
  facet normal -0.809282 -0.58742 0
    outer loop
      vertex 90.6384 -121.197 105.4
      vertex 90.936 -121.607 104.9
      vertex 90.936 -121.607 105.4
    endloop
  endfacet
  facet normal -0.808693 -0.58823 0
    outer loop
      vertex 90.936 -121.607 104.9
      vertex 91.2335 -122.016 104.4
      vertex 91.2335 -122.016 104.9
    endloop
  endfacet
  facet normal -0.587583 0.809164 0
    outer loop
      vertex 83.5875 -108.09 88.0033
      vertex 81.9694 -109.265 108
      vertex 83.5875 -108.09 108
    endloop
  endfacet
  facet normal -0.587583 0.809164 0
    outer loop
      vertex 81.9694 -109.265 108
      vertex 83.5875 -108.09 88.0033
      vertex 81.9694 -109.265 86
    endloop
  endfacet
  facet normal 0 0 -1
    outer loop
      vertex 91.374 -122.21 86
      vertex 81.9775 -109.259 86
      vertex 91.3821 -122.204 86
    endloop
  endfacet
  facet normal 0 -0 -1
    outer loop
      vertex 81.9775 -109.259 86
      vertex 91.374 -122.21 86
      vertex 81.9694 -109.265 86
    endloop
  endfacet
  facet normal 0.572521 0.415947 -0.706546
    outer loop
      vertex 83.8226 -108.413 87.9933
      vertex 93.801 -120.446 88.995
      vertex 91.3821 -122.204 86
    endloop
  endfacet
  facet normal 0.572521 0.415948 -0.706546
    outer loop
      vertex 93.801 -120.446 88.995
      vertex 83.8226 -108.413 87.9933
      vertex 84.6316 -107.825 88.995
    endloop
  endfacet
  facet normal 0.572546 0.415958 -0.70652
    outer loop
      vertex 81.9775 -109.259 86
      vertex 83.8226 -108.413 87.9933
      vertex 91.3821 -122.204 86
    endloop
  endfacet
  facet normal 0.572228 0.416504 -0.706456
    outer loop
      vertex 83.8226 -108.413 87.9933
      vertex 81.9775 -109.259 86
      vertex 83.5875 -108.09 87.9933
    endloop
  endfacet
  facet normal -0.595201 0.803521 0.00951043
    outer loop
      vertex 81.9694 -109.265 86
      vertex 83.5875 -108.09 87.9933
      vertex 81.9775 -109.259 86
    endloop
  endfacet
  facet normal -0.587583 0.809164 0
    outer loop
      vertex 83.5875 -108.09 87.9933
      vertex 81.9694 -109.265 86
      vertex 83.5875 -108.09 88.0033
    endloop
  endfacet
  facet normal 0 0 1
    outer loop
      vertex 84.6316 -107.825 108
      vertex 93.6797 -120.534 108
      vertex 93.801 -120.446 108
    endloop
  endfacet
  facet normal 0 0 1
    outer loop
      vertex 84.6316 -107.825 108
      vertex 84.5102 -107.914 108
      vertex 93.6797 -120.534 108
    endloop
  endfacet
  facet normal 0 -0 1
    outer loop
      vertex 84.5102 -107.914 108
      vertex 84.6316 -107.825 108
      vertex 83.8226 -108.413 108
    endloop
  endfacet
  facet normal 0 0 1
    outer loop
      vertex 83.5875 -108.09 108
      vertex 82.8922 -109.089 108
      vertex 83.8226 -108.413 108
    endloop
  endfacet
  facet normal 0 -0 1
    outer loop
      vertex 82.8922 -109.089 108
      vertex 83.5875 -108.09 108
      vertex 81.9694 -109.265 108
    endloop
  endfacet
  facet normal 0 0 1
    outer loop
      vertex 82.8922 -109.089 108
      vertex 90.0433 -120.378 108
      vertex 90.6518 -119.769 108
    endloop
  endfacet
  facet normal 0 0 1
    outer loop
      vertex 90.0433 -120.378 108
      vertex 82.8922 -109.089 108
      vertex 81.9694 -109.265 108
    endloop
  endfacet
  facet normal -0 0 1
    outer loop
      vertex 83.8226 -108.413 108
      vertex 82.8922 -109.089 108
      vertex 84.5102 -107.914 108
    endloop
  endfacet
  facet normal 0 0 1
    outer loop
      vertex 20.345 -14.2387 116.4
      vertex 8.38197 -1.17557 116.4
      vertex 17.918 -16.0021 116.4
    endloop
  endfacet
  facet normal 0 0 1
    outer loop
      vertex 0 13.7638 116.4
      vertex 8.38197 -1.17557 116.4
      vertex 20.345 -14.2387 116.4
    endloop
  endfacet
  facet normal 0 0 1
    outer loop
      vertex 7.79418 -0.36655 116.4
      vertex 2.14999 7.1468 116.4
      vertex 7.67283 -0.454722 116.4
    endloop
  endfacet
  facet normal 0 0 1
    outer loop
      vertex 8.38197 -1.17557 116.4
      vertex 0 13.7638 116.4
      vertex 7.79418 -0.36655 116.4
    endloop
  endfacet
  facet normal 0 0 1
    outer loop
      vertex 0 -130.301 116.4
      vertex 2.14999 7.1468 116.4
      vertex 0 13.7638 116.4
    endloop
  endfacet
  facet normal 0 0 1
    outer loop
      vertex 7.79418 -0.36655 116.4
      vertex 0 13.7638 116.4
      vertex 2.14999 7.1468 116.4
    endloop
  endfacet
  facet normal 0 0 1
    outer loop
      vertex 17.918 -16.0021 116.4
      vertex 8.38197 -1.17557 116.4
      vertex 7.57295 -1.76336 116.4
    endloop
  endfacet
  facet normal 0 0 1
    outer loop
      vertex 87.0586 -106.062 116.4
      vertex 94.0657 -120.81 116.4
      vertex 97.4037 -120.301 116.4
    endloop
  endfacet
  facet normal 0 0 1
    outer loop
      vertex 94.0657 -120.81 116.4
      vertex 87.0586 -106.062 116.4
      vertex 84.6316 -107.825 116.4
    endloop
  endfacet
  facet normal 0 0 1
    outer loop
      vertex 93.9583 -120.918 116.4
      vertex 97.4037 -120.301 116.4
      vertex 94.0657 -120.81 116.4
    endloop
  endfacet
  facet normal -0 0 1
    outer loop
      vertex 93.9583 -120.918 116.4
      vertex 87.4037 -130.301 116.4
      vertex 97.4037 -120.301 116.4
    endloop
  endfacet
  facet normal 0 0 1
    outer loop
      vertex 86.5131 -128.151 116.4
      vertex 93.9583 -120.918 116.4
      vertex 93.869 -120.795 116.4
    endloop
  endfacet
  facet normal 0 0 1
    outer loop
      vertex 93.9583 -120.918 116.4
      vertex 86.5131 -128.151 116.4
      vertex 87.4037 -130.301 116.4
    endloop
  endfacet
  facet normal -0 0 1
    outer loop
      vertex 2.14999 -128.151 116.4
      vertex 87.4037 -130.301 116.4
      vertex 86.5131 -128.151 116.4
    endloop
  endfacet
  facet normal 0 0 1
    outer loop
      vertex 2.14999 -128.151 116.4
      vertex 0 -130.301 116.4
      vertex 87.4037 -130.301 116.4
    endloop
  endfacet
  facet normal 0 0 1
    outer loop
      vertex 2.14999 7.1468 116.4
      vertex 0 -130.301 116.4
      vertex 2.14999 -128.151 116.4
    endloop
  endfacet
  facet normal 0 0 1
    outer loop
      vertex 5.8213 2.09368 126.4
      vertex 2.14999 7.1468 126.4
      vertex 2.58524 -0.257459 126.4
    endloop
  endfacet
  facet normal 0 0 1
    outer loop
      vertex 2.14999 -128.151 126.4
      vertex 5.14999 -3.78754 126.4
      vertex 2.58524 -0.257459 126.4
    endloop
  endfacet
  facet normal 0 0 1
    outer loop
      vertex 85.2704 -125.151 126.4
      vertex 91.7213 -122.943 126.4
      vertex 89.9359 -120.485 126.4
    endloop
  endfacet
  facet normal 0 0 1
    outer loop
      vertex 91.7213 -122.943 126.4
      vertex 85.2704 -125.151 126.4
      vertex 86.5131 -128.151 126.4
    endloop
  endfacet
  facet normal -0 0 1
    outer loop
      vertex 5.14999 -125.151 126.4
      vertex 86.5131 -128.151 126.4
      vertex 85.2704 -125.151 126.4
    endloop
  endfacet
  facet normal 0 0 1
    outer loop
      vertex 2.14999 -128.151 126.4
      vertex 2.58524 -0.257459 126.4
      vertex 2.14999 7.1468 126.4
    endloop
  endfacet
  facet normal 0 0 1
    outer loop
      vertex 5.14999 -125.151 126.4
      vertex 2.14999 -128.151 126.4
      vertex 86.5131 -128.151 126.4
    endloop
  endfacet
  facet normal 0 0 1
    outer loop
      vertex 5.14999 -3.78754 126.4
      vertex 2.14999 -128.151 126.4
      vertex 5.14999 -125.151 126.4
    endloop
  endfacet
  facet normal 0.707093 -0.70712 0
    outer loop
      vertex 91.7213 -122.943 126.4
      vertex 86.5131 -128.151 126.4
      vertex 91.7213 -122.943 124.65
    endloop
  endfacet
  facet normal 0.707156 -0.707057 0
    outer loop
      vertex 91.7213 -122.943 124.65
      vertex 93.869 -120.795 116.4
      vertex 93.869 -120.795 124.65
    endloop
  endfacet
  facet normal 0.707093 -0.70712 0
    outer loop
      vertex 86.5131 -128.151 116.4
      vertex 91.7213 -122.943 124.65
      vertex 86.5131 -128.151 126.4
    endloop
  endfacet
  facet normal 0.707112 -0.707102 -2.32103e-05
    outer loop
      vertex 91.7213 -122.943 124.65
      vertex 86.5131 -128.151 116.4
      vertex 93.869 -120.795 116.4
    endloop
  endfacet
  facet normal 0 -1 0
    outer loop
      vertex 2.14999 -128.151 116.4
      vertex 86.5131 -128.151 126.4
      vertex 2.14999 -128.151 126.4
    endloop
  endfacet
  facet normal 0 -1 -0
    outer loop
      vertex 86.5131 -128.151 126.4
      vertex 2.14999 -128.151 116.4
      vertex 86.5131 -128.151 116.4
    endloop
  endfacet
  facet normal -1 0 0
    outer loop
      vertex 2.14999 -128.151 116.4
      vertex 2.14999 7.1468 126.4
      vertex 2.14999 7.1468 116.4
    endloop
  endfacet
  facet normal -1 -0 0
    outer loop
      vertex 2.14999 7.1468 126.4
      vertex 2.14999 -128.151 116.4
      vertex 2.14999 -128.151 126.4
    endloop
  endfacet
  facet normal 0.809017 0.587786 -0
    outer loop
      vertex 5.8213 2.09368 124.65
      vertex 2.14999 7.1468 126.4
      vertex 5.8213 2.09368 126.4
    endloop
  endfacet
  facet normal 0.809017 0.587786 0
    outer loop
      vertex 2.14999 7.1468 126.4
      vertex 5.8213 2.09368 124.65
      vertex 2.14999 7.1468 116.4
    endloop
  endfacet
  facet normal 0.809016 0.587787 -0
    outer loop
      vertex 7.67283 -0.454722 116.4
      vertex 5.8213 2.09368 124.65
      vertex 7.67283 -0.454722 124.65
    endloop
  endfacet
  facet normal 0.809016 0.587786 3.8091e-07
    outer loop
      vertex 5.8213 2.09368 124.65
      vertex 7.67283 -0.454722 116.4
      vertex 2.14999 7.1468 116.4
    endloop
  endfacet
  facet normal 0 1 -0
    outer loop
      vertex 85.2704 -125.151 106.4
      vertex 5.14999 -125.151 126.4
      vertex 85.2704 -125.151 126.4
    endloop
  endfacet
  facet normal 0 1 0
    outer loop
      vertex 5.14999 -125.151 126.4
      vertex 85.2704 -125.151 106.4
      vertex 5.14999 -125.151 106.4
    endloop
  endfacet
  facet normal -0.707114 0.707099 0
    outer loop
      vertex 85.2704 -125.151 106.4
      vertex 90.0433 -120.378 108
      vertex 90.0433 -120.378 106.4
    endloop
  endfacet
  facet normal -0.707111 0.707102 -1.70461e-05
    outer loop
      vertex 90.0433 -120.378 108
      vertex 85.2704 -125.151 106.4
      vertex 89.9359 -120.485 124.65
    endloop
  endfacet
  facet normal -0.707145 0.707069 0
    outer loop
      vertex 85.2704 -125.151 126.4
      vertex 89.9359 -120.485 124.65
      vertex 85.2704 -125.151 106.4
    endloop
  endfacet
  facet normal -0.707145 0.707069 0
    outer loop
      vertex 89.9359 -120.485 124.65
      vertex 85.2704 -125.151 126.4
      vertex 89.9359 -120.485 126.4
    endloop
  endfacet
  facet normal -0.707397 0.706816 0
    outer loop
      vertex 90.0433 -120.378 108
      vertex 90.6518 -119.769 124.65
      vertex 90.6518 -119.769 108
    endloop
  endfacet
  facet normal -0.707156 0.707057 -1.76234e-05
    outer loop
      vertex 90.6518 -119.769 124.65
      vertex 90.0433 -120.378 108
      vertex 89.9359 -120.485 124.65
    endloop
  endfacet
  facet normal -0.809017 -0.587786 -0
    outer loop
      vertex 7.00912 -4.64514 108
      vertex 5.14999 -2.08627 106.4
      vertex 7.00912 -4.64514 106.4
    endloop
  endfacet
  facet normal -0.809017 -0.587786 0
    outer loop
      vertex 5.14999 -2.08627 106.4
      vertex 7.00912 -4.64514 108
      vertex 5.14999 -2.08627 124.65
    endloop
  endfacet
  facet normal -0.809016 -0.587787 -0
    outer loop
      vertex 16.1786 -17.2658 124.65
      vertex 7.00912 -4.64514 108
      vertex 16.1786 -17.2658 108
    endloop
  endfacet
  facet normal -0.809016 -0.587787 1.90977e-07
    outer loop
      vertex 7.00912 -4.64514 108
      vertex 16.1786 -17.2658 124.65
      vertex 5.14999 -2.08627 124.65
    endloop
  endfacet
  facet normal -0.809012 -0.587791 0
    outer loop
      vertex 90.6518 -119.769 108
      vertex 82.8922 -109.089 124.65
      vertex 82.8922 -109.089 108
    endloop
  endfacet
  facet normal -0.809012 -0.587791 0
    outer loop
      vertex 82.8922 -109.089 124.65
      vertex 90.6518 -119.769 108
      vertex 90.6518 -119.769 124.65
    endloop
  endfacet
  facet normal 1 0 0
    outer loop
      vertex 5.14999 -3.78754 126.4
      vertex 5.14999 -125.151 126.4
      vertex 5.14999 -3.78754 124.65
    endloop
  endfacet
  facet normal 1 -0 0
    outer loop
      vertex 5.14999 -3.78754 124.65
      vertex 5.14999 -2.08627 106.4
      vertex 5.14999 -2.08627 124.65
    endloop
  endfacet
  facet normal 1 0 0
    outer loop
      vertex 5.14999 -125.151 106.4
      vertex 5.14999 -3.78754 124.65
      vertex 5.14999 -125.151 126.4
    endloop
  endfacet
  facet normal 1 0 0
    outer loop
      vertex 5.14999 -3.78754 124.65
      vertex 5.14999 -125.151 106.4
      vertex 5.14999 -2.08627 106.4
    endloop
  endfacet
  facet normal 0 0 -1
    outer loop
      vertex 85.2704 -125.151 106.4
      vertex 90.3409 -120.788 106.4
      vertex 85.4776 -125.651 106.4
    endloop
  endfacet
  facet normal -0 0 -1
    outer loop
      vertex 90.3409 -120.788 106.4
      vertex 85.2704 -125.151 106.4
      vertex 90.0433 -120.378 106.4
    endloop
  endfacet
  facet normal 0 0 -1
    outer loop
      vertex 85.4776 -125.651 106.4
      vertex 5.14999 -125.151 106.4
      vertex 85.2704 -125.151 106.4
    endloop
  endfacet
  facet normal -0 0 -1
    outer loop
      vertex 5.14999 -125.151 106.4
      vertex 4.64999 -125.651 106.4
      vertex 5.14999 -2.08627 106.4
    endloop
  endfacet
  facet normal 0 0 -1
    outer loop
      vertex 4.64999 -125.651 106.4
      vertex 5.14999 -125.151 106.4
      vertex 85.4776 -125.651 106.4
    endloop
  endfacet
  facet normal 0 0 -1
    outer loop
      vertex 5.14999 -2.08627 106.4
      vertex 7.41364 -4.35124 106.4
      vertex 7.00912 -4.64514 106.4
    endloop
  endfacet
  facet normal 0 0 -1
    outer loop
      vertex 5.14999 -2.08627 106.4
      vertex 4.64999 -0.547409 106.4
      vertex 7.41364 -4.35124 106.4
    endloop
  endfacet
  facet normal 0 0 -1
    outer loop
      vertex 4.64999 -0.547409 106.4
      vertex 5.14999 -2.08627 106.4
      vertex 4.64999 -125.651 106.4
    endloop
  endfacet
  facet normal 0 0 -1
    outer loop
      vertex 85.4776 -125.651 105.9
      vertex 90.6384 -121.197 105.9
      vertex 85.6847 -126.151 105.9
    endloop
  endfacet
  facet normal -0 0 -1
    outer loop
      vertex 90.6384 -121.197 105.9
      vertex 85.4776 -125.651 105.9
      vertex 90.3409 -120.788 105.9
    endloop
  endfacet
  facet normal 0 0 -1
    outer loop
      vertex 85.6847 -126.151 105.9
      vertex 4.64999 -125.651 105.9
      vertex 85.4776 -125.651 105.9
    endloop
  endfacet
  facet normal -0 0 -1
    outer loop
      vertex 4.64999 -125.651 105.9
      vertex 4.14999 -126.151 105.9
      vertex 4.64999 -0.547409 105.9
    endloop
  endfacet
  facet normal 0 0 -1
    outer loop
      vertex 4.14999 -126.151 105.9
      vertex 4.64999 -125.651 105.9
      vertex 85.6847 -126.151 105.9
    endloop
  endfacet
  facet normal 0 0 -1
    outer loop
      vertex 4.64999 -0.547409 105.9
      vertex 7.81814 -4.05735 105.9
      vertex 7.41364 -4.35124 105.9
    endloop
  endfacet
  facet normal 0 0 -1
    outer loop
      vertex 4.64999 -0.547409 105.9
      vertex 4.14999 0.991425 105.9
      vertex 7.81814 -4.05735 105.9
    endloop
  endfacet
  facet normal 0 0 -1
    outer loop
      vertex 4.14999 0.991425 105.9
      vertex 4.64999 -0.547409 105.9
      vertex 4.14999 -126.151 105.9
    endloop
  endfacet
  facet normal 0 1 -0
    outer loop
      vertex 85.4776 -125.651 105.9
      vertex 4.64999 -125.651 106.4
      vertex 85.4776 -125.651 106.4
    endloop
  endfacet
  facet normal 0 1 0
    outer loop
      vertex 4.64999 -125.651 106.4
      vertex 85.4776 -125.651 105.9
      vertex 4.64999 -125.651 105.9
    endloop
  endfacet
  facet normal -0.707085 0.707129 0
    outer loop
      vertex 85.4776 -125.651 105.9
      vertex 90.3409 -120.788 106.4
      vertex 90.3409 -120.788 105.9
    endloop
  endfacet
  facet normal -0.707085 0.707129 0
    outer loop
      vertex 90.3409 -120.788 106.4
      vertex 85.4776 -125.651 105.9
      vertex 85.4776 -125.651 106.4
    endloop
  endfacet
  facet normal -0.809016 -0.587786 0
    outer loop
      vertex 7.41364 -4.35124 105.9
      vertex 4.64999 -0.547409 106.4
      vertex 4.64999 -0.547409 105.9
    endloop
  endfacet
  facet normal -0.809016 -0.587786 0
    outer loop
      vertex 4.64999 -0.547409 106.4
      vertex 7.41364 -4.35124 105.9
      vertex 7.41364 -4.35124 106.4
    endloop
  endfacet
  facet normal 1 -0 0
    outer loop
      vertex 4.64999 -125.651 106.4
      vertex 4.64999 -0.547409 105.9
      vertex 4.64999 -0.547409 106.4
    endloop
  endfacet
  facet normal 1 0 0
    outer loop
      vertex 4.64999 -0.547409 105.9
      vertex 4.64999 -125.651 106.4
      vertex 4.64999 -125.651 105.9
    endloop
  endfacet
  facet normal 0 0 -1
    outer loop
      vertex 85.6847 -126.151 105.4
      vertex 90.936 -121.607 105.4
      vertex 85.8918 -126.651 105.4
    endloop
  endfacet
  facet normal -0 0 -1
    outer loop
      vertex 90.936 -121.607 105.4
      vertex 85.6847 -126.151 105.4
      vertex 90.6384 -121.197 105.4
    endloop
  endfacet
  facet normal 0 0 -1
    outer loop
      vertex 85.8918 -126.651 105.4
      vertex 4.14999 -126.151 105.4
      vertex 85.6847 -126.151 105.4
    endloop
  endfacet
  facet normal -0 0 -1
    outer loop
      vertex 4.14999 -126.151 105.4
      vertex 3.64999 -126.651 105.4
      vertex 4.14999 0.991425 105.4
    endloop
  endfacet
  facet normal 0 0 -1
    outer loop
      vertex 3.64999 -126.651 105.4
      vertex 4.14999 -126.151 105.4
      vertex 85.8918 -126.651 105.4
    endloop
  endfacet
  facet normal 0 0 -1
    outer loop
      vertex 4.14999 0.991425 105.4
      vertex 8.22265 -3.76345 105.4
      vertex 7.81814 -4.05735 105.4
    endloop
  endfacet
  facet normal 0 0 -1
    outer loop
      vertex 4.14999 0.991425 105.4
      vertex 3.64999 2.53027 105.4
      vertex 8.22265 -3.76345 105.4
    endloop
  endfacet
  facet normal 0 0 -1
    outer loop
      vertex 3.64999 2.53027 105.4
      vertex 4.14999 0.991425 105.4
      vertex 3.64999 -126.651 105.4
    endloop
  endfacet
  facet normal 0 1 -0
    outer loop
      vertex 85.6847 -126.151 105.4
      vertex 4.14999 -126.151 105.9
      vertex 85.6847 -126.151 105.9
    endloop
  endfacet
  facet normal 0 1 0
    outer loop
      vertex 4.14999 -126.151 105.9
      vertex 85.6847 -126.151 105.4
      vertex 4.14999 -126.151 105.4
    endloop
  endfacet
  facet normal -0.707128 0.707085 0
    outer loop
      vertex 85.6847 -126.151 105.4
      vertex 90.6384 -121.197 105.9
      vertex 90.6384 -121.197 105.4
    endloop
  endfacet
  facet normal -0.707128 0.707085 0
    outer loop
      vertex 90.6384 -121.197 105.9
      vertex 85.6847 -126.151 105.4
      vertex 85.6847 -126.151 105.9
    endloop
  endfacet
  facet normal -0.809017 -0.587785 0
    outer loop
      vertex 7.81814 -4.05735 105.4
      vertex 4.14999 0.991425 105.9
      vertex 4.14999 0.991425 105.4
    endloop
  endfacet
  facet normal -0.809017 -0.587785 0
    outer loop
      vertex 4.14999 0.991425 105.9
      vertex 7.81814 -4.05735 105.4
      vertex 7.81814 -4.05735 105.9
    endloop
  endfacet
  facet normal 1 -0 0
    outer loop
      vertex 4.14999 -126.151 105.9
      vertex 4.14999 0.991425 105.4
      vertex 4.14999 0.991425 105.9
    endloop
  endfacet
  facet normal 1 0 0
    outer loop
      vertex 4.14999 0.991425 105.4
      vertex 4.14999 -126.151 105.9
      vertex 4.14999 -126.151 105.4
    endloop
  endfacet
  facet normal 0 0 -1
    outer loop
      vertex 85.8918 -126.651 104.9
      vertex 91.2335 -122.016 104.9
      vertex 86.0989 -127.151 104.9
    endloop
  endfacet
  facet normal -0 0 -1
    outer loop
      vertex 91.2335 -122.016 104.9
      vertex 85.8918 -126.651 104.9
      vertex 90.936 -121.607 104.9
    endloop
  endfacet
  facet normal 0 0 -1
    outer loop
      vertex 86.0989 -127.151 104.9
      vertex 3.64999 -126.651 104.9
      vertex 85.8918 -126.651 104.9
    endloop
  endfacet
  facet normal -0 0 -1
    outer loop
      vertex 3.64999 -126.651 104.9
      vertex 3.14999 -127.151 104.9
      vertex 3.64999 2.53027 104.9
    endloop
  endfacet
  facet normal 0 0 -1
    outer loop
      vertex 3.14999 -127.151 104.9
      vertex 3.64999 -126.651 104.9
      vertex 86.0989 -127.151 104.9
    endloop
  endfacet
  facet normal 0 0 -1
    outer loop
      vertex 3.64999 2.53027 104.9
      vertex 8.62717 -3.46956 104.9
      vertex 8.22265 -3.76345 104.9
    endloop
  endfacet
  facet normal 0 0 -1
    outer loop
      vertex 3.64999 2.53027 104.9
      vertex 3.14999 4.06912 104.9
      vertex 8.62717 -3.46956 104.9
    endloop
  endfacet
  facet normal 0 0 -1
    outer loop
      vertex 3.14999 4.06912 104.9
      vertex 3.64999 2.53027 104.9
      vertex 3.14999 -127.151 104.9
    endloop
  endfacet
  facet normal 0 1 -0
    outer loop
      vertex 85.8918 -126.651 104.9
      vertex 3.64999 -126.651 105.4
      vertex 85.8918 -126.651 105.4
    endloop
  endfacet
  facet normal 0 1 0
    outer loop
      vertex 3.64999 -126.651 105.4
      vertex 85.8918 -126.651 104.9
      vertex 3.64999 -126.651 104.9
    endloop
  endfacet
  facet normal -0.707093 0.707121 0
    outer loop
      vertex 85.8918 -126.651 104.9
      vertex 90.936 -121.607 105.4
      vertex 90.936 -121.607 104.9
    endloop
  endfacet
  facet normal -0.707093 0.707121 0
    outer loop
      vertex 90.936 -121.607 105.4
      vertex 85.8918 -126.651 104.9
      vertex 85.8918 -126.651 105.4
    endloop
  endfacet
  facet normal -0.809017 -0.587786 0
    outer loop
      vertex 8.22265 -3.76345 104.9
      vertex 3.64999 2.53027 105.4
      vertex 3.64999 2.53027 104.9
    endloop
  endfacet
  facet normal -0.809017 -0.587786 0
    outer loop
      vertex 3.64999 2.53027 105.4
      vertex 8.22265 -3.76345 104.9
      vertex 8.22265 -3.76345 105.4
    endloop
  endfacet
  facet normal 1 -0 0
    outer loop
      vertex 3.64999 -126.651 105.4
      vertex 3.64999 2.53027 104.9
      vertex 3.64999 2.53027 105.4
    endloop
  endfacet
  facet normal 1 0 0
    outer loop
      vertex 3.64999 2.53027 104.9
      vertex 3.64999 -126.651 105.4
      vertex 3.64999 -126.651 104.9
    endloop
  endfacet
  facet normal 0 0 -1
    outer loop
      vertex 86.306 -127.651 104.4
      vertex 91.3821 -122.204 104.4
      vertex 92.7391 -121.218 104.4
    endloop
  endfacet
  facet normal 0 0 -1
    outer loop
      vertex 86.306 -127.651 104.4
      vertex 91.374 -122.21 104.4
      vertex 91.3821 -122.204 104.4
    endloop
  endfacet
  facet normal 0 0 -1
    outer loop
      vertex 86.0989 -127.151 104.4
      vertex 91.374 -122.21 104.4
      vertex 86.306 -127.651 104.4
    endloop
  endfacet
  facet normal -0 0 -1
    outer loop
      vertex 91.374 -122.21 104.4
      vertex 86.0989 -127.151 104.4
      vertex 91.2335 -122.016 104.4
    endloop
  endfacet
  facet normal 0 0 -1
    outer loop
      vertex 86.306 -127.651 104.4
      vertex 3.14999 -127.151 104.4
      vertex 86.0989 -127.151 104.4
    endloop
  endfacet
  facet normal -0 0 -1
    outer loop
      vertex 3.14999 -127.151 104.4
      vertex 2.64999 -127.651 104.4
      vertex 3.14999 4.06912 104.4
    endloop
  endfacet
  facet normal 0 0 -1
    outer loop
      vertex 2.64999 -127.651 104.4
      vertex 3.14999 -127.151 104.4
      vertex 86.306 -127.651 104.4
    endloop
  endfacet
  facet normal -0 -0 1
    outer loop
      vertex 6.86381 -1.04251 104.4
      vertex 8.62717 -3.46956 104.4
      vertex 3.14999 4.06912 104.4
    endloop
  endfacet
  facet normal 0 0 -1
    outer loop
      vertex 3.14999 4.06912 104.4
      vertex 7.26831 -0.748617 104.4
      vertex 6.86381 -1.04251 104.4
    endloop
  endfacet
  facet normal 0 0 -1
    outer loop
      vertex 3.14999 4.06912 104.4
      vertex 2.64999 5.60796 104.4
      vertex 7.26831 -0.748617 104.4
    endloop
  endfacet
  facet normal 0 0 -1
    outer loop
      vertex 2.64999 5.60796 104.4
      vertex 3.14999 4.06912 104.4
      vertex 2.64999 -127.651 104.4
    endloop
  endfacet
  facet normal 0 1 -0
    outer loop
      vertex 86.0989 -127.151 104.4
      vertex 3.14999 -127.151 104.9
      vertex 86.0989 -127.151 104.9
    endloop
  endfacet
  facet normal 0 1 0
    outer loop
      vertex 3.14999 -127.151 104.9
      vertex 86.0989 -127.151 104.4
      vertex 3.14999 -127.151 104.4
    endloop
  endfacet
  facet normal -0.707134 0.707079 0
    outer loop
      vertex 86.0989 -127.151 104.4
      vertex 91.2335 -122.016 104.9
      vertex 91.2335 -122.016 104.4
    endloop
  endfacet
  facet normal -0.707134 0.707079 0
    outer loop
      vertex 91.2335 -122.016 104.9
      vertex 86.0989 -127.151 104.4
      vertex 86.0989 -127.151 104.9
    endloop
  endfacet
  facet normal -0.809017 -0.587786 0
    outer loop
      vertex 8.62717 -3.46956 104.4
      vertex 3.14999 4.06912 104.9
      vertex 3.14999 4.06912 104.4
    endloop
  endfacet
  facet normal -0.809017 -0.587786 0
    outer loop
      vertex 3.14999 4.06912 104.9
      vertex 8.62717 -3.46956 104.4
      vertex 8.62717 -3.46956 104.9
    endloop
  endfacet
  facet normal 1 -0 0
    outer loop
      vertex 3.14999 -127.151 104.9
      vertex 3.14999 4.06912 104.4
      vertex 3.14999 4.06912 104.9
    endloop
  endfacet
  facet normal 1 0 0
    outer loop
      vertex 3.14999 4.06912 104.4
      vertex 3.14999 -127.151 104.9
      vertex 3.14999 -127.151 104.4
    endloop
  endfacet
  facet normal -0 0 -1
    outer loop
      vertex 93.869 -120.795 103.9
      vertex 92.7391 -121.218 103.9
      vertex 93.6797 -120.534 103.9
    endloop
  endfacet
  facet normal 0 0 -1
    outer loop
      vertex 86.5131 -128.151 103.9
      vertex 92.7391 -121.218 103.9
      vertex 93.869 -120.795 103.9
    endloop
  endfacet
  facet normal 0 0 -1
    outer loop
      vertex 86.5131 -128.151 103.9
      vertex 86.306 -127.651 103.9
      vertex 92.7391 -121.218 103.9
    endloop
  endfacet
  facet normal 0 0 -1
    outer loop
      vertex 86.5131 -128.151 103.9
      vertex 2.64999 -127.651 103.9
      vertex 86.306 -127.651 103.9
    endloop
  endfacet
  facet normal -0 0 -1
    outer loop
      vertex 2.64999 -127.651 103.9
      vertex 2.14999 -128.151 103.9
      vertex 2.64999 5.60796 103.9
    endloop
  endfacet
  facet normal 0 0 -1
    outer loop
      vertex 2.14999 -128.151 103.9
      vertex 2.64999 -127.651 103.9
      vertex 86.5131 -128.151 103.9
    endloop
  endfacet
  facet normal 0 0 -1
    outer loop
      vertex 2.64999 5.60796 103.9
      vertex 7.67283 -0.454722 103.9
      vertex 7.26831 -0.748617 103.9
    endloop
  endfacet
  facet normal 0 0 -1
    outer loop
      vertex 2.64999 5.60796 103.9
      vertex 2.14999 7.1468 103.9
      vertex 7.67283 -0.454722 103.9
    endloop
  endfacet
  facet normal 0 0 -1
    outer loop
      vertex 2.14999 7.1468 103.9
      vertex 2.64999 5.60796 103.9
      vertex 2.14999 -128.151 103.9
    endloop
  endfacet
  facet normal 0 1 -0
    outer loop
      vertex 86.306 -127.651 103.9
      vertex 2.64999 -127.651 104.4
      vertex 86.306 -127.651 104.4
    endloop
  endfacet
  facet normal 0 1 0
    outer loop
      vertex 2.64999 -127.651 104.4
      vertex 86.306 -127.651 103.9
      vertex 2.64999 -127.651 103.9
    endloop
  endfacet
  facet normal -0.707101 0.707112 0
    outer loop
      vertex 86.306 -127.651 103.9
      vertex 92.7391 -121.218 104.4
      vertex 92.7391 -121.218 103.9
    endloop
  endfacet
  facet normal -0.707101 0.707112 0
    outer loop
      vertex 92.7391 -121.218 104.4
      vertex 86.306 -127.651 103.9
      vertex 86.306 -127.651 104.4
    endloop
  endfacet
  facet normal -0.809017 -0.587785 0
    outer loop
      vertex 7.26831 -0.748617 103.9
      vertex 2.64999 5.60796 104.4
      vertex 2.64999 5.60796 103.9
    endloop
  endfacet
  facet normal -0.809017 -0.587785 0
    outer loop
      vertex 2.64999 5.60796 104.4
      vertex 7.26831 -0.748617 103.9
      vertex 7.26831 -0.748617 104.4
    endloop
  endfacet
  facet normal 1 -0 0
    outer loop
      vertex 2.64999 -127.651 104.4
      vertex 2.64999 5.60796 103.9
      vertex 2.64999 5.60796 104.4
    endloop
  endfacet
  facet normal 1 0 0
    outer loop
      vertex 2.64999 5.60796 103.9
      vertex 2.64999 -127.651 104.4
      vertex 2.64999 -127.651 103.9
    endloop
  endfacet
  facet normal 0 0 -1
    outer loop
      vertex 86.5131 -128.151 103.4
      vertex 93.9583 -120.918 103.4
      vertex 86.5752 -128.301 103.4
    endloop
  endfacet
  facet normal -0 0 -1
    outer loop
      vertex 93.9583 -120.918 103.4
      vertex 86.5131 -128.151 103.4
      vertex 93.869 -120.795 103.4
    endloop
  endfacet
  facet normal 0 0 -1
    outer loop
      vertex 86.5752 -128.301 103.4
      vertex 2.14999 -128.151 103.4
      vertex 86.5131 -128.151 103.4
    endloop
  endfacet
  facet normal -0 0 -1
    outer loop
      vertex 2.14999 -128.151 103.4
      vertex 2 -128.301 103.4
      vertex 2.14999 7.1468 103.4
    endloop
  endfacet
  facet normal 0 0 -1
    outer loop
      vertex 2 -128.301 103.4
      vertex 2.14999 -128.151 103.4
      vertex 86.5752 -128.301 103.4
    endloop
  endfacet
  facet normal 0 0 -1
    outer loop
      vertex 2.14999 7.1468 103.4
      vertex 7.79418 -0.36655 103.4
      vertex 7.67283 -0.454722 103.4
    endloop
  endfacet
  facet normal 0 0 -1
    outer loop
      vertex 2.14999 7.1468 103.4
      vertex 2 7.60846 103.4
      vertex 7.79418 -0.36655 103.4
    endloop
  endfacet
  facet normal 0 0 -1
    outer loop
      vertex 2 7.60846 103.4
      vertex 2.14999 7.1468 103.4
      vertex 2 -128.301 103.4
    endloop
  endfacet
  facet normal 0 1 -0
    outer loop
      vertex 86.5131 -128.151 103.4
      vertex 2.14999 -128.151 103.9
      vertex 86.5131 -128.151 103.9
    endloop
  endfacet
  facet normal 0 1 0
    outer loop
      vertex 2.14999 -128.151 103.9
      vertex 86.5131 -128.151 103.4
      vertex 2.14999 -128.151 103.4
    endloop
  endfacet
  facet normal -0.707112 0.707102 0
    outer loop
      vertex 86.5131 -128.151 103.4
      vertex 93.869 -120.795 103.9
      vertex 93.869 -120.795 103.4
    endloop
  endfacet
  facet normal -0.707112 0.707102 0
    outer loop
      vertex 93.869 -120.795 103.9
      vertex 86.5131 -128.151 103.4
      vertex 86.5131 -128.151 103.9
    endloop
  endfacet
  facet normal -0.809016 -0.587786 0
    outer loop
      vertex 7.67283 -0.454722 103.4
      vertex 2.14999 7.1468 103.9
      vertex 2.14999 7.1468 103.4
    endloop
  endfacet
  facet normal -0.809016 -0.587786 0
    outer loop
      vertex 2.14999 7.1468 103.9
      vertex 7.67283 -0.454722 103.4
      vertex 7.67283 -0.454722 103.9
    endloop
  endfacet
  facet normal 1 -0 0
    outer loop
      vertex 2.14999 -128.151 103.9
      vertex 2.14999 7.1468 103.4
      vertex 2.14999 7.1468 103.9
    endloop
  endfacet
  facet normal 1 0 0
    outer loop
      vertex 2.14999 7.1468 103.4
      vertex 2.14999 -128.151 103.9
      vertex 2.14999 -128.151 103.4
    endloop
  endfacet
  facet normal 0 0 -1
    outer loop
      vertex 0 -118.301 102.9
      vertex 2 1.76382 102.9
      vertex 2 -118.301 102.9
    endloop
  endfacet
  facet normal -0 0 -1
    outer loop
      vertex 2 1.76382 102.9
      vertex 0 -118.301 102.9
      vertex 0 1.76382 102.9
    endloop
  endfacet
  facet normal 0 0 1
    outer loop
      vertex 7.67283 -0.454722 124.65
      vertex 5.8213 2.09368 124.65
      vertex 6.86381 -1.04251 124.65
    endloop
  endfacet
  facet normal 0 0 1
    outer loop
      vertex 6.86381 -1.04251 124.65
      vertex 17.117 -16.584 124.65
      vertex 17.7966 -16.0902 124.65
    endloop
  endfacet
  facet normal 0 0 1
    outer loop
      vertex 17.117 -16.584 124.65
      vertex 6.86381 -1.04251 124.65
      vertex 17.109 -16.5898 124.65
    endloop
  endfacet
  facet normal 0 0 1
    outer loop
      vertex 17.109 -16.5898 124.65
      vertex 6.86381 -1.04251 124.65
      vertex 16.1786 -17.2658 124.65
    endloop
  endfacet
  facet normal 0 0 1
    outer loop
      vertex 6.86381 -1.04251 124.65
      vertex 5.14999 -2.08627 124.65
      vertex 16.1786 -17.2658 124.65
    endloop
  endfacet
  facet normal 0 0 1
    outer loop
      vertex 5.8213 2.09368 124.65
      vertex 5.14999 -2.08627 124.65
      vertex 6.86381 -1.04251 124.65
    endloop
  endfacet
  facet normal 0 0 1
    outer loop
      vertex 5.14999 -2.08627 124.65
      vertex 2.58524 -0.257459 124.65
      vertex 5.14999 -3.78754 124.65
    endloop
  endfacet
  facet normal -0 0 1
    outer loop
      vertex 2.58524 -0.257459 124.65
      vertex 5.14999 -2.08627 124.65
      vertex 5.8213 2.09368 124.65
    endloop
  endfacet
  facet normal 0.809017 0.587785 0
    outer loop
      vertex 5.14999 -3.78754 126.4
      vertex 2.58524 -0.257459 124.65
      vertex 2.58524 -0.257459 126.4
    endloop
  endfacet
  facet normal 0.809017 0.587785 0
    outer loop
      vertex 2.58524 -0.257459 124.65
      vertex 5.14999 -3.78754 126.4
      vertex 5.14999 -3.78754 124.65
    endloop
  endfacet
  facet normal 0.587786 -0.809017 0
    outer loop
      vertex 2.58524 -0.257459 124.65
      vertex 5.8213 2.09368 126.4
      vertex 2.58524 -0.257459 126.4
    endloop
  endfacet
  facet normal 0.587786 -0.809017 0
    outer loop
      vertex 5.8213 2.09368 126.4
      vertex 2.58524 -0.257459 124.65
      vertex 5.8213 2.09368 124.65
    endloop
  endfacet
  facet normal 0 0 1
    outer loop
      vertex 93.869 -120.795 124.65
      vertex 90.6518 -119.769 124.65
      vertex 91.7213 -122.943 124.65
    endloop
  endfacet
  facet normal 0 0 1
    outer loop
      vertex 84.5102 -107.914 124.65
      vertex 90.6518 -119.769 124.65
      vertex 93.869 -120.795 124.65
    endloop
  endfacet
  facet normal 0 0 1
    outer loop
      vertex 90.6518 -119.769 124.65
      vertex 84.5102 -107.914 124.65
      vertex 82.8922 -109.089 124.65
    endloop
  endfacet
  facet normal 0 0 1
    outer loop
      vertex 91.7213 -122.943 124.65
      vertex 90.6518 -119.769 124.65
      vertex 89.9359 -120.485 124.65
    endloop
  endfacet
  facet normal 0.809086 0.58769 0
    outer loop
      vertex 91.7213 -122.943 126.4
      vertex 89.9359 -120.485 124.65
      vertex 89.9359 -120.485 126.4
    endloop
  endfacet
  facet normal 0.809086 0.58769 0
    outer loop
      vertex 89.9359 -120.485 124.65
      vertex 91.7213 -122.943 126.4
      vertex 91.7213 -122.943 124.65
    endloop
  endfacet
  facet normal 0.809011 0.587794 0
    outer loop
      vertex 93.869 -120.795 116.4
      vertex 84.5102 -107.914 108
      vertex 84.5102 -107.914 124.65
    endloop
  endfacet
  facet normal 0.809011 0.587794 -0
    outer loop
      vertex 93.869 -120.795 116.4
      vertex 84.5102 -107.914 124.65
      vertex 93.869 -120.795 124.65
    endloop
  endfacet
  facet normal 0.809001 0.587808 3.26132e-05
    outer loop
      vertex 84.5102 -107.914 108
      vertex 93.869 -120.795 116.4
      vertex 93.6797 -120.534 108
    endloop
  endfacet
  facet normal 0.809219 0.587506 1.83273e-05
    outer loop
      vertex 93.9583 -120.918 116.4
      vertex 93.6797 -120.534 108
      vertex 93.869 -120.795 116.4
    endloop
  endfacet
  facet normal 0.8095 0.58712 0
    outer loop
      vertex 93.6797 -120.534 108
      vertex 93.869 -120.795 103.9
      vertex 93.6797 -120.534 103.9
    endloop
  endfacet
  facet normal 0.80941 0.587244 -0
    outer loop
      vertex 93.9583 -120.918 103.4
      vertex 93.6797 -120.534 108
      vertex 93.9583 -120.918 116.4
    endloop
  endfacet
  facet normal 0.809122 0.587641 -5.06513e-05
    outer loop
      vertex 93.6797 -120.534 108
      vertex 93.9583 -120.918 103.4
      vertex 93.869 -120.795 103.9
    endloop
  endfacet
  facet normal 0.809219 0.587506 0
    outer loop
      vertex 93.869 -120.795 103.9
      vertex 93.9583 -120.918 103.4
      vertex 93.869 -120.795 103.4
    endloop
  endfacet
  facet normal 0.809016 0.587786 0
    outer loop
      vertex 6.86381 -1.04251 124.65
      vertex 8.62717 -3.46956 108
      vertex 6.86381 -1.04251 104.4
    endloop
  endfacet
  facet normal 0.809017 0.587785 2.15277e-07
    outer loop
      vertex 17.7966 -16.0902 124.65
      vertex 8.62717 -3.46956 108
      vertex 6.86381 -1.04251 124.65
    endloop
  endfacet
  facet normal 0.809017 0.587785 0
    outer loop
      vertex 8.62717 -3.46956 108
      vertex 17.7966 -16.0902 124.65
      vertex 17.7966 -16.0902 108
    endloop
  endfacet
  facet normal 0.809016 0.587786 0
    outer loop
      vertex 6.86381 -1.04251 104.4
      vertex 8.62717 -3.46956 108
      vertex 8.62717 -3.46956 104.4
    endloop
  endfacet
  facet normal 0.587786 -0.809017 0
    outer loop
      vertex 6.86381 -1.04251 124.65
      vertex 7.67283 -0.454722 116.4
      vertex 7.67283 -0.454722 124.65
    endloop
  endfacet
  facet normal 0.587786 -0.809017 0
    outer loop
      vertex 6.86381 -1.04251 104.4
      vertex 7.67283 -0.454722 116.4
      vertex 6.86381 -1.04251 124.65
    endloop
  endfacet
  facet normal 0.587794 -0.809011 -8.44821e-07
    outer loop
      vertex 7.26831 -0.748617 104.4
      vertex 7.67283 -0.454722 116.4
      vertex 6.86381 -1.04251 104.4
    endloop
  endfacet
  facet normal 0.587812 -0.808998 -1.76621e-06
    outer loop
      vertex 7.67283 -0.454722 116.4
      vertex 7.26831 -0.748617 104.4
      vertex 7.79418 -0.36655 116.4
    endloop
  endfacet
  facet normal 0.587777 -0.809023 0
    outer loop
      vertex 7.67283 -0.454722 103.9
      vertex 7.26831 -0.748617 104.4
      vertex 7.26831 -0.748617 103.9
    endloop
  endfacet
  facet normal 0.587778 -0.809022 5.02628e-07
    outer loop
      vertex 7.26831 -0.748617 104.4
      vertex 7.67283 -0.454722 103.9
      vertex 7.79418 -0.36655 116.4
    endloop
  endfacet
  facet normal 0.587812 -0.808998 0
    outer loop
      vertex 7.79418 -0.36655 103.4
      vertex 7.67283 -0.454722 103.9
      vertex 7.67283 -0.454722 103.4
    endloop
  endfacet
  facet normal 0.587812 -0.808998 0
    outer loop
      vertex 7.67283 -0.454722 103.9
      vertex 7.79418 -0.36655 103.4
      vertex 7.79418 -0.36655 116.4
    endloop
  endfacet
  facet normal 0.587799 -0.809007 0
    outer loop
      vertex 16.1786 -17.2658 108
      vertex 17.109 -16.5898 124.65
      vertex 16.1786 -17.2658 124.65
    endloop
  endfacet
  facet normal 0.587799 -0.809007 0
    outer loop
      vertex 17.109 -16.5898 124.65
      vertex 16.1786 -17.2658 108
      vertex 17.109 -16.5898 108
    endloop
  endfacet
  facet normal -0.587607 0.809147 0
    outer loop
      vertex 84.5102 -107.914 108
      vertex 82.8922 -109.089 124.65
      vertex 84.5102 -107.914 124.65
    endloop
  endfacet
  facet normal -0.587607 0.809147 0
    outer loop
      vertex 82.8922 -109.089 124.65
      vertex 84.5102 -107.914 108
      vertex 82.8922 -109.089 108
    endloop
  endfacet
  facet normal -0.0461104 0.0634641 0.996918
    outer loop
      vertex 15.8778 -8.09017 5.9
      vertex 11.8328 -11.0291 5.9
      vertex 16.192 -8.52258 5.94206
    endloop
  endfacet
  facet normal 0.809001 0.587808 -1.52144e-05
    outer loop
      vertex 10.1287 -8.68364 7.10086
      vertex 9.68551 -8.07365 8.13864
      vertex 9.5408 -7.87447 8.73303
    endloop
  endfacet
  facet normal -0.0461649 0.0635388 0.996911
    outer loop
      vertex 16.192 -8.52258 5.94206
      vertex 12.2098 -11.548 5.95048
      vertex 16.2548 -8.60906 5.95048
    endloop
  endfacet
  facet normal -0.0461176 0.0634767 0.996917
    outer loop
      vertex 12.2098 -11.548 5.95048
      vertex 16.192 -8.52258 5.94206
      vertex 11.8328 -11.0291 5.9
    endloop
  endfacet
  facet normal 0.0460558 -0.0633889 -0.996926
    outer loop
      vertex 11.8328 -11.0291 14.1
      vertex 15.815 -8.00369 14.0916
      vertex 15.8778 -8.09017 14.1
    endloop
  endfacet
  facet normal 0.0461394 -0.063499 -0.996915
    outer loop
      vertex 15.815 -8.00369 14.0916
      vertex 11.8328 -11.0291 14.1
      vertex 11.4558 -10.5102 14.0495
    endloop
  endfacet
  facet normal 0.809019 0.587782 -3.20335e-05
    outer loop
      vertex 13.2493 -12.9788 13.317
      vertex 11.4558 -10.5102 14.0495
      vertex 12.2098 -11.548 14.0495
    endloop
  endfacet
  facet normal 0.307103 -0.422694 0.852653
    outer loop
      vertex 14.4613 -6.14051 6.68303
      vertex 10.7387 -9.52322 6.34687
      vertex 14.7838 -6.5843 6.34687
    endloop
  endfacet
  facet normal 0.307132 -0.422723 0.852628
    outer loop
      vertex 10.7387 -9.52322 6.34687
      vertex 14.4613 -6.14051 6.68303
      vertex 10.4163 -9.07943 6.68303
    endloop
  endfacet
  facet normal 0.808918 0.58792 0.000713541
    outer loop
      vertex 12.5775 -12.0541 6.10067
      vertex 12.2098 -11.548 5.95048
      vertex 12.9268 -12.535 6.34687
    endloop
  endfacet
  facet normal -0.446927 0.61515 0.649498
    outer loop
      vertex 17.5819 -10.4356 7.10086
      vertex 13.7824 -13.7126 7.59008
      vertex 17.8275 -10.7737 7.59008
    endloop
  endfacet
  facet normal -0.446927 0.61515 0.649498
    outer loop
      vertex 13.7824 -13.7126 7.59008
      vertex 17.5819 -10.4356 7.10086
      vertex 13.5368 -13.3745 7.10086
    endloop
  endfacet
  facet normal 0.808996 0.587815 0
    outer loop
      vertex 14.2427 -14.3461 10
      vertex 13.7824 -13.7126 7.59008
      vertex 13.7824 -13.7126 12.4099
    endloop
  endfacet
  facet normal 0.137146 -0.188766 -0.972398
    outer loop
      vertex 15.1944 -7.14953 13.9244
      vertex 15.5009 -7.57128 14.0495
      vertex 11.4558 -10.5102 14.0495
    endloop
  endfacet
  facet normal 0.80902 0.587781 -2.78269e-05
    outer loop
      vertex 13.2493 -12.9788 13.317
      vertex 10.1287 -8.68364 12.8991
      vertex 11.4558 -10.5102 14.0495
    endloop
  endfacet
  facet normal 0.809008 0.587797 -9.86845e-06
    outer loop
      vertex 11.4558 -10.5102 5.95048
      vertex 10.7387 -9.52322 6.34687
      vertex 10.1287 -8.68364 7.10086
    endloop
  endfacet
  facet normal 0.0461255 -0.0634866 0.996916
    outer loop
      vertex 15.815 -8.00369 5.90841
      vertex 15.5009 -7.57128 5.95048
      vertex 11.4558 -10.5102 5.95048
    endloop
  endfacet
  facet normal 0.809157 0.587592 -0.00053417
    outer loop
      vertex 12.9268 -12.535 6.34687
      vertex 12.2098 -11.548 5.95048
      vertex 13.2493 -12.9788 6.68303
    endloop
  endfacet
  facet normal 0.80902 0.587781 2.78266e-05
    outer loop
      vertex 13.2493 -12.9788 6.68303
      vertex 11.4558 -10.5102 5.95048
      vertex 10.1287 -8.68364 7.10086
    endloop
  endfacet
  facet normal 0.808988 0.587826 3.13343e-05
    outer loop
      vertex 9.68551 -8.07365 11.8614
      vertex 9.8831 -8.34561 12.4099
      vertex 10.1287 -8.68364 12.8991
    endloop
  endfacet
  facet normal 0.808675 0.588255 -0.000277867
    outer loop
      vertex 13.98 -13.9845 11.8614
      vertex 14.1247 -14.1837 11.267
      vertex 13.7824 -13.7126 12.4099
    endloop
  endfacet
  facet normal 0.571544 -0.786663 0.233449
    outer loop
      vertex 9.5408 -7.87447 8.73303
      vertex 13.4976 -4.81404 9.35862
      vertex 9.45252 -7.75296 9.35862
    endloop
  endfacet
  facet normal 0.57154 -0.786661 0.233466
    outer loop
      vertex 13.4976 -4.81404 9.35862
      vertex 9.5408 -7.87447 8.73303
      vertex 13.5859 -4.93555 8.73303
    endloop
  endfacet
  facet normal 0.809016 0.587786 0
    outer loop
      vertex 10.1287 -8.68364 12.8991
      vertex 9.45252 -7.75296 9.35862
      vertex 9.45252 -7.75296 10.6414
    endloop
  endfacet
  facet normal 0.809016 0.587786 0
    outer loop
      vertex 9.45252 -7.75296 9.35862
      vertex 10.1287 -8.68364 12.8991
      vertex 10.1287 -8.68364 7.10086
    endloop
  endfacet
  facet normal 0.808997 0.587813 -5.508e-07
    outer loop
      vertex 14.1247 -14.1837 8.73303
      vertex 13.7824 -13.7126 7.59008
      vertex 14.2427 -14.3461 10
    endloop
  endfacet
  facet normal 0.585978 -0.806521 0.0784499
    outer loop
      vertex 9.45252 -7.75296 9.35862
      vertex 13.4679 -4.7732 10
      vertex 9.42285 -7.71213 10
    endloop
  endfacet
  facet normal 0.585972 -0.806521 0.0784896
    outer loop
      vertex 13.4679 -4.7732 10
      vertex 9.45252 -7.75296 9.35862
      vertex 13.4976 -4.81404 9.35862
    endloop
  endfacet
  facet normal 0.543041 -0.747436 0.382682
    outer loop
      vertex 13.7065 -5.10153 8.23771
      vertex 13.5859 -4.93555 8.73303
      vertex 9.5408 -7.87447 8.73303
    endloop
  endfacet
  facet normal 0.224944 -0.30961 0.923873
    outer loop
      vertex 15.0749 -6.98503 6.1417
      vertex 14.7838 -6.5843 6.34687
      vertex 10.7387 -9.52322 6.34687
    endloop
  endfacet
  facet normal 0.809219 0.587507 0.000483677
    outer loop
      vertex 10.7387 -9.52322 6.34687
      vertex 10.4163 -9.07943 6.68303
      vertex 10.1287 -8.68364 7.10086
    endloop
  endfacet
  facet normal 0.224961 -0.309626 0.923864
    outer loop
      vertex 15.0749 -6.98503 6.1417
      vertex 11.0881 -10.0041 6.10067
      vertex 15.1331 -7.06517 6.10067
    endloop
  endfacet
  facet normal 0.224927 -0.309581 0.923887
    outer loop
      vertex 11.0881 -10.0041 6.10067
      vertex 15.0749 -6.98503 6.1417
      vertex 10.7387 -9.52322 6.34687
    endloop
  endfacet
  facet normal -0.1372 0.188835 0.972377
    outer loop
      vertex 12.2098 -11.548 5.95048
      vertex 16.3161 -8.69341 5.97551
      vertex 16.2548 -8.60906 5.95048
    endloop
  endfacet
  facet normal -0.13722 0.188864 0.972369
    outer loop
      vertex 16.3161 -8.69341 5.97551
      vertex 12.2098 -11.548 5.95048
      vertex 12.5775 -12.0541 6.10067
    endloop
  endfacet
  facet normal 0.0461103 -0.0634639 0.996918
    outer loop
      vertex 15.815 -8.00369 5.90841
      vertex 11.8328 -11.0291 5.9
      vertex 15.8778 -8.09017 5.9
    endloop
  endfacet
  facet normal 0.0461191 -0.0634756 0.996917
    outer loop
      vertex 11.8328 -11.0291 5.9
      vertex 15.815 -8.00369 5.90841
      vertex 11.4558 -10.5102 5.95048
    endloop
  endfacet
  facet normal 0.808856 0.588007 0.000306591
    outer loop
      vertex 13.5368 -13.3745 7.10086
      vertex 13.2493 -12.9788 6.68303
      vertex 13.7824 -13.7126 7.59008
    endloop
  endfacet
  facet normal 0.80902 0.587781 2.81993e-05
    outer loop
      vertex 13.2493 -12.9788 6.68303
      vertex 10.1287 -8.68364 7.10086
      vertex 13.7824 -13.7126 7.59008
    endloop
  endfacet
  facet normal -0.224943 0.309606 0.923875
    outer loop
      vertex 16.9137 -9.5159 6.30584
      vertex 12.9268 -12.535 6.34687
      vertex 16.9719 -9.59605 6.34687
    endloop
  endfacet
  facet normal -0.224939 0.309601 0.923877
    outer loop
      vertex 12.9268 -12.535 6.34687
      vertex 16.9137 -9.5159 6.30584
      vertex 12.5775 -12.0541 6.10067
    endloop
  endfacet
  facet normal 0.809157 0.587592 0.000534389
    outer loop
      vertex 12.9268 -12.535 13.6531
      vertex 13.2493 -12.9788 13.317
      vertex 12.2098 -11.548 14.0495
    endloop
  endfacet
  facet normal -0.046154 0.0635241 -0.996912
    outer loop
      vertex 15.8778 -8.09017 14.1
      vertex 16.192 -8.52258 14.0579
      vertex 11.8328 -11.0291 14.1
    endloop
  endfacet
  facet normal 0.808827 0.588047 4.51228e-05
    outer loop
      vertex 14.213 -14.3052 9.35862
      vertex 14.1247 -14.1837 8.73303
      vertex 14.2427 -14.3461 10
    endloop
  endfacet
  facet normal -0.501296 0.689923 0.522215
    outer loop
      vertex 17.8275 -10.7737 7.59008
      vertex 13.98 -13.9845 8.13864
      vertex 17.8604 -10.819 7.68151
    endloop
  endfacet
  facet normal -0.501181 0.689826 0.522453
    outer loop
      vertex 13.98 -13.9845 8.13864
      vertex 17.8275 -10.7737 7.59008
      vertex 13.7824 -13.7126 7.59008
    endloop
  endfacet
  facet normal 0.80901 0.587795 -5.7845e-06
    outer loop
      vertex 10.1287 -8.68364 7.10086
      vertex 9.5408 -7.87447 8.73303
      vertex 9.45252 -7.75296 9.35862
    endloop
  endfacet
  facet normal 0.501146 -0.689772 -0.522559
    outer loop
      vertex 13.7635 -5.18006 11.9528
      vertex 13.9282 -5.40669 12.4099
      vertex 9.8831 -8.34561 12.4099
    endloop
  endfacet
  facet normal 0.543087 -0.747498 -0.382496
    outer loop
      vertex 9.68551 -8.07365 11.8614
      vertex 13.7065 -5.10153 11.7623
      vertex 13.7306 -5.13473 11.8614
    endloop
  endfacet
  facet normal 0.543042 -0.747442 -0.38267
    outer loop
      vertex 13.7065 -5.10153 11.7623
      vertex 9.68551 -8.07365 11.8614
      vertex 9.5408 -7.87447 11.267
    endloop
  endfacet
  facet normal 0.501155 -0.689784 0.522534
    outer loop
      vertex 9.8831 -8.34561 7.59008
      vertex 13.9282 -5.40669 7.59008
      vertex 13.7635 -5.18006 8.04721
    endloop
  endfacet
  facet normal 0.381753 -0.525428 0.760388
    outer loop
      vertex 14.1738 -5.74472 7.10086
      vertex 10.4163 -9.07943 6.68303
      vertex 14.4613 -6.14051 6.68303
    endloop
  endfacet
  facet normal 0.38172 -0.525396 0.760427
    outer loop
      vertex 10.4163 -9.07943 6.68303
      vertex 14.1738 -5.74472 7.10086
      vertex 10.1287 -8.68364 7.10086
    endloop
  endfacet
  facet normal 0.80901 0.587795 5.78419e-06
    outer loop
      vertex 9.45252 -7.75296 10.6414
      vertex 9.5408 -7.87447 11.267
      vertex 10.1287 -8.68364 12.8991
    endloop
  endfacet
  facet normal 0.808967 0.587854 -0
    outer loop
      vertex 9.45252 -7.75296 9.35862
      vertex 9.42285 -7.71213 10
      vertex 9.45252 -7.75296 10.6414
    endloop
  endfacet
  facet normal 0.808988 0.587826 -3.13254e-05
    outer loop
      vertex 10.1287 -8.68364 7.10086
      vertex 9.8831 -8.34561 7.59008
      vertex 9.68551 -8.07365 8.13864
    endloop
  endfacet
  facet normal 0.137208 -0.188851 0.972373
    outer loop
      vertex 11.4558 -10.5102 5.95048
      vertex 15.5009 -7.57128 5.95048
      vertex 15.1944 -7.14953 6.07564
    endloop
  endfacet
  facet normal 0.809019 0.587782 3.20313e-05
    outer loop
      vertex 12.2098 -11.548 5.95048
      vertex 11.4558 -10.5102 5.95048
      vertex 13.2493 -12.9788 6.68303
    endloop
  endfacet
  facet normal 0.809019 0.587782 1.41446e-14
    outer loop
      vertex 11.8328 -11.0291 5.9
      vertex 11.4558 -10.5102 5.95048
      vertex 12.2098 -11.548 5.95048
    endloop
  endfacet
  facet normal 0.13719 -0.188821 0.972381
    outer loop
      vertex 11.0881 -10.0041 6.10067
      vertex 15.1944 -7.14953 6.07564
      vertex 15.1331 -7.06517 6.10067
    endloop
  endfacet
  facet normal 0.13722 -0.188865 0.972369
    outer loop
      vertex 15.1944 -7.14953 6.07564
      vertex 11.0881 -10.0041 6.10067
      vertex 11.4558 -10.5102 5.95048
    endloop
  endfacet
  facet normal 0.809045 0.587747 0.000181708
    outer loop
      vertex 11.4558 -10.5102 5.95048
      vertex 11.0881 -10.0041 6.10067
      vertex 10.7387 -9.52322 6.34687
    endloop
  endfacet
  facet normal -0.381741 0.525429 0.760394
    outer loop
      vertex 17.2944 -10.0398 6.68303
      vertex 13.5368 -13.3745 7.10086
      vertex 17.5819 -10.4356 7.10086
    endloop
  endfacet
  facet normal -0.381786 0.525473 0.760341
    outer loop
      vertex 13.5368 -13.3745 7.10086
      vertex 17.2944 -10.0398 6.68303
      vertex 13.2493 -12.9788 6.68303
    endloop
  endfacet
  facet normal -0.307122 0.422708 0.85264
    outer loop
      vertex 16.9719 -9.59605 6.34687
      vertex 13.2493 -12.9788 6.68303
      vertex 17.2944 -10.0398 6.68303
    endloop
  endfacet
  facet normal -0.307102 0.422688 0.852657
    outer loop
      vertex 13.2493 -12.9788 6.68303
      vertex 16.9719 -9.59605 6.34687
      vertex 12.9268 -12.535 6.34687
    endloop
  endfacet
  facet normal -0.224944 0.30961 0.923873
    outer loop
      vertex 16.6226 -9.11517 6.10067
      vertex 12.5775 -12.0541 6.10067
      vertex 16.9137 -9.5159 6.30584
    endloop
  endfacet
  facet normal -0.137206 0.188848 0.972374
    outer loop
      vertex 16.6226 -9.11517 6.10067
      vertex 16.3161 -8.69341 5.97551
      vertex 12.5775 -12.0541 6.10067
    endloop
  endfacet
  facet normal -0.0460559 0.0633888 -0.996926
    outer loop
      vertex 12.2098 -11.548 14.0495
      vertex 16.192 -8.52258 14.0579
      vertex 16.2548 -8.60906 14.0495
    endloop
  endfacet
  facet normal -0.0461395 0.0634989 -0.996915
    outer loop
      vertex 16.192 -8.52258 14.0579
      vertex 12.2098 -11.548 14.0495
      vertex 11.8328 -11.0291 14.1
    endloop
  endfacet
  facet normal 0.809019 0.587782 -1.45674e-14
    outer loop
      vertex 12.2098 -11.548 14.0495
      vertex 11.4558 -10.5102 14.0495
      vertex 11.8328 -11.0291 14.1
    endloop
  endfacet
  facet normal -0.543032 0.747429 0.382708
    outer loop
      vertex 18.0251 -11.0456 8.13864
      vertex 13.98 -13.9845 8.13864
      vertex 18.1457 -11.2116 8.63396
    endloop
  endfacet
  facet normal -0.585982 0.806518 0.0784397
    outer loop
      vertex 18.2581 -11.3663 9.35862
      vertex 14.2427 -14.3461 10
      vertex 18.2878 -11.4071 10
    endloop
  endfacet
  facet normal -0.585964 0.80652 0.0785646
    outer loop
      vertex 14.2427 -14.3461 10
      vertex 18.2581 -11.3663 9.35862
      vertex 14.213 -14.3052 9.35862
    endloop
  endfacet
  facet normal -0.501164 0.689802 0.522501
    outer loop
      vertex 18.0251 -11.0456 8.13864
      vertex 17.8604 -10.819 7.68151
      vertex 13.98 -13.9845 8.13864
    endloop
  endfacet
  facet normal -0.571539 0.786665 0.233454
    outer loop
      vertex 18.1698 -11.2448 8.73303
      vertex 14.213 -14.3052 9.35862
      vertex 18.2581 -11.3663 9.35862
    endloop
  endfacet
  facet normal -0.571539 0.786665 0.233454
    outer loop
      vertex 14.213 -14.3052 9.35862
      vertex 18.1698 -11.2448 8.73303
      vertex 14.1247 -14.1837 8.73303
    endloop
  endfacet
  facet normal -0.54306 0.747467 0.382595
    outer loop
      vertex 18.1457 -11.2116 8.63396
      vertex 14.1247 -14.1837 8.73303
      vertex 18.1698 -11.2448 8.73303
    endloop
  endfacet
  facet normal -0.543035 0.747437 0.382689
    outer loop
      vertex 14.1247 -14.1837 8.73303
      vertex 18.1457 -11.2116 8.63396
      vertex 13.98 -13.9845 8.13864
    endloop
  endfacet
  facet normal 0.808675 0.588255 0.000277945
    outer loop
      vertex 13.98 -13.9845 8.13864
      vertex 13.7824 -13.7126 7.59008
      vertex 14.1247 -14.1837 8.73303
    endloop
  endfacet
  facet normal 0.0461582 -0.0635316 -0.996912
    outer loop
      vertex 11.4558 -10.5102 14.0495
      vertex 15.5009 -7.57128 14.0495
      vertex 15.815 -8.00369 14.0916
    endloop
  endfacet
  facet normal -0.381778 0.525479 -0.76034
    outer loop
      vertex 13.5368 -13.3745 12.8991
      vertex 17.2944 -10.0398 13.317
      vertex 17.5819 -10.4356 12.8991
    endloop
  endfacet
  facet normal -0.381823 0.525523 -0.760287
    outer loop
      vertex 17.2944 -10.0398 13.317
      vertex 13.5368 -13.3745 12.8991
      vertex 13.2493 -12.9788 13.317
    endloop
  endfacet
  facet normal 0.307063 -0.422639 -0.852695
    outer loop
      vertex 10.7387 -9.52322 13.6531
      vertex 14.4613 -6.14051 13.317
      vertex 14.7838 -6.5843 13.6531
    endloop
  endfacet
  facet normal 0.307092 -0.422668 -0.85267
    outer loop
      vertex 14.4613 -6.14051 13.317
      vertex 10.7387 -9.52322 13.6531
      vertex 10.4163 -9.07943 13.317
    endloop
  endfacet
  facet normal 0.809008 0.587797 9.86842e-06
    outer loop
      vertex 10.1287 -8.68364 12.8991
      vertex 10.7387 -9.52322 13.6531
      vertex 11.4558 -10.5102 14.0495
    endloop
  endfacet
  facet normal 0.501152 -0.689779 -0.522543
    outer loop
      vertex 13.7306 -5.13473 11.8614
      vertex 9.8831 -8.34561 12.4099
      vertex 9.68551 -8.07365 11.8614
    endloop
  endfacet
  facet normal 0.501171 -0.689795 -0.522505
    outer loop
      vertex 9.8831 -8.34561 12.4099
      vertex 13.7306 -5.13473 11.8614
      vertex 13.7635 -5.18006 11.9528
    endloop
  endfacet
  facet normal 0.809001 0.587808 1.52123e-05
    outer loop
      vertex 9.5408 -7.87447 11.267
      vertex 9.68551 -8.07365 11.8614
      vertex 10.1287 -8.68364 12.8991
    endloop
  endfacet
  facet normal 0.808997 0.587813 5.5077e-07
    outer loop
      vertex 14.1247 -14.1837 11.267
      vertex 14.2427 -14.3461 10
      vertex 13.7824 -13.7126 12.4099
    endloop
  endfacet
  facet normal 0.808827 0.588047 -4.51211e-05
    outer loop
      vertex 14.213 -14.3052 10.6414
      vertex 14.2427 -14.3461 10
      vertex 14.1247 -14.1837 11.267
    endloop
  endfacet
  facet normal -0.446919 0.615139 -0.649513
    outer loop
      vertex 13.7824 -13.7126 12.4099
      vertex 17.5819 -10.4356 12.8991
      vertex 17.8275 -10.7737 12.4099
    endloop
  endfacet
  facet normal -0.446919 0.615139 -0.649513
    outer loop
      vertex 17.5819 -10.4356 12.8991
      vertex 13.7824 -13.7126 12.4099
      vertex 13.5368 -13.3745 12.8991
    endloop
  endfacet
  facet normal 0.501167 -0.6898 0.522502
    outer loop
      vertex 9.8831 -8.34561 7.59008
      vertex 13.7306 -5.13473 8.13864
      vertex 9.68551 -8.07365 8.13864
    endloop
  endfacet
  facet normal 0.501226 -0.689849 0.52238
    outer loop
      vertex 13.7306 -5.13473 8.13864
      vertex 9.8831 -8.34561 7.59008
      vertex 13.7635 -5.18006 8.04721
    endloop
  endfacet
  facet normal 0.543042 -0.747439 0.382675
    outer loop
      vertex 9.68551 -8.07365 8.13864
      vertex 13.7065 -5.10153 8.23771
      vertex 9.5408 -7.87447 8.73303
    endloop
  endfacet
  facet normal 0.543063 -0.747465 0.382595
    outer loop
      vertex 13.7065 -5.10153 8.23771
      vertex 9.68551 -8.07365 8.13864
      vertex 13.7306 -5.13473 8.13864
    endloop
  endfacet
  facet normal 0.543038 -0.747432 -0.382695
    outer loop
      vertex 9.5408 -7.87447 11.267
      vertex 13.5859 -4.93555 11.267
      vertex 13.7065 -5.10153 11.7623
    endloop
  endfacet
  facet normal 0.446954 -0.615183 0.649447
    outer loop
      vertex 13.9282 -5.40669 7.59008
      vertex 10.1287 -8.68364 7.10086
      vertex 14.1738 -5.74472 7.10086
    endloop
  endfacet
  facet normal 0.446954 -0.615183 0.649447
    outer loop
      vertex 10.1287 -8.68364 7.10086
      vertex 13.9282 -5.40669 7.59008
      vertex 9.8831 -8.34561 7.59008
    endloop
  endfacet
  facet normal -0.224879 0.30952 -0.92392
    outer loop
      vertex 16.6226 -9.11517 13.8993
      vertex 16.9137 -9.5159 13.6942
      vertex 12.5775 -12.0541 13.8993
    endloop
  endfacet
  facet normal -0.137224 0.18888 -0.972365
    outer loop
      vertex 12.2098 -11.548 14.0495
      vertex 16.3161 -8.69341 14.0245
      vertex 12.5775 -12.0541 13.8993
    endloop
  endfacet
  facet normal -0.137045 0.188621 -0.972441
    outer loop
      vertex 16.3161 -8.69341 14.0245
      vertex 12.2098 -11.548 14.0495
      vertex 16.2548 -8.60906 14.0495
    endloop
  endfacet
  facet normal 0.137239 -0.188869 -0.972365
    outer loop
      vertex 11.0881 -10.0041 13.8993
      vertex 15.1944 -7.14953 13.9244
      vertex 11.4558 -10.5102 14.0495
    endloop
  endfacet
  facet normal 0.137552 -0.189321 -0.972233
    outer loop
      vertex 15.1944 -7.14953 13.9244
      vertex 11.0881 -10.0041 13.8993
      vertex 15.1331 -7.06517 13.8993
    endloop
  endfacet
  facet normal 0.38179 -0.525479 -0.760335
    outer loop
      vertex 10.4163 -9.07943 13.317
      vertex 14.1738 -5.74472 12.8991
      vertex 14.4613 -6.14051 13.317
    endloop
  endfacet
  facet normal 0.381757 -0.525447 -0.760373
    outer loop
      vertex 14.1738 -5.74472 12.8991
      vertex 10.4163 -9.07943 13.317
      vertex 10.1287 -8.68364 12.8991
    endloop
  endfacet
  facet normal 0.809219 0.587507 -0.000483172
    outer loop
      vertex 10.1287 -8.68364 12.8991
      vertex 10.4163 -9.07943 13.317
      vertex 10.7387 -9.52322 13.6531
    endloop
  endfacet
  facet normal 0.446947 -0.615173 -0.649462
    outer loop
      vertex 10.1287 -8.68364 12.8991
      vertex 13.9282 -5.40669 12.4099
      vertex 14.1738 -5.74472 12.8991
    endloop
  endfacet
  facet normal 0.446947 -0.615173 -0.649462
    outer loop
      vertex 13.9282 -5.40669 12.4099
      vertex 10.1287 -8.68364 12.8991
      vertex 9.8831 -8.34561 12.4099
    endloop
  endfacet
  facet normal -0.543004 0.74739 -0.382826
    outer loop
      vertex 14.1247 -14.1837 11.267
      vertex 18.1457 -11.2116 11.366
      vertex 18.1698 -11.2448 11.267
    endloop
  endfacet
  facet normal -0.543041 0.747435 -0.382684
    outer loop
      vertex 18.1457 -11.2116 11.366
      vertex 14.1247 -14.1837 11.267
      vertex 13.98 -13.9845 11.8614
    endloop
  endfacet
  facet normal -0.571539 0.786666 -0.233451
    outer loop
      vertex 14.213 -14.3052 10.6414
      vertex 18.1698 -11.2448 11.267
      vertex 18.2581 -11.3663 10.6414
    endloop
  endfacet
  facet normal -0.571539 0.786666 -0.233451
    outer loop
      vertex 18.1698 -11.2448 11.267
      vertex 14.213 -14.3052 10.6414
      vertex 14.1247 -14.1837 11.267
    endloop
  endfacet
  facet normal -0.307082 0.422653 -0.852681
    outer loop
      vertex 13.2493 -12.9788 13.317
      vertex 16.9719 -9.59605 13.6531
      vertex 17.2944 -10.0398 13.317
    endloop
  endfacet
  facet normal -0.307062 0.422633 -0.852698
    outer loop
      vertex 16.9719 -9.59605 13.6531
      vertex 13.2493 -12.9788 13.317
      vertex 12.9268 -12.535 13.6531
    endloop
  endfacet
  facet normal 0.80902 0.587781 -2.81975e-05
    outer loop
      vertex 13.7824 -13.7126 12.4099
      vertex 10.1287 -8.68364 12.8991
      vertex 13.2493 -12.9788 13.317
    endloop
  endfacet
  facet normal 0.809021 0.58778 0
    outer loop
      vertex 13.7824 -13.7126 12.4099
      vertex 10.1287 -8.68364 7.10086
      vertex 10.1287 -8.68364 12.8991
    endloop
  endfacet
  facet normal 0.809021 0.58778 0
    outer loop
      vertex 10.1287 -8.68364 7.10086
      vertex 13.7824 -13.7126 12.4099
      vertex 13.7824 -13.7126 7.59008
    endloop
  endfacet
  facet normal 0.585978 -0.806521 -0.0784475
    outer loop
      vertex 13.4679 -4.7732 10
      vertex 9.45252 -7.75296 10.6414
      vertex 9.42285 -7.71213 10
    endloop
  endfacet
  facet normal 0.585972 -0.806522 -0.0784872
    outer loop
      vertex 9.45252 -7.75296 10.6414
      vertex 13.4679 -4.7732 10
      vertex 13.4976 -4.81404 10.6414
    endloop
  endfacet
  facet normal 0.571544 -0.786664 -0.233445
    outer loop
      vertex 13.4976 -4.81404 10.6414
      vertex 9.5408 -7.87447 11.267
      vertex 9.45252 -7.75296 10.6414
    endloop
  endfacet
  facet normal 0.57154 -0.786662 -0.233463
    outer loop
      vertex 9.5408 -7.87447 11.267
      vertex 13.4976 -4.81404 10.6414
      vertex 13.5859 -4.93555 11.267
    endloop
  endfacet
  facet normal -0.22527 0.310057 -0.923644
    outer loop
      vertex 12.9268 -12.535 13.6531
      vertex 16.9137 -9.5159 13.6942
      vertex 16.9719 -9.59605 13.6531
    endloop
  endfacet
  facet normal -0.224929 0.309609 -0.923877
    outer loop
      vertex 16.9137 -9.5159 13.6942
      vertex 12.9268 -12.535 13.6531
      vertex 12.5775 -12.0541 13.8993
    endloop
  endfacet
  facet normal 0.808918 0.58792 -0.000713607
    outer loop
      vertex 12.5775 -12.0541 13.8993
      vertex 12.9268 -12.535 13.6531
      vertex 12.2098 -11.548 14.0495
    endloop
  endfacet
  facet normal -0.585983 0.806519 -0.0784372
    outer loop
      vertex 14.2427 -14.3461 10
      vertex 18.2581 -11.3663 10.6414
      vertex 18.2878 -11.4071 10
    endloop
  endfacet
  facet normal -0.585964 0.80652 -0.0785622
    outer loop
      vertex 18.2581 -11.3663 10.6414
      vertex 14.2427 -14.3461 10
      vertex 14.213 -14.3052 10.6414
    endloop
  endfacet
  facet normal 0.224972 -0.309649 -0.923854
    outer loop
      vertex 10.7387 -9.52322 13.6531
      vertex 14.7838 -6.5843 13.6531
      vertex 15.0749 -6.98503 13.8583
    endloop
  endfacet
  facet normal 0.224821 -0.309432 -0.923963
    outer loop
      vertex 11.0881 -10.0041 13.8993
      vertex 15.0749 -6.98503 13.8583
      vertex 15.1331 -7.06517 13.8993
    endloop
  endfacet
  facet normal 0.224932 -0.309578 -0.923887
    outer loop
      vertex 15.0749 -6.98503 13.8583
      vertex 11.0881 -10.0041 13.8993
      vertex 10.7387 -9.52322 13.6531
    endloop
  endfacet
  facet normal 0.809045 0.587747 -0.000181725
    outer loop
      vertex 10.7387 -9.52322 13.6531
      vertex 11.0881 -10.0041 13.8993
      vertex 11.4558 -10.5102 14.0495
    endloop
  endfacet
  facet normal -0.543045 0.747447 -0.382655
    outer loop
      vertex 18.0251 -11.0456 11.8614
      vertex 18.1457 -11.2116 11.366
      vertex 13.98 -13.9845 11.8614
    endloop
  endfacet
  facet normal -0.137247 0.188905 -0.972357
    outer loop
      vertex 16.6226 -9.11517 13.8993
      vertex 12.5775 -12.0541 13.8993
      vertex 16.3161 -8.69341 14.0245
    endloop
  endfacet
  facet normal 0.808856 0.588007 -0.000306776
    outer loop
      vertex 13.5368 -13.3745 12.8991
      vertex 13.7824 -13.7126 12.4099
      vertex 13.2493 -12.9788 13.317
    endloop
  endfacet
  facet normal -0.501241 0.689868 -0.52234
    outer loop
      vertex 13.98 -13.9845 11.8614
      vertex 17.8275 -10.7737 12.4099
      vertex 17.8604 -10.819 12.3185
    endloop
  endfacet
  facet normal -0.501166 0.689805 -0.522495
    outer loop
      vertex 17.8275 -10.7737 12.4099
      vertex 13.98 -13.9845 11.8614
      vertex 13.7824 -13.7126 12.4099
    endloop
  endfacet
  facet normal -0.501155 0.68979 -0.522526
    outer loop
      vertex 18.0251 -11.0456 11.8614
      vertex 13.98 -13.9845 11.8614
      vertex 17.8604 -10.819 12.3185
    endloop
  endfacet
  facet normal -0.137237 0.188887 0.972362
    outer loop
      vertex 91.9028 -112.73 5.95048
      vertex 88.2254 -116.175 6.10067
      vertex 92.2705 -113.236 6.10067
    endloop
  endfacet
  facet normal -0.137039 0.188678 0.97243
    outer loop
      vertex 88.2254 -116.175 6.10067
      vertex 91.9028 -112.73 5.95048
      vertex 87.8577 -115.668 5.95048
    endloop
  endfacet
  facet normal 0.046113 -0.0634678 -0.996918
    outer loop
      vertex 91.2116 -111.778 14.0579
      vertex 91.5258 -112.211 14.1
      vertex 87.4807 -115.15 14.1
    endloop
  endfacet
  facet normal 0.809055 0.587733 0.000102762
    outer loop
      vertex 89.4304 -117.833 12.4099
      vertex 89.7727 -118.304 11.267
      vertex 89.1848 -117.495 12.8991
    endloop
  endfacet
  facet normal 0.809088 0.587687 0.000210792
    outer loop
      vertex 85.3335 -112.194 8.13864
      vertex 85.1888 -111.995 8.73303
      vertex 85.0708 -111.833 10
    endloop
  endfacet
  facet normal 0.80917 0.587575 0.000130286
    outer loop
      vertex 86.3867 -113.644 6.34687
      vertex 85.5311 -112.466 7.59008
      vertex 85.3335 -112.194 8.13864
    endloop
  endfacet
  facet normal 0.809056 0.587732 9.64304e-05
    outer loop
      vertex 85.5311 -112.466 12.4099
      vertex 86.0642 -113.2 13.317
      vertex 86.3867 -113.644 13.6531
    endloop
  endfacet
  facet normal 0.81088 0.585128 -0.00999218
    outer loop
      vertex 88.2254 -116.175 6.10067
      vertex 87.8577 -115.668 5.95048
      vertex 88.5748 -116.655 6.34687
    endloop
  endfacet
  facet normal 0.585946 -0.806641 0.0774397
    outer loop
      vertex 85.1005 -111.873 9.35862
      vertex 89.1406 -108.928 9.46552
      vertex 85.0708 -111.833 10
    endloop
  endfacet
  facet normal 0.585769 -0.806499 0.080209
    outer loop
      vertex 89.1406 -108.928 9.46552
      vertex 85.1005 -111.873 9.35862
      vertex 89.1456 -108.935 9.35862
    endloop
  endfacet
  facet normal 0.808786 0.588101 -0.00149272
    outer loop
      vertex 87.8577 -115.668 5.95048
      vertex 86.736 -114.125 6.10067
      vertex 86.3867 -113.644 6.34687
    endloop
  endfacet
  facet normal 0.54311 -0.747492 0.382474
    outer loop
      vertex 85.3335 -112.194 8.13864
      vertex 89.2338 -109.056 8.73303
      vertex 85.1888 -111.995 8.73303
    endloop
  endfacet
  facet normal 0.543359 -0.747669 0.381774
    outer loop
      vertex 89.2338 -109.056 8.73303
      vertex 85.3335 -112.194 8.13864
      vertex 89.258 -109.089 8.63396
    endloop
  endfacet
  facet normal 0.809055 0.587733 -0.000102757
    outer loop
      vertex 89.4304 -117.833 7.59008
      vertex 89.1848 -117.495 7.10086
      vertex 89.7727 -118.304 8.73303
    endloop
  endfacet
  facet normal 0.38167 -0.525313 0.760509
    outer loop
      vertex 86.0642 -113.2 6.68303
      vertex 90.1093 -110.261 6.68303
      vertex 89.8697 -109.931 7.03122
    endloop
  endfacet
  facet normal 0.543111 -0.747494 -0.382469
    outer loop
      vertex 89.2338 -109.056 11.267
      vertex 85.3335 -112.194 11.8614
      vertex 85.1888 -111.995 11.267
    endloop
  endfacet
  facet normal 0.543277 -0.747612 -0.382005
    outer loop
      vertex 85.3335 -112.194 11.8614
      vertex 89.2338 -109.056 11.267
      vertex 89.258 -109.089 11.366
    endloop
  endfacet
  facet normal 0.381556 -0.525142 0.760684
    outer loop
      vertex 85.7767 -112.804 7.10086
      vertex 89.8697 -109.931 7.03122
      vertex 89.8217 -109.865 7.10086
    endloop
  endfacet
  facet normal 0.381678 -0.525321 0.7605
    outer loop
      vertex 89.8697 -109.931 7.03122
      vertex 85.7767 -112.804 7.10086
      vertex 86.0642 -113.2 6.68303
    endloop
  endfacet
  facet normal 0.808948 0.58788 0.000236753
    outer loop
      vertex 87.8577 -115.668 5.95048
      vertex 86.3867 -113.644 6.34687
      vertex 89.861 -118.426 9.35862
    endloop
  endfacet
  facet normal 0.809134 0.587624 -0.000185153
    outer loop
      vertex 89.1848 -117.495 7.10086
      vertex 87.8577 -115.668 5.95048
      vertex 89.7727 -118.304 8.73303
    endloop
  endfacet
  facet normal -0.0461209 0.0635003 -0.996916
    outer loop
      vertex 87.8577 -115.668 14.0495
      vertex 91.5258 -112.211 14.1
      vertex 91.9028 -112.73 14.0495
    endloop
  endfacet
  facet normal -0.0461891 0.0635725 -0.996908
    outer loop
      vertex 91.5258 -112.211 14.1
      vertex 87.8577 -115.668 14.0495
      vertex 87.4807 -115.15 14.1
    endloop
  endfacet
  facet normal 0.307028 -0.422569 -0.852742
    outer loop
      vertex 86.3867 -113.644 13.6531
      vertex 90.1093 -110.261 13.317
      vertex 90.4317 -110.705 13.6531
    endloop
  endfacet
  facet normal 0.307 -0.42254 -0.852767
    outer loop
      vertex 90.1093 -110.261 13.317
      vertex 86.3867 -113.644 13.6531
      vertex 86.0642 -113.2 13.317
    endloop
  endfacet
  facet normal 0.809126 0.587635 0.00114717
    outer loop
      vertex 87.4807 -115.15 5.9
      vertex 87.1037 -114.631 5.95048
      vertex 86.736 -114.125 6.10067
    endloop
  endfacet
  facet normal 0.809019 0.587782 0
    outer loop
      vertex 89.861 -118.426 10.6414
      vertex 86.3867 -113.644 6.34687
      vertex 86.3867 -113.644 13.6531
    endloop
  endfacet
  facet normal 0.809019 0.587782 0
    outer loop
      vertex 86.3867 -113.644 6.34687
      vertex 89.861 -118.426 10.6414
      vertex 89.861 -118.426 9.35862
    endloop
  endfacet
  facet normal -0.22479 0.309496 0.923949
    outer loop
      vertex 92.6199 -113.717 6.34687
      vertex 92.3287 -113.316 6.1417
      vertex 88.5748 -116.655 6.34687
    endloop
  endfacet
  facet normal -0.225181 0.309928 0.923709
    outer loop
      vertex 88.2254 -116.175 6.10067
      vertex 92.3287 -113.316 6.1417
      vertex 92.2705 -113.236 6.10067
    endloop
  endfacet
  facet normal -0.225159 0.309897 0.923725
    outer loop
      vertex 92.3287 -113.316 6.1417
      vertex 88.2254 -116.175 6.10067
      vertex 88.5748 -116.655 6.34687
    endloop
  endfacet
  facet normal -0.0461028 0.0634753 0.996918
    outer loop
      vertex 91.5258 -112.211 5.9
      vertex 87.8577 -115.668 5.95048
      vertex 91.9028 -112.73 5.95048
    endloop
  endfacet
  facet normal -0.0461709 0.0635475 0.99691
    outer loop
      vertex 87.8577 -115.668 5.95048
      vertex 91.5258 -112.211 5.9
      vertex 87.4807 -115.15 5.9
    endloop
  endfacet
  facet normal -0.571468 0.786541 -0.234045
    outer loop
      vertex 89.861 -118.426 10.6414
      vertex 93.8178 -115.365 11.267
      vertex 93.9061 -115.487 10.6414
    endloop
  endfacet
  facet normal -0.571468 0.786541 -0.234045
    outer loop
      vertex 93.8178 -115.365 11.267
      vertex 89.861 -118.426 10.6414
      vertex 89.7727 -118.304 11.267
    endloop
  endfacet
  facet normal -0.543101 0.747499 0.382474
    outer loop
      vertex 93.6731 -115.166 8.13864
      vertex 89.7727 -118.304 8.73303
      vertex 93.8178 -115.365 8.73303
    endloop
  endfacet
  facet normal -0.543101 0.747499 0.382474
    outer loop
      vertex 89.7727 -118.304 8.73303
      vertex 93.6731 -115.166 8.13864
      vertex 89.628 -118.105 8.13864
    endloop
  endfacet
  facet normal 0.808834 0.588037 0.000953201
    outer loop
      vertex 88.5748 -116.655 6.34687
      vertex 87.8577 -115.668 5.95048
      vertex 88.8972 -117.099 6.68303
    endloop
  endfacet
  facet normal -0.137246 0.188899 -0.972358
    outer loop
      vertex 88.2254 -116.175 13.8993
      vertex 91.9028 -112.73 14.0495
      vertex 92.2705 -113.236 13.8993
    endloop
  endfacet
  facet normal -0.137048 0.18869 -0.972427
    outer loop
      vertex 91.9028 -112.73 14.0495
      vertex 88.2254 -116.175 13.8993
      vertex 87.8577 -115.668 14.0495
    endloop
  endfacet
  facet normal 0.80869 0.588225 0.00348143
    outer loop
      vertex 87.8577 -115.668 14.0495
      vertex 86.736 -114.125 13.8993
      vertex 87.4807 -115.15 14.1
    endloop
  endfacet
  facet normal 0.50116 -0.689772 0.522545
    outer loop
      vertex 85.5311 -112.466 7.59008
      vertex 89.3786 -109.255 8.13864
      vertex 85.3335 -112.194 8.13864
    endloop
  endfacet
  facet normal 0.501192 -0.689799 0.522478
    outer loop
      vertex 89.3786 -109.255 8.13864
      vertex 85.5311 -112.466 7.59008
      vertex 89.5761 -109.527 7.59008
    endloop
  endfacet
  facet normal 0.501145 -0.689752 -0.522586
    outer loop
      vertex 89.3786 -109.255 11.8614
      vertex 85.5311 -112.466 12.4099
      vertex 85.3335 -112.194 11.8614
    endloop
  endfacet
  facet normal 0.501177 -0.689779 -0.52252
    outer loop
      vertex 85.5311 -112.466 12.4099
      vertex 89.3786 -109.255 11.8614
      vertex 89.5761 -109.527 12.4099
    endloop
  endfacet
  facet normal 0.446832 -0.614982 -0.649722
    outer loop
      vertex 85.5311 -112.466 12.4099
      vertex 89.5761 -109.527 12.4099
      vertex 89.7808 -109.809 12.8176
    endloop
  endfacet
  facet normal 0.809011 0.587794 -0.000226984
    outer loop
      vertex 88.8972 -117.099 13.317
      vertex 89.1848 -117.495 12.8991
      vertex 87.8577 -115.668 14.0495
    endloop
  endfacet
  facet normal 0.381677 -0.525322 -0.7605
    outer loop
      vertex 89.8697 -109.931 12.9688
      vertex 90.1093 -110.261 13.317
      vertex 86.0642 -113.2 13.317
    endloop
  endfacet
  facet normal 0.224897 -0.309537 0.923909
    outer loop
      vertex 90.4317 -110.705 6.34687
      vertex 86.736 -114.125 6.10067
      vertex 90.7811 -111.186 6.10067
    endloop
  endfacet
  facet normal 0.224919 -0.309561 0.923896
    outer loop
      vertex 86.736 -114.125 6.10067
      vertex 90.4317 -110.705 6.34687
      vertex 86.3867 -113.644 6.34687
    endloop
  endfacet
  facet normal -0.307124 0.422712 0.852637
    outer loop
      vertex 92.8886 -114.086 6.627
      vertex 88.8972 -117.099 6.68303
      vertex 92.9423 -114.16 6.68303
    endloop
  endfacet
  facet normal -0.307061 0.422629 0.852701
    outer loop
      vertex 88.8972 -117.099 6.68303
      vertex 92.8886 -114.086 6.627
      vertex 88.5748 -116.655 6.34687
    endloop
  endfacet
  facet normal 0.137376 -0.189078 0.972305
    outer loop
      vertex 91.0875 -111.607 5.97551
      vertex 90.7811 -111.186 6.10067
      vertex 86.736 -114.125 6.10067
    endloop
  endfacet
  facet normal 0.813471 0.581603 -0.00139688
    outer loop
      vertex 85.0708 -111.833 10
      vertex 85.1005 -111.873 10.6414
      vertex 85.1888 -111.995 11.267
    endloop
  endfacet
  facet normal 0.585769 -0.806499 -0.080209
    outer loop
      vertex 85.1005 -111.873 10.6414
      vertex 89.1406 -108.928 10.5345
      vertex 89.1456 -108.935 10.6414
    endloop
  endfacet
  facet normal 0.585946 -0.806642 -0.0774373
    outer loop
      vertex 89.1406 -108.928 10.5345
      vertex 85.1005 -111.873 10.6414
      vertex 85.0708 -111.833 10
    endloop
  endfacet
  facet normal 0.809056 0.587732 -9.64713e-05
    outer loop
      vertex 86.3867 -113.644 6.34687
      vertex 86.0642 -113.2 6.68303
      vertex 85.5311 -112.466 7.59008
    endloop
  endfacet
  facet normal 0.808771 0.588123 0.000538034
    outer loop
      vertex 89.7727 -118.304 8.73303
      vertex 87.8577 -115.668 5.95048
      vertex 89.861 -118.426 9.35862
    endloop
  endfacet
  facet normal 0.80869 0.588225 -0.00348223
    outer loop
      vertex 87.8577 -115.668 5.95048
      vertex 87.4807 -115.15 5.9
      vertex 86.736 -114.125 6.10067
    endloop
  endfacet
  facet normal -0.38165 0.525285 0.760538
    outer loop
      vertex 92.9423 -114.16 6.68303
      vertex 89.1848 -117.495 7.10086
      vertex 93.2299 -114.556 7.10086
    endloop
  endfacet
  facet normal -0.38165 0.525285 0.760538
    outer loop
      vertex 89.1848 -117.495 7.10086
      vertex 92.9423 -114.16 6.68303
      vertex 88.8972 -117.099 6.68303
    endloop
  endfacet
  facet normal 0.809011 0.587794 0.000227072
    outer loop
      vertex 88.8972 -117.099 6.68303
      vertex 87.8577 -115.668 5.95048
      vertex 89.1848 -117.495 7.10086
    endloop
  endfacet
  facet normal -0.501145 0.689752 -0.522586
    outer loop
      vertex 89.628 -118.105 11.8614
      vertex 93.4755 -114.894 12.4099
      vertex 93.6731 -115.166 11.8614
    endloop
  endfacet
  facet normal -0.501145 0.689752 -0.522586
    outer loop
      vertex 93.4755 -114.894 12.4099
      vertex 89.628 -118.105 11.8614
      vertex 89.4304 -117.833 12.4099
    endloop
  endfacet
  facet normal -0.225155 0.3099 -0.923725
    outer loop
      vertex 88.2254 -116.175 13.8993
      vertex 92.3287 -113.316 13.8583
      vertex 88.5748 -116.655 13.6531
    endloop
  endfacet
  facet normal -0.22504 0.309735 -0.923808
    outer loop
      vertex 92.3287 -113.316 13.8583
      vertex 88.2254 -116.175 13.8993
      vertex 92.2705 -113.236 13.8993
    endloop
  endfacet
  facet normal 0.307068 -0.422624 0.852701
    outer loop
      vertex 90.1093 -110.261 6.68303
      vertex 86.3867 -113.644 6.34687
      vertex 90.4317 -110.705 6.34687
    endloop
  endfacet
  facet normal 0.307039 -0.422595 0.852725
    outer loop
      vertex 86.3867 -113.644 6.34687
      vertex 90.1093 -110.261 6.68303
      vertex 86.0642 -113.2 6.68303
    endloop
  endfacet
  facet normal 0.571341 -0.786634 -0.234045
    outer loop
      vertex 89.1456 -108.935 10.6414
      vertex 85.1888 -111.995 11.267
      vertex 85.1005 -111.873 10.6414
    endloop
  endfacet
  facet normal 0.571657 -0.786782 -0.23277
    outer loop
      vertex 85.1888 -111.995 11.267
      vertex 89.1456 -108.935 10.6414
      vertex 89.2338 -109.056 11.267
    endloop
  endfacet
  facet normal 0.809088 0.587687 -0.000210786
    outer loop
      vertex 85.0708 -111.833 10
      vertex 85.1888 -111.995 11.267
      vertex 85.3335 -112.194 11.8614
    endloop
  endfacet
  facet normal 0.543057 -0.747438 -0.382655
    outer loop
      vertex 89.258 -109.089 11.366
      vertex 89.3786 -109.255 11.8614
      vertex 85.3335 -112.194 11.8614
    endloop
  endfacet
  facet normal 0.543044 -0.74742 0.382708
    outer loop
      vertex 85.3335 -112.194 8.13864
      vertex 89.3786 -109.255 8.13864
      vertex 89.258 -109.089 8.63396
    endloop
  endfacet
  facet normal 0.137417 -0.189135 -0.972288
    outer loop
      vertex 86.736 -114.125 13.8993
      vertex 90.7811 -111.186 13.8993
      vertex 91.0875 -111.607 14.0245
    endloop
  endfacet
  facet normal 0.447679 -0.616149 -0.64803
    outer loop
      vertex 85.7767 -112.804 12.8991
      vertex 89.7808 -109.809 12.8176
      vertex 89.8217 -109.865 12.8991
    endloop
  endfacet
  facet normal 0.446941 -0.6152 -0.64944
    outer loop
      vertex 89.7808 -109.809 12.8176
      vertex 85.7767 -112.804 12.8991
      vertex 85.5311 -112.466 12.4099
    endloop
  endfacet
  facet normal 0.585985 -0.806522 -0.0783827
    outer loop
      vertex 85.0708 -111.833 10
      vertex 89.1159 -108.894 10
      vertex 89.1406 -108.928 10.5345
    endloop
  endfacet
  facet normal 0.585985 -0.806522 0.0783857
    outer loop
      vertex 89.1406 -108.928 9.46552
      vertex 89.1159 -108.894 10
      vertex 85.0708 -111.833 10
    endloop
  endfacet
  facet normal -0.50116 0.689772 0.522545
    outer loop
      vertex 93.4755 -114.894 7.59008
      vertex 89.628 -118.105 8.13864
      vertex 93.6731 -115.166 8.13864
    endloop
  endfacet
  facet normal -0.50116 0.689772 0.522545
    outer loop
      vertex 89.628 -118.105 8.13864
      vertex 93.4755 -114.894 7.59008
      vertex 89.4304 -117.833 7.59008
    endloop
  endfacet
  facet normal 0.809576 0.587014 -0.000555026
    outer loop
      vertex 89.628 -118.105 8.13864
      vertex 89.4304 -117.833 7.59008
      vertex 89.7727 -118.304 8.73303
    endloop
  endfacet
  facet normal -0.571467 0.786541 0.234049
    outer loop
      vertex 93.8178 -115.365 8.73303
      vertex 89.861 -118.426 9.35862
      vertex 93.9061 -115.487 9.35862
    endloop
  endfacet
  facet normal -0.571467 0.786541 0.234049
    outer loop
      vertex 89.861 -118.426 9.35862
      vertex 93.8178 -115.365 8.73303
      vertex 89.7727 -118.304 8.73303
    endloop
  endfacet
  facet normal 0.810784 0.585346 0
    outer loop
      vertex 89.8906 -118.467 10
      vertex 89.861 -118.426 9.35862
      vertex 89.861 -118.426 10.6414
    endloop
  endfacet
  facet normal 0.0460695 -0.0634078 0.996924
    outer loop
      vertex 87.4807 -115.15 5.9
      vertex 91.5258 -112.211 5.9
      vertex 91.2116 -111.778 5.94206
    endloop
  endfacet
  facet normal 0.813471 0.581603 0.00139693
    outer loop
      vertex 85.1888 -111.995 8.73303
      vertex 85.1005 -111.873 9.35862
      vertex 85.0708 -111.833 10
    endloop
  endfacet
  facet normal 0.57134 -0.786633 0.234049
    outer loop
      vertex 85.1888 -111.995 8.73303
      vertex 89.1456 -108.935 9.35862
      vertex 85.1005 -111.873 9.35862
    endloop
  endfacet
  facet normal 0.571657 -0.786782 0.232773
    outer loop
      vertex 89.1456 -108.935 9.35862
      vertex 85.1888 -111.995 8.73303
      vertex 89.2338 -109.056 8.73303
    endloop
  endfacet
  facet normal -0.307378 0.423205 0.852301
    outer loop
      vertex 92.6199 -113.717 6.34687
      vertex 88.5748 -116.655 6.34687
      vertex 92.8886 -114.086 6.627
    endloop
  endfacet
  facet normal -0.446973 0.615193 0.649425
    outer loop
      vertex 93.2299 -114.556 7.10086
      vertex 89.4304 -117.833 7.59008
      vertex 93.4755 -114.894 7.59008
    endloop
  endfacet
  facet normal -0.446973 0.615193 0.649425
    outer loop
      vertex 89.4304 -117.833 7.59008
      vertex 93.2299 -114.556 7.10086
      vertex 89.1848 -117.495 7.10086
    endloop
  endfacet
  facet normal -0.446965 0.615182 -0.64944
    outer loop
      vertex 89.4304 -117.833 12.4099
      vertex 93.2299 -114.556 12.8991
      vertex 93.4755 -114.894 12.4099
    endloop
  endfacet
  facet normal -0.446965 0.615182 -0.64944
    outer loop
      vertex 93.2299 -114.556 12.8991
      vertex 89.4304 -117.833 12.4099
      vertex 89.1848 -117.495 12.8991
    endloop
  endfacet
  facet normal 0.81088 0.585127 0.00999309
    outer loop
      vertex 88.2254 -116.175 13.8993
      vertex 88.5748 -116.655 13.6531
      vertex 87.8577 -115.668 14.0495
    endloop
  endfacet
  facet normal 0.808786 0.588101 0.00149275
    outer loop
      vertex 86.3867 -113.644 13.6531
      vertex 86.736 -114.125 13.8993
      vertex 87.8577 -115.668 14.0495
    endloop
  endfacet
  facet normal 0.446822 -0.61497 0.64974
    outer loop
      vertex 89.7808 -109.809 7.1824
      vertex 89.5761 -109.527 7.59008
      vertex 85.5311 -112.466 7.59008
    endloop
  endfacet
  facet normal 0.224897 -0.309537 -0.923909
    outer loop
      vertex 86.736 -114.125 13.8993
      vertex 90.4317 -110.705 13.6531
      vertex 90.7811 -111.186 13.8993
    endloop
  endfacet
  facet normal 0.224919 -0.309561 -0.923896
    outer loop
      vertex 90.4317 -110.705 13.6531
      vertex 86.736 -114.125 13.8993
      vertex 86.3867 -113.644 13.6531
    endloop
  endfacet
  facet normal 0.808948 0.58788 -0.000236754
    outer loop
      vertex 89.861 -118.426 10.6414
      vertex 86.3867 -113.644 13.6531
      vertex 87.8577 -115.668 14.0495
    endloop
  endfacet
  facet normal 0.136394 -0.187726 -0.972705
    outer loop
      vertex 87.1037 -114.631 14.0495
      vertex 91.0875 -111.607 14.0245
      vertex 91.1488 -111.692 14.0495
    endloop
  endfacet
  facet normal 0.137272 -0.18888 -0.972358
    outer loop
      vertex 91.0875 -111.607 14.0245
      vertex 87.1037 -114.631 14.0495
      vertex 86.736 -114.125 13.8993
    endloop
  endfacet
  facet normal 0.381721 -0.525368 -0.760446
    outer loop
      vertex 85.7767 -112.804 12.8991
      vertex 89.8697 -109.931 12.9688
      vertex 86.0642 -113.2 13.317
    endloop
  endfacet
  facet normal 0.381746 -0.525404 -0.760408
    outer loop
      vertex 89.8697 -109.931 12.9688
      vertex 85.7767 -112.804 12.8991
      vertex 89.8217 -109.865 12.8991
    endloop
  endfacet
  facet normal 0.80986 0.586621 -0.00127484
    outer loop
      vertex 85.5311 -112.466 12.4099
      vertex 85.7767 -112.804 12.8991
      vertex 86.0642 -113.2 13.317
    endloop
  endfacet
  facet normal 0.808989 0.587824 -0
    outer loop
      vertex 86.3867 -113.644 6.34687
      vertex 85.0708 -111.833 10
      vertex 86.3867 -113.644 13.6531
    endloop
  endfacet
  facet normal 0.809257 0.587454 0.000279908
    outer loop
      vertex 86.3867 -113.644 6.34687
      vertex 85.3335 -112.194 8.13864
      vertex 85.0708 -111.833 10
    endloop
  endfacet
  facet normal 0.809257 0.587454 -0.000279896
    outer loop
      vertex 85.0708 -111.833 10
      vertex 85.3335 -112.194 11.8614
      vertex 86.3867 -113.644 13.6531
    endloop
  endfacet
  facet normal 0.80917 0.587575 -0.000130315
    outer loop
      vertex 85.3335 -112.194 11.8614
      vertex 85.5311 -112.466 12.4099
      vertex 86.3867 -113.644 13.6531
    endloop
  endfacet
  facet normal 0.136549 -0.187939 0.972642
    outer loop
      vertex 91.0875 -111.607 5.97551
      vertex 87.1037 -114.631 5.95048
      vertex 91.1488 -111.692 5.95048
    endloop
  endfacet
  facet normal 0.137258 -0.188872 0.972362
    outer loop
      vertex 87.1037 -114.631 5.95048
      vertex 91.0875 -111.607 5.97551
      vertex 86.736 -114.125 6.10067
    endloop
  endfacet
  facet normal 0.046332 -0.0637692 0.996889
    outer loop
      vertex 87.1037 -114.631 5.95048
      vertex 91.2116 -111.778 5.94206
      vertex 91.1488 -111.692 5.95048
    endloop
  endfacet
  facet normal 0.0461195 -0.0634631 0.996918
    outer loop
      vertex 91.2116 -111.778 5.94206
      vertex 87.1037 -114.631 5.95048
      vertex 87.4807 -115.15 5.9
    endloop
  endfacet
  facet normal 0.808833 0.588037 -0.000953591
    outer loop
      vertex 88.5748 -116.655 13.6531
      vertex 88.8972 -117.099 13.317
      vertex 87.8577 -115.668 14.0495
    endloop
  endfacet
  facet normal -0.307005 0.422547 -0.852761
    outer loop
      vertex 88.8972 -117.099 13.317
      vertex 92.8886 -114.086 13.373
      vertex 92.9423 -114.16 13.317
    endloop
  endfacet
  facet normal -0.307024 0.422572 -0.852742
    outer loop
      vertex 92.8886 -114.086 13.373
      vertex 88.8972 -117.099 13.317
      vertex 88.5748 -116.655 13.6531
    endloop
  endfacet
  facet normal -0.224818 0.309534 -0.923929
    outer loop
      vertex 92.6199 -113.717 13.6531
      vertex 88.5748 -116.655 13.6531
      vertex 92.3287 -113.316 13.8583
    endloop
  endfacet
  facet normal -0.381687 0.525336 -0.760484
    outer loop
      vertex 89.1848 -117.495 12.8991
      vertex 92.9423 -114.16 13.317
      vertex 93.2299 -114.556 12.8991
    endloop
  endfacet
  facet normal -0.381687 0.525336 -0.760484
    outer loop
      vertex 92.9423 -114.16 13.317
      vertex 89.1848 -117.495 12.8991
      vertex 88.8972 -117.099 13.317
    endloop
  endfacet
  facet normal 0.80986 0.586622 0.00127407
    outer loop
      vertex 86.0642 -113.2 6.68303
      vertex 85.7767 -112.804 7.10086
      vertex 85.5311 -112.466 7.59008
    endloop
  endfacet
  facet normal 0.447772 -0.616276 0.647846
    outer loop
      vertex 89.7808 -109.809 7.1824
      vertex 85.7767 -112.804 7.10086
      vertex 89.8217 -109.865 7.10086
    endloop
  endfacet
  facet normal 0.446944 -0.615214 0.649425
    outer loop
      vertex 85.7767 -112.804 7.10086
      vertex 89.7808 -109.809 7.1824
      vertex 85.5311 -112.466 7.59008
    endloop
  endfacet
  facet normal 0.809126 0.587635 -0.00114727
    outer loop
      vertex 86.736 -114.125 13.8993
      vertex 87.1037 -114.631 14.0495
      vertex 87.4807 -115.15 14.1
    endloop
  endfacet
  facet normal 0.0461339 -0.0634908 -0.996916
    outer loop
      vertex 87.1037 -114.631 14.0495
      vertex 91.2116 -111.778 14.0579
      vertex 87.4807 -115.15 14.1
    endloop
  endfacet
  facet normal 0.0462227 -0.0636187 -0.996903
    outer loop
      vertex 91.2116 -111.778 14.0579
      vertex 87.1037 -114.631 14.0495
      vertex 91.1488 -111.692 14.0495
    endloop
  endfacet
  facet normal 0.809576 0.587014 0.000554871
    outer loop
      vertex 89.628 -118.105 11.8614
      vertex 89.7727 -118.304 11.267
      vertex 89.4304 -117.833 12.4099
    endloop
  endfacet
  facet normal 0.808771 0.588123 -0.000538021
    outer loop
      vertex 89.7727 -118.304 11.267
      vertex 89.861 -118.426 10.6414
      vertex 87.8577 -115.668 14.0495
    endloop
  endfacet
  facet normal 0.809134 0.587624 0.000185166
    outer loop
      vertex 89.1848 -117.495 12.8991
      vertex 89.7727 -118.304 11.267
      vertex 87.8577 -115.668 14.0495
    endloop
  endfacet
  facet normal -0.585975 0.806508 0.0785988
    outer loop
      vertex 93.9061 -115.487 9.35862
      vertex 89.8906 -118.467 10
      vertex 93.9357 -115.528 10
    endloop
  endfacet
  facet normal -0.585975 0.806508 0.0785988
    outer loop
      vertex 89.8906 -118.467 10
      vertex 93.9061 -115.487 9.35862
      vertex 89.861 -118.426 9.35862
    endloop
  endfacet
  facet normal -0.307354 0.423172 -0.852326
    outer loop
      vertex 92.6199 -113.717 13.6531
      vertex 92.8886 -114.086 13.373
      vertex 88.5748 -116.655 13.6531
    endloop
  endfacet
  facet normal -0.543103 0.747501 -0.382469
    outer loop
      vertex 89.7727 -118.304 11.267
      vertex 93.6731 -115.166 11.8614
      vertex 93.8178 -115.365 11.267
    endloop
  endfacet
  facet normal -0.543103 0.747501 -0.382469
    outer loop
      vertex 93.6731 -115.166 11.8614
      vertex 89.7727 -118.304 11.267
      vertex 89.628 -118.105 11.8614
    endloop
  endfacet
  facet normal -0.585975 0.806508 -0.0785964
    outer loop
      vertex 89.8906 -118.467 10
      vertex 93.9061 -115.487 10.6414
      vertex 93.9357 -115.528 10
    endloop
  endfacet
  facet normal -0.585975 0.806508 -0.0785964
    outer loop
      vertex 93.9061 -115.487 10.6414
      vertex 89.8906 -118.467 10
      vertex 89.861 -118.426 10.6414
    endloop
  endfacet
  facet normal -0.046154 0.0635241 0.996912
    outer loop
      vertex 15.8778 -8.09017 95.9
      vertex 11.8328 -11.0291 95.9
      vertex 16.192 -8.52258 95.9421
    endloop
  endfacet
  facet normal 0.809001 0.587808 -1.52123e-05
    outer loop
      vertex 10.1287 -8.68364 97.1009
      vertex 9.68551 -8.07365 98.1386
      vertex 9.5408 -7.87447 98.733
    endloop
  endfacet
  facet normal -0.0460559 0.0633888 0.996926
    outer loop
      vertex 16.192 -8.52258 95.9421
      vertex 12.2098 -11.548 95.9505
      vertex 16.2548 -8.60906 95.9505
    endloop
  endfacet
  facet normal -0.0461395 0.0634989 0.996915
    outer loop
      vertex 12.2098 -11.548 95.9505
      vertex 16.192 -8.52258 95.9421
      vertex 11.8328 -11.0291 95.9
    endloop
  endfacet
  facet normal 0.0438752 -0.0603876 -0.99721
    outer loop
      vertex 11.8328 -11.0291 104.1
      vertex 15.815 -8.00369 104.092
      vertex 15.8778 -8.09017 104.1
    endloop
  endfacet
  facet normal 0.0457365 -0.062837 -0.996975
    outer loop
      vertex 15.815 -8.00369 104.092
      vertex 11.8328 -11.0291 104.1
      vertex 11.4558 -10.5102 104.05
    endloop
  endfacet
  facet normal -0.13704 0.18862 -0.972442
    outer loop
      vertex 16.6226 -9.11517 103.899
      vertex 12.5775 -12.0541 103.899
      vertex 16.3161 -8.69341 104.024
    endloop
  endfacet
  facet normal 0.809019 0.587782 -3.20116e-05
    outer loop
      vertex 13.2493 -12.9788 103.317
      vertex 11.4558 -10.5102 104.05
      vertex 12.2098 -11.548 104.05
    endloop
  endfacet
  facet normal 0.307063 -0.422639 0.852695
    outer loop
      vertex 14.4613 -6.14051 96.683
      vertex 10.7387 -9.52322 96.3469
      vertex 14.7838 -6.5843 96.3469
    endloop
  endfacet
  facet normal 0.307092 -0.422668 0.85267
    outer loop
      vertex 10.7387 -9.52322 96.3469
      vertex 14.4613 -6.14051 96.683
      vertex 10.4163 -9.07943 96.683
    endloop
  endfacet
  facet normal 0.808918 0.58792 0.000713607
    outer loop
      vertex 12.5775 -12.0541 96.1007
      vertex 12.2098 -11.548 95.9505
      vertex 12.9268 -12.535 96.3469
    endloop
  endfacet
  facet normal -0.446919 0.615139 0.649513
    outer loop
      vertex 17.5819 -10.4356 97.1009
      vertex 13.7824 -13.7126 97.5901
      vertex 17.8275 -10.7737 97.5901
    endloop
  endfacet
  facet normal -0.446919 0.615139 0.649513
    outer loop
      vertex 13.7824 -13.7126 97.5901
      vertex 17.5819 -10.4356 97.1009
      vertex 13.5368 -13.3745 97.1009
    endloop
  endfacet
  facet normal 0.808996 0.587815 0
    outer loop
      vertex 14.2427 -14.3461 100
      vertex 13.7824 -13.7126 97.5901
      vertex 13.7824 -13.7126 102.41
    endloop
  endfacet
  facet normal 0.138078 -0.190049 -0.972016
    outer loop
      vertex 15.1944 -7.14953 103.924
      vertex 15.5009 -7.57128 104.05
      vertex 11.4558 -10.5102 104.05
    endloop
  endfacet
  facet normal 0.80902 0.587781 -2.7811e-05
    outer loop
      vertex 13.2493 -12.9788 103.317
      vertex 10.1287 -8.68364 102.899
      vertex 11.4558 -10.5102 104.05
    endloop
  endfacet
  facet normal 0.809008 0.587797 -9.86842e-06
    outer loop
      vertex 11.4558 -10.5102 95.9505
      vertex 10.7387 -9.52322 96.3469
      vertex 10.1287 -8.68364 97.1009
    endloop
  endfacet
  facet normal 0.0461582 -0.0635316 0.996912
    outer loop
      vertex 15.815 -8.00369 95.9084
      vertex 15.5009 -7.57128 95.9505
      vertex 11.4558 -10.5102 95.9505
    endloop
  endfacet
  facet normal 0.809157 0.587592 -0.000534389
    outer loop
      vertex 12.9268 -12.535 96.3469
      vertex 12.2098 -11.548 95.9505
      vertex 13.2493 -12.9788 96.683
    endloop
  endfacet
  facet normal 0.80902 0.587781 2.78269e-05
    outer loop
      vertex 13.2493 -12.9788 96.683
      vertex 11.4558 -10.5102 95.9505
      vertex 10.1287 -8.68364 97.1009
    endloop
  endfacet
  facet normal 0.501277 -0.689951 -0.522197
    outer loop
      vertex 13.7306 -5.13473 101.861
      vertex 9.8831 -8.34561 102.41
      vertex 9.68551 -8.07365 101.861
    endloop
  endfacet
  facet normal 0.502323 -0.690833 -0.520021
    outer loop
      vertex 9.8831 -8.34561 102.41
      vertex 13.7306 -5.13473 101.861
      vertex 13.7635 -5.18006 101.953
    endloop
  endfacet
  facet normal 0.808856 0.588007 -0.00030744
    outer loop
      vertex 13.5368 -13.3745 102.899
      vertex 13.7824 -13.7126 102.41
      vertex 13.2493 -12.9788 103.317
    endloop
  endfacet
  facet normal -0.58598 0.806515 -0.0784859
    outer loop
      vertex 14.2427 -14.3461 100
      vertex 18.2581 -11.3663 100.641
      vertex 18.2878 -11.4071 100
    endloop
  endfacet
  facet normal -0.585961 0.806517 -0.0786109
    outer loop
      vertex 18.2581 -11.3663 100.641
      vertex 14.2427 -14.3461 100
      vertex 14.213 -14.3052 100.641
    endloop
  endfacet
  facet normal 0.808674 0.588257 -0.000278977
    outer loop
      vertex 13.98 -13.9845 101.861
      vertex 14.1247 -14.1837 101.267
      vertex 13.7824 -13.7126 102.41
    endloop
  endfacet
  facet normal 0.571544 -0.786664 0.233445
    outer loop
      vertex 9.5408 -7.87447 98.733
      vertex 13.4976 -4.81404 99.3586
      vertex 9.45252 -7.75296 99.3586
    endloop
  endfacet
  facet normal 0.57154 -0.786662 0.233463
    outer loop
      vertex 13.4976 -4.81404 99.3586
      vertex 9.5408 -7.87447 98.733
      vertex 13.5859 -4.93555 98.733
    endloop
  endfacet
  facet normal 0.809016 0.587786 0
    outer loop
      vertex 10.1287 -8.68364 102.899
      vertex 9.45252 -7.75296 99.3586
      vertex 9.45252 -7.75296 100.641
    endloop
  endfacet
  facet normal 0.809016 0.587786 0
    outer loop
      vertex 9.45252 -7.75296 99.3586
      vertex 10.1287 -8.68364 102.899
      vertex 10.1287 -8.68364 97.1009
    endloop
  endfacet
  facet normal 0.809219 0.587508 -0.000482399
    outer loop
      vertex 10.1287 -8.68364 102.899
      vertex 10.4163 -9.07943 103.317
      vertex 10.7387 -9.52322 103.653
    endloop
  endfacet
  facet normal 0.808997 0.587813 -5.5077e-07
    outer loop
      vertex 14.1247 -14.1837 98.733
      vertex 13.7824 -13.7126 97.5901
      vertex 14.2427 -14.3461 100
    endloop
  endfacet
  facet normal 0.585978 -0.806521 0.0784475
    outer loop
      vertex 9.45252 -7.75296 99.3586
      vertex 13.4679 -4.7732 100
      vertex 9.42285 -7.71213 100
    endloop
  endfacet
  facet normal 0.585972 -0.806522 0.0784872
    outer loop
      vertex 13.4679 -4.7732 100
      vertex 9.45252 -7.75296 99.3586
      vertex 13.4976 -4.81404 99.3586
    endloop
  endfacet
  facet normal 0.543038 -0.747432 0.382695
    outer loop
      vertex 13.7065 -5.10153 98.2377
      vertex 13.5859 -4.93555 98.733
      vertex 9.5408 -7.87447 98.733
    endloop
  endfacet
  facet normal 0.224972 -0.309649 0.923854
    outer loop
      vertex 15.0749 -6.98503 96.1417
      vertex 14.7838 -6.5843 96.3469
      vertex 10.7387 -9.52322 96.3469
    endloop
  endfacet
  facet normal 0.809219 0.587507 0.000483172
    outer loop
      vertex 10.7387 -9.52322 96.3469
      vertex 10.4163 -9.07943 96.683
      vertex 10.1287 -8.68364 97.1009
    endloop
  endfacet
  facet normal 0.224821 -0.309432 0.923963
    outer loop
      vertex 15.0749 -6.98503 96.1417
      vertex 11.0881 -10.0041 96.1007
      vertex 15.1331 -7.06517 96.1007
    endloop
  endfacet
  facet normal 0.224932 -0.309578 0.923887
    outer loop
      vertex 11.0881 -10.0041 96.1007
      vertex 15.0749 -6.98503 96.1417
      vertex 10.7387 -9.52322 96.3469
    endloop
  endfacet
  facet normal -0.137045 0.188621 0.972441
    outer loop
      vertex 12.2098 -11.548 95.9505
      vertex 16.3161 -8.69341 95.9755
      vertex 16.2548 -8.60906 95.9505
    endloop
  endfacet
  facet normal -0.137224 0.18888 0.972365
    outer loop
      vertex 16.3161 -8.69341 95.9755
      vertex 12.2098 -11.548 95.9505
      vertex 12.5775 -12.0541 96.1007
    endloop
  endfacet
  facet normal 0.0460558 -0.0633889 0.996926
    outer loop
      vertex 15.815 -8.00369 95.9084
      vertex 11.8328 -11.0291 95.9
      vertex 15.8778 -8.09017 95.9
    endloop
  endfacet
  facet normal 0.0461394 -0.063499 0.996915
    outer loop
      vertex 11.8328 -11.0291 95.9
      vertex 15.815 -8.00369 95.9084
      vertex 11.4558 -10.5102 95.9505
    endloop
  endfacet
  facet normal 0.808856 0.588007 0.000306776
    outer loop
      vertex 13.5368 -13.3745 97.1009
      vertex 13.2493 -12.9788 96.683
      vertex 13.7824 -13.7126 97.5901
    endloop
  endfacet
  facet normal 0.80902 0.587781 2.81975e-05
    outer loop
      vertex 13.2493 -12.9788 96.683
      vertex 10.1287 -8.68364 97.1009
      vertex 13.7824 -13.7126 97.5901
    endloop
  endfacet
  facet normal -0.22527 0.310057 0.923644
    outer loop
      vertex 16.9137 -9.5159 96.3058
      vertex 12.9268 -12.535 96.3469
      vertex 16.9719 -9.59605 96.3469
    endloop
  endfacet
  facet normal -0.224929 0.309609 0.923877
    outer loop
      vertex 12.9268 -12.535 96.3469
      vertex 16.9137 -9.5159 96.3058
      vertex 12.5775 -12.0541 96.1007
    endloop
  endfacet
  facet normal -0.138051 0.189731 -0.972082
    outer loop
      vertex 12.2098 -11.548 104.05
      vertex 16.3161 -8.69341 104.024
      vertex 12.5775 -12.0541 103.899
    endloop
  endfacet
  facet normal -0.142211 0.195732 -0.970291
    outer loop
      vertex 16.3161 -8.69341 104.024
      vertex 12.2098 -11.548 104.05
      vertex 16.2548 -8.60906 104.05
    endloop
  endfacet
  facet normal -0.046045 0.0633741 -0.996927
    outer loop
      vertex 15.8778 -8.09017 104.1
      vertex 16.192 -8.52258 104.058
      vertex 11.8328 -11.0291 104.1
    endloop
  endfacet
  facet normal 0.808827 0.588047 4.51211e-05
    outer loop
      vertex 14.213 -14.3052 99.3586
      vertex 14.1247 -14.1837 98.733
      vertex 14.2427 -14.3461 100
    endloop
  endfacet
  facet normal -0.501241 0.689868 0.52234
    outer loop
      vertex 17.8275 -10.7737 97.5901
      vertex 13.98 -13.9845 98.1386
      vertex 17.8604 -10.819 97.6815
    endloop
  endfacet
  facet normal -0.501166 0.689805 0.522495
    outer loop
      vertex 13.98 -13.9845 98.1386
      vertex 17.8275 -10.7737 97.5901
      vertex 13.7824 -13.7126 97.5901
    endloop
  endfacet
  facet normal 0.80901 0.587795 -5.78419e-06
    outer loop
      vertex 10.1287 -8.68364 97.1009
      vertex 9.5408 -7.87447 98.733
      vertex 9.45252 -7.75296 99.3586
    endloop
  endfacet
  facet normal 0.543007 -0.747387 -0.382826
    outer loop
      vertex 9.68551 -8.07365 101.861
      vertex 13.7065 -5.10153 101.762
      vertex 13.7306 -5.13473 101.861
    endloop
  endfacet
  facet normal 0.54299 -0.747367 -0.38289
    outer loop
      vertex 13.7065 -5.10153 101.762
      vertex 9.68551 -8.07365 101.861
      vertex 9.5408 -7.87447 101.267
    endloop
  endfacet
  facet normal 0.501146 -0.689772 0.522559
    outer loop
      vertex 9.8831 -8.34561 97.5901
      vertex 13.9282 -5.40669 97.5901
      vertex 13.7635 -5.18006 98.0472
    endloop
  endfacet
  facet normal 0.38179 -0.525479 0.760335
    outer loop
      vertex 14.1738 -5.74472 97.1009
      vertex 10.4163 -9.07943 96.683
      vertex 14.4613 -6.14051 96.683
    endloop
  endfacet
  facet normal 0.381757 -0.525447 0.760373
    outer loop
      vertex 10.4163 -9.07943 96.683
      vertex 14.1738 -5.74472 97.1009
      vertex 10.1287 -8.68364 97.1009
    endloop
  endfacet
  facet normal 0.80901 0.587795 5.77789e-06
    outer loop
      vertex 9.45252 -7.75296 100.641
      vertex 9.5408 -7.87447 101.267
      vertex 10.1287 -8.68364 102.899
    endloop
  endfacet
  facet normal 0.808967 0.587854 -0
    outer loop
      vertex 9.45252 -7.75296 99.3586
      vertex 9.42285 -7.71213 100
      vertex 9.45252 -7.75296 100.641
    endloop
  endfacet
  facet normal 0.808988 0.587826 -3.13343e-05
    outer loop
      vertex 10.1287 -8.68364 97.1009
      vertex 9.8831 -8.34561 97.5901
      vertex 9.68551 -8.07365 98.1386
    endloop
  endfacet
  facet normal 0.137146 -0.188766 0.972398
    outer loop
      vertex 11.4558 -10.5102 95.9505
      vertex 15.5009 -7.57128 95.9505
      vertex 15.1944 -7.14953 96.0756
    endloop
  endfacet
  facet normal 0.809019 0.587782 3.20335e-05
    outer loop
      vertex 12.2098 -11.548 95.9505
      vertex 11.4558 -10.5102 95.9505
      vertex 13.2493 -12.9788 96.683
    endloop
  endfacet
  facet normal 0.809019 0.587782 1.4139e-14
    outer loop
      vertex 11.8328 -11.0291 95.9
      vertex 11.4558 -10.5102 95.9505
      vertex 12.2098 -11.548 95.9505
    endloop
  endfacet
  facet normal 0.137552 -0.189321 0.972233
    outer loop
      vertex 11.0881 -10.0041 96.1007
      vertex 15.1944 -7.14953 96.0756
      vertex 15.1331 -7.06517 96.1007
    endloop
  endfacet
  facet normal 0.137239 -0.188869 0.972365
    outer loop
      vertex 15.1944 -7.14953 96.0756
      vertex 11.0881 -10.0041 96.1007
      vertex 11.4558 -10.5102 95.9505
    endloop
  endfacet
  facet normal 0.809045 0.587747 0.000181725
    outer loop
      vertex 11.4558 -10.5102 95.9505
      vertex 11.0881 -10.0041 96.1007
      vertex 10.7387 -9.52322 96.3469
    endloop
  endfacet
  facet normal -0.381778 0.525479 0.76034
    outer loop
      vertex 17.2944 -10.0398 96.683
      vertex 13.5368 -13.3745 97.1009
      vertex 17.5819 -10.4356 97.1009
    endloop
  endfacet
  facet normal -0.381823 0.525523 0.760287
    outer loop
      vertex 13.5368 -13.3745 97.1009
      vertex 17.2944 -10.0398 96.683
      vertex 13.2493 -12.9788 96.683
    endloop
  endfacet
  facet normal -0.307082 0.422653 0.852681
    outer loop
      vertex 16.9719 -9.59605 96.3469
      vertex 13.2493 -12.9788 96.683
      vertex 17.2944 -10.0398 96.683
    endloop
  endfacet
  facet normal -0.307062 0.422633 0.852698
    outer loop
      vertex 13.2493 -12.9788 96.683
      vertex 16.9719 -9.59605 96.3469
      vertex 12.9268 -12.535 96.3469
    endloop
  endfacet
  facet normal -0.224879 0.30952 0.92392
    outer loop
      vertex 16.6226 -9.11517 96.1007
      vertex 12.5775 -12.0541 96.1007
      vertex 16.9137 -9.5159 96.3058
    endloop
  endfacet
  facet normal -0.137247 0.188905 0.972357
    outer loop
      vertex 16.6226 -9.11517 96.1007
      vertex 16.3161 -8.69341 95.9755
      vertex 12.5775 -12.0541 96.1007
    endloop
  endfacet
  facet normal -0.0438753 0.0603876 -0.99721
    outer loop
      vertex 12.2098 -11.548 104.05
      vertex 16.192 -8.52258 104.058
      vertex 16.2548 -8.60906 104.05
    endloop
  endfacet
  facet normal -0.0457366 0.0628369 -0.996975
    outer loop
      vertex 16.192 -8.52258 104.058
      vertex 12.2098 -11.548 104.05
      vertex 11.8328 -11.0291 104.1
    endloop
  endfacet
  facet normal 0.809019 0.587782 -1.47131e-14
    outer loop
      vertex 12.2098 -11.548 104.05
      vertex 11.4558 -10.5102 104.05
      vertex 11.8328 -11.0291 104.1
    endloop
  endfacet
  facet normal -0.543045 0.747447 0.382655
    outer loop
      vertex 18.0251 -11.0456 98.1386
      vertex 13.98 -13.9845 98.1386
      vertex 18.1457 -11.2116 98.634
    endloop
  endfacet
  facet normal -0.585983 0.806519 0.0784372
    outer loop
      vertex 18.2581 -11.3663 99.3586
      vertex 14.2427 -14.3461 100
      vertex 18.2878 -11.4071 100
    endloop
  endfacet
  facet normal -0.585964 0.80652 0.0785622
    outer loop
      vertex 14.2427 -14.3461 100
      vertex 18.2581 -11.3663 99.3586
      vertex 14.213 -14.3052 99.3586
    endloop
  endfacet
  facet normal -0.501155 0.68979 0.522526
    outer loop
      vertex 18.0251 -11.0456 98.1386
      vertex 17.8604 -10.819 97.6815
      vertex 13.98 -13.9845 98.1386
    endloop
  endfacet
  facet normal -0.571539 0.786666 0.233451
    outer loop
      vertex 18.1698 -11.2448 98.733
      vertex 14.213 -14.3052 99.3586
      vertex 18.2581 -11.3663 99.3586
    endloop
  endfacet
  facet normal -0.571539 0.786666 0.233451
    outer loop
      vertex 14.213 -14.3052 99.3586
      vertex 18.1698 -11.2448 98.733
      vertex 14.1247 -14.1837 98.733
    endloop
  endfacet
  facet normal -0.543004 0.74739 0.382826
    outer loop
      vertex 18.1457 -11.2116 98.634
      vertex 14.1247 -14.1837 98.733
      vertex 18.1698 -11.2448 98.733
    endloop
  endfacet
  facet normal -0.543041 0.747435 0.382684
    outer loop
      vertex 14.1247 -14.1837 98.733
      vertex 18.1457 -11.2116 98.634
      vertex 13.98 -13.9845 98.1386
    endloop
  endfacet
  facet normal 0.808675 0.588255 0.000277867
    outer loop
      vertex 13.98 -13.9845 98.1386
      vertex 13.7824 -13.7126 97.5901
      vertex 14.1247 -14.1837 98.733
    endloop
  endfacet
  facet normal 0.0460492 -0.0633816 -0.996926
    outer loop
      vertex 11.4558 -10.5102 104.05
      vertex 15.5009 -7.57128 104.05
      vertex 15.815 -8.00369 104.092
    endloop
  endfacet
  facet normal 0.381843 -0.525551 -0.760258
    outer loop
      vertex 10.4163 -9.07943 103.317
      vertex 14.1738 -5.74472 102.899
      vertex 14.4613 -6.14051 103.317
    endloop
  endfacet
  facet normal 0.38181 -0.525519 -0.760296
    outer loop
      vertex 14.1738 -5.74472 102.899
      vertex 10.4163 -9.07943 103.317
      vertex 10.1287 -8.68364 102.899
    endloop
  endfacet
  facet normal 0.809008 0.587797 9.88052e-06
    outer loop
      vertex 10.1287 -8.68364 102.899
      vertex 10.7387 -9.52322 103.653
      vertex 11.4558 -10.5102 104.05
    endloop
  endfacet
  facet normal 0.501116 -0.689731 -0.522642
    outer loop
      vertex 13.7635 -5.18006 101.953
      vertex 13.9282 -5.40669 102.41
      vertex 9.8831 -8.34561 102.41
    endloop
  endfacet
  facet normal 0.809001 0.587808 1.5242e-05
    outer loop
      vertex 9.5408 -7.87447 101.267
      vertex 9.68551 -8.07365 101.861
      vertex 10.1287 -8.68364 102.899
    endloop
  endfacet
  facet normal 0.808997 0.587813 5.50792e-07
    outer loop
      vertex 14.1247 -14.1837 101.267
      vertex 14.2427 -14.3461 100
      vertex 13.7824 -13.7126 102.41
    endloop
  endfacet
  facet normal 0.808827 0.588047 -4.51771e-05
    outer loop
      vertex 14.213 -14.3052 100.641
      vertex 14.2427 -14.3461 100
      vertex 14.1247 -14.1837 101.267
    endloop
  endfacet
  facet normal -0.542981 0.747358 -0.382919
    outer loop
      vertex 18.0251 -11.0456 101.861
      vertex 18.1457 -11.2116 101.366
      vertex 13.98 -13.9845 101.861
    endloop
  endfacet
  facet normal 0.501152 -0.689779 0.522543
    outer loop
      vertex 9.8831 -8.34561 97.5901
      vertex 13.7306 -5.13473 98.1386
      vertex 9.68551 -8.07365 98.1386
    endloop
  endfacet
  facet normal 0.501171 -0.689795 0.522505
    outer loop
      vertex 13.7306 -5.13473 98.1386
      vertex 9.8831 -8.34561 97.5901
      vertex 13.7635 -5.18006 98.0472
    endloop
  endfacet
  facet normal 0.543042 -0.747442 0.38267
    outer loop
      vertex 9.68551 -8.07365 98.1386
      vertex 13.7065 -5.10153 98.2377
      vertex 9.5408 -7.87447 98.733
    endloop
  endfacet
  facet normal 0.543087 -0.747498 0.382496
    outer loop
      vertex 13.7065 -5.10153 98.2377
      vertex 9.68551 -8.07365 98.1386
      vertex 13.7306 -5.13473 98.1386
    endloop
  endfacet
  facet normal 0.54299 -0.747365 -0.382893
    outer loop
      vertex 9.5408 -7.87447 101.267
      vertex 13.5859 -4.93555 101.267
      vertex 13.7065 -5.10153 101.762
    endloop
  endfacet
  facet normal 0.446947 -0.615173 0.649462
    outer loop
      vertex 13.9282 -5.40669 97.5901
      vertex 10.1287 -8.68364 97.1009
      vertex 14.1738 -5.74472 97.1009
    endloop
  endfacet
  facet normal 0.446947 -0.615173 0.649462
    outer loop
      vertex 10.1287 -8.68364 97.1009
      vertex 13.9282 -5.40669 97.5901
      vertex 9.8831 -8.34561 97.5901
    endloop
  endfacet
  facet normal -0.224802 0.309413 -0.923974
    outer loop
      vertex 12.9268 -12.535 103.653
      vertex 16.9137 -9.5159 103.694
      vertex 16.9719 -9.59605 103.653
    endloop
  endfacet
  facet normal -0.224783 0.309387 -0.923987
    outer loop
      vertex 16.9137 -9.5159 103.694
      vertex 12.9268 -12.535 103.653
      vertex 12.5775 -12.0541 103.899
    endloop
  endfacet
  facet normal -0.307015 0.422561 -0.85275
    outer loop
      vertex 13.2493 -12.9788 103.317
      vertex 16.9719 -9.59605 103.653
      vertex 17.2944 -10.0398 103.317
    endloop
  endfacet
  facet normal -0.306996 0.422541 -0.852768
    outer loop
      vertex 16.9719 -9.59605 103.653
      vertex 13.2493 -12.9788 103.317
      vertex 12.9268 -12.535 103.653
    endloop
  endfacet
  facet normal 0.306997 -0.422547 -0.852764
    outer loop
      vertex 10.7387 -9.52322 103.653
      vertex 14.4613 -6.14051 103.317
      vertex 14.7838 -6.5843 103.653
    endloop
  endfacet
  facet normal 0.307026 -0.422577 -0.852739
    outer loop
      vertex 14.4613 -6.14051 103.317
      vertex 10.7387 -9.52322 103.653
      vertex 10.4163 -9.07943 103.317
    endloop
  endfacet
  facet normal 0.137893 -0.189846 -0.972082
    outer loop
      vertex 11.0881 -10.0041 103.899
      vertex 15.1944 -7.14953 103.924
      vertex 11.4558 -10.5102 104.05
    endloop
  endfacet
  facet normal 0.137034 -0.188607 -0.972445
    outer loop
      vertex 15.1944 -7.14953 103.924
      vertex 11.0881 -10.0041 103.899
      vertex 15.1331 -7.06517 103.899
    endloop
  endfacet
  facet normal 0.224784 -0.309391 -0.923985
    outer loop
      vertex 10.7387 -9.52322 103.653
      vertex 14.7838 -6.5843 103.653
      vertex 15.0749 -6.98503 103.858
    endloop
  endfacet
  facet normal 0.808988 0.587825 3.12012e-05
    outer loop
      vertex 9.68551 -8.07365 101.861
      vertex 9.8831 -8.34561 102.41
      vertex 10.1287 -8.68364 102.899
    endloop
  endfacet
  facet normal 0.446869 -0.615067 -0.649616
    outer loop
      vertex 10.1287 -8.68364 102.899
      vertex 13.9282 -5.40669 102.41
      vertex 14.1738 -5.74472 102.899
    endloop
  endfacet
  facet normal 0.446869 -0.615067 -0.649616
    outer loop
      vertex 13.9282 -5.40669 102.41
      vertex 10.1287 -8.68364 102.899
      vertex 9.8831 -8.34561 102.41
    endloop
  endfacet
  facet normal -0.543004 0.74739 -0.382826
    outer loop
      vertex 14.1247 -14.1837 101.267
      vertex 18.1457 -11.2116 101.366
      vertex 18.1698 -11.2448 101.267
    endloop
  endfacet
  facet normal -0.542983 0.747365 -0.382904
    outer loop
      vertex 18.1457 -11.2116 101.366
      vertex 14.1247 -14.1837 101.267
      vertex 13.98 -13.9845 101.861
    endloop
  endfacet
  facet normal -0.571559 0.786694 -0.23331
    outer loop
      vertex 14.213 -14.3052 100.641
      vertex 18.1698 -11.2448 101.267
      vertex 18.2581 -11.3663 100.641
    endloop
  endfacet
  facet normal -0.571559 0.786694 -0.23331
    outer loop
      vertex 18.1698 -11.2448 101.267
      vertex 14.213 -14.3052 100.641
      vertex 14.1247 -14.1837 101.267
    endloop
  endfacet
  facet normal 0.80902 0.587781 -2.81999e-05
    outer loop
      vertex 13.7824 -13.7126 102.41
      vertex 10.1287 -8.68364 102.899
      vertex 13.2493 -12.9788 103.317
    endloop
  endfacet
  facet normal 0.809021 0.58778 0
    outer loop
      vertex 13.7824 -13.7126 102.41
      vertex 10.1287 -8.68364 97.1009
      vertex 10.1287 -8.68364 102.899
    endloop
  endfacet
  facet normal 0.809021 0.58778 0
    outer loop
      vertex 10.1287 -8.68364 97.1009
      vertex 13.7824 -13.7126 102.41
      vertex 13.7824 -13.7126 97.5901
    endloop
  endfacet
  facet normal 0.585975 -0.806518 -0.0784961
    outer loop
      vertex 13.4679 -4.7732 100
      vertex 9.45252 -7.75296 100.641
      vertex 9.42285 -7.71213 100
    endloop
  endfacet
  facet normal 0.585969 -0.806518 -0.0785359
    outer loop
      vertex 9.45252 -7.75296 100.641
      vertex 13.4679 -4.7732 100
      vertex 13.4976 -4.81404 100.641
    endloop
  endfacet
  facet normal 0.571564 -0.786691 -0.233304
    outer loop
      vertex 13.4976 -4.81404 100.641
      vertex 9.5408 -7.87447 101.267
      vertex 9.45252 -7.75296 100.641
    endloop
  endfacet
  facet normal 0.57156 -0.786689 -0.233322
    outer loop
      vertex 9.5408 -7.87447 101.267
      vertex 13.4976 -4.81404 100.641
      vertex 13.5859 -4.93555 101.267
    endloop
  endfacet
  facet normal 0.808917 0.587922 -0.000720289
    outer loop
      vertex 12.5775 -12.0541 103.899
      vertex 12.9268 -12.535 103.653
      vertex 12.2098 -11.548 104.05
    endloop
  endfacet
  facet normal 0.809157 0.587592 0.000535644
    outer loop
      vertex 12.9268 -12.535 103.653
      vertex 13.2493 -12.9788 103.317
      vertex 12.2098 -11.548 104.05
    endloop
  endfacet
  facet normal 0.224821 -0.309432 -0.923963
    outer loop
      vertex 11.0881 -10.0041 103.899
      vertex 15.0749 -6.98503 103.858
      vertex 15.1331 -7.06517 103.899
    endloop
  endfacet
  facet normal 0.224771 -0.309367 -0.923997
    outer loop
      vertex 15.0749 -6.98503 103.858
      vertex 11.0881 -10.0041 103.899
      vertex 10.7387 -9.52322 103.653
    endloop
  endfacet
  facet normal 0.809045 0.587746 -0.000183427
    outer loop
      vertex 10.7387 -9.52322 103.653
      vertex 11.0881 -10.0041 103.899
      vertex 11.4558 -10.5102 104.05
    endloop
  endfacet
  facet normal -0.501125 0.689749 -0.522609
    outer loop
      vertex 18.0251 -11.0456 101.861
      vertex 13.98 -13.9845 101.861
      vertex 17.8604 -10.819 102.318
    endloop
  endfacet
  facet normal -0.224785 0.309391 -0.923985
    outer loop
      vertex 16.6226 -9.11517 103.899
      vertex 16.9137 -9.5159 103.694
      vertex 12.5775 -12.0541 103.899
    endloop
  endfacet
  facet normal -0.381831 0.525552 -0.760263
    outer loop
      vertex 13.5368 -13.3745 102.899
      vertex 17.2944 -10.0398 103.317
      vertex 17.5819 -10.4356 102.899
    endloop
  endfacet
  facet normal -0.381876 0.525596 -0.76021
    outer loop
      vertex 17.2944 -10.0398 103.317
      vertex 13.5368 -13.3745 102.899
      vertex 13.2493 -12.9788 103.317
    endloop
  endfacet
  facet normal -0.446842 0.615033 -0.649667
    outer loop
      vertex 13.7824 -13.7126 102.41
      vertex 17.5819 -10.4356 102.899
      vertex 17.8275 -10.7737 102.41
    endloop
  endfacet
  facet normal -0.446842 0.615033 -0.649667
    outer loop
      vertex 17.5819 -10.4356 102.899
      vertex 13.7824 -13.7126 102.41
      vertex 13.5368 -13.3745 102.899
    endloop
  endfacet
  facet normal -0.502393 0.690906 -0.519856
    outer loop
      vertex 13.98 -13.9845 101.861
      vertex 17.8275 -10.7737 102.41
      vertex 17.8604 -10.819 102.318
    endloop
  endfacet
  facet normal -0.501291 0.689977 -0.522149
    outer loop
      vertex 17.8275 -10.7737 102.41
      vertex 13.98 -13.9845 101.861
      vertex 13.7824 -13.7126 102.41
    endloop
  endfacet
  facet normal -0.137246 0.188899 0.972358
    outer loop
      vertex 91.9028 -112.73 95.9505
      vertex 88.2254 -116.175 96.1007
      vertex 92.2705 -113.236 96.1007
    endloop
  endfacet
  facet normal -0.137048 0.18869 0.972427
    outer loop
      vertex 88.2254 -116.175 96.1007
      vertex 91.9028 -112.73 95.9505
      vertex 87.8577 -115.668 95.9505
    endloop
  endfacet
  facet normal 0.0460041 -0.0633179 -0.996933
    outer loop
      vertex 91.2116 -111.778 104.058
      vertex 91.5258 -112.211 104.1
      vertex 87.4807 -115.15 104.1
    endloop
  endfacet
  facet normal 0.809055 0.587733 0.000102678
    outer loop
      vertex 89.4304 -117.833 102.41
      vertex 89.7727 -118.304 101.267
      vertex 89.1848 -117.495 102.899
    endloop
  endfacet
  facet normal 0.809088 0.587687 0.000210786
    outer loop
      vertex 85.3335 -112.194 98.1386
      vertex 85.1888 -111.995 98.733
      vertex 85.0708 -111.833 100
    endloop
  endfacet
  facet normal 0.80917 0.587575 0.000130315
    outer loop
      vertex 86.3867 -113.644 96.3469
      vertex 85.5311 -112.466 97.5901
      vertex 85.3335 -112.194 98.1386
    endloop
  endfacet
  facet normal 0.809056 0.587732 9.64124e-05
    outer loop
      vertex 85.5311 -112.466 102.41
      vertex 86.0642 -113.2 103.317
      vertex 86.3867 -113.644 103.653
    endloop
  endfacet
  facet normal 0.81088 0.585127 -0.00999309
    outer loop
      vertex 88.2254 -116.175 96.1007
      vertex 87.8577 -115.668 95.9505
      vertex 88.5748 -116.655 96.3469
    endloop
  endfacet
  facet normal 0.585946 -0.806642 0.0774373
    outer loop
      vertex 85.1005 -111.873 99.3586
      vertex 89.1406 -108.928 99.4655
      vertex 85.0708 -111.833 100
    endloop
  endfacet
  facet normal 0.585769 -0.806499 0.080209
    outer loop
      vertex 89.1406 -108.928 99.4655
      vertex 85.1005 -111.873 99.3586
      vertex 89.1456 -108.935 99.3586
    endloop
  endfacet
  facet normal 0.808786 0.588101 -0.00149275
    outer loop
      vertex 87.8577 -115.668 95.9505
      vertex 86.736 -114.125 96.1007
      vertex 86.3867 -113.644 96.3469
    endloop
  endfacet
  facet normal 0.543111 -0.747494 0.382469
    outer loop
      vertex 85.3335 -112.194 98.1386
      vertex 89.2338 -109.056 98.733
      vertex 85.1888 -111.995 98.733
    endloop
  endfacet
  facet normal 0.543277 -0.747612 0.382005
    outer loop
      vertex 89.2338 -109.056 98.733
      vertex 85.3335 -112.194 98.1386
      vertex 89.258 -109.089 98.634
    endloop
  endfacet
  facet normal 0.809055 0.587733 -0.000102762
    outer loop
      vertex 89.4304 -117.833 97.5901
      vertex 89.1848 -117.495 97.1009
      vertex 89.7727 -118.304 98.733
    endloop
  endfacet
  facet normal 0.381677 -0.525322 0.7605
    outer loop
      vertex 86.0642 -113.2 96.683
      vertex 90.1093 -110.261 96.683
      vertex 89.8697 -109.931 97.0312
    endloop
  endfacet
  facet normal 0.543058 -0.747421 -0.382689
    outer loop
      vertex 89.2338 -109.056 101.267
      vertex 85.3335 -112.194 101.861
      vertex 85.1888 -111.995 101.267
    endloop
  endfacet
  facet normal 0.543301 -0.747594 -0.382005
    outer loop
      vertex 85.3335 -112.194 101.861
      vertex 89.2338 -109.056 101.267
      vertex 89.258 -109.089 101.366
    endloop
  endfacet
  facet normal 0.381746 -0.525404 0.760408
    outer loop
      vertex 85.7767 -112.804 97.1009
      vertex 89.8697 -109.931 97.0312
      vertex 89.8217 -109.865 97.1009
    endloop
  endfacet
  facet normal 0.381721 -0.525368 0.760446
    outer loop
      vertex 89.8697 -109.931 97.0312
      vertex 85.7767 -112.804 97.1009
      vertex 86.0642 -113.2 96.683
    endloop
  endfacet
  facet normal 0.808948 0.58788 0.000236754
    outer loop
      vertex 87.8577 -115.668 95.9505
      vertex 86.3867 -113.644 96.3469
      vertex 89.861 -118.426 99.3586
    endloop
  endfacet
  facet normal 0.809134 0.587624 -0.000185166
    outer loop
      vertex 89.1848 -117.495 97.1009
      vertex 87.8577 -115.668 95.9505
      vertex 89.7727 -118.304 98.733
    endloop
  endfacet
  facet normal -0.0456671 0.0628754 -0.996976
    outer loop
      vertex 87.8577 -115.668 104.05
      vertex 91.5258 -112.211 104.1
      vertex 91.9028 -112.73 104.05
    endloop
  endfacet
  facet normal -0.0457346 0.0629469 -0.996968
    outer loop
      vertex 91.5258 -112.211 104.1
      vertex 87.8577 -115.668 104.05
      vertex 87.4807 -115.15 104.1
    endloop
  endfacet
  facet normal 0.306962 -0.422478 -0.852811
    outer loop
      vertex 86.3867 -113.644 103.653
      vertex 90.1093 -110.261 103.317
      vertex 90.4317 -110.705 103.653
    endloop
  endfacet
  facet normal 0.306933 -0.422448 -0.852836
    outer loop
      vertex 90.1093 -110.261 103.317
      vertex 86.3867 -113.644 103.653
      vertex 86.0642 -113.2 103.317
    endloop
  endfacet
  facet normal 0.809126 0.587635 0.00114727
    outer loop
      vertex 87.4807 -115.15 95.9
      vertex 87.1037 -114.631 95.9505
      vertex 86.736 -114.125 96.1007
    endloop
  endfacet
  facet normal 0.809019 0.587782 0
    outer loop
      vertex 89.861 -118.426 100.641
      vertex 86.3867 -113.644 96.3469
      vertex 86.3867 -113.644 103.653
    endloop
  endfacet
  facet normal 0.809019 0.587782 0
    outer loop
      vertex 86.3867 -113.644 96.3469
      vertex 89.861 -118.426 100.641
      vertex 89.861 -118.426 99.3586
    endloop
  endfacet
  facet normal -0.224818 0.309534 0.923929
    outer loop
      vertex 92.6199 -113.717 96.3469
      vertex 92.3287 -113.316 96.1417
      vertex 88.5748 -116.655 96.3469
    endloop
  endfacet
  facet normal -0.22504 0.309735 0.923808
    outer loop
      vertex 88.2254 -116.175 96.1007
      vertex 92.3287 -113.316 96.1417
      vertex 92.2705 -113.236 96.1007
    endloop
  endfacet
  facet normal -0.225155 0.3099 0.923725
    outer loop
      vertex 92.3287 -113.316 96.1417
      vertex 88.2254 -116.175 96.1007
      vertex 88.5748 -116.655 96.3469
    endloop
  endfacet
  facet normal -0.0461209 0.0635003 0.996916
    outer loop
      vertex 91.5258 -112.211 95.9
      vertex 87.8577 -115.668 95.9505
      vertex 91.9028 -112.73 95.9505
    endloop
  endfacet
  facet normal -0.0461891 0.0635725 0.996908
    outer loop
      vertex 87.8577 -115.668 95.9505
      vertex 91.5258 -112.211 95.9
      vertex 87.4807 -115.15 95.9
    endloop
  endfacet
  facet normal -0.571488 0.786569 -0.233904
    outer loop
      vertex 89.861 -118.426 100.641
      vertex 93.8178 -115.365 101.267
      vertex 93.9061 -115.487 100.641
    endloop
  endfacet
  facet normal -0.571488 0.786569 -0.233904
    outer loop
      vertex 93.8178 -115.365 101.267
      vertex 89.861 -118.426 100.641
      vertex 89.7727 -118.304 101.267
    endloop
  endfacet
  facet normal -0.543103 0.747501 0.382469
    outer loop
      vertex 93.6731 -115.166 98.1386
      vertex 89.7727 -118.304 98.733
      vertex 93.8178 -115.365 98.733
    endloop
  endfacet
  facet normal -0.543103 0.747501 0.382469
    outer loop
      vertex 89.7727 -118.304 98.733
      vertex 93.6731 -115.166 98.1386
      vertex 89.628 -118.105 98.1386
    endloop
  endfacet
  facet normal 0.808833 0.588037 0.000953591
    outer loop
      vertex 88.5748 -116.655 96.3469
      vertex 87.8577 -115.668 95.9505
      vertex 88.8972 -117.099 96.683
    endloop
  endfacet
  facet normal -0.137937 0.18985 -0.972075
    outer loop
      vertex 88.2254 -116.175 103.899
      vertex 91.9028 -112.73 104.05
      vertex 92.2705 -113.236 103.899
    endloop
  endfacet
  facet normal -0.137738 0.18964 -0.972144
    outer loop
      vertex 91.9028 -112.73 104.05
      vertex 88.2254 -116.175 103.899
      vertex 87.8577 -115.668 104.05
    endloop
  endfacet
  facet normal 0.808689 0.588226 0.00348943
    outer loop
      vertex 87.8577 -115.668 104.05
      vertex 86.736 -114.125 103.899
      vertex 87.4807 -115.15 104.1
    endloop
  endfacet
  facet normal 0.501145 -0.689752 0.522586
    outer loop
      vertex 85.5311 -112.466 97.5901
      vertex 89.3786 -109.255 98.1386
      vertex 85.3335 -112.194 98.1386
    endloop
  endfacet
  facet normal 0.501177 -0.689779 0.52252
    outer loop
      vertex 89.3786 -109.255 98.1386
      vertex 85.5311 -112.466 97.5901
      vertex 89.5761 -109.527 97.5901
    endloop
  endfacet
  facet normal 0.501269 -0.689923 -0.52224
    outer loop
      vertex 89.3786 -109.255 101.861
      vertex 85.5311 -112.466 102.41
      vertex 85.3335 -112.194 101.861
    endloop
  endfacet
  facet normal 0.501301 -0.68995 -0.522174
    outer loop
      vertex 85.5311 -112.466 102.41
      vertex 89.3786 -109.255 101.861
      vertex 89.5761 -109.527 102.41
    endloop
  endfacet
  facet normal 0.44697 -0.615173 -0.649445
    outer loop
      vertex 85.5311 -112.466 102.41
      vertex 89.5761 -109.527 102.41
      vertex 89.7808 -109.809 102.818
    endloop
  endfacet
  facet normal 0.809011 0.587794 -0.000227024
    outer loop
      vertex 88.8972 -117.099 103.317
      vertex 89.1848 -117.495 102.899
      vertex 87.8577 -115.668 104.05
    endloop
  endfacet
  facet normal 0.38155 -0.525147 -0.760684
    outer loop
      vertex 89.8697 -109.931 102.969
      vertex 90.1093 -110.261 103.317
      vertex 86.0642 -113.2 103.317
    endloop
  endfacet
  facet normal 0.224897 -0.309537 0.923909
    outer loop
      vertex 90.4317 -110.705 96.3469
      vertex 86.736 -114.125 96.1007
      vertex 90.7811 -111.186 96.1007
    endloop
  endfacet
  facet normal 0.224919 -0.309561 0.923896
    outer loop
      vertex 86.736 -114.125 96.1007
      vertex 90.4317 -110.705 96.3469
      vertex 86.3867 -113.644 96.3469
    endloop
  endfacet
  facet normal -0.307005 0.422547 0.852761
    outer loop
      vertex 92.8886 -114.086 96.627
      vertex 88.8972 -117.099 96.683
      vertex 92.9423 -114.16 96.683
    endloop
  endfacet
  facet normal -0.307024 0.422572 0.852742
    outer loop
      vertex 88.8972 -117.099 96.683
      vertex 92.8886 -114.086 96.627
      vertex 88.5748 -116.655 96.3469
    endloop
  endfacet
  facet normal 0.137417 -0.189135 0.972288
    outer loop
      vertex 91.0875 -111.607 95.9755
      vertex 90.7811 -111.186 96.1007
      vertex 86.736 -114.125 96.1007
    endloop
  endfacet
  facet normal 0.813478 0.581595 -0.00139859
    outer loop
      vertex 85.0708 -111.833 100
      vertex 85.1005 -111.873 100.641
      vertex 85.1888 -111.995 101.267
    endloop
  endfacet
  facet normal 0.585773 -0.806504 -0.0801345
    outer loop
      vertex 85.1005 -111.873 100.641
      vertex 89.1406 -108.928 100.534
      vertex 89.1456 -108.935 100.641
    endloop
  endfacet
  facet normal 0.585942 -0.80664 -0.0774853
    outer loop
      vertex 89.1406 -108.928 100.534
      vertex 85.1005 -111.873 100.641
      vertex 85.0708 -111.833 100
    endloop
  endfacet
  facet normal 0.809056 0.587732 -9.64304e-05
    outer loop
      vertex 86.3867 -113.644 96.3469
      vertex 86.0642 -113.2 96.683
      vertex 85.5311 -112.466 97.5901
    endloop
  endfacet
  facet normal 0.808771 0.588123 0.000538021
    outer loop
      vertex 89.7727 -118.304 98.733
      vertex 87.8577 -115.668 95.9505
      vertex 89.861 -118.426 99.3586
    endloop
  endfacet
  facet normal 0.80869 0.588225 -0.00348143
    outer loop
      vertex 87.8577 -115.668 95.9505
      vertex 87.4807 -115.15 95.9
      vertex 86.736 -114.125 96.1007
    endloop
  endfacet
  facet normal -0.381687 0.525336 0.760484
    outer loop
      vertex 92.9423 -114.16 96.683
      vertex 89.1848 -117.495 97.1009
      vertex 93.2299 -114.556 97.1009
    endloop
  endfacet
  facet normal -0.381687 0.525336 0.760484
    outer loop
      vertex 89.1848 -117.495 97.1009
      vertex 92.9423 -114.16 96.683
      vertex 88.8972 -117.099 96.683
    endloop
  endfacet
  facet normal 0.809011 0.587794 0.000226984
    outer loop
      vertex 88.8972 -117.099 96.683
      vertex 87.8577 -115.668 95.9505
      vertex 89.1848 -117.495 97.1009
    endloop
  endfacet
  facet normal -0.501269 0.689923 -0.52224
    outer loop
      vertex 89.628 -118.105 101.861
      vertex 93.4755 -114.894 102.41
      vertex 93.6731 -115.166 101.861
    endloop
  endfacet
  facet normal -0.501269 0.689923 -0.52224
    outer loop
      vertex 93.4755 -114.894 102.41
      vertex 89.628 -118.105 101.861
      vertex 89.4304 -117.833 102.41
    endloop
  endfacet
  facet normal -0.225003 0.309682 -0.923835
    outer loop
      vertex 88.2254 -116.175 103.899
      vertex 92.3287 -113.316 103.858
      vertex 88.5748 -116.655 103.653
    endloop
  endfacet
  facet normal -0.22504 0.309735 -0.923808
    outer loop
      vertex 92.3287 -113.316 103.858
      vertex 88.2254 -116.175 103.899
      vertex 92.2705 -113.236 103.899
    endloop
  endfacet
  facet normal 0.307028 -0.422569 0.852742
    outer loop
      vertex 90.1093 -110.261 96.683
      vertex 86.3867 -113.644 96.3469
      vertex 90.4317 -110.705 96.3469
    endloop
  endfacet
  facet normal 0.307 -0.42254 0.852767
    outer loop
      vertex 86.3867 -113.644 96.3469
      vertex 90.1093 -110.261 96.683
      vertex 86.0642 -113.2 96.683
    endloop
  endfacet
  facet normal 0.571361 -0.786661 -0.233904
    outer loop
      vertex 89.1456 -108.935 100.641
      vertex 85.1888 -111.995 101.267
      vertex 85.1005 -111.873 100.641
    endloop
  endfacet
  facet normal 0.571677 -0.786809 -0.232629
    outer loop
      vertex 85.1888 -111.995 101.267
      vertex 89.1456 -108.935 100.641
      vertex 89.2338 -109.056 101.267
    endloop
  endfacet
  facet normal 0.809088 0.587688 -0.000210699
    outer loop
      vertex 85.0708 -111.833 100
      vertex 85.1888 -111.995 101.267
      vertex 85.3335 -112.194 101.861
    endloop
  endfacet
  facet normal 0.542993 -0.74735 -0.382919
    outer loop
      vertex 89.258 -109.089 101.366
      vertex 89.3786 -109.255 101.861
      vertex 85.3335 -112.194 101.861
    endloop
  endfacet
  facet normal 0.543057 -0.747438 0.382655
    outer loop
      vertex 85.3335 -112.194 98.1386
      vertex 89.3786 -109.255 98.1386
      vertex 89.258 -109.089 98.634
    endloop
  endfacet
  facet normal 0.13721 -0.188849 -0.972373
    outer loop
      vertex 86.736 -114.125 103.899
      vertex 90.7811 -111.186 103.899
      vertex 91.0875 -111.607 104.024
    endloop
  endfacet
  facet normal 0.44652 -0.614554 -0.650341
    outer loop
      vertex 85.7767 -112.804 102.899
      vertex 89.7808 -109.809 102.818
      vertex 89.8217 -109.865 102.899
    endloop
  endfacet
  facet normal 0.446913 -0.615058 -0.649594
    outer loop
      vertex 89.7808 -109.809 102.818
      vertex 85.7767 -112.804 102.899
      vertex 85.5311 -112.466 102.41
    endloop
  endfacet
  facet normal 0.585982 -0.806517 -0.0784557
    outer loop
      vertex 85.0708 -111.833 100
      vertex 89.1159 -108.894 100
      vertex 89.1406 -108.928 100.534
    endloop
  endfacet
  facet normal 0.585985 -0.806522 0.0783827
    outer loop
      vertex 89.1406 -108.928 99.4655
      vertex 89.1159 -108.894 100
      vertex 85.0708 -111.833 100
    endloop
  endfacet
  facet normal -0.501145 0.689752 0.522586
    outer loop
      vertex 93.4755 -114.894 97.5901
      vertex 89.628 -118.105 98.1386
      vertex 93.6731 -115.166 98.1386
    endloop
  endfacet
  facet normal -0.501145 0.689752 0.522586
    outer loop
      vertex 89.628 -118.105 98.1386
      vertex 93.4755 -114.894 97.5901
      vertex 89.4304 -117.833 97.5901
    endloop
  endfacet
  facet normal 0.809576 0.587014 -0.000554871
    outer loop
      vertex 89.628 -118.105 98.1386
      vertex 89.4304 -117.833 97.5901
      vertex 89.7727 -118.304 98.733
    endloop
  endfacet
  facet normal -0.571468 0.786541 0.234045
    outer loop
      vertex 93.8178 -115.365 98.733
      vertex 89.861 -118.426 99.3586
      vertex 93.9061 -115.487 99.3586
    endloop
  endfacet
  facet normal -0.571468 0.786541 0.234045
    outer loop
      vertex 89.861 -118.426 99.3586
      vertex 93.8178 -115.365 98.733
      vertex 89.7727 -118.304 98.733
    endloop
  endfacet
  facet normal 0.810784 0.585346 0
    outer loop
      vertex 89.8906 -118.467 100
      vertex 89.861 -118.426 99.3586
      vertex 89.861 -118.426 100.641
    endloop
  endfacet
  facet normal 0.046113 -0.0634678 0.996918
    outer loop
      vertex 87.4807 -115.15 95.9
      vertex 91.5258 -112.211 95.9
      vertex 91.2116 -111.778 95.9421
    endloop
  endfacet
  facet normal 0.813471 0.581603 0.00139688
    outer loop
      vertex 85.1888 -111.995 98.733
      vertex 85.1005 -111.873 99.3586
      vertex 85.0708 -111.833 100
    endloop
  endfacet
  facet normal 0.571341 -0.786634 0.234045
    outer loop
      vertex 85.1888 -111.995 98.733
      vertex 89.1456 -108.935 99.3586
      vertex 85.1005 -111.873 99.3586
    endloop
  endfacet
  facet normal 0.571657 -0.786782 0.23277
    outer loop
      vertex 89.1456 -108.935 99.3586
      vertex 85.1888 -111.995 98.733
      vertex 89.2338 -109.056 98.733
    endloop
  endfacet
  facet normal -0.307354 0.423172 0.852326
    outer loop
      vertex 92.6199 -113.717 96.3469
      vertex 88.5748 -116.655 96.3469
      vertex 92.8886 -114.086 96.627
    endloop
  endfacet
  facet normal -0.446965 0.615182 0.64944
    outer loop
      vertex 93.2299 -114.556 97.1009
      vertex 89.4304 -117.833 97.5901
      vertex 93.4755 -114.894 97.5901
    endloop
  endfacet
  facet normal -0.446965 0.615182 0.64944
    outer loop
      vertex 89.4304 -117.833 97.5901
      vertex 93.2299 -114.556 97.1009
      vertex 89.1848 -117.495 97.1009
    endloop
  endfacet
  facet normal -0.446888 0.615076 -0.649594
    outer loop
      vertex 89.4304 -117.833 102.41
      vertex 93.2299 -114.556 102.899
      vertex 93.4755 -114.894 102.41
    endloop
  endfacet
  facet normal -0.446888 0.615076 -0.649594
    outer loop
      vertex 93.2299 -114.556 102.899
      vertex 89.4304 -117.833 102.41
      vertex 89.1848 -117.495 102.899
    endloop
  endfacet
  facet normal 0.8109 0.585098 0.0100862
    outer loop
      vertex 88.2254 -116.175 103.899
      vertex 88.5748 -116.655 103.653
      vertex 87.8577 -115.668 104.05
    endloop
  endfacet
  facet normal -0.38174 0.525409 -0.760408
    outer loop
      vertex 89.1848 -117.495 102.899
      vertex 92.9423 -114.16 103.317
      vertex 93.2299 -114.556 102.899
    endloop
  endfacet
  facet normal -0.38174 0.525409 -0.760408
    outer loop
      vertex 92.9423 -114.16 103.317
      vertex 89.1848 -117.495 102.899
      vertex 88.8972 -117.099 103.317
    endloop
  endfacet
  facet normal 0.808786 0.588102 0.00149612
    outer loop
      vertex 86.3867 -113.644 103.653
      vertex 86.736 -114.125 103.899
      vertex 87.8577 -115.668 104.05
    endloop
  endfacet
  facet normal 0.446832 -0.614982 0.649722
    outer loop
      vertex 89.7808 -109.809 97.1824
      vertex 89.5761 -109.527 97.5901
      vertex 85.5311 -112.466 97.5901
    endloop
  endfacet
  facet normal 0.224741 -0.309323 -0.924019
    outer loop
      vertex 86.736 -114.125 103.899
      vertex 90.4317 -110.705 103.653
      vertex 90.7811 -111.186 103.899
    endloop
  endfacet
  facet normal 0.224763 -0.309346 -0.924006
    outer loop
      vertex 90.4317 -110.705 103.653
      vertex 86.736 -114.125 103.899
      vertex 86.3867 -113.644 103.653
    endloop
  endfacet
  facet normal 0.808948 0.58788 -0.000236652
    outer loop
      vertex 89.861 -118.426 100.641
      vertex 86.3867 -113.644 103.653
      vertex 87.8577 -115.668 104.05
    endloop
  endfacet
  facet normal 0.141539 -0.194807 -0.970576
    outer loop
      vertex 87.1037 -114.631 104.05
      vertex 91.0875 -111.607 104.024
      vertex 91.1488 -111.692 104.05
    endloop
  endfacet
  facet normal 0.137827 -0.18993 -0.972075
    outer loop
      vertex 91.0875 -111.607 104.024
      vertex 87.1037 -114.631 104.05
      vertex 86.736 -114.125 103.899
    endloop
  endfacet
  facet normal 0.381809 -0.525415 -0.760369
    outer loop
      vertex 85.7767 -112.804 102.899
      vertex 89.8697 -109.931 102.969
      vertex 86.0642 -113.2 103.317
    endloop
  endfacet
  facet normal 0.382693 -0.526708 -0.759029
    outer loop
      vertex 89.8697 -109.931 102.969
      vertex 85.7767 -112.804 102.899
      vertex 89.8217 -109.865 102.899
    endloop
  endfacet
  facet normal 0.809862 0.586619 -0.00127759
    outer loop
      vertex 85.5311 -112.466 102.41
      vertex 85.7767 -112.804 102.899
      vertex 86.0642 -113.2 103.317
    endloop
  endfacet
  facet normal 0.808989 0.587824 -0
    outer loop
      vertex 86.3867 -113.644 96.3469
      vertex 85.0708 -111.833 100
      vertex 86.3867 -113.644 103.653
    endloop
  endfacet
  facet normal 0.809257 0.587454 0.000279896
    outer loop
      vertex 86.3867 -113.644 96.3469
      vertex 85.3335 -112.194 98.1386
      vertex 85.0708 -111.833 100
    endloop
  endfacet
  facet normal 0.809258 0.587454 -0.00027999
    outer loop
      vertex 85.0708 -111.833 100
      vertex 85.3335 -112.194 101.861
      vertex 86.3867 -113.644 103.653
    endloop
  endfacet
  facet normal 0.809169 0.587575 -0.000130043
    outer loop
      vertex 85.3335 -112.194 101.861
      vertex 85.5311 -112.466 102.41
      vertex 86.3867 -113.644 103.653
    endloop
  endfacet
  facet normal 0.136394 -0.187726 0.972705
    outer loop
      vertex 91.0875 -111.607 95.9755
      vertex 87.1037 -114.631 95.9505
      vertex 91.1488 -111.692 95.9505
    endloop
  endfacet
  facet normal 0.137272 -0.18888 0.972358
    outer loop
      vertex 87.1037 -114.631 95.9505
      vertex 91.0875 -111.607 95.9755
      vertex 86.736 -114.125 96.1007
    endloop
  endfacet
  facet normal 0.0462227 -0.0636187 0.996903
    outer loop
      vertex 87.1037 -114.631 95.9505
      vertex 91.2116 -111.778 95.9421
      vertex 91.1488 -111.692 95.9505
    endloop
  endfacet
  facet normal 0.0461339 -0.0634908 0.996916
    outer loop
      vertex 91.2116 -111.778 95.9421
      vertex 87.1037 -114.631 95.9505
      vertex 87.4807 -115.15 95.9
    endloop
  endfacet
  facet normal 0.808833 0.588038 -0.000955831
    outer loop
      vertex 88.5748 -116.655 103.653
      vertex 88.8972 -117.099 103.317
      vertex 87.8577 -115.668 104.05
    endloop
  endfacet
  facet normal -0.307005 0.422547 -0.852761
    outer loop
      vertex 88.8972 -117.099 103.317
      vertex 92.8886 -114.086 103.373
      vertex 92.9423 -114.16 103.317
    endloop
  endfacet
  facet normal -0.306955 0.422482 -0.852811
    outer loop
      vertex 92.8886 -114.086 103.373
      vertex 88.8972 -117.099 103.317
      vertex 88.5748 -116.655 103.653
    endloop
  endfacet
  facet normal -0.224631 0.309277 -0.924061
    outer loop
      vertex 92.6199 -113.717 103.653
      vertex 88.5748 -116.655 103.653
      vertex 92.3287 -113.316 103.858
    endloop
  endfacet
  facet normal 0.80986 0.586621 0.00127484
    outer loop
      vertex 86.0642 -113.2 96.683
      vertex 85.7767 -112.804 97.1009
      vertex 85.5311 -112.466 97.5901
    endloop
  endfacet
  facet normal 0.447679 -0.616149 0.64803
    outer loop
      vertex 89.7808 -109.809 97.1824
      vertex 85.7767 -112.804 97.1009
      vertex 89.8217 -109.865 97.1009
    endloop
  endfacet
  facet normal 0.446941 -0.6152 0.64944
    outer loop
      vertex 85.7767 -112.804 97.1009
      vertex 89.7808 -109.809 97.1824
      vertex 85.5311 -112.466 97.5901
    endloop
  endfacet
  facet normal 0.809124 0.587636 -0.00113283
    outer loop
      vertex 86.736 -114.125 103.899
      vertex 87.1037 -114.631 104.05
      vertex 87.4807 -115.15 104.1
    endloop
  endfacet
  facet normal 0.0456288 -0.0629032 -0.996976
    outer loop
      vertex 87.1037 -114.631 104.05
      vertex 91.2116 -111.778 104.058
      vertex 87.4807 -115.15 104.1
    endloop
  endfacet
  facet normal 0.0440342 -0.0606066 -0.99719
    outer loop
      vertex 91.2116 -111.778 104.058
      vertex 87.1037 -114.631 104.05
      vertex 91.1488 -111.692 104.05
    endloop
  endfacet
  facet normal 0.809579 0.587011 0.000557082
    outer loop
      vertex 89.628 -118.105 101.861
      vertex 89.7727 -118.304 101.267
      vertex 89.4304 -117.833 102.41
    endloop
  endfacet
  facet normal 0.808771 0.588123 -0.000537613
    outer loop
      vertex 89.7727 -118.304 101.267
      vertex 89.861 -118.426 100.641
      vertex 87.8577 -115.668 104.05
    endloop
  endfacet
  facet normal 0.809134 0.587624 0.000185226
    outer loop
      vertex 89.1848 -117.495 102.899
      vertex 89.7727 -118.304 101.267
      vertex 87.8577 -115.668 104.05
    endloop
  endfacet
  facet normal -0.585975 0.806508 0.0785964
    outer loop
      vertex 93.9061 -115.487 99.3586
      vertex 89.8906 -118.467 100
      vertex 93.9357 -115.528 100
    endloop
  endfacet
  facet normal -0.585975 0.806508 0.0785964
    outer loop
      vertex 89.8906 -118.467 100
      vertex 93.9061 -115.487 99.3586
      vertex 89.861 -118.426 99.3586
    endloop
  endfacet
  facet normal -0.307274 0.423062 -0.852409
    outer loop
      vertex 92.6199 -113.717 103.653
      vertex 92.8886 -114.086 103.373
      vertex 88.5748 -116.655 103.653
    endloop
  endfacet
  facet normal -0.543049 0.747427 -0.382689
    outer loop
      vertex 89.7727 -118.304 101.267
      vertex 93.6731 -115.166 101.861
      vertex 93.8178 -115.365 101.267
    endloop
  endfacet
  facet normal -0.543049 0.747427 -0.382689
    outer loop
      vertex 93.6731 -115.166 101.861
      vertex 89.7727 -118.304 101.267
      vertex 89.628 -118.105 101.861
    endloop
  endfacet
  facet normal -0.585973 0.806505 -0.0786451
    outer loop
      vertex 89.8906 -118.467 100
      vertex 93.9061 -115.487 100.641
      vertex 93.9357 -115.528 100
    endloop
  endfacet
  facet normal -0.585973 0.806505 -0.0786451
    outer loop
      vertex 93.9061 -115.487 100.641
      vertex 89.8906 -118.467 100
      vertex 89.861 -118.426 100.641
    endloop
  endfacet
  facet normal -0.972341 -0.233564 0
    outer loop
      vertex 9.92613 -109.362 3.8147e-07
      vertex 9.70634 -108.447 2
      vertex 9.70634 -108.447 3.8147e-07
    endloop
  endfacet
  facet normal -0.972341 -0.233564 0
    outer loop
      vertex 9.70634 -108.447 2
      vertex 9.92613 -109.362 3.8147e-07
      vertex 9.92613 -109.362 2
    endloop
  endfacet
  facet normal 0 0 -1
    outer loop
      vertex 0 -116.301 3
      vertex 2 -104.301 3
      vertex 2 -116.301 3
    endloop
  endfacet
  facet normal -0 0 -1
    outer loop
      vertex 2 -104.301 3
      vertex 0 -116.301 3
      vertex 0 -104.301 3
    endloop
  endfacet
  facet normal -0.923904 0.382624 0
    outer loop
      vertex 9.34604 -113.025 3.8147e-07
      vertex 9.70634 -112.155 2
      vertex 9.70634 -112.155 3.8147e-07
    endloop
  endfacet
  facet normal -0.923904 0.382624 0
    outer loop
      vertex 9.70634 -112.155 2
      vertex 9.34604 -113.025 3.8147e-07
      vertex 9.34604 -113.025 2
    endloop
  endfacet
  facet normal -0.852706 -0.522391 0
    outer loop
      vertex 9.34604 -107.577 3.8147e-07
      vertex 8.8541 -106.774 2
      vertex 8.8541 -106.774 3.8147e-07
    endloop
  endfacet
  facet normal -0.852706 -0.522391 0
    outer loop
      vertex 8.8541 -106.774 2
      vertex 9.34604 -107.577 3.8147e-07
      vertex 9.34604 -107.577 2
    endloop
  endfacet
  facet normal -0.522546 0.852611 0
    outer loop
      vertex 7.52671 -115.155 3.8147e-07
      vertex 6.72394 -115.647 2
      vertex 7.52671 -115.155 2
    endloop
  endfacet
  facet normal -0.522546 0.852611 0
    outer loop
      vertex 6.72394 -115.647 2
      vertex 7.52671 -115.155 3.8147e-07
      vertex 6.72394 -115.647 3.8147e-07
    endloop
  endfacet
  facet normal -0.233657 0.972319 0
    outer loop
      vertex 5.8541 -116.007 3.8147e-07
      vertex 4.93861 -116.227 2
      vertex 5.8541 -116.007 2
    endloop
  endfacet
  facet normal -0.233657 0.972319 0
    outer loop
      vertex 4.93861 -116.227 2
      vertex 5.8541 -116.007 3.8147e-07
      vertex 4.93861 -116.227 3.8147e-07
    endloop
  endfacet
  facet normal -0.972399 0.233323 0
    outer loop
      vertex 9.70634 -112.155 3.8147e-07
      vertex 9.92613 -111.239 2
      vertex 9.92613 -111.239 3.8147e-07
    endloop
  endfacet
  facet normal -0.972399 0.233323 0
    outer loop
      vertex 9.92613 -111.239 2
      vertex 9.70634 -112.155 3.8147e-07
      vertex 9.70634 -112.155 2
    endloop
  endfacet
  facet normal 0 1 0
    outer loop
      vertex 4 -116.301 2
      vertex 4 -116.301 3.8147e-07
      vertex 2 -116.301 2
    endloop
  endfacet
  facet normal 0 1 -0
    outer loop
      vertex 2 -116.301 2
      vertex 0 -116.301 3
      vertex 2 -116.301 3
    endloop
  endfacet
  facet normal 0 1 0
    outer loop
      vertex 0 -116.301 3.8147e-07
      vertex 2 -116.301 2
      vertex 4 -116.301 3.8147e-07
    endloop
  endfacet
  facet normal 0 1 0
    outer loop
      vertex 2 -116.301 2
      vertex 0 -116.301 3.8147e-07
      vertex 0 -116.301 3
    endloop
  endfacet
  facet normal -0.383318 -0.923616 0
    outer loop
      vertex 5.8541 -104.594 3.8147e-07
      vertex 6.72394 -104.955 2
      vertex 5.8541 -104.594 2
    endloop
  endfacet
  facet normal -0.383318 -0.923616 -0
    outer loop
      vertex 6.72394 -104.955 2
      vertex 5.8541 -104.594 3.8147e-07
      vertex 6.72394 -104.955 3.8147e-07
    endloop
  endfacet
  facet normal -0.232652 -0.97256 0
    outer loop
      vertex 4.93861 -104.375 3.8147e-07
      vertex 5.8541 -104.594 2
      vertex 4.93861 -104.375 2
    endloop
  endfacet
  facet normal -0.232652 -0.97256 -0
    outer loop
      vertex 5.8541 -104.594 2
      vertex 4.93861 -104.375 3.8147e-07
      vertex 5.8541 -104.594 3.8147e-07
    endloop
  endfacet
  facet normal 0 -1 0
    outer loop
      vertex 0 -104.301 3
      vertex 2 -104.301 2
      vertex 2 -104.301 3
    endloop
  endfacet
  facet normal 0 -1 0
    outer loop
      vertex 0 -104.301 3.8147e-07
      vertex 2 -104.301 2
      vertex 0 -104.301 3
    endloop
  endfacet
  facet normal 0 -1 0
    outer loop
      vertex 4 -104.301 3.8147e-07
      vertex 2 -104.301 2
      vertex 0 -104.301 3.8147e-07
    endloop
  endfacet
  facet normal 0 -1 0
    outer loop
      vertex 2 -104.301 2
      vertex 4 -104.301 3.8147e-07
      vertex 4 -104.301 2
    endloop
  endfacet
  facet normal -0.75999 0.649935 0
    outer loop
      vertex 8.24264 -114.543 3.8147e-07
      vertex 8.8541 -113.828 2
      vertex 8.8541 -113.828 3.8147e-07
    endloop
  endfacet
  facet normal -0.75999 0.649935 0
    outer loop
      vertex 8.8541 -113.828 2
      vertex 8.24264 -114.543 3.8147e-07
      vertex 8.24264 -114.543 2
    endloop
  endfacet
  facet normal -0.760438 -0.64941 0
    outer loop
      vertex 8.8541 -106.774 3.8147e-07
      vertex 8.24264 -106.058 2
      vertex 8.24264 -106.058 3.8147e-07
    endloop
  endfacet
  facet normal -0.760438 -0.64941 0
    outer loop
      vertex 8.24264 -106.058 2
      vertex 8.8541 -106.774 3.8147e-07
      vertex 8.8541 -106.774 2
    endloop
  endfacet
  facet normal -0.996913 0.0785096 0
    outer loop
      vertex 9.92613 -111.239 3.8147e-07
      vertex 10 -110.301 2
      vertex 10 -110.301 3.8147e-07
    endloop
  endfacet
  facet normal -0.996913 0.0785096 0
    outer loop
      vertex 10 -110.301 2
      vertex 9.92613 -111.239 3.8147e-07
      vertex 9.92613 -111.239 2
    endloop
  endfacet
  facet normal -0.99692 -0.0784265 0
    outer loop
      vertex 10 -110.301 3.8147e-07
      vertex 9.92613 -109.362 2
      vertex 9.92613 -109.362 3.8147e-07
    endloop
  endfacet
  facet normal -0.99692 -0.0784265 0
    outer loop
      vertex 9.92613 -109.362 2
      vertex 10 -110.301 3.8147e-07
      vertex 10 -110.301 2
    endloop
  endfacet
  facet normal -0.0785961 -0.996907 0
    outer loop
      vertex 4 -104.301 3.8147e-07
      vertex 4.93861 -104.375 2
      vertex 4 -104.301 2
    endloop
  endfacet
  facet normal -0.0785961 -0.996907 -0
    outer loop
      vertex 4.93861 -104.375 2
      vertex 4 -104.301 3.8147e-07
      vertex 4.93861 -104.375 3.8147e-07
    endloop
  endfacet
  facet normal -0.649778 0.760124 0
    outer loop
      vertex 8.24264 -114.543 3.8147e-07
      vertex 7.52671 -115.155 2
      vertex 8.24264 -114.543 2
    endloop
  endfacet
  facet normal -0.649778 0.760124 0
    outer loop
      vertex 7.52671 -115.155 2
      vertex 8.24264 -114.543 3.8147e-07
      vertex 7.52671 -115.155 3.8147e-07
    endloop
  endfacet
  facet normal -0.923904 -0.382624 0
    outer loop
      vertex 9.70634 -108.447 3.8147e-07
      vertex 9.34604 -107.577 2
      vertex 9.34604 -107.577 3.8147e-07
    endloop
  endfacet
  facet normal -0.923904 -0.382624 0
    outer loop
      vertex 9.34604 -107.577 2
      vertex 9.70634 -108.447 3.8147e-07
      vertex 9.70634 -108.447 2
    endloop
  endfacet
  facet normal -0.382412 0.923992 0
    outer loop
      vertex 6.72394 -115.647 3.8147e-07
      vertex 5.8541 -116.007 2
      vertex 6.72394 -115.647 2
    endloop
  endfacet
  facet normal -0.382412 0.923992 0
    outer loop
      vertex 5.8541 -116.007 2
      vertex 6.72394 -115.647 3.8147e-07
      vertex 5.8541 -116.007 3.8147e-07
    endloop
  endfacet
  facet normal -0.522546 -0.852611 0
    outer loop
      vertex 6.72394 -104.955 3.8147e-07
      vertex 7.52671 -105.447 2
      vertex 6.72394 -104.955 2
    endloop
  endfacet
  facet normal -0.522546 -0.852611 -0
    outer loop
      vertex 7.52671 -105.447 2
      vertex 6.72394 -104.955 3.8147e-07
      vertex 7.52671 -105.447 3.8147e-07
    endloop
  endfacet
  facet normal -0.852706 0.522391 0
    outer loop
      vertex 8.8541 -113.828 3.8147e-07
      vertex 9.34604 -113.025 2
      vertex 9.34604 -113.025 3.8147e-07
    endloop
  endfacet
  facet normal -0.852706 0.522391 0
    outer loop
      vertex 9.34604 -113.025 2
      vertex 8.8541 -113.828 3.8147e-07
      vertex 8.8541 -113.828 2
    endloop
  endfacet
  facet normal -0.0785961 0.996907 0
    outer loop
      vertex 4.93861 -116.227 3.8147e-07
      vertex 4 -116.301 2
      vertex 4.93861 -116.227 2
    endloop
  endfacet
  facet normal -0.0785961 0.996907 0
    outer loop
      vertex 4 -116.301 2
      vertex 4.93861 -116.227 3.8147e-07
      vertex 4 -116.301 3.8147e-07
    endloop
  endfacet
  facet normal -0.649164 -0.760648 0
    outer loop
      vertex 7.52671 -105.447 3.8147e-07
      vertex 8.24264 -106.058 2
      vertex 7.52671 -105.447 2
    endloop
  endfacet
  facet normal -0.649164 -0.760648 -0
    outer loop
      vertex 8.24264 -106.058 2
      vertex 7.52671 -105.447 3.8147e-07
      vertex 8.24264 -106.058 3.8147e-07
    endloop
  endfacet
  facet normal 0.808509 0.588484 0
    outer loop
      vertex 83.8226 -108.413 108
      vertex 83.5875 -108.09 88.0033
      vertex 83.5875 -108.09 108
    endloop
  endfacet
  facet normal 0.808509 0.588484 -0
    outer loop
      vertex 83.8226 -108.413 87.9933
      vertex 83.5875 -108.09 88.0033
      vertex 83.8226 -108.413 108
    endloop
  endfacet
  facet normal 0.808509 0.588484 0
    outer loop
      vertex 83.5875 -108.09 88.0033
      vertex 83.8226 -108.413 87.9933
      vertex 83.5875 -108.09 87.9933
    endloop
  endfacet
  facet normal 0.809028 0.58777 -0
    outer loop
      vertex 17.3441 -16.9134 93.3088
      vertex 17.109 -16.5898 108
      vertex 17.3441 -16.9134 108
    endloop
  endfacet
  facet normal 0.809028 0.58777 0
    outer loop
      vertex 17.109 -16.5898 108
      vertex 17.3441 -16.9134 93.3088
      vertex 17.109 -16.5898 87.9933
    endloop
  endfacet
  facet normal 0.809028 0.58777 0
    outer loop
      vertex 17.109 -16.5898 87.9933
      vertex 17.3441 -16.9134 93.3088
      vertex 17.3441 -16.9134 87.9933
    endloop
  endfacet
  facet normal 0 -0 0
    outer loop
      vertex 17.109 -16.5898 108
      vertex 17.109 -16.5898 87.9933
      vertex 17.109 -16.5898 124.65
    endloop
  endfacet
  facet normal 0.586968 -0.80961 0
    outer loop
      vertex 17.109 -16.5898 124.65
      vertex 17.117 -16.584 88.0033
      vertex 17.117 -16.584 124.65
    endloop
  endfacet
  facet normal 0.586968 -0.80961 0
    outer loop
      vertex 17.117 -16.584 88.0033
      vertex 17.109 -16.5898 124.65
      vertex 17.109 -16.5898 87.9933
    endloop
  endfacet
  facet normal 0 0 1
    outer loop
      vertex 20.345 -14.2387 42.225
      vertex 84.6316 -107.825 42.225
      vertex 87.0586 -106.062 42.225
    endloop
  endfacet
  facet normal 0 0 1
    outer loop
      vertex 84.6316 -107.825 42.225
      vertex 20.345 -14.2387 42.225
      vertex 17.918 -16.0021 42.225
    endloop
  endfacet
  facet normal 0.587818 -0.808993 0
    outer loop
      vertex 17.117 -16.584 124.65
      vertex 17.7966 -16.0902 108
      vertex 17.7966 -16.0902 124.65
    endloop
  endfacet
  facet normal 0.587339 -0.809341 0
    outer loop
      vertex 17.7966 -16.0902 108
      vertex 17.918 -16.0021 88.995
      vertex 17.918 -16.0021 108
    endloop
  endfacet
  facet normal 0.587818 -0.808993 0
    outer loop
      vertex 17.117 -16.584 88.0033
      vertex 17.7966 -16.0902 108
      vertex 17.117 -16.584 124.65
    endloop
  endfacet
  facet normal 0.587742 -0.809048 3.93151e-06
    outer loop
      vertex 17.7966 -16.0902 108
      vertex 17.117 -16.584 88.0033
      vertex 17.918 -16.0021 88.995
    endloop
  endfacet
  facet normal 0.587803 -0.809004 0
    outer loop
      vertex 17.918 -16.0021 108
      vertex 20.345 -14.2387 116.4
      vertex 17.918 -16.0021 116.4
    endloop
  endfacet
  facet normal 0.587803 -0.809004 0
    outer loop
      vertex 17.918 -16.0021 88.995
      vertex 20.345 -14.2387 116.4
      vertex 17.918 -16.0021 108
    endloop
  endfacet
  facet normal 0.587803 -0.809004 0
    outer loop
      vertex 20.345 -14.2387 42.225
      vertex 17.918 -16.0021 88.995
      vertex 17.918 -16.0021 42.225
    endloop
  endfacet
  facet normal 0.587803 -0.809004 0
    outer loop
      vertex 17.918 -16.0021 88.995
      vertex 20.345 -14.2387 42.225
      vertex 20.345 -14.2387 116.4
    endloop
  endfacet
  facet normal -0.587716 0.809068 0
    outer loop
      vertex 87.0586 -106.062 116.4
      vertex 84.6316 -107.825 108
      vertex 84.6316 -107.825 116.4
    endloop
  endfacet
  facet normal -0.587934 0.808909 0
    outer loop
      vertex 84.6316 -107.825 108
      vertex 84.6316 -107.825 88.995
      vertex 83.8226 -108.413 108
    endloop
  endfacet
  facet normal -0.587716 0.809068 0
    outer loop
      vertex 87.0586 -106.062 116.4
      vertex 84.6316 -107.825 88.995
      vertex 84.6316 -107.825 108
    endloop
  endfacet
  facet normal -0.587716 0.809068 0
    outer loop
      vertex 87.0586 -106.062 42.225
      vertex 84.6316 -107.825 88.995
      vertex 87.0586 -106.062 116.4
    endloop
  endfacet
  facet normal -0.587716 0.809068 0
    outer loop
      vertex 84.6316 -107.825 88.995
      vertex 87.0586 -106.062 42.225
      vertex 84.6316 -107.825 42.225
    endloop
  endfacet
  facet normal -0.587934 0.808909 0
    outer loop
      vertex 83.8226 -108.413 108
      vertex 84.6316 -107.825 88.995
      vertex 83.8226 -108.413 87.9933
    endloop
  endfacet
endsolid OpenSCAD_Model
