solid OpenSCAD_Model
  facet normal 0.707107 0 -0.707107
    outer loop
      vertex -73.6 -1.60001 136.089
      vertex -104.4 0 105.289
      vertex -73.6 0 136.089
    endloop
  endfacet
  facet normal 0.707107 0 -0.707107
    outer loop
      vertex -104.4 0 105.289
      vertex -73.6 -1.60001 136.089
      vertex -104.4 -1.60001 105.289
    endloop
  endfacet
  facet normal 1 -0 0
    outer loop
      vertex -104.4 -1.60001 105.289
      vertex -104.4 0 12
      vertex -104.4 0 105.289
    endloop
  endfacet
  facet normal 1 0 0
    outer loop
      vertex -104.4 0 12
      vertex -104.4 -1.60001 105.289
      vertex -104.4 -1.60001 12
    endloop
  endfacet
  facet normal -0.707107 0 -0.707107
    outer loop
      vertex -73.6 -1.60001 136.089
      vertex -42.8 0 105.289
      vertex -42.8 -1.60001 105.289
    endloop
  endfacet
  facet normal -0.707107 0 -0.707107
    outer loop
      vertex -42.8 0 105.289
      vertex -73.6 -1.60001 136.089
      vertex -73.6 0 136.089
    endloop
  endfacet
  facet normal -0 0 1
    outer loop
      vertex -104.4 0 12
      vertex -42.8 -1.60001 12
      vertex -42.8 0 12
    endloop
  endfacet
  facet normal 0 0 1
    outer loop
      vertex -42.8 -1.60001 12
      vertex -104.4 0 12
      vertex -104.4 -1.60001 12
    endloop
  endfacet
  facet normal -1 0 0
    outer loop
      vertex -42.8 -1.60001 12
      vertex -42.8 0 105.289
      vertex -42.8 0 12
    endloop
  endfacet
  facet normal -1 -0 0
    outer loop
      vertex -42.8 0 105.289
      vertex -42.8 -1.60001 12
      vertex -42.8 -1.60001 105.289
    endloop
  endfacet
  facet normal 0.707107 0 -0.707107
    outer loop
      vertex -1.14441e-05 -1.60001 136.089
      vertex -30.8 0 105.289
      vertex -1.14441e-05 0 136.089
    endloop
  endfacet
  facet normal 0.707107 0 -0.707107
    outer loop
      vertex -30.8 0 105.289
      vertex -1.14441e-05 -1.60001 136.089
      vertex -30.8 -1.60001 105.289
    endloop
  endfacet
  facet normal 1 -0 0
    outer loop
      vertex -30.8 -1.60001 105.289
      vertex -30.8 0 12
      vertex -30.8 0 105.289
    endloop
  endfacet
  facet normal 1 0 0
    outer loop
      vertex -30.8 0 12
      vertex -30.8 -1.60001 105.289
      vertex -30.8 -1.60001 12
    endloop
  endfacet
  facet normal -0.707107 0 -0.707107
    outer loop
      vertex -1.14441e-05 -1.60001 136.089
      vertex 30.8 0 105.289
      vertex 30.8 -1.60001 105.289
    endloop
  endfacet
  facet normal -0.707107 0 -0.707107
    outer loop
      vertex 30.8 0 105.289
      vertex -1.14441e-05 -1.60001 136.089
      vertex -1.14441e-05 0 136.089
    endloop
  endfacet
  facet normal -0 0 1
    outer loop
      vertex -30.8 0 12
      vertex 30.8 -1.60001 12
      vertex 30.8 0 12
    endloop
  endfacet
  facet normal 0 0 1
    outer loop
      vertex 30.8 -1.60001 12
      vertex -30.8 0 12
      vertex -30.8 -1.60001 12
    endloop
  endfacet
  facet normal -1 0 0
    outer loop
      vertex 30.8 -1.60001 12
      vertex 30.8 0 105.289
      vertex 30.8 0 12
    endloop
  endfacet
  facet normal -1 -0 0
    outer loop
      vertex 30.8 0 105.289
      vertex 30.8 -1.60001 12
      vertex 30.8 -1.60001 105.289
    endloop
  endfacet
  facet normal 0.707107 0 -0.707107
    outer loop
      vertex 42.8 -1.60001 105.289
      vertex 73.6 0 136.089
      vertex 73.6 -1.60001 136.089
    endloop
  endfacet
  facet normal 0.707107 0 -0.707107
    outer loop
      vertex 73.6 0 136.089
      vertex 42.8 -1.60001 105.289
      vertex 42.8 0 105.289
    endloop
  endfacet
  facet normal 1 -0 0
    outer loop
      vertex 42.8 -1.60001 105.289
      vertex 42.8 0 12
      vertex 42.8 0 105.289
    endloop
  endfacet
  facet normal 1 0 0
    outer loop
      vertex 42.8 0 12
      vertex 42.8 -1.60001 105.289
      vertex 42.8 -1.60001 12
    endloop
  endfacet
  facet normal -0.707107 0 -0.707107
    outer loop
      vertex 73.6 -1.60001 136.089
      vertex 104.4 0 105.289
      vertex 104.4 -1.60001 105.289
    endloop
  endfacet
  facet normal -0.707107 0 -0.707107
    outer loop
      vertex 104.4 0 105.289
      vertex 73.6 -1.60001 136.089
      vertex 73.6 0 136.089
    endloop
  endfacet
  facet normal -0 0 1
    outer loop
      vertex 42.8 0 12
      vertex 104.4 -1.60001 12
      vertex 104.4 0 12
    endloop
  endfacet
  facet normal 0 0 1
    outer loop
      vertex 104.4 -1.60001 12
      vertex 42.8 0 12
      vertex 42.8 -1.60001 12
    endloop
  endfacet
  facet normal -1 0 0
    outer loop
      vertex 104.4 -1.60001 12
      vertex 104.4 0 105.289
      vertex 104.4 0 12
    endloop
  endfacet
  facet normal -1 -0 0
    outer loop
      vertex 104.4 0 105.289
      vertex 104.4 -1.60001 12
      vertex 104.4 -1.60001 105.289
    endloop
  endfacet
  facet normal -1 0 0
    outer loop
      vertex -116.4 -95.2908 12
      vertex -116.4 0 1.88128e-06
      vertex -116.4 -83.2908 1.88128e-06
    endloop
  endfacet
  facet normal -1 0 0
    outer loop
      vertex -116.4 0 1.88128e-06
      vertex -116.4 -95.2908 12
      vertex -116.4 0 148.089
    endloop
  endfacet
  facet normal 0 1 -0
    outer loop
      vertex -30.8 0 105.289
      vertex -73.6 0 136.089
      vertex -1.14441e-05 0 136.089
    endloop
  endfacet
  facet normal 0 1 0
    outer loop
      vertex -30.8 0 105.289
      vertex -42.8 0 105.289
      vertex -73.6 0 136.089
    endloop
  endfacet
  facet normal 0 1 -0
    outer loop
      vertex -30.8 0 12
      vertex -42.8 0 105.289
      vertex -30.8 0 105.289
    endloop
  endfacet
  facet normal 0 1 0
    outer loop
      vertex -42.8 0 105.289
      vertex -30.8 0 12
      vertex -42.8 0 12
    endloop
  endfacet
  facet normal 0 1 -0
    outer loop
      vertex 42.8 0 105.289
      vertex -1.14441e-05 0 136.089
      vertex 73.6 0 136.089
    endloop
  endfacet
  facet normal 0 1 0
    outer loop
      vertex 42.8 0 105.289
      vertex 30.8 0 105.289
      vertex -1.14441e-05 0 136.089
    endloop
  endfacet
  facet normal 0 1 -0
    outer loop
      vertex 42.8 0 12
      vertex 30.8 0 105.289
      vertex 42.8 0 105.289
    endloop
  endfacet
  facet normal 0 1 0
    outer loop
      vertex 30.8 0 105.289
      vertex 42.8 0 12
      vertex 30.8 0 12
    endloop
  endfacet
  facet normal 0 1 0
    outer loop
      vertex -1.14441e-05 0 136.089
      vertex 116.4 0 148.089
      vertex 73.6 0 136.089
    endloop
  endfacet
  facet normal 0 1 0
    outer loop
      vertex 116.4 0 148.089
      vertex 104.4 0 105.289
      vertex 73.6 0 136.089
    endloop
  endfacet
  facet normal 0 1 -0
    outer loop
      vertex 116.4 0 1.88128e-06
      vertex 104.4 0 105.289
      vertex 116.4 0 148.089
    endloop
  endfacet
  facet normal 0 1 0
    outer loop
      vertex 116.4 0 1.88128e-06
      vertex 42.8 0 12
      vertex 104.4 0 12
    endloop
  endfacet
  facet normal 0 1 0
    outer loop
      vertex 42.8 0 12
      vertex 116.4 0 1.88128e-06
      vertex 30.8 0 12
    endloop
  endfacet
  facet normal 0 1 0
    outer loop
      vertex 30.8 0 12
      vertex 116.4 0 1.88128e-06
      vertex -30.8 0 12
    endloop
  endfacet
  facet normal 0 1 0
    outer loop
      vertex -116.4 0 1.88128e-06
      vertex -30.8 0 12
      vertex 116.4 0 1.88128e-06
    endloop
  endfacet
  facet normal 0 1 0
    outer loop
      vertex -30.8 0 12
      vertex -116.4 0 1.88128e-06
      vertex -42.8 0 12
    endloop
  endfacet
  facet normal 0 1 0
    outer loop
      vertex 104.4 0 105.289
      vertex 116.4 0 1.88128e-06
      vertex 104.4 0 12
    endloop
  endfacet
  facet normal 0 1 0
    outer loop
      vertex 116.4 0 148.089
      vertex -1.14441e-05 0 136.089
      vertex -116.4 0 148.089
    endloop
  endfacet
  facet normal 0 1 -0
    outer loop
      vertex -73.6 0 136.089
      vertex -116.4 0 148.089
      vertex -1.14441e-05 0 136.089
    endloop
  endfacet
  facet normal 0 1 -0
    outer loop
      vertex -104.4 0 105.289
      vertex -116.4 0 148.089
      vertex -73.6 0 136.089
    endloop
  endfacet
  facet normal 0 1 0
    outer loop
      vertex -116.4 0 1.88128e-06
      vertex -104.4 0 105.289
      vertex -104.4 0 12
    endloop
  endfacet
  facet normal 0 1 0
    outer loop
      vertex -104.4 0 105.289
      vertex -116.4 0 1.88128e-06
      vertex -116.4 0 148.089
    endloop
  endfacet
  facet normal 0 1 0
    outer loop
      vertex -42.8 0 12
      vertex -116.4 0 1.88128e-06
      vertex -104.4 0 12
    endloop
  endfacet
  facet normal 0 -0.707107 -0.707107
    outer loop
      vertex -116.4 -83.2908 1.88128e-06
      vertex 116.4 -95.2908 12
      vertex -116.4 -95.2908 12
    endloop
  endfacet
  facet normal 0 -0.707107 -0.707107
    outer loop
      vertex 116.4 -95.2908 12
      vertex -116.4 -83.2908 1.88128e-06
      vertex 116.4 -83.2908 1.88128e-06
    endloop
  endfacet
  facet normal 1 -0 0
    outer loop
      vertex 116.4 -95.2908 12
      vertex 116.4 0 1.88128e-06
      vertex 116.4 0 148.089
    endloop
  endfacet
  facet normal 1 0 0
    outer loop
      vertex 116.4 0 1.88128e-06
      vertex 116.4 -95.2908 12
      vertex 116.4 -83.2908 1.88128e-06
    endloop
  endfacet
  facet normal 0 0 -1
    outer loop
      vertex 10.4616 -23.3992 1.88128e-06
      vertex 116.4 0 1.88128e-06
      vertex 116.4 -83.2908 1.88128e-06
    endloop
  endfacet
  facet normal 0 0 -1
    outer loop
      vertex 116.4 0 1.88128e-06
      vertex 10.8646 -21.7208 1.88128e-06
      vertex 11 -20 1.88128e-06
    endloop
  endfacet
  facet normal 0 0 -1
    outer loop
      vertex 116.4 0 1.88128e-06
      vertex 10.4616 -23.3992 1.88128e-06
      vertex 10.8646 -21.7208 1.88128e-06
    endloop
  endfacet
  facet normal 0 0 -1
    outer loop
      vertex 116.4 -83.2908 1.88128e-06
      vertex 9.80107 -24.9939 1.88128e-06
      vertex 10.4616 -23.3992 1.88128e-06
    endloop
  endfacet
  facet normal 0 0 -1
    outer loop
      vertex 116.4 -83.2908 1.88128e-06
      vertex 8.89919 -26.4656 1.88128e-06
      vertex 9.80107 -24.9939 1.88128e-06
    endloop
  endfacet
  facet normal 0 0 -1
    outer loop
      vertex 116.4 -83.2908 1.88128e-06
      vertex 7.77817 -27.7782 1.88128e-06
      vertex 8.89919 -26.4656 1.88128e-06
    endloop
  endfacet
  facet normal 0 0 -1
    outer loop
      vertex 116.4 -83.2908 1.88128e-06
      vertex 6.46564 -28.8992 1.88128e-06
      vertex 7.77817 -27.7782 1.88128e-06
    endloop
  endfacet
  facet normal 0 0 -1
    outer loop
      vertex 116.4 -83.2908 1.88128e-06
      vertex 4.99389 -29.8011 1.88128e-06
      vertex 6.46564 -28.8992 1.88128e-06
    endloop
  endfacet
  facet normal 0 0 -1
    outer loop
      vertex 116.4 -83.2908 1.88128e-06
      vertex 3.39919 -30.4616 1.88128e-06
      vertex 4.99389 -29.8011 1.88128e-06
    endloop
  endfacet
  facet normal 0 0 -1
    outer loop
      vertex 116.4 -83.2908 1.88128e-06
      vertex 1.72078 -30.8646 1.88128e-06
      vertex 3.39919 -30.4616 1.88128e-06
    endloop
  endfacet
  facet normal 0 0 -1
    outer loop
      vertex 116.4 -83.2908 1.88128e-06
      vertex 0 -31 1.88128e-06
      vertex 1.72078 -30.8646 1.88128e-06
    endloop
  endfacet
  facet normal 0 0 -1
    outer loop
      vertex -116.4 -83.2908 1.88128e-06
      vertex 0 -31 1.88128e-06
      vertex 116.4 -83.2908 1.88128e-06
    endloop
  endfacet
  facet normal -0 0 -1
    outer loop
      vertex 0 -31 1.88128e-06
      vertex -116.4 -83.2908 1.88128e-06
      vertex -1.72078 -30.8646 1.88128e-06
    endloop
  endfacet
  facet normal -0 0 -1
    outer loop
      vertex -1.72078 -30.8646 1.88128e-06
      vertex -116.4 -83.2908 1.88128e-06
      vertex -3.39919 -30.4616 1.88128e-06
    endloop
  endfacet
  facet normal 0 0 -1
    outer loop
      vertex -10.4616 -23.3992 1.88128e-06
      vertex -116.4 0 1.88128e-06
      vertex -10.8646 -21.7208 1.88128e-06
    endloop
  endfacet
  facet normal 0 0 -1
    outer loop
      vertex -116.4 0 1.88128e-06
      vertex -10.4616 -23.3992 1.88128e-06
      vertex -116.4 -83.2908 1.88128e-06
    endloop
  endfacet
  facet normal -0 0 -1
    outer loop
      vertex -9.80107 -24.9939 1.88128e-06
      vertex -116.4 -83.2908 1.88128e-06
      vertex -10.4616 -23.3992 1.88128e-06
    endloop
  endfacet
  facet normal -0 0 -1
    outer loop
      vertex -8.89919 -26.4656 1.88128e-06
      vertex -116.4 -83.2908 1.88128e-06
      vertex -9.80107 -24.9939 1.88128e-06
    endloop
  endfacet
  facet normal -0 0 -1
    outer loop
      vertex -7.77817 -27.7782 1.88128e-06
      vertex -116.4 -83.2908 1.88128e-06
      vertex -8.89919 -26.4656 1.88128e-06
    endloop
  endfacet
  facet normal -0 0 -1
    outer loop
      vertex -6.46564 -28.8992 1.88128e-06
      vertex -116.4 -83.2908 1.88128e-06
      vertex -7.77817 -27.7782 1.88128e-06
    endloop
  endfacet
  facet normal -0 0 -1
    outer loop
      vertex -4.99389 -29.8011 1.88128e-06
      vertex -116.4 -83.2908 1.88128e-06
      vertex -6.46564 -28.8992 1.88128e-06
    endloop
  endfacet
  facet normal -0 0 -1
    outer loop
      vertex -3.39919 -30.4616 1.88128e-06
      vertex -116.4 -83.2908 1.88128e-06
      vertex -4.99389 -29.8011 1.88128e-06
    endloop
  endfacet
  facet normal 0 0 -1
    outer loop
      vertex 10.8646 -18.2792 1.88128e-06
      vertex 116.4 0 1.88128e-06
      vertex 11 -20 1.88128e-06
    endloop
  endfacet
  facet normal 0 0 -1
    outer loop
      vertex 10.4616 -16.6008 1.88128e-06
      vertex 116.4 0 1.88128e-06
      vertex 10.8646 -18.2792 1.88128e-06
    endloop
  endfacet
  facet normal 0 0 -1
    outer loop
      vertex 9.80107 -15.0061 1.88128e-06
      vertex 116.4 0 1.88128e-06
      vertex 10.4616 -16.6008 1.88128e-06
    endloop
  endfacet
  facet normal 0 0 -1
    outer loop
      vertex 8.89919 -13.5344 1.88128e-06
      vertex 116.4 0 1.88128e-06
      vertex 9.80107 -15.0061 1.88128e-06
    endloop
  endfacet
  facet normal 0 0 -1
    outer loop
      vertex 7.77817 -12.2218 1.88128e-06
      vertex 116.4 0 1.88128e-06
      vertex 8.89919 -13.5344 1.88128e-06
    endloop
  endfacet
  facet normal 0 0 -1
    outer loop
      vertex 6.46564 -11.1008 1.88128e-06
      vertex 116.4 0 1.88128e-06
      vertex 7.77817 -12.2218 1.88128e-06
    endloop
  endfacet
  facet normal 0 0 -1
    outer loop
      vertex 4.99389 -10.1989 1.88128e-06
      vertex 116.4 0 1.88128e-06
      vertex 6.46564 -11.1008 1.88128e-06
    endloop
  endfacet
  facet normal 0 0 -1
    outer loop
      vertex 3.39919 -9.53838 1.88128e-06
      vertex 116.4 0 1.88128e-06
      vertex 4.99389 -10.1989 1.88128e-06
    endloop
  endfacet
  facet normal 0 0 -1
    outer loop
      vertex 1.72078 -9.13543 1.88128e-06
      vertex 116.4 0 1.88128e-06
      vertex 3.39919 -9.53838 1.88128e-06
    endloop
  endfacet
  facet normal 0 0 -1
    outer loop
      vertex 0 -9 1.88128e-06
      vertex 116.4 0 1.88128e-06
      vertex 1.72078 -9.13543 1.88128e-06
    endloop
  endfacet
  facet normal 0 0 -1
    outer loop
      vertex -10.8646 -21.7208 1.88128e-06
      vertex -116.4 0 1.88128e-06
      vertex -11 -20 1.88128e-06
    endloop
  endfacet
  facet normal 0 0 -1
    outer loop
      vertex -11 -20 1.88128e-06
      vertex -116.4 0 1.88128e-06
      vertex -10.8646 -18.2792 1.88128e-06
    endloop
  endfacet
  facet normal 0 0 -1
    outer loop
      vertex -10.8646 -18.2792 1.88128e-06
      vertex -116.4 0 1.88128e-06
      vertex -10.4616 -16.6008 1.88128e-06
    endloop
  endfacet
  facet normal 0 0 -1
    outer loop
      vertex -10.4616 -16.6008 1.88128e-06
      vertex -116.4 0 1.88128e-06
      vertex -9.80107 -15.0061 1.88128e-06
    endloop
  endfacet
  facet normal 0 0 -1
    outer loop
      vertex -9.80107 -15.0061 1.88128e-06
      vertex -116.4 0 1.88128e-06
      vertex -8.89919 -13.5344 1.88128e-06
    endloop
  endfacet
  facet normal 0 0 -1
    outer loop
      vertex -8.89919 -13.5344 1.88128e-06
      vertex -116.4 0 1.88128e-06
      vertex -7.77817 -12.2218 1.88128e-06
    endloop
  endfacet
  facet normal 0 0 -1
    outer loop
      vertex 0 -9 1.88128e-06
      vertex -116.4 0 1.88128e-06
      vertex 116.4 0 1.88128e-06
    endloop
  endfacet
  facet normal 0 0 -1
    outer loop
      vertex -1.72078 -9.13543 1.88128e-06
      vertex -116.4 0 1.88128e-06
      vertex 0 -9 1.88128e-06
    endloop
  endfacet
  facet normal 0 0 -1
    outer loop
      vertex -3.39919 -9.53838 1.88128e-06
      vertex -116.4 0 1.88128e-06
      vertex -1.72078 -9.13543 1.88128e-06
    endloop
  endfacet
  facet normal 0 0 -1
    outer loop
      vertex -4.99389 -10.1989 1.88128e-06
      vertex -116.4 0 1.88128e-06
      vertex -3.39919 -9.53838 1.88128e-06
    endloop
  endfacet
  facet normal 0 0 -1
    outer loop
      vertex -6.46564 -11.1008 1.88128e-06
      vertex -116.4 0 1.88128e-06
      vertex -4.99389 -10.1989 1.88128e-06
    endloop
  endfacet
  facet normal 0 0 -1
    outer loop
      vertex -7.77817 -12.2218 1.88128e-06
      vertex -116.4 0 1.88128e-06
      vertex -6.46564 -11.1008 1.88128e-06
    endloop
  endfacet
  facet normal -2.10025e-05 -0.818969 0.573837
    outer loop
      vertex 17.667 -87.3185 23.3857
      vertex 74.175 -85.1959 26.4171
      vertex 17.0414 -87.2323 23.5087
    endloop
  endfacet
  facet normal -1.30717e-05 -0.81923 0.573465
    outer loop
      vertex 74.175 -85.1959 26.4171
      vertex 105.759 -87.2323 23.5087
      vertex 106.4 -87.2034 23.55
    endloop
  endfacet
  facet normal 5.87987e-06 -0.819205 0.573501
    outer loop
      vertex 18.2614 -87.4597 23.184
      vertex 74.175 -85.1959 26.4171
      vertex 17.667 -87.3185 23.3857
    endloop
  endfacet
  facet normal 3.25676e-05 -0.818997 0.573798
    outer loop
      vertex 74.175 -85.1959 26.4171
      vertex 105.133 -87.3185 23.3857
      vertex 105.759 -87.2323 23.5087
    endloop
  endfacet
  facet normal 5.19228e-06 -0.819199 0.573509
    outer loop
      vertex 18.8099 -87.6525 22.9086
      vertex 74.175 -85.1959 26.4171
      vertex 18.2614 -87.4597 23.184
    endloop
  endfacet
  facet normal -9.64725e-06 -0.819199 0.573509
    outer loop
      vertex 74.175 -85.1959 26.4171
      vertex 104.539 -87.4597 23.184
      vertex 105.133 -87.3185 23.3857
    endloop
  endfacet
  facet normal -7.46284e-05 -0.818607 0.574354
    outer loop
      vertex 18.8915 -87.6925 22.8516
      vertex 74.175 -85.1959 26.4171
      vertex 18.8099 -87.6525 22.9086
    endloop
  endfacet
  facet normal -8.79544e-06 -0.819196 0.573514
    outer loop
      vertex 74.175 -85.1959 26.4171
      vertex 103.99 -87.6525 22.9086
      vertex 104.539 -87.4597 23.184
    endloop
  endfacet
  facet normal 1.18722e-05 -0.819237 0.573454
    outer loop
      vertex 19.2991 -87.8922 22.5663
      vertex 74.175 -85.1959 26.4171
      vertex 18.8915 -87.6925 22.8516
    endloop
  endfacet
  facet normal 0.000129504 -0.818643 0.574302
    outer loop
      vertex 74.175 -85.1959 26.4171
      vertex 103.909 -87.6925 22.8516
      vertex 103.99 -87.6525 22.9086
    endloop
  endfacet
  facet normal -9.36047e-07 -0.819152 0.573577
    outer loop
      vertex 19.6473 -88.126 22.2324
      vertex 74.175 -85.1959 26.4171
      vertex 19.2991 -87.8922 22.5663
    endloop
  endfacet
  facet normal -2.05784e-05 -0.819232 0.573463
    outer loop
      vertex 74.175 -85.1959 26.4171
      vertex 103.501 -87.8922 22.5663
      vertex 103.909 -87.6925 22.8516
    endloop
  endfacet
  facet normal -2.35828e-05 -0.819013 0.573775
    outer loop
      vertex 19.717 -88.1728 22.1656
      vertex 74.175 -85.1959 26.4171
      vertex 19.6473 -88.126 22.2324
    endloop
  endfacet
  facet normal 1.65346e-06 -0.819152 0.573576
    outer loop
      vertex 74.175 -85.1959 26.4171
      vertex 103.153 -88.126 22.2324
      vertex 103.501 -87.8922 22.5663
    endloop
  endfacet
  facet normal -2.30909e-08 -0.819155 0.573572
    outer loop
      vertex 20.0531 -88.4874 21.7163
      vertex 74.175 -85.1959 26.4171
      vertex 19.717 -88.1728 22.1656
    endloop
  endfacet
  facet normal 4.16299e-05 -0.819022 0.573762
    outer loop
      vertex 74.175 -85.1959 26.4171
      vertex 103.083 -88.1728 22.1656
      vertex 103.153 -88.126 22.2324
    endloop
  endfacet
  facet normal 3.83036e-06 -0.819176 0.573543
    outer loop
      vertex 20.2993 -88.8283 21.2294
      vertex 74.175 -85.1959 26.4171
      vertex 20.0531 -88.4874 21.7163
    endloop
  endfacet
  facet normal 4.1478e-08 -0.819155 0.573572
    outer loop
      vertex 74.175 -85.1959 26.4171
      vertex 102.747 -88.4874 21.7163
      vertex 103.083 -88.1728 22.1656
    endloop
  endfacet
  facet normal -7.51679e-06 -0.81912 0.573622
    outer loop
      vertex 20.4495 -89.1872 20.7169
      vertex 74.175 -85.1959 26.4171
      vertex 20.2993 -88.8283 21.2294
    endloop
  endfacet
  facet normal -6.99295e-06 -0.819175 0.573544
    outer loop
      vertex 74.175 -85.1959 26.4171
      vertex 102.501 -88.8283 21.2294
      vertex 102.747 -88.4874 21.7163
    endloop
  endfacet
  facet normal 1.42341e-05 -0.819217 0.573484
    outer loop
      vertex 20.5 -89.555 20.1915
      vertex 74.175 -85.1959 26.4171
      vertex 20.4495 -89.1872 20.7169
    endloop
  endfacet
  facet normal 1.39477e-05 -0.819121 0.57362
    outer loop
      vertex 74.175 -85.1959 26.4171
      vertex 102.35 -89.1872 20.7169
      vertex 102.501 -88.8283 21.2294
    endloop
  endfacet
  facet normal -3.73347e-06 -0.819144 0.573588
    outer loop
      vertex 20.4495 -89.9229 19.6661
      vertex 74.175 -85.1959 26.4171
      vertex 20.5 -89.555 20.1915
    endloop
  endfacet
  facet normal -2.69012e-05 -0.819216 0.573485
    outer loop
      vertex 74.175 -85.1959 26.4171
      vertex 102.3 -89.555 20.1915
      vertex 102.35 -89.1872 20.7169
    endloop
  endfacet
  facet normal -4.44867e-06 -0.819141 0.573592
    outer loop
      vertex 20.2993 -90.2817 19.1537
      vertex 74.175 -85.1959 26.4171
      vertex 20.4495 -89.9229 19.6661
    endloop
  endfacet
  facet normal 7.1973e-06 -0.819144 0.573588
    outer loop
      vertex 74.175 -85.1959 26.4171
      vertex 102.35 -89.9229 19.6661
      vertex 102.3 -89.555 20.1915
    endloop
  endfacet
  facet normal -1.82082e-05 -0.819093 0.57366
    outer loop
      vertex 20.0531 -90.6227 18.6668
      vertex 74.175 -85.1959 26.4171
      vertex 20.2993 -90.2817 19.1537
    endloop
  endfacet
  facet normal 8.79124e-06 -0.819141 0.573593
    outer loop
      vertex 74.175 -85.1959 26.4171
      vertex 102.501 -90.2817 19.1537
      vertex 102.35 -89.9229 19.6661
    endloop
  endfacet
  facet normal 2.11068e-05 -0.819222 0.573476
    outer loop
      vertex 19.717 -90.9373 18.2174
      vertex 74.175 -85.1959 26.4171
      vertex 20.0531 -90.6227 18.6668
    endloop
  endfacet
  facet normal 3.70738e-05 -0.819089 0.573667
    outer loop
      vertex 74.175 -85.1959 26.4171
      vertex 102.747 -90.6227 18.6668
      vertex 102.501 -90.2817 19.1537
    endloop
  endfacet
  facet normal -1.14372e-05 -0.819121 0.573621
    outer loop
      vertex 19.2991 -91.2179 17.8167
      vertex 74.175 -85.1959 26.4171
      vertex 19.717 -90.9373 18.2174
    endloop
  endfacet
  facet normal -4.47817e-05 -0.819231 0.573464
    outer loop
      vertex 74.175 -85.1959 26.4171
      vertex 103.083 -90.9373 18.2174
      vertex 102.747 -90.6227 18.6668
    endloop
  endfacet
  facet normal -1.04116e-05 -0.819124 0.573617
    outer loop
      vertex 18.8099 -91.4576 17.4744
      vertex 74.175 -85.1959 26.4171
      vertex 19.2991 -91.2179 17.8167
    endloop
  endfacet
  facet normal 2.57948e-05 -0.819114 0.573631
    outer loop
      vertex 74.175 -85.1959 26.4171
      vertex 103.501 -91.2179 17.8167
      vertex 103.083 -90.9373 18.2174
    endloop
  endfacet
  facet normal -3.0167e-06 -0.819145 0.573586
    outer loop
      vertex 18.3528 -91.6183 17.2449
      vertex 74.175 -85.1959 26.4171
      vertex 18.8099 -91.4576 17.4744
    endloop
  endfacet
  facet normal 2.60198e-05 -0.819113 0.573632
    outer loop
      vertex 74.175 -85.1959 26.4171
      vertex 103.99 -91.4576 17.4744
      vertex 103.501 -91.2179 17.8167
    endloop
  endfacet
  facet normal 0 -0.819154 0.573574
    outer loop
      vertex 104.447 -91.6183 17.2449
      vertex 74.175 -85.1959 26.4171
      vertex 18.3528 -91.6183 17.2449
    endloop
  endfacet
  facet normal 9.4347e-06 -0.819139 0.573595
    outer loop
      vertex 74.175 -85.1959 26.4171
      vertex 104.447 -91.6183 17.2449
      vertex 103.99 -91.4576 17.4744
    endloop
  endfacet
  facet normal 0 -0.819483 0.573103
    outer loop
      vertex 18.2614 -91.6504 17.199
      vertex 104.447 -91.6183 17.2449
      vertex 18.3528 -91.6183 17.2449
    endloop
  endfacet
  facet normal 0 -0.819483 0.573103
    outer loop
      vertex 18.2614 -91.6504 17.199
      vertex 104.539 -91.6504 17.199
      vertex 104.447 -91.6183 17.2449
    endloop
  endfacet
  facet normal -3.02908e-05 -0.819419 0.573195
    outer loop
      vertex 116.4 -95.2908 12
      vertex 18.2614 -91.6504 17.199
      vertex 18.1623 -91.6739 17.1654
    endloop
  endfacet
  facet normal 0 -0.81915 0.573579
    outer loop
      vertex 18.2614 -91.6504 17.199
      vertex 116.4 -95.2908 12
      vertex 104.539 -91.6504 17.199
    endloop
  endfacet
  facet normal 1.4109e-05 -0.819022 0.573762
    outer loop
      vertex 116.4 -95.2908 12
      vertex 18.1623 -91.6739 17.1654
      vertex 17.667 -91.7916 16.9974
    endloop
  endfacet
  facet normal 0.000992507 -0.818085 0.575097
    outer loop
      vertex 104.539 -91.6504 17.199
      vertex 116.4 -95.2908 12
      vertex 104.638 -91.6739 17.1654
    endloop
  endfacet
  facet normal 1.30587e-06 -0.819141 0.573592
    outer loop
      vertex 116.4 -95.2908 12
      vertex 17.667 -91.7916 16.9974
      vertex 17.0414 -91.8778 16.8743
    endloop
  endfacet
  facet normal -0.000463375 -0.819644 0.572873
    outer loop
      vertex 104.638 -91.6739 17.1654
      vertex 116.4 -95.2908 12
      vertex 105.133 -91.7916 16.9974
    endloop
  endfacet
  facet normal -1.01564e-05 -0.819251 0.573435
    outer loop
      vertex 116.4 -95.2908 12
      vertex 17.0414 -91.8778 16.8743
      vertex 16.4 -91.9067 16.833
    endloop
  endfacet
  facet normal -1.14591e-05 -0.819166 0.573557
    outer loop
      vertex 105.133 -91.7916 16.9974
      vertex 116.4 -95.2908 12
      vertex 105.759 -91.8778 16.8743
    endloop
  endfacet
  facet normal 0 -0.819325 0.573329
    outer loop
      vertex -15.7586 -87.2323 23.5087
      vertex 16.4 -87.2034 23.55
      vertex -16.4 -87.2034 23.55
    endloop
  endfacet
  facet normal 0 -0.819325 0.573329
    outer loop
      vertex -15.7586 -87.2323 23.5087
      vertex 15.7586 -87.2323 23.5087
      vertex 16.4 -87.2034 23.55
    endloop
  endfacet
  facet normal 0 -0.818919 0.573909
    outer loop
      vertex -15.133 -87.3185 23.3857
      vertex 15.7586 -87.2323 23.5087
      vertex -15.7586 -87.2323 23.5087
    endloop
  endfacet
  facet normal 0 -0.818919 0.573909
    outer loop
      vertex -15.133 -87.3185 23.3857
      vertex 15.133 -87.3185 23.3857
      vertex 15.7586 -87.2323 23.5087
    endloop
  endfacet
  facet normal 0 -0.819213 0.57349
    outer loop
      vertex -14.5386 -87.4597 23.184
      vertex 15.133 -87.3185 23.3857
      vertex -15.133 -87.3185 23.3857
    endloop
  endfacet
  facet normal 0 -0.819213 0.57349
    outer loop
      vertex -14.5386 -87.4597 23.184
      vertex 14.5386 -87.4597 23.184
      vertex 15.133 -87.3185 23.3857
    endloop
  endfacet
  facet normal 0 -0.819204 0.573502
    outer loop
      vertex -13.9901 -87.6525 22.9086
      vertex 14.5386 -87.4597 23.184
      vertex -14.5386 -87.4597 23.184
    endloop
  endfacet
  facet normal 0 -0.819204 0.573502
    outer loop
      vertex -13.9901 -87.6525 22.9086
      vertex 13.9901 -87.6525 22.9086
      vertex 14.5386 -87.4597 23.184
    endloop
  endfacet
  facet normal 0 -0.818557 0.574426
    outer loop
      vertex -13.9085 -87.6925 22.8516
      vertex 13.9901 -87.6525 22.9086
      vertex -13.9901 -87.6525 22.9086
    endloop
  endfacet
  facet normal 0 -0.818557 0.574426
    outer loop
      vertex -13.9085 -87.6925 22.8516
      vertex 13.9085 -87.6925 22.8516
      vertex 13.9901 -87.6525 22.9086
    endloop
  endfacet
  facet normal 0 -0.819245 0.573443
    outer loop
      vertex -13.5009 -87.8922 22.5663
      vertex 13.9085 -87.6925 22.8516
      vertex -13.9085 -87.6925 22.8516
    endloop
  endfacet
  facet normal 0 -0.819245 0.573443
    outer loop
      vertex -13.5009 -87.8922 22.5663
      vertex 13.5009 -87.8922 22.5663
      vertex 13.9085 -87.6925 22.8516
    endloop
  endfacet
  facet normal 0 -0.819151 0.573578
    outer loop
      vertex -13.1527 -88.126 22.2324
      vertex 13.5009 -87.8922 22.5663
      vertex -13.5009 -87.8922 22.5663
    endloop
  endfacet
  facet normal 0 -0.819151 0.573578
    outer loop
      vertex -13.1527 -88.126 22.2324
      vertex 13.1527 -88.126 22.2324
      vertex 13.5009 -87.8922 22.5663
    endloop
  endfacet
  facet normal 0 -0.819001 0.573791
    outer loop
      vertex -13.083 -88.1728 22.1656
      vertex 13.1527 -88.126 22.2324
      vertex -13.1527 -88.126 22.2324
    endloop
  endfacet
  facet normal 0 -0.819001 0.573791
    outer loop
      vertex -13.083 -88.1728 22.1656
      vertex 13.083 -88.1728 22.1656
      vertex 13.1527 -88.126 22.2324
    endloop
  endfacet
  facet normal 0 -0.819155 0.573572
    outer loop
      vertex -12.7469 -88.4874 21.7163
      vertex 13.083 -88.1728 22.1656
      vertex -13.083 -88.1728 22.1656
    endloop
  endfacet
  facet normal 0 -0.819155 0.573572
    outer loop
      vertex -12.7469 -88.4874 21.7163
      vertex 12.7469 -88.4874 21.7163
      vertex 13.083 -88.1728 22.1656
    endloop
  endfacet
  facet normal 0 -0.819177 0.573541
    outer loop
      vertex -12.5007 -88.8283 21.2294
      vertex 12.7469 -88.4874 21.7163
      vertex -12.7469 -88.4874 21.7163
    endloop
  endfacet
  facet normal 0 -0.819177 0.573541
    outer loop
      vertex -12.5007 -88.8283 21.2294
      vertex 12.5007 -88.8283 21.2294
      vertex 12.7469 -88.4874 21.7163
    endloop
  endfacet
  facet normal 0 -0.819119 0.573623
    outer loop
      vertex -12.3505 -89.1872 20.7169
      vertex 12.5007 -88.8283 21.2294
      vertex -12.5007 -88.8283 21.2294
    endloop
  endfacet
  facet normal 0 -0.819119 0.573623
    outer loop
      vertex -12.3505 -89.1872 20.7169
      vertex 12.3505 -89.1872 20.7169
      vertex 12.5007 -88.8283 21.2294
    endloop
  endfacet
  facet normal 0 -0.819217 0.573483
    outer loop
      vertex -12.3 -89.555 20.1915
      vertex 12.3505 -89.1872 20.7169
      vertex -12.3505 -89.1872 20.7169
    endloop
  endfacet
  facet normal 0 -0.819217 0.573483
    outer loop
      vertex -12.3 -89.555 20.1915
      vertex 12.3 -89.555 20.1915
      vertex 12.3505 -89.1872 20.7169
    endloop
  endfacet
  facet normal 0 -0.819144 0.573588
    outer loop
      vertex -12.3505 -89.9229 19.6661
      vertex 12.3 -89.555 20.1915
      vertex -12.3 -89.555 20.1915
    endloop
  endfacet
  facet normal 0 -0.819144 0.573588
    outer loop
      vertex -12.3505 -89.9229 19.6661
      vertex 12.3505 -89.9229 19.6661
      vertex 12.3 -89.555 20.1915
    endloop
  endfacet
  facet normal 0 -0.819142 0.573591
    outer loop
      vertex -12.5007 -90.2817 19.1537
      vertex 12.3505 -89.9229 19.6661
      vertex -12.3505 -89.9229 19.6661
    endloop
  endfacet
  facet normal 0 -0.819142 0.573591
    outer loop
      vertex -12.5007 -90.2817 19.1537
      vertex 12.5007 -90.2817 19.1537
      vertex 12.3505 -89.9229 19.6661
    endloop
  endfacet
  facet normal 0 -0.819098 0.573654
    outer loop
      vertex -12.7469 -90.6227 18.6668
      vertex 12.5007 -90.2817 19.1537
      vertex -12.5007 -90.2817 19.1537
    endloop
  endfacet
  facet normal 0 -0.819098 0.573654
    outer loop
      vertex -12.7469 -90.6227 18.6668
      vertex 12.7469 -90.6227 18.6668
      vertex 12.5007 -90.2817 19.1537
    endloop
  endfacet
  facet normal 0 -0.819215 0.573487
    outer loop
      vertex -13.083 -90.9373 18.2174
      vertex 12.7469 -90.6227 18.6668
      vertex -12.7469 -90.6227 18.6668
    endloop
  endfacet
  facet normal 0 -0.819215 0.573487
    outer loop
      vertex -13.083 -90.9373 18.2174
      vertex 13.083 -90.9373 18.2174
      vertex 12.7469 -90.6227 18.6668
    endloop
  endfacet
  facet normal 0 -0.819126 0.573613
    outer loop
      vertex -13.5009 -91.2179 17.8167
      vertex 13.083 -90.9373 18.2174
      vertex -13.083 -90.9373 18.2174
    endloop
  endfacet
  facet normal 0 -0.819126 0.573613
    outer loop
      vertex -13.5009 -91.2179 17.8167
      vertex 13.5009 -91.2179 17.8167
      vertex 13.083 -90.9373 18.2174
    endloop
  endfacet
  facet normal 0 -0.819131 0.573607
    outer loop
      vertex -13.9901 -91.4576 17.4744
      vertex 13.5009 -91.2179 17.8167
      vertex -13.5009 -91.2179 17.8167
    endloop
  endfacet
  facet normal 0 -0.819131 0.573607
    outer loop
      vertex -13.9901 -91.4576 17.4744
      vertex 13.9901 -91.4576 17.4744
      vertex 13.5009 -91.2179 17.8167
    endloop
  endfacet
  facet normal 0 -0.819148 0.573582
    outer loop
      vertex -14.4472 -91.6183 17.2449
      vertex 13.9901 -91.4576 17.4744
      vertex -13.9901 -91.4576 17.4744
    endloop
  endfacet
  facet normal 0 -0.819148 0.573582
    outer loop
      vertex -14.4472 -91.6183 17.2449
      vertex 14.4472 -91.6183 17.2449
      vertex 13.9901 -91.4576 17.4744
    endloop
  endfacet
  facet normal 0 -0.819483 0.573103
    outer loop
      vertex -14.5386 -91.6504 17.199
      vertex 14.4472 -91.6183 17.2449
      vertex -14.4472 -91.6183 17.2449
    endloop
  endfacet
  facet normal 0 -0.819483 0.573103
    outer loop
      vertex -14.5386 -91.6504 17.199
      vertex 14.5386 -91.6504 17.199
      vertex 14.4472 -91.6183 17.2449
    endloop
  endfacet
  facet normal 0 -0.819461 0.573135
    outer loop
      vertex -14.6377 -91.6739 17.1654
      vertex 14.5386 -91.6504 17.199
      vertex -14.5386 -91.6504 17.199
    endloop
  endfacet
  facet normal 0 -0.819461 0.573135
    outer loop
      vertex -14.6377 -91.6739 17.1654
      vertex 14.6377 -91.6739 17.1654
      vertex 14.5386 -91.6504 17.199
    endloop
  endfacet
  facet normal 0 -0.819003 0.573789
    outer loop
      vertex -15.133 -91.7916 16.9974
      vertex 14.6377 -91.6739 17.1654
      vertex -14.6377 -91.6739 17.1654
    endloop
  endfacet
  facet normal 0 -0.819003 0.573789
    outer loop
      vertex -15.133 -91.7916 16.9974
      vertex 15.133 -91.7916 16.9974
      vertex 14.6377 -91.6739 17.1654
    endloop
  endfacet
  facet normal 0 -0.819138 0.573596
    outer loop
      vertex -15.7586 -91.8778 16.8743
      vertex 15.133 -91.7916 16.9974
      vertex -15.133 -91.7916 16.9974
    endloop
  endfacet
  facet normal 0 -0.819138 0.573596
    outer loop
      vertex -15.7586 -91.8778 16.8743
      vertex 15.7586 -91.8778 16.8743
      vertex 15.133 -91.7916 16.9974
    endloop
  endfacet
  facet normal 0 -0.819325 0.573329
    outer loop
      vertex -16.4 -91.9067 16.833
      vertex 15.7586 -91.8778 16.8743
      vertex -15.7586 -91.8778 16.8743
    endloop
  endfacet
  facet normal 0 -0.819325 0.573329
    outer loop
      vertex 15.7586 -91.8778 16.8743
      vertex -16.4 -91.9067 16.833
      vertex 16.4 -91.9067 16.833
    endloop
  endfacet
  facet normal -4.32905e-07 -0.819151 0.573578
    outer loop
      vertex -105.133 -17.9723 122.422
      vertex -105.133 -87.3185 23.3857
      vertex -74.175 -85.1959 26.4171
    endloop
  endfacet
  facet normal -9.80374e-06 -0.819254 0.573431
    outer loop
      vertex -74.175 -85.1959 26.4171
      vertex -17.0414 -87.2323 23.5087
      vertex -16.4 -87.2034 23.55
    endloop
  endfacet
  facet normal 9.64725e-06 -0.819199 0.573509
    outer loop
      vertex -104.539 -87.4597 23.184
      vertex -74.175 -85.1959 26.4171
      vertex -105.133 -87.3185 23.3857
    endloop
  endfacet
  facet normal 2.10025e-05 -0.818969 0.573837
    outer loop
      vertex -74.175 -85.1959 26.4171
      vertex -17.667 -87.3185 23.3857
      vertex -17.0414 -87.2323 23.5087
    endloop
  endfacet
  facet normal 8.79544e-06 -0.819196 0.573514
    outer loop
      vertex -103.99 -87.6525 22.9086
      vertex -74.175 -85.1959 26.4171
      vertex -104.539 -87.4597 23.184
    endloop
  endfacet
  facet normal -5.87987e-06 -0.819205 0.573501
    outer loop
      vertex -74.175 -85.1959 26.4171
      vertex -18.2614 -87.4597 23.184
      vertex -17.667 -87.3185 23.3857
    endloop
  endfacet
  facet normal -0.000129504 -0.818643 0.574302
    outer loop
      vertex -103.909 -87.6925 22.8516
      vertex -74.175 -85.1959 26.4171
      vertex -103.99 -87.6525 22.9086
    endloop
  endfacet
  facet normal -5.19228e-06 -0.819199 0.573509
    outer loop
      vertex -74.175 -85.1959 26.4171
      vertex -18.8099 -87.6525 22.9086
      vertex -18.2614 -87.4597 23.184
    endloop
  endfacet
  facet normal 2.05784e-05 -0.819232 0.573463
    outer loop
      vertex -103.501 -87.8922 22.5663
      vertex -74.175 -85.1959 26.4171
      vertex -103.909 -87.6925 22.8516
    endloop
  endfacet
  facet normal 7.46284e-05 -0.818607 0.574354
    outer loop
      vertex -74.175 -85.1959 26.4171
      vertex -18.8915 -87.6925 22.8516
      vertex -18.8099 -87.6525 22.9086
    endloop
  endfacet
  facet normal -1.65346e-06 -0.819152 0.573576
    outer loop
      vertex -103.153 -88.126 22.2324
      vertex -74.175 -85.1959 26.4171
      vertex -103.501 -87.8922 22.5663
    endloop
  endfacet
  facet normal -1.18722e-05 -0.819237 0.573454
    outer loop
      vertex -74.175 -85.1959 26.4171
      vertex -19.2991 -87.8922 22.5663
      vertex -18.8915 -87.6925 22.8516
    endloop
  endfacet
  facet normal -4.16299e-05 -0.819022 0.573762
    outer loop
      vertex -103.083 -88.1728 22.1656
      vertex -74.175 -85.1959 26.4171
      vertex -103.153 -88.126 22.2324
    endloop
  endfacet
  facet normal 9.36047e-07 -0.819152 0.573577
    outer loop
      vertex -74.175 -85.1959 26.4171
      vertex -19.6473 -88.126 22.2324
      vertex -19.2991 -87.8922 22.5663
    endloop
  endfacet
  facet normal -4.1478e-08 -0.819155 0.573572
    outer loop
      vertex -102.747 -88.4874 21.7163
      vertex -74.175 -85.1959 26.4171
      vertex -103.083 -88.1728 22.1656
    endloop
  endfacet
  facet normal 2.35828e-05 -0.819013 0.573775
    outer loop
      vertex -74.175 -85.1959 26.4171
      vertex -19.717 -88.1728 22.1656
      vertex -19.6473 -88.126 22.2324
    endloop
  endfacet
  facet normal 6.99295e-06 -0.819175 0.573544
    outer loop
      vertex -102.501 -88.8283 21.2294
      vertex -74.175 -85.1959 26.4171
      vertex -102.747 -88.4874 21.7163
    endloop
  endfacet
  facet normal 2.30909e-08 -0.819155 0.573572
    outer loop
      vertex -74.175 -85.1959 26.4171
      vertex -20.0531 -88.4874 21.7163
      vertex -19.717 -88.1728 22.1656
    endloop
  endfacet
  facet normal -1.39477e-05 -0.819121 0.57362
    outer loop
      vertex -102.35 -89.1872 20.7169
      vertex -74.175 -85.1959 26.4171
      vertex -102.501 -88.8283 21.2294
    endloop
  endfacet
  facet normal -3.83036e-06 -0.819176 0.573543
    outer loop
      vertex -74.175 -85.1959 26.4171
      vertex -20.2993 -88.8283 21.2294
      vertex -20.0531 -88.4874 21.7163
    endloop
  endfacet
  facet normal 2.69012e-05 -0.819216 0.573485
    outer loop
      vertex -102.3 -89.555 20.1915
      vertex -74.175 -85.1959 26.4171
      vertex -102.35 -89.1872 20.7169
    endloop
  endfacet
  facet normal 7.51679e-06 -0.81912 0.573622
    outer loop
      vertex -74.175 -85.1959 26.4171
      vertex -20.4495 -89.1872 20.7169
      vertex -20.2993 -88.8283 21.2294
    endloop
  endfacet
  facet normal -7.1973e-06 -0.819144 0.573588
    outer loop
      vertex -102.35 -89.9229 19.6661
      vertex -74.175 -85.1959 26.4171
      vertex -102.3 -89.555 20.1915
    endloop
  endfacet
  facet normal -1.42341e-05 -0.819217 0.573484
    outer loop
      vertex -74.175 -85.1959 26.4171
      vertex -20.5 -89.555 20.1915
      vertex -20.4495 -89.1872 20.7169
    endloop
  endfacet
  facet normal -8.79124e-06 -0.819141 0.573593
    outer loop
      vertex -102.501 -90.2817 19.1537
      vertex -74.175 -85.1959 26.4171
      vertex -102.35 -89.9229 19.6661
    endloop
  endfacet
  facet normal 3.73347e-06 -0.819144 0.573588
    outer loop
      vertex -74.175 -85.1959 26.4171
      vertex -20.4495 -89.9229 19.6661
      vertex -20.5 -89.555 20.1915
    endloop
  endfacet
  facet normal -3.70738e-05 -0.819089 0.573667
    outer loop
      vertex -102.747 -90.6227 18.6668
      vertex -74.175 -85.1959 26.4171
      vertex -102.501 -90.2817 19.1537
    endloop
  endfacet
  facet normal 4.44867e-06 -0.819141 0.573592
    outer loop
      vertex -74.175 -85.1959 26.4171
      vertex -20.2993 -90.2817 19.1537
      vertex -20.4495 -89.9229 19.6661
    endloop
  endfacet
  facet normal 4.47817e-05 -0.819231 0.573464
    outer loop
      vertex -103.083 -90.9373 18.2174
      vertex -74.175 -85.1959 26.4171
      vertex -102.747 -90.6227 18.6668
    endloop
  endfacet
  facet normal 1.82082e-05 -0.819093 0.57366
    outer loop
      vertex -74.175 -85.1959 26.4171
      vertex -20.0531 -90.6227 18.6668
      vertex -20.2993 -90.2817 19.1537
    endloop
  endfacet
  facet normal -2.57948e-05 -0.819114 0.573631
    outer loop
      vertex -103.501 -91.2179 17.8167
      vertex -74.175 -85.1959 26.4171
      vertex -103.083 -90.9373 18.2174
    endloop
  endfacet
  facet normal -2.11068e-05 -0.819222 0.573476
    outer loop
      vertex -74.175 -85.1959 26.4171
      vertex -19.717 -90.9373 18.2174
      vertex -20.0531 -90.6227 18.6668
    endloop
  endfacet
  facet normal -2.60198e-05 -0.819113 0.573632
    outer loop
      vertex -103.99 -91.4576 17.4744
      vertex -74.175 -85.1959 26.4171
      vertex -103.501 -91.2179 17.8167
    endloop
  endfacet
  facet normal 1.14372e-05 -0.819121 0.573621
    outer loop
      vertex -74.175 -85.1959 26.4171
      vertex -19.2991 -91.2179 17.8167
      vertex -19.717 -90.9373 18.2174
    endloop
  endfacet
  facet normal -9.4347e-06 -0.819139 0.573595
    outer loop
      vertex -104.447 -91.6183 17.2449
      vertex -74.175 -85.1959 26.4171
      vertex -103.99 -91.4576 17.4744
    endloop
  endfacet
  facet normal 1.04116e-05 -0.819124 0.573617
    outer loop
      vertex -74.175 -85.1959 26.4171
      vertex -18.8099 -91.4576 17.4744
      vertex -19.2991 -91.2179 17.8167
    endloop
  endfacet
  facet normal 0 -0.819154 0.573574
    outer loop
      vertex -18.3528 -91.6183 17.2449
      vertex -74.175 -85.1959 26.4171
      vertex -104.447 -91.6183 17.2449
    endloop
  endfacet
  facet normal 3.0167e-06 -0.819145 0.573586
    outer loop
      vertex -74.175 -85.1959 26.4171
      vertex -18.3528 -91.6183 17.2449
      vertex -18.8099 -91.4576 17.4744
    endloop
  endfacet
  facet normal 0 -0.819483 0.573103
    outer loop
      vertex -104.539 -91.6504 17.199
      vertex -18.3528 -91.6183 17.2449
      vertex -104.447 -91.6183 17.2449
    endloop
  endfacet
  facet normal 0 -0.819483 0.573103
    outer loop
      vertex -104.539 -91.6504 17.199
      vertex -18.2614 -91.6504 17.199
      vertex -18.3528 -91.6183 17.2449
    endloop
  endfacet
  facet normal -0.000992507 -0.818085 0.575097
    outer loop
      vertex -116.4 -95.2908 12
      vertex -104.539 -91.6504 17.199
      vertex -104.638 -91.6739 17.1654
    endloop
  endfacet
  facet normal 0 -0.81915 0.573579
    outer loop
      vertex -104.539 -91.6504 17.199
      vertex -116.4 -95.2908 12
      vertex -18.2614 -91.6504 17.199
    endloop
  endfacet
  facet normal 0.000463375 -0.819644 0.572873
    outer loop
      vertex -116.4 -95.2908 12
      vertex -104.638 -91.6739 17.1654
      vertex -105.133 -91.7916 16.9974
    endloop
  endfacet
  facet normal 3.02908e-05 -0.819419 0.573195
    outer loop
      vertex -18.2614 -91.6504 17.199
      vertex -116.4 -95.2908 12
      vertex -18.1623 -91.6739 17.1654
    endloop
  endfacet
  facet normal 1.14591e-05 -0.819166 0.573557
    outer loop
      vertex -116.4 -95.2908 12
      vertex -105.133 -91.7916 16.9974
      vertex -105.759 -91.8778 16.8743
    endloop
  endfacet
  facet normal -1.4109e-05 -0.819022 0.573762
    outer loop
      vertex -18.1623 -91.6739 17.1654
      vertex -116.4 -95.2908 12
      vertex -17.667 -91.7916 16.9974
    endloop
  endfacet
  facet normal -2.73443e-05 -0.819126 0.573614
    outer loop
      vertex -116.4 -95.2908 12
      vertex -105.759 -91.8778 16.8743
      vertex -106.4 -91.9067 16.833
    endloop
  endfacet
  facet normal -1.30587e-06 -0.819141 0.573592
    outer loop
      vertex -17.667 -91.7916 16.9974
      vertex -116.4 -95.2908 12
      vertex -17.0414 -91.8778 16.8743
    endloop
  endfacet
  facet normal 1.91492e-05 -0.819186 0.573528
    outer loop
      vertex 17.667 -13.4992 128.811
      vertex 116.4 0 148.089
      vertex 17.0414 -13.4131 128.934
    endloop
  endfacet
  facet normal 0.000384498 -0.81924 0.573451
    outer loop
      vertex 116.4 0 148.089
      vertex 105.759 -13.4131 128.934
      vertex 106.4 -13.3841 128.975
    endloop
  endfacet
  facet normal 0.000926557 -0.821363 0.570405
    outer loop
      vertex 17.766 -13.5227 128.777
      vertex 116.4 0 148.089
      vertex 17.667 -13.4992 128.811
    endloop
  endfacet
  facet normal -4.33865e-05 -0.819128 0.573611
    outer loop
      vertex 116.4 0 148.089
      vertex 105.133 -13.4992 128.811
      vertex 105.759 -13.4131 128.934
    endloop
  endfacet
  facet normal -3.78792e-05 -0.819055 0.573715
    outer loop
      vertex 18.2614 -13.6404 128.609
      vertex 116.4 0 148.089
      vertex 17.766 -13.5227 128.777
    endloop
  endfacet
  facet normal -0.00318615 -0.81826 0.574839
    outer loop
      vertex 116.4 0 148.089
      vertex 105.034 -13.5227 128.777
      vertex 105.133 -13.4992 128.811
    endloop
  endfacet
  facet normal 0.000178514 -0.819567 0.572983
    outer loop
      vertex 18.7185 -13.8011 128.379
      vertex 116.4 0 148.089
      vertex 18.2614 -13.6404 128.609
    endloop
  endfacet
  facet normal 0.000129442 -0.819182 0.573534
    outer loop
      vertex 116.4 0 148.089
      vertex 104.539 -13.6404 128.609
      vertex 105.034 -13.5227 128.777
    endloop
  endfacet
  facet normal 0.000281255 -0.819806 0.572641
    outer loop
      vertex 18.8099 -13.8332 128.333
      vertex 116.4 0 148.089
      vertex 18.7185 -13.8011 128.379
    endloop
  endfacet
  facet normal -0.000909292 -0.818884 0.573958
    outer loop
      vertex 116.4 0 148.089
      vertex 104.082 -13.8011 128.379
      vertex 104.539 -13.6404 128.609
    endloop
  endfacet
  facet normal -4.02848e-06 -0.819145 0.573587
    outer loop
      vertex 116.4 0 148.089
      vertex 18.8099 -13.8332 128.333
      vertex 74.175 -20.0949 119.391
    endloop
  endfacet
  facet normal 5.50595e-06 -0.819151 0.573578
    outer loop
      vertex 103.501 -14.0729 127.991
      vertex 116.4 0 148.089
      vertex 74.175 -20.0949 119.391
    endloop
  endfacet
  facet normal 0.000106624 -0.818823 0.574047
    outer loop
      vertex 74.175 -20.0949 119.391
      vertex 18.8099 -13.8332 128.333
      vertex 19.2991 -14.0729 127.991
    endloop
  endfacet
  facet normal -0.00141826 -0.818734 0.574171
    outer loop
      vertex 116.4 0 148.089
      vertex 103.99 -13.8332 128.333
      vertex 104.082 -13.8011 128.379
    endloop
  endfacet
  facet normal -7.39645e-05 -0.819364 0.573273
    outer loop
      vertex 74.175 -20.0949 119.391
      vertex 19.2991 -14.0729 127.991
      vertex 19.717 -14.3535 127.59
    endloop
  endfacet
  facet normal 0.000689617 -0.819357 0.573283
    outer loop
      vertex 116.4 0 148.089
      vertex 103.501 -14.0729 127.991
      vertex 103.99 -13.8332 128.333
    endloop
  endfacet
  facet normal 5.72545e-05 -0.818955 0.573858
    outer loop
      vertex 74.175 -20.0949 119.391
      vertex 19.717 -14.3535 127.59
      vertex 20.0531 -14.6681 127.141
    endloop
  endfacet
  facet normal 0.000166794 -0.81941 0.573208
    outer loop
      vertex 103.501 -14.0729 127.991
      vertex 74.175 -20.0949 119.391
      vertex 103.083 -14.3535 127.59
    endloop
  endfacet
  facet normal -3.40402e-06 -0.819154 0.573574
    outer loop
      vertex 74.175 -20.0949 119.391
      vertex 20.0531 -14.6681 127.141
      vertex 20.2993 -15.0091 126.654
    endloop
  endfacet
  facet normal -0.000121484 -0.818932 0.573891
    outer loop
      vertex 103.083 -14.3535 127.59
      vertex 74.175 -20.0949 119.391
      vertex 102.747 -14.6681 127.141
    endloop
  endfacet
  facet normal 6.28964e-05 -0.818923 0.573904
    outer loop
      vertex 74.175 -20.0949 119.391
      vertex 20.2993 -15.0091 126.654
      vertex 20.4495 -15.3679 126.142
    endloop
  endfacet
  facet normal 6.93085e-06 -0.819155 0.573573
    outer loop
      vertex 102.747 -14.6681 127.141
      vertex 74.175 -20.0949 119.391
      vertex 102.501 -15.0091 126.654
    endloop
  endfacet
  facet normal -0.000375873 -0.820561 0.571559
    outer loop
      vertex 74.175 -20.0949 119.391
      vertex 20.4495 -15.3679 126.142
      vertex 20.4579 -15.4292 126.054
    endloop
  endfacet
  facet normal -0.000124295 -0.818914 0.573916
    outer loop
      vertex 102.501 -15.0091 126.654
      vertex 74.175 -20.0949 119.391
      vertex 102.35 -15.3679 126.142
    endloop
  endfacet
  facet normal -2.46958e-05 -0.819233 0.573461
    outer loop
      vertex 74.175 -20.0949 119.391
      vertex 20.4579 -15.4292 126.054
      vertex 20.5 -15.7358 125.616
    endloop
  endfacet
  facet normal 0.000723917 -0.820575 0.571539
    outer loop
      vertex 102.35 -15.3679 126.142
      vertex 74.175 -20.0949 119.391
      vertex 102.342 -15.4292 126.054
    endloop
  endfacet
  facet normal 0.000406973 -0.817481 0.575956
    outer loop
      vertex 74.175 -20.0949 119.391
      vertex 20.5 -15.7358 125.616
      vertex 20.4916 -15.7971 125.529
    endloop
  endfacet
  facet normal 4.76159e-05 -0.819234 0.573459
    outer loop
      vertex 102.342 -15.4292 126.054
      vertex 74.175 -20.0949 119.391
      vertex 102.3 -15.7358 125.616
    endloop
  endfacet
  facet normal -3.92706e-05 -0.819318 0.573339
    outer loop
      vertex 74.175 -20.0949 119.391
      vertex 20.4916 -15.7971 125.529
      vertex 20.4495 -16.1036 125.091
    endloop
  endfacet
  facet normal -0.000769731 -0.817495 0.575935
    outer loop
      vertex 102.3 -15.7358 125.616
      vertex 74.175 -20.0949 119.391
      vertex 102.308 -15.7971 125.529
    endloop
  endfacet
  facet normal 6.30642e-05 -0.818865 0.573987
    outer loop
      vertex 74.175 -20.0949 119.391
      vertex 20.4495 -16.1036 125.091
      vertex 20.2993 -16.4625 124.579
    endloop
  endfacet
  facet normal 7.42071e-05 -0.819316 0.573342
    outer loop
      vertex 102.308 -15.7971 125.529
      vertex 74.175 -20.0949 119.391
      vertex 102.35 -16.1036 125.091
    endloop
  endfacet
  facet normal -1.16e-05 -0.819229 0.573466
    outer loop
      vertex 74.175 -20.0949 119.391
      vertex 20.2993 -16.4625 124.579
      vertex 20.0531 -16.8034 124.092
    endloop
  endfacet
  facet normal -0.000117016 -0.818872 0.573976
    outer loop
      vertex 102.35 -16.1036 125.091
      vertex 74.175 -20.0949 119.391
      vertex 102.501 -16.4625 124.579
    endloop
  endfacet
  facet normal -7.07973e-05 -0.819549 0.573009
    outer loop
      vertex 74.175 -20.0949 119.391
      vertex 20.0531 -16.8034 124.092
      vertex 19.717 -17.118 123.642
    endloop
  endfacet
  facet normal 2.11778e-05 -0.819227 0.57347
    outer loop
      vertex 102.501 -16.4625 124.579
      vertex 74.175 -20.0949 119.391
      vertex 102.747 -16.8034 124.092
    endloop
  endfacet
  facet normal 7.19525e-05 -0.81869 0.574236
    outer loop
      vertex 74.175 -20.0949 119.391
      vertex 19.717 -17.118 123.642
      vertex 19.2991 -17.3986 123.242
    endloop
  endfacet
  facet normal 0.000127179 -0.819529 0.573037
    outer loop
      vertex 102.747 -16.8034 124.092
      vertex 74.175 -20.0949 119.391
      vertex 103.083 -17.118 123.642
    endloop
  endfacet
  facet normal -6.91211e-05 -0.819634 0.572887
    outer loop
      vertex 74.175 -20.0949 119.391
      vertex 19.2991 -17.3986 123.242
      vertex 18.8099 -17.6383 122.899
    endloop
  endfacet
  facet normal -0.000127078 -0.818717 0.574197
    outer loop
      vertex 103.083 -17.118 123.642
      vertex 74.175 -20.0949 119.391
      vertex 103.501 -17.3986 123.242
    endloop
  endfacet
  facet normal 3.71189e-05 -0.818847 0.574012
    outer loop
      vertex 74.175 -20.0949 119.391
      vertex 18.8099 -17.6383 122.899
      vertex 18.2614 -17.8311 122.624
    endloop
  endfacet
  facet normal 0.000119845 -0.819601 0.572935
    outer loop
      vertex 103.501 -17.3986 123.242
      vertex 74.175 -20.0949 119.391
      vertex 103.99 -17.6383 122.899
    endloop
  endfacet
  facet normal -4.88643e-05 -0.819545 0.573014
    outer loop
      vertex 74.175 -20.0949 119.391
      vertex 18.2614 -17.8311 122.624
      vertex 17.667 -17.9723 122.422
    endloop
  endfacet
  facet normal -6.2873e-05 -0.818871 0.573978
    outer loop
      vertex 103.99 -17.6383 122.899
      vertex 74.175 -20.0949 119.391
      vertex 104.539 -17.8311 122.624
    endloop
  endfacet
  facet normal 1.7811e-05 -0.818962 0.573848
    outer loop
      vertex 74.175 -20.0949 119.391
      vertex 17.667 -17.9723 122.422
      vertex 17.0414 -18.0585 122.299
    endloop
  endfacet
  facet normal 8.01805e-05 -0.819502 0.573076
    outer loop
      vertex 104.539 -17.8311 122.624
      vertex 74.175 -20.0949 119.391
      vertex 105.133 -17.9723 122.422
    endloop
  endfacet
  facet normal 0.000106709 -0.81814 0.575019
    outer loop
      vertex 74.175 -20.0949 119.391
      vertex 17.0414 -18.0585 122.299
      vertex 16.4 -18.0874 122.258
    endloop
  endfacet
  facet normal 7.19153e-06 -0.819152 0.573576
    outer loop
      vertex 74.175 -85.1959 26.4171
      vertex 105.133 -17.9723 122.422
      vertex 74.175 -20.0949 119.391
    endloop
  endfacet
  facet normal 0 -0.816416 0.577465
    outer loop
      vertex -15.7586 -13.4131 128.934
      vertex 16.4 -13.3841 128.975
      vertex -16.4 -13.3841 128.975
    endloop
  endfacet
  facet normal 0 -0.816416 0.577465
    outer loop
      vertex -15.7586 -13.4131 128.934
      vertex 15.7586 -13.4131 128.934
      vertex 16.4 -13.3841 128.975
    endloop
  endfacet
  facet normal 0 -0.819232 0.573462
    outer loop
      vertex -15.133 -13.4992 128.811
      vertex 15.7586 -13.4131 128.934
      vertex -15.7586 -13.4131 128.934
    endloop
  endfacet
  facet normal 0 -0.819232 0.573462
    outer loop
      vertex -15.133 -13.4992 128.811
      vertex 15.133 -13.4992 128.811
      vertex 15.7586 -13.4131 128.934
    endloop
  endfacet
  facet normal 0 -0.822627 0.568581
    outer loop
      vertex -15.034 -13.5227 128.777
      vertex 15.133 -13.4992 128.811
      vertex -15.133 -13.4992 128.811
    endloop
  endfacet
  facet normal 0 -0.822627 0.568581
    outer loop
      vertex -15.034 -13.5227 128.777
      vertex 15.034 -13.5227 128.777
      vertex 15.133 -13.4992 128.811
    endloop
  endfacet
  facet normal 0 -0.819003 0.573789
    outer loop
      vertex -14.5386 -13.6404 128.609
      vertex 15.034 -13.5227 128.777
      vertex -15.034 -13.5227 128.777
    endloop
  endfacet
  facet normal 0 -0.819003 0.573789
    outer loop
      vertex -14.5386 -13.6404 128.609
      vertex 14.5386 -13.6404 128.609
      vertex 15.034 -13.5227 128.777
    endloop
  endfacet
  facet normal 0 -0.819734 0.572745
    outer loop
      vertex -14.0815 -13.8011 128.379
      vertex 14.5386 -13.6404 128.609
      vertex -14.5386 -13.6404 128.609
    endloop
  endfacet
  facet normal 0 -0.819734 0.572745
    outer loop
      vertex -14.0815 -13.8011 128.379
      vertex 14.0815 -13.8011 128.379
      vertex 14.5386 -13.6404 128.609
    endloop
  endfacet
  facet normal 0 -0.820069 0.572265
    outer loop
      vertex -13.9901 -13.8332 128.333
      vertex 14.0815 -13.8011 128.379
      vertex -14.0815 -13.8011 128.379
    endloop
  endfacet
  facet normal 0 -0.820069 0.572265
    outer loop
      vertex -13.9901 -13.8332 128.333
      vertex 13.9901 -13.8332 128.333
      vertex 14.0815 -13.8011 128.379
    endloop
  endfacet
  facet normal 0 -0.818894 0.573944
    outer loop
      vertex -13.5009 -14.0729 127.991
      vertex 13.9901 -13.8332 128.333
      vertex -13.9901 -13.8332 128.333
    endloop
  endfacet
  facet normal 0 -0.818894 0.573944
    outer loop
      vertex -13.5009 -14.0729 127.991
      vertex 13.5009 -14.0729 127.991
      vertex 13.9901 -13.8332 128.333
    endloop
  endfacet
  facet normal 0 -0.819328 0.573325
    outer loop
      vertex -13.083 -14.3535 127.59
      vertex 13.5009 -14.0729 127.991
      vertex -13.5009 -14.0729 127.991
    endloop
  endfacet
  facet normal 0 -0.819328 0.573325
    outer loop
      vertex -13.083 -14.3535 127.59
      vertex 13.083 -14.3535 127.59
      vertex 13.5009 -14.0729 127.991
    endloop
  endfacet
  facet normal 0 -0.818975 0.57383
    outer loop
      vertex -12.7469 -14.6681 127.141
      vertex 13.083 -14.3535 127.59
      vertex -13.083 -14.3535 127.59
    endloop
  endfacet
  facet normal 0 -0.818975 0.57383
    outer loop
      vertex -12.7469 -14.6681 127.141
      vertex 12.7469 -14.6681 127.141
      vertex 13.083 -14.3535 127.59
    endloop
  endfacet
  facet normal 0 -0.819153 0.573575
    outer loop
      vertex -12.5007 -15.0091 126.654
      vertex 12.7469 -14.6681 127.141
      vertex -12.7469 -14.6681 127.141
    endloop
  endfacet
  facet normal 0 -0.819153 0.573575
    outer loop
      vertex -12.5007 -15.0091 126.654
      vertex 12.5007 -15.0091 126.654
      vertex 12.7469 -14.6681 127.141
    endloop
  endfacet
  facet normal 0 -0.818931 0.573892
    outer loop
      vertex -12.3505 -15.3679 126.142
      vertex 12.5007 -15.0091 126.654
      vertex -12.5007 -15.0091 126.654
    endloop
  endfacet
  facet normal 0 -0.818931 0.573892
    outer loop
      vertex -12.3505 -15.3679 126.142
      vertex 12.3505 -15.3679 126.142
      vertex 12.5007 -15.0091 126.654
    endloop
  endfacet
  facet normal 0 -0.820544 0.571583
    outer loop
      vertex -12.3421 -15.4292 126.054
      vertex 12.3505 -15.3679 126.142
      vertex -12.3505 -15.3679 126.142
    endloop
  endfacet
  facet normal 0 -0.820544 0.571583
    outer loop
      vertex -12.3421 -15.4292 126.054
      vertex 12.3421 -15.4292 126.054
      vertex 12.3505 -15.3679 126.142
    endloop
  endfacet
  facet normal 0 -0.819232 0.573462
    outer loop
      vertex -12.3 -15.7358 125.616
      vertex 12.3421 -15.4292 126.054
      vertex -12.3421 -15.4292 126.054
    endloop
  endfacet
  facet normal 0 -0.819232 0.573462
    outer loop
      vertex -12.3 -15.7358 125.616
      vertex 12.3 -15.7358 125.616
      vertex 12.3421 -15.4292 126.054
    endloop
  endfacet
  facet normal 0 -0.817462 0.575982
    outer loop
      vertex -12.3084 -15.7971 125.529
      vertex 12.3 -15.7358 125.616
      vertex -12.3 -15.7358 125.616
    endloop
  endfacet
  facet normal 0 -0.817462 0.575982
    outer loop
      vertex -12.3084 -15.7971 125.529
      vertex 12.3084 -15.7971 125.529
      vertex 12.3 -15.7358 125.616
    endloop
  endfacet
  facet normal 0 -0.81932 0.573337
    outer loop
      vertex -12.3505 -16.1036 125.091
      vertex 12.3084 -15.7971 125.529
      vertex -12.3084 -15.7971 125.529
    endloop
  endfacet
  facet normal 0 -0.81932 0.573337
    outer loop
      vertex -12.3505 -16.1036 125.091
      vertex 12.3505 -16.1036 125.091
      vertex 12.3084 -15.7971 125.529
    endloop
  endfacet
  facet normal 0 -0.818856 0.573999
    outer loop
      vertex -12.5007 -16.4625 124.579
      vertex 12.3505 -16.1036 125.091
      vertex -12.3505 -16.1036 125.091
    endloop
  endfacet
  facet normal 0 -0.818856 0.573999
    outer loop
      vertex -12.5007 -16.4625 124.579
      vertex 12.5007 -16.4625 124.579
      vertex 12.3505 -16.1036 125.091
    endloop
  endfacet
  facet normal 0 -0.819232 0.573462
    outer loop
      vertex -12.7469 -16.8034 124.092
      vertex 12.5007 -16.4625 124.579
      vertex -12.5007 -16.4625 124.579
    endloop
  endfacet
  facet normal 0 -0.819232 0.573462
    outer loop
      vertex -12.7469 -16.8034 124.092
      vertex 12.7469 -16.8034 124.092
      vertex 12.5007 -16.4625 124.579
    endloop
  endfacet
  facet normal 0 -0.819574 0.572973
    outer loop
      vertex -13.083 -17.118 123.642
      vertex 12.7469 -16.8034 124.092
      vertex -12.7469 -16.8034 124.092
    endloop
  endfacet
  facet normal 0 -0.819574 0.572973
    outer loop
      vertex -13.083 -17.118 123.642
      vertex 13.083 -17.118 123.642
      vertex 12.7469 -16.8034 124.092
    endloop
  endfacet
  facet normal 0 -0.818655 0.574286
    outer loop
      vertex -13.5009 -17.3986 123.242
      vertex 13.083 -17.118 123.642
      vertex -13.083 -17.118 123.642
    endloop
  endfacet
  facet normal 0 -0.818655 0.574286
    outer loop
      vertex -13.5009 -17.3986 123.242
      vertex 13.5009 -17.3986 123.242
      vertex 13.083 -17.118 123.642
    endloop
  endfacet
  facet normal 0 -0.819681 0.572821
    outer loop
      vertex -13.9901 -17.6383 122.899
      vertex 13.5009 -17.3986 123.242
      vertex -13.5009 -17.3986 123.242
    endloop
  endfacet
  facet normal 0 -0.819681 0.572821
    outer loop
      vertex -13.9901 -17.6383 122.899
      vertex 13.9901 -17.6383 122.899
      vertex 13.5009 -17.3986 123.242
    endloop
  endfacet
  facet normal 0 -0.818812 0.574062
    outer loop
      vertex -14.5386 -17.8311 122.624
      vertex 13.9901 -17.6383 122.899
      vertex -13.9901 -17.6383 122.899
    endloop
  endfacet
  facet normal 0 -0.818812 0.574062
    outer loop
      vertex -14.5386 -17.8311 122.624
      vertex 14.5386 -17.8311 122.624
      vertex 13.9901 -17.6383 122.899
    endloop
  endfacet
  facet normal 0 -0.819613 0.572918
    outer loop
      vertex -15.133 -17.9723 122.422
      vertex 14.5386 -17.8311 122.624
      vertex -14.5386 -17.8311 122.624
    endloop
  endfacet
  facet normal 0 -0.819613 0.572918
    outer loop
      vertex -15.133 -17.9723 122.422
      vertex 15.133 -17.9723 122.422
      vertex 14.5386 -17.8311 122.624
    endloop
  endfacet
  facet normal 0 -0.818919 0.573909
    outer loop
      vertex -15.7586 -18.0585 122.299
      vertex 15.133 -17.9723 122.422
      vertex -15.133 -17.9723 122.422
    endloop
  endfacet
  facet normal 0 -0.818919 0.573909
    outer loop
      vertex -15.7586 -18.0585 122.299
      vertex 15.7586 -18.0585 122.299
      vertex 15.133 -17.9723 122.422
    endloop
  endfacet
  facet normal 0 -0.817354 0.576135
    outer loop
      vertex -16.4 -18.0874 122.258
      vertex 15.7586 -18.0585 122.299
      vertex -15.7586 -18.0585 122.299
    endloop
  endfacet
  facet normal 0 -0.817354 0.576135
    outer loop
      vertex 15.7586 -18.0585 122.299
      vertex -16.4 -18.0874 122.258
      vertex 16.4 -18.0874 122.258
    endloop
  endfacet
  facet normal 4.33865e-05 -0.819128 0.573611
    outer loop
      vertex -105.133 -13.4992 128.811
      vertex -116.4 0 148.089
      vertex -105.759 -13.4131 128.934
    endloop
  endfacet
  facet normal 0.000278056 -0.818461 0.574562
    outer loop
      vertex -116.4 0 148.089
      vertex -17.0414 -13.4131 128.934
      vertex -16.4 -13.3841 128.975
    endloop
  endfacet
  facet normal 0.00318615 -0.81826 0.574839
    outer loop
      vertex -105.034 -13.5227 128.777
      vertex -116.4 0 148.089
      vertex -105.133 -13.4992 128.811
    endloop
  endfacet
  facet normal -1.91492e-05 -0.819186 0.573528
    outer loop
      vertex -116.4 0 148.089
      vertex -17.667 -13.4992 128.811
      vertex -17.0414 -13.4131 128.934
    endloop
  endfacet
  facet normal -0.000129442 -0.819182 0.573534
    outer loop
      vertex -104.539 -13.6404 128.609
      vertex -116.4 0 148.089
      vertex -105.034 -13.5227 128.777
    endloop
  endfacet
  facet normal -0.000926557 -0.821363 0.570405
    outer loop
      vertex -116.4 0 148.089
      vertex -17.766 -13.5227 128.777
      vertex -17.667 -13.4992 128.811
    endloop
  endfacet
  facet normal 0.000909292 -0.818884 0.573958
    outer loop
      vertex -104.082 -13.8011 128.379
      vertex -116.4 0 148.089
      vertex -104.539 -13.6404 128.609
    endloop
  endfacet
  facet normal 3.78792e-05 -0.819055 0.573715
    outer loop
      vertex -116.4 0 148.089
      vertex -18.2614 -13.6404 128.609
      vertex -17.766 -13.5227 128.777
    endloop
  endfacet
  facet normal 0.00141826 -0.818734 0.574171
    outer loop
      vertex -103.99 -13.8332 128.333
      vertex -116.4 0 148.089
      vertex -104.082 -13.8011 128.379
    endloop
  endfacet
  facet normal -0.000178514 -0.819567 0.572983
    outer loop
      vertex -116.4 0 148.089
      vertex -18.7185 -13.8011 128.379
      vertex -18.2614 -13.6404 128.609
    endloop
  endfacet
  facet normal -0.000689617 -0.819357 0.573283
    outer loop
      vertex -103.501 -14.0729 127.991
      vertex -116.4 0 148.089
      vertex -103.99 -13.8332 128.333
    endloop
  endfacet
  facet normal 4.02848e-06 -0.819145 0.573587
    outer loop
      vertex -18.8099 -13.8332 128.333
      vertex -116.4 0 148.089
      vertex -74.175 -20.0949 119.391
    endloop
  endfacet
  facet normal -5.50595e-06 -0.819151 0.573578
    outer loop
      vertex -116.4 0 148.089
      vertex -103.501 -14.0729 127.991
      vertex -74.175 -20.0949 119.391
    endloop
  endfacet
  facet normal -0.000281255 -0.819806 0.572641
    outer loop
      vertex -116.4 0 148.089
      vertex -18.8099 -13.8332 128.333
      vertex -18.7185 -13.8011 128.379
    endloop
  endfacet
  facet normal -0.000166794 -0.81941 0.573208
    outer loop
      vertex -74.175 -20.0949 119.391
      vertex -103.501 -14.0729 127.991
      vertex -103.083 -14.3535 127.59
    endloop
  endfacet
  facet normal -0.000106624 -0.818823 0.574047
    outer loop
      vertex -18.8099 -13.8332 128.333
      vertex -74.175 -20.0949 119.391
      vertex -19.2991 -14.0729 127.991
    endloop
  endfacet
  facet normal 0.000121484 -0.818932 0.573891
    outer loop
      vertex -74.175 -20.0949 119.391
      vertex -103.083 -14.3535 127.59
      vertex -102.747 -14.6681 127.141
    endloop
  endfacet
  facet normal 7.39645e-05 -0.819364 0.573273
    outer loop
      vertex -19.2991 -14.0729 127.991
      vertex -74.175 -20.0949 119.391
      vertex -19.717 -14.3535 127.59
    endloop
  endfacet
  facet normal -6.93085e-06 -0.819155 0.573573
    outer loop
      vertex -74.175 -20.0949 119.391
      vertex -102.747 -14.6681 127.141
      vertex -102.501 -15.0091 126.654
    endloop
  endfacet
  facet normal -5.72545e-05 -0.818955 0.573858
    outer loop
      vertex -19.717 -14.3535 127.59
      vertex -74.175 -20.0949 119.391
      vertex -20.0531 -14.6681 127.141
    endloop
  endfacet
  facet normal 0.000124295 -0.818914 0.573916
    outer loop
      vertex -74.175 -20.0949 119.391
      vertex -102.501 -15.0091 126.654
      vertex -102.35 -15.3679 126.142
    endloop
  endfacet
  facet normal 3.40402e-06 -0.819154 0.573574
    outer loop
      vertex -20.0531 -14.6681 127.141
      vertex -74.175 -20.0949 119.391
      vertex -20.2993 -15.0091 126.654
    endloop
  endfacet
  facet normal -0.000723917 -0.820575 0.571539
    outer loop
      vertex -74.175 -20.0949 119.391
      vertex -102.35 -15.3679 126.142
      vertex -102.342 -15.4292 126.054
    endloop
  endfacet
  facet normal -6.28964e-05 -0.818923 0.573904
    outer loop
      vertex -20.2993 -15.0091 126.654
      vertex -74.175 -20.0949 119.391
      vertex -20.4495 -15.3679 126.142
    endloop
  endfacet
  facet normal -4.76159e-05 -0.819234 0.573459
    outer loop
      vertex -74.175 -20.0949 119.391
      vertex -102.342 -15.4292 126.054
      vertex -102.3 -15.7358 125.616
    endloop
  endfacet
  facet normal 0.000375873 -0.820561 0.571559
    outer loop
      vertex -20.4495 -15.3679 126.142
      vertex -74.175 -20.0949 119.391
      vertex -20.4579 -15.4292 126.054
    endloop
  endfacet
  facet normal 0.000769731 -0.817495 0.575935
    outer loop
      vertex -74.175 -20.0949 119.391
      vertex -102.3 -15.7358 125.616
      vertex -102.308 -15.7971 125.529
    endloop
  endfacet
  facet normal 2.46958e-05 -0.819233 0.573461
    outer loop
      vertex -20.4579 -15.4292 126.054
      vertex -74.175 -20.0949 119.391
      vertex -20.5 -15.7358 125.616
    endloop
  endfacet
  facet normal -7.42071e-05 -0.819316 0.573342
    outer loop
      vertex -74.175 -20.0949 119.391
      vertex -102.308 -15.7971 125.529
      vertex -102.35 -16.1036 125.091
    endloop
  endfacet
  facet normal -0.000406973 -0.817481 0.575956
    outer loop
      vertex -20.5 -15.7358 125.616
      vertex -74.175 -20.0949 119.391
      vertex -20.4916 -15.7971 125.529
    endloop
  endfacet
  facet normal 0.000117016 -0.818872 0.573976
    outer loop
      vertex -74.175 -20.0949 119.391
      vertex -102.35 -16.1036 125.091
      vertex -102.501 -16.4625 124.579
    endloop
  endfacet
  facet normal 3.92706e-05 -0.819318 0.573339
    outer loop
      vertex -20.4916 -15.7971 125.529
      vertex -74.175 -20.0949 119.391
      vertex -20.4495 -16.1036 125.091
    endloop
  endfacet
  facet normal -2.11778e-05 -0.819227 0.57347
    outer loop
      vertex -74.175 -20.0949 119.391
      vertex -102.501 -16.4625 124.579
      vertex -102.747 -16.8034 124.092
    endloop
  endfacet
  facet normal -6.30642e-05 -0.818865 0.573987
    outer loop
      vertex -20.4495 -16.1036 125.091
      vertex -74.175 -20.0949 119.391
      vertex -20.2993 -16.4625 124.579
    endloop
  endfacet
  facet normal -0.000127179 -0.819529 0.573037
    outer loop
      vertex -74.175 -20.0949 119.391
      vertex -102.747 -16.8034 124.092
      vertex -103.083 -17.118 123.642
    endloop
  endfacet
  facet normal 1.16e-05 -0.819229 0.573466
    outer loop
      vertex -20.2993 -16.4625 124.579
      vertex -74.175 -20.0949 119.391
      vertex -20.0531 -16.8034 124.092
    endloop
  endfacet
  facet normal 0.000127078 -0.818717 0.574197
    outer loop
      vertex -74.175 -20.0949 119.391
      vertex -103.083 -17.118 123.642
      vertex -103.501 -17.3986 123.242
    endloop
  endfacet
  facet normal 7.07973e-05 -0.819549 0.573009
    outer loop
      vertex -20.0531 -16.8034 124.092
      vertex -74.175 -20.0949 119.391
      vertex -19.717 -17.118 123.642
    endloop
  endfacet
  facet normal -0.000119845 -0.819601 0.572935
    outer loop
      vertex -74.175 -20.0949 119.391
      vertex -103.501 -17.3986 123.242
      vertex -103.99 -17.6383 122.899
    endloop
  endfacet
  facet normal -7.19525e-05 -0.81869 0.574236
    outer loop
      vertex -19.717 -17.118 123.642
      vertex -74.175 -20.0949 119.391
      vertex -19.2991 -17.3986 123.242
    endloop
  endfacet
  facet normal 6.2873e-05 -0.818871 0.573978
    outer loop
      vertex -74.175 -20.0949 119.391
      vertex -103.99 -17.6383 122.899
      vertex -104.539 -17.8311 122.624
    endloop
  endfacet
  facet normal 6.91211e-05 -0.819634 0.572887
    outer loop
      vertex -19.2991 -17.3986 123.242
      vertex -74.175 -20.0949 119.391
      vertex -18.8099 -17.6383 122.899
    endloop
  endfacet
  facet normal -8.01805e-05 -0.819502 0.573076
    outer loop
      vertex -74.175 -20.0949 119.391
      vertex -104.539 -17.8311 122.624
      vertex -105.133 -17.9723 122.422
    endloop
  endfacet
  facet normal -3.71189e-05 -0.818847 0.574012
    outer loop
      vertex -18.8099 -17.6383 122.899
      vertex -74.175 -20.0949 119.391
      vertex -18.2614 -17.8311 122.624
    endloop
  endfacet
  facet normal 2.37794e-05 -0.819152 0.573577
    outer loop
      vertex -105.759 -87.2323 23.5087
      vertex -105.759 -18.0585 122.299
      vertex -106.4 -87.2034 23.55
    endloop
  endfacet
  facet normal 4.88643e-05 -0.819545 0.573014
    outer loop
      vertex -18.2614 -17.8311 122.624
      vertex -74.175 -20.0949 119.391
      vertex -17.667 -17.9723 122.422
    endloop
  endfacet
  facet normal 0.000244757 -0.819152 0.573576
    outer loop
      vertex -106.4 -87.2034 23.55
      vertex -105.759 -18.0585 122.299
      vertex -106.4 -18.0874 122.258
    endloop
  endfacet
  facet normal -1.7811e-05 -0.818962 0.573848
    outer loop
      vertex -17.667 -17.9723 122.422
      vertex -74.175 -20.0949 119.391
      vertex -17.0414 -18.0585 122.299
    endloop
  endfacet
  facet normal -0.000384498 -0.81924 0.573451
    outer loop
      vertex -105.759 -13.4131 128.934
      vertex -116.4 0 148.089
      vertex -106.4 -13.3841 128.975
    endloop
  endfacet
  facet normal 0.000359517 -0.819057 0.573712
    outer loop
      vertex -116.4 0 148.089
      vertex -107.041 -13.4131 128.934
      vertex -106.4 -13.3841 128.975
    endloop
  endfacet
  facet normal -3.52661e-05 -0.819148 0.573583
    outer loop
      vertex -116.4 0 148.089
      vertex -107.667 -13.4992 128.811
      vertex -107.041 -13.4131 128.934
    endloop
  endfacet
  facet normal -0.0022074 -0.819608 0.572921
    outer loop
      vertex -116.4 0 148.089
      vertex -107.766 -13.5227 128.777
      vertex -107.667 -13.4992 128.811
    endloop
  endfacet
  facet normal 8.99333e-05 -0.819127 0.573612
    outer loop
      vertex -116.4 0 148.089
      vertex -108.261 -13.6404 128.609
      vertex -107.766 -13.5227 128.777
    endloop
  endfacet
  facet normal -0.000521309 -0.819247 0.57344
    outer loop
      vertex -116.4 0 148.089
      vertex -108.718 -13.8011 128.379
      vertex -108.261 -13.6404 128.609
    endloop
  endfacet
  facet normal -0.000816619 -0.819301 0.573363
    outer loop
      vertex -116.4 0 148.089
      vertex -108.81 -13.8332 128.333
      vertex -108.718 -13.8011 128.379
    endloop
  endfacet
  facet normal 0.000304664 -0.819099 0.573652
    outer loop
      vertex -116.4 0 148.089
      vertex -109.299 -14.0729 127.991
      vertex -108.81 -13.8332 128.333
    endloop
  endfacet
  facet normal -0.000271944 -0.819195 0.573515
    outer loop
      vertex -116.4 0 148.089
      vertex -109.717 -14.3535 127.59
      vertex -109.299 -14.0729 127.991
    endloop
  endfacet
  facet normal 0.0003532 -0.819099 0.573652
    outer loop
      vertex -116.4 0 148.089
      vertex -110.053 -14.6681 127.141
      vertex -109.717 -14.3535 127.59
    endloop
  endfacet
  facet normal -9.6082e-06 -0.819151 0.573578
    outer loop
      vertex -116.4 0 148.089
      vertex -110.299 -15.0091 126.654
      vertex -110.053 -14.6681 127.141
    endloop
  endfacet
  facet normal 0.000800808 -0.819042 0.573733
    outer loop
      vertex -116.4 0 148.089
      vertex -110.45 -15.3679 126.142
      vertex -110.299 -15.0091 126.654
    endloop
  endfacet
  facet normal -0.00823958 -0.820165 0.572068
    outer loop
      vertex -116.4 0 148.089
      vertex -110.458 -15.4292 126.054
      vertex -110.45 -15.3679 126.142
    endloop
  endfacet
  facet normal -0.000478003 -0.81921 0.573493
    outer loop
      vertex -116.4 0 148.089
      vertex -110.5 -15.7358 125.616
      vertex -110.458 -15.4292 126.054
    endloop
  endfacet
  facet normal 0.0210026 -0.816372 0.577145
    outer loop
      vertex -116.4 0 148.089
      vertex -110.492 -15.7971 125.529
      vertex -110.5 -15.7358 125.616
    endloop
  endfacet
  facet normal -0.00224306 -0.819419 0.573191
    outer loop
      vertex -116.4 0 148.089
      vertex -110.45 -16.1036 125.091
      vertex -110.492 -15.7971 125.529
    endloop
  endfacet
  facet normal -0.000106709 -0.81814 0.575019
    outer loop
      vertex -17.0414 -18.0585 122.299
      vertex -74.175 -20.0949 119.391
      vertex -16.4 -18.0874 122.258
    endloop
  endfacet
  facet normal 0 -0.819151 0.573577
    outer loop
      vertex -16.4 -18.0874 122.258
      vertex -74.175 -20.0949 119.391
      vertex 16.4 -18.0874 122.258
    endloop
  endfacet
  facet normal 0 -0.819151 0.573577
    outer loop
      vertex 74.175 -20.0949 119.391
      vertex 16.4 -18.0874 122.258
      vertex -74.175 -20.0949 119.391
    endloop
  endfacet
  facet normal -0.000244757 -0.819152 0.573576
    outer loop
      vertex -106.4 -87.2034 23.55
      vertex -106.4 -18.0874 122.258
      vertex -107.041 -18.0585 122.299
    endloop
  endfacet
  facet normal -7.19153e-06 -0.819152 0.573576
    outer loop
      vertex -105.133 -17.9723 122.422
      vertex -74.175 -85.1959 26.4171
      vertex -74.175 -20.0949 119.391
    endloop
  endfacet
  facet normal -9.73092e-05 -0.819152 0.573577
    outer loop
      vertex -107.041 -87.2323 23.5087
      vertex -107.041 -18.0585 122.299
      vertex -107.667 -17.9723 122.422
    endloop
  endfacet
  facet normal 0.000334286 -0.819151 0.573578
    outer loop
      vertex -107.667 -87.3185 23.3857
      vertex -107.667 -17.9723 122.422
      vertex -108.261 -17.8311 122.624
    endloop
  endfacet
  facet normal -0.000362622 -0.819152 0.573576
    outer loop
      vertex -108.261 -87.4597 23.184
      vertex -108.261 -17.8311 122.624
      vertex -108.81 -17.6383 122.899
    endloop
  endfacet
  facet normal 0.000790276 -0.819151 0.573577
    outer loop
      vertex -108.81 -87.6525 22.9086
      vertex -108.81 -17.6383 122.899
      vertex -109.299 -17.3986 123.242
    endloop
  endfacet
  facet normal -0.00101534 -0.819153 0.573575
    outer loop
      vertex -109.299 -87.8922 22.5663
      vertex -109.299 -17.3986 123.242
      vertex -109.717 -17.118 123.642
    endloop
  endfacet
  facet normal 0.00120567 -0.81915 0.573577
    outer loop
      vertex -109.717 -88.1728 22.1656
      vertex -109.717 -17.118 123.642
      vertex -110.053 -16.8034 124.092
    endloop
  endfacet
  facet normal 0.000299209 -0.819161 0.573564
    outer loop
      vertex -116.4 -95.2908 12
      vertex -110.053 -16.8034 124.092
      vertex -110.299 -16.4625 124.579
    endloop
  endfacet
  facet normal -9.70674e-05 -0.819151 0.573578
    outer loop
      vertex -105.133 -87.3185 23.3857
      vertex -105.133 -17.9723 122.422
      vertex -105.759 -87.2323 23.5087
    endloop
  endfacet
  facet normal 9.73092e-05 -0.819152 0.573577
    outer loop
      vertex -105.759 -18.0585 122.299
      vertex -105.759 -87.2323 23.5087
      vertex -105.133 -17.9723 122.422
    endloop
  endfacet
  facet normal -0.00181191 -0.819106 0.57364
    outer loop
      vertex -116.4 -95.2908 12
      vertex -110.299 -16.4625 124.579
      vertex -110.45 -16.1036 125.091
    endloop
  endfacet
  facet normal -2.52929e-05 -0.819151 0.573577
    outer loop
      vertex -116.4 -95.2908 12
      vertex -110.45 -16.1036 125.091
      vertex -116.4 0 148.089
    endloop
  endfacet
  facet normal -2.37794e-05 -0.819152 0.573577
    outer loop
      vertex -107.041 -18.0585 122.299
      vertex -107.041 -87.2323 23.5087
      vertex -106.4 -87.2034 23.55
    endloop
  endfacet
  facet normal 9.70674e-05 -0.819151 0.573578
    outer loop
      vertex -107.667 -17.9723 122.422
      vertex -107.667 -87.3185 23.3857
      vertex -107.041 -87.2323 23.5087
    endloop
  endfacet
  facet normal -4.38318e-05 -0.819152 0.573576
    outer loop
      vertex -108.261 -17.8311 122.624
      vertex -108.261 -87.4597 23.184
      vertex -107.667 -87.3185 23.3857
    endloop
  endfacet
  facet normal -5.61308e-05 -0.819151 0.573577
    outer loop
      vertex -108.81 -17.6383 122.899
      vertex -108.81 -87.6525 22.9086
      vertex -108.261 -87.4597 23.184
    endloop
  endfacet
  facet normal 0.000890351 -0.819151 0.573577
    outer loop
      vertex -109.299 -17.3986 123.242
      vertex -108.891 -87.6925 22.8516
      vertex -108.81 -87.6525 22.9086
    endloop
  endfacet
  facet normal -0.00013734 -0.819153 0.573575
    outer loop
      vertex -109.299 -17.3986 123.242
      vertex -109.299 -87.8922 22.5663
      vertex -108.891 -87.6925 22.8516
    endloop
  endfacet
  facet normal -1.55879e-07 -0.819151 0.573578
    outer loop
      vertex -109.717 -17.118 123.642
      vertex -109.647 -88.126 22.2324
      vertex -109.299 -87.8922 22.5663
    endloop
  endfacet
  facet normal 0.000303852 -0.819151 0.573578
    outer loop
      vertex -109.717 -17.118 123.642
      vertex -109.717 -88.1728 22.1656
      vertex -109.647 -88.126 22.2324
    endloop
  endfacet
  facet normal -5.38144e-06 -0.819153 0.573575
    outer loop
      vertex -110.053 -16.8034 124.092
      vertex -110.053 -88.4874 21.7163
      vertex -109.717 -88.1728 22.1656
    endloop
  endfacet
  facet normal -5.19167e-07 -0.819153 0.573575
    outer loop
      vertex -110.053 -16.8034 124.092
      vertex -116.4 -95.2908 12
      vertex -110.053 -88.4874 21.7163
    endloop
  endfacet
  facet normal 0.00033792 -0.819257 0.573427
    outer loop
      vertex -110.053 -88.4874 21.7163
      vertex -116.4 -95.2908 12
      vertex -110.299 -88.8283 21.2294
    endloop
  endfacet
  facet normal -0.000189238 -0.819093 0.573661
    outer loop
      vertex -110.299 -88.8283 21.2294
      vertex -116.4 -95.2908 12
      vertex -110.45 -89.1872 20.7169
    endloop
  endfacet
  facet normal 0.000146499 -0.819258 0.573425
    outer loop
      vertex -116.4 -95.2908 12
      vertex -108.162 -91.6739 17.1654
      vertex -108.261 -91.6504 17.199
    endloop
  endfacet
  facet normal 1.01564e-05 -0.819251 0.573435
    outer loop
      vertex -17.0414 -91.8778 16.8743
      vertex -116.4 -95.2908 12
      vertex -16.4 -91.9067 16.833
    endloop
  endfacet
  facet normal 0 -0.819152 0.573576
    outer loop
      vertex -16.4 -91.9067 16.833
      vertex -116.4 -95.2908 12
      vertex 16.4 -91.9067 16.833
    endloop
  endfacet
  facet normal 0 -0.819152 0.573576
    outer loop
      vertex 116.4 -95.2908 12
      vertex 16.4 -91.9067 16.833
      vertex -116.4 -95.2908 12
    endloop
  endfacet
  facet normal 2.09124e-05 -0.819173 0.573547
    outer loop
      vertex -107.041 -91.8778 16.8743
      vertex -116.4 -95.2908 12
      vertex -106.4 -91.9067 16.833
    endloop
  endfacet
  facet normal -4.74722e-06 -0.819149 0.57358
    outer loop
      vertex -107.667 -91.7916 16.9974
      vertex -116.4 -95.2908 12
      vertex -107.041 -91.8778 16.8743
    endloop
  endfacet
  facet normal -6.8253e-05 -0.819097 0.573655
    outer loop
      vertex -108.162 -91.6739 17.1654
      vertex -116.4 -95.2908 12
      vertex -107.667 -91.7916 16.9974
    endloop
  endfacet
  facet normal 0.000198561 -0.819296 0.57337
    outer loop
      vertex -108.353 -91.6183 17.2449
      vertex -116.4 -95.2908 12
      vertex -108.261 -91.6504 17.199
    endloop
  endfacet
  facet normal -3.2197e-06 -0.819151 0.573578
    outer loop
      vertex -108.81 -91.4576 17.4744
      vertex -116.4 -95.2908 12
      vertex -108.353 -91.6183 17.2449
    endloop
  endfacet
  facet normal -1.69759e-05 -0.819142 0.573591
    outer loop
      vertex -109.299 -91.2179 17.8167
      vertex -116.4 -95.2908 12
      vertex -108.81 -91.4576 17.4744
    endloop
  endfacet
  facet normal -2.40599e-05 -0.819138 0.573596
    outer loop
      vertex -109.717 -90.9373 18.2174
      vertex -116.4 -95.2908 12
      vertex -109.299 -91.2179 17.8167
    endloop
  endfacet
  facet normal 7.54233e-05 -0.819188 0.573525
    outer loop
      vertex -110.053 -90.6227 18.6668
      vertex -116.4 -95.2908 12
      vertex -109.717 -90.9373 18.2174
    endloop
  endfacet
  facet normal -8.32747e-05 -0.819117 0.573626
    outer loop
      vertex -110.299 -90.2817 19.1537
      vertex -116.4 -95.2908 12
      vertex -110.053 -90.6227 18.6668
    endloop
  endfacet
  facet normal -1.64983e-05 -0.819144 0.573588
    outer loop
      vertex -110.45 -89.9229 19.6661
      vertex -116.4 -95.2908 12
      vertex -110.299 -90.2817 19.1537
    endloop
  endfacet
  facet normal -1.48287e-05 -0.819145 0.573587
    outer loop
      vertex -110.5 -89.555 20.1915
      vertex -116.4 -95.2908 12
      vertex -110.45 -89.9229 19.6661
    endloop
  endfacet
  facet normal 0.000230096 -0.819228 0.573469
    outer loop
      vertex -110.45 -89.1872 20.7169
      vertex -116.4 -95.2908 12
      vertex -110.5 -89.555 20.1915
    endloop
  endfacet
  facet normal 0 -0.819145 0.573586
    outer loop
      vertex -116.4 0 148.089
      vertex -16.4 -13.3841 128.975
      vertex 116.4 0 148.089
    endloop
  endfacet
  facet normal 0 -0.819145 0.573586
    outer loop
      vertex 16.4 -13.3841 128.975
      vertex 116.4 0 148.089
      vertex -16.4 -13.3841 128.975
    endloop
  endfacet
  facet normal -0.000278056 -0.818461 0.574562
    outer loop
      vertex 17.0414 -13.4131 128.934
      vertex 116.4 0 148.089
      vertex 16.4 -13.3841 128.975
    endloop
  endfacet
  facet normal -0.000359517 -0.819057 0.573712
    outer loop
      vertex 107.041 -13.4131 128.934
      vertex 116.4 0 148.089
      vertex 106.4 -13.3841 128.975
    endloop
  endfacet
  facet normal 3.52661e-05 -0.819148 0.573583
    outer loop
      vertex 107.667 -13.4992 128.811
      vertex 116.4 0 148.089
      vertex 107.041 -13.4131 128.934
    endloop
  endfacet
  facet normal 0.0022074 -0.819608 0.572921
    outer loop
      vertex 107.766 -13.5227 128.777
      vertex 116.4 0 148.089
      vertex 107.667 -13.4992 128.811
    endloop
  endfacet
  facet normal -8.99333e-05 -0.819127 0.573612
    outer loop
      vertex 108.261 -13.6404 128.609
      vertex 116.4 0 148.089
      vertex 107.766 -13.5227 128.777
    endloop
  endfacet
  facet normal 0.000521309 -0.819247 0.57344
    outer loop
      vertex 108.718 -13.8011 128.379
      vertex 116.4 0 148.089
      vertex 108.261 -13.6404 128.609
    endloop
  endfacet
  facet normal 0.000816619 -0.819301 0.573363
    outer loop
      vertex 108.81 -13.8332 128.333
      vertex 116.4 0 148.089
      vertex 108.718 -13.8011 128.379
    endloop
  endfacet
  facet normal -0.000304664 -0.819099 0.573652
    outer loop
      vertex 109.299 -14.0729 127.991
      vertex 116.4 0 148.089
      vertex 108.81 -13.8332 128.333
    endloop
  endfacet
  facet normal 0.000271944 -0.819195 0.573515
    outer loop
      vertex 109.717 -14.3535 127.59
      vertex 116.4 0 148.089
      vertex 109.299 -14.0729 127.991
    endloop
  endfacet
  facet normal -0.0003532 -0.819099 0.573652
    outer loop
      vertex 110.053 -14.6681 127.141
      vertex 116.4 0 148.089
      vertex 109.717 -14.3535 127.59
    endloop
  endfacet
  facet normal 9.6082e-06 -0.819151 0.573578
    outer loop
      vertex 110.299 -15.0091 126.654
      vertex 116.4 0 148.089
      vertex 110.053 -14.6681 127.141
    endloop
  endfacet
  facet normal -0.000800808 -0.819042 0.573733
    outer loop
      vertex 110.45 -15.3679 126.142
      vertex 116.4 0 148.089
      vertex 110.299 -15.0091 126.654
    endloop
  endfacet
  facet normal 0.00823958 -0.820165 0.572068
    outer loop
      vertex 110.458 -15.4292 126.054
      vertex 116.4 0 148.089
      vertex 110.45 -15.3679 126.142
    endloop
  endfacet
  facet normal 0.000478003 -0.81921 0.573493
    outer loop
      vertex 110.5 -15.7358 125.616
      vertex 116.4 0 148.089
      vertex 110.458 -15.4292 126.054
    endloop
  endfacet
  facet normal -0.0210026 -0.816372 0.577145
    outer loop
      vertex 110.492 -15.7971 125.529
      vertex 116.4 0 148.089
      vertex 110.5 -15.7358 125.616
    endloop
  endfacet
  facet normal 0.00224306 -0.819419 0.573191
    outer loop
      vertex 110.45 -16.1036 125.091
      vertex 116.4 0 148.089
      vertex 110.492 -15.7971 125.529
    endloop
  endfacet
  facet normal 1.78805e-06 -0.819151 0.573577
    outer loop
      vertex 106.4 -87.2034 23.55
      vertex 105.133 -17.9723 122.422
      vertex 74.175 -85.1959 26.4171
    endloop
  endfacet
  facet normal -9.74031e-05 -0.819152 0.573577
    outer loop
      vertex 105.133 -17.9723 122.422
      vertex 106.4 -87.2034 23.55
      vertex 105.759 -18.0585 122.299
    endloop
  endfacet
  facet normal -0.000244757 -0.819152 0.573576
    outer loop
      vertex 105.759 -18.0585 122.299
      vertex 106.4 -87.2034 23.55
      vertex 106.4 -18.0874 122.258
    endloop
  endfacet
  facet normal 0.000244757 -0.819152 0.573576
    outer loop
      vertex 106.4 -18.0874 122.258
      vertex 106.4 -87.2034 23.55
      vertex 107.041 -18.0585 122.299
    endloop
  endfacet
  facet normal 2.37794e-05 -0.819152 0.573577
    outer loop
      vertex 107.041 -87.2323 23.5087
      vertex 107.041 -18.0585 122.299
      vertex 106.4 -87.2034 23.55
    endloop
  endfacet
  facet normal 9.73092e-05 -0.819152 0.573577
    outer loop
      vertex 107.041 -18.0585 122.299
      vertex 107.041 -87.2323 23.5087
      vertex 107.667 -17.9723 122.422
    endloop
  endfacet
  facet normal -9.70674e-05 -0.819151 0.573578
    outer loop
      vertex 107.667 -87.3185 23.3857
      vertex 107.667 -17.9723 122.422
      vertex 107.041 -87.2323 23.5087
    endloop
  endfacet
  facet normal -0.000334286 -0.819151 0.573578
    outer loop
      vertex 107.667 -17.9723 122.422
      vertex 107.667 -87.3185 23.3857
      vertex 108.261 -17.8311 122.624
    endloop
  endfacet
  facet normal 4.38318e-05 -0.819152 0.573576
    outer loop
      vertex 108.261 -87.4597 23.184
      vertex 108.261 -17.8311 122.624
      vertex 107.667 -87.3185 23.3857
    endloop
  endfacet
  facet normal 0.000362622 -0.819152 0.573576
    outer loop
      vertex 108.261 -17.8311 122.624
      vertex 108.261 -87.4597 23.184
      vertex 108.81 -17.6383 122.899
    endloop
  endfacet
  facet normal 0 -0.819161 0.573564
    outer loop
      vertex -74.175 -85.1959 26.4171
      vertex -16.4 -87.2034 23.55
      vertex 74.175 -85.1959 26.4171
    endloop
  endfacet
  facet normal 0 -0.819161 0.573564
    outer loop
      vertex 16.4 -87.2034 23.55
      vertex 74.175 -85.1959 26.4171
      vertex -16.4 -87.2034 23.55
    endloop
  endfacet
  facet normal 9.80374e-06 -0.819254 0.573431
    outer loop
      vertex 17.0414 -87.2323 23.5087
      vertex 74.175 -85.1959 26.4171
      vertex 16.4 -87.2034 23.55
    endloop
  endfacet
  facet normal 5.61308e-05 -0.819151 0.573577
    outer loop
      vertex 108.81 -87.6525 22.9086
      vertex 108.81 -17.6383 122.899
      vertex 108.261 -87.4597 23.184
    endloop
  endfacet
  facet normal -0.000790276 -0.819151 0.573577
    outer loop
      vertex 108.81 -17.6383 122.899
      vertex 108.81 -87.6525 22.9086
      vertex 109.299 -17.3986 123.242
    endloop
  endfacet
  facet normal -0.000890351 -0.819151 0.573577
    outer loop
      vertex 108.891 -87.6925 22.8516
      vertex 109.299 -17.3986 123.242
      vertex 108.81 -87.6525 22.9086
    endloop
  endfacet
  facet normal 0.00013734 -0.819153 0.573575
    outer loop
      vertex 109.299 -87.8922 22.5663
      vertex 109.299 -17.3986 123.242
      vertex 108.891 -87.6925 22.8516
    endloop
  endfacet
  facet normal 0.00101534 -0.819153 0.573575
    outer loop
      vertex 109.299 -17.3986 123.242
      vertex 109.299 -87.8922 22.5663
      vertex 109.717 -17.118 123.642
    endloop
  endfacet
  facet normal 1.55879e-07 -0.819151 0.573578
    outer loop
      vertex 109.647 -88.126 22.2324
      vertex 109.717 -17.118 123.642
      vertex 109.299 -87.8922 22.5663
    endloop
  endfacet
  facet normal -0.000303852 -0.819151 0.573578
    outer loop
      vertex 109.717 -88.1728 22.1656
      vertex 109.717 -17.118 123.642
      vertex 109.647 -88.126 22.2324
    endloop
  endfacet
  facet normal -0.00120567 -0.81915 0.573577
    outer loop
      vertex 109.717 -17.118 123.642
      vertex 109.717 -88.1728 22.1656
      vertex 110.053 -16.8034 124.092
    endloop
  endfacet
  facet normal 5.38144e-06 -0.819153 0.573575
    outer loop
      vertex 110.053 -88.4874 21.7163
      vertex 110.053 -16.8034 124.092
      vertex 109.717 -88.1728 22.1656
    endloop
  endfacet
  facet normal 5.19167e-07 -0.819153 0.573575
    outer loop
      vertex 116.4 -95.2908 12
      vertex 110.053 -16.8034 124.092
      vertex 110.053 -88.4874 21.7163
    endloop
  endfacet
  facet normal -0.000299209 -0.819161 0.573564
    outer loop
      vertex 110.053 -16.8034 124.092
      vertex 116.4 -95.2908 12
      vertex 110.299 -16.4625 124.579
    endloop
  endfacet
  facet normal 0.00181191 -0.819106 0.57364
    outer loop
      vertex 110.299 -16.4625 124.579
      vertex 116.4 -95.2908 12
      vertex 110.45 -16.1036 125.091
    endloop
  endfacet
  facet normal -0.00033792 -0.819257 0.573427
    outer loop
      vertex 116.4 -95.2908 12
      vertex 110.053 -88.4874 21.7163
      vertex 110.299 -88.8283 21.2294
    endloop
  endfacet
  facet normal 0.000189238 -0.819093 0.573661
    outer loop
      vertex 116.4 -95.2908 12
      vertex 110.299 -88.8283 21.2294
      vertex 110.45 -89.1872 20.7169
    endloop
  endfacet
  facet normal -0.000230096 -0.819228 0.573469
    outer loop
      vertex 116.4 -95.2908 12
      vertex 110.45 -89.1872 20.7169
      vertex 110.5 -89.555 20.1915
    endloop
  endfacet
  facet normal 6.8253e-05 -0.819097 0.573655
    outer loop
      vertex 116.4 -95.2908 12
      vertex 108.162 -91.6739 17.1654
      vertex 107.667 -91.7916 16.9974
    endloop
  endfacet
  facet normal 2.52929e-05 -0.819151 0.573577
    outer loop
      vertex 110.45 -16.1036 125.091
      vertex 116.4 -95.2908 12
      vertex 116.4 0 148.089
    endloop
  endfacet
  facet normal 1.48287e-05 -0.819145 0.573587
    outer loop
      vertex 110.45 -89.9229 19.6661
      vertex 116.4 -95.2908 12
      vertex 110.5 -89.555 20.1915
    endloop
  endfacet
  facet normal 1.64983e-05 -0.819144 0.573588
    outer loop
      vertex 110.299 -90.2817 19.1537
      vertex 116.4 -95.2908 12
      vertex 110.45 -89.9229 19.6661
    endloop
  endfacet
  facet normal 8.32747e-05 -0.819117 0.573626
    outer loop
      vertex 110.053 -90.6227 18.6668
      vertex 116.4 -95.2908 12
      vertex 110.299 -90.2817 19.1537
    endloop
  endfacet
  facet normal -7.54233e-05 -0.819188 0.573525
    outer loop
      vertex 109.717 -90.9373 18.2174
      vertex 116.4 -95.2908 12
      vertex 110.053 -90.6227 18.6668
    endloop
  endfacet
  facet normal 2.40599e-05 -0.819138 0.573596
    outer loop
      vertex 109.299 -91.2179 17.8167
      vertex 116.4 -95.2908 12
      vertex 109.717 -90.9373 18.2174
    endloop
  endfacet
  facet normal 1.69759e-05 -0.819142 0.573591
    outer loop
      vertex 108.81 -91.4576 17.4744
      vertex 116.4 -95.2908 12
      vertex 109.299 -91.2179 17.8167
    endloop
  endfacet
  facet normal 3.2197e-06 -0.819151 0.573578
    outer loop
      vertex 108.353 -91.6183 17.2449
      vertex 116.4 -95.2908 12
      vertex 108.81 -91.4576 17.4744
    endloop
  endfacet
  facet normal -0.000198561 -0.819296 0.57337
    outer loop
      vertex 108.261 -91.6504 17.199
      vertex 116.4 -95.2908 12
      vertex 108.353 -91.6183 17.2449
    endloop
  endfacet
  facet normal -0.000146499 -0.819258 0.573425
    outer loop
      vertex 108.162 -91.6739 17.1654
      vertex 116.4 -95.2908 12
      vertex 108.261 -91.6504 17.199
    endloop
  endfacet
  facet normal 4.74722e-06 -0.819149 0.57358
    outer loop
      vertex 107.041 -91.8778 16.8743
      vertex 116.4 -95.2908 12
      vertex 107.667 -91.7916 16.9974
    endloop
  endfacet
  facet normal -2.09124e-05 -0.819173 0.573547
    outer loop
      vertex 106.4 -91.9067 16.833
      vertex 116.4 -95.2908 12
      vertex 107.041 -91.8778 16.8743
    endloop
  endfacet
  facet normal 2.73443e-05 -0.819126 0.573614
    outer loop
      vertex 105.759 -91.8778 16.8743
      vertex 116.4 -95.2908 12
      vertex 106.4 -91.9067 16.833
    endloop
  endfacet
  facet normal 0 0.819162 -0.573563
    outer loop
      vertex 114.8 -8.68936 132.89
      vertex -114.8 -1.60001 143.015
      vertex 114.8 -1.60001 143.015
    endloop
  endfacet
  facet normal 0 0.819162 -0.573563
    outer loop
      vertex -114.8 -1.60001 143.015
      vertex 114.8 -8.68936 132.89
      vertex -114.8 -8.68936 132.89
    endloop
  endfacet
  facet normal 0 0 1
    outer loop
      vertex 10.8646 -21.7208 1.60001
      vertex 114.8 -1.60001 1.60001
      vertex 11 -20 1.60001
    endloop
  endfacet
  facet normal 0 0 1
    outer loop
      vertex 114.8 -1.60001 1.60001
      vertex 10.8646 -18.2792 1.60001
      vertex 11 -20 1.60001
    endloop
  endfacet
  facet normal 0 0 1
    outer loop
      vertex 114.8 -1.60001 1.60001
      vertex 10.4616 -16.6008 1.60001
      vertex 10.8646 -18.2792 1.60001
    endloop
  endfacet
  facet normal 0 0 1
    outer loop
      vertex 114.8 -1.60001 1.60001
      vertex 9.80107 -15.0061 1.60001
      vertex 10.4616 -16.6008 1.60001
    endloop
  endfacet
  facet normal 0 0 1
    outer loop
      vertex 114.8 -1.60001 1.60001
      vertex 8.89919 -13.5344 1.60001
      vertex 9.80107 -15.0061 1.60001
    endloop
  endfacet
  facet normal 0 0 1
    outer loop
      vertex 114.8 -1.60001 1.60001
      vertex 7.77817 -12.2218 1.60001
      vertex 8.89919 -13.5344 1.60001
    endloop
  endfacet
  facet normal 0 0 1
    outer loop
      vertex 114.8 -1.60001 1.60001
      vertex 6.46564 -11.1008 1.60001
      vertex 7.77817 -12.2218 1.60001
    endloop
  endfacet
  facet normal 0 0 1
    outer loop
      vertex 114.8 -1.60001 1.60001
      vertex 4.99389 -10.1989 1.60001
      vertex 6.46564 -11.1008 1.60001
    endloop
  endfacet
  facet normal 0 0 1
    outer loop
      vertex 114.8 -1.60001 1.60001
      vertex 3.39919 -9.53838 1.60001
      vertex 4.99389 -10.1989 1.60001
    endloop
  endfacet
  facet normal 0 0 1
    outer loop
      vertex 114.8 -1.60001 1.60001
      vertex 1.72078 -9.13543 1.60001
      vertex 3.39919 -9.53838 1.60001
    endloop
  endfacet
  facet normal 0 0 1
    outer loop
      vertex 114.8 -1.60001 1.60001
      vertex 0 -9 1.60001
      vertex 1.72078 -9.13543 1.60001
    endloop
  endfacet
  facet normal 0 0 1
    outer loop
      vertex -10.8646 -18.2792 1.60001
      vertex -114.8 -1.60001 1.60001
      vertex -11 -20 1.60001
    endloop
  endfacet
  facet normal 0 0 1
    outer loop
      vertex -10.4616 -16.6008 1.60001
      vertex -114.8 -1.60001 1.60001
      vertex -10.8646 -18.2792 1.60001
    endloop
  endfacet
  facet normal 0 0 1
    outer loop
      vertex -9.80107 -15.0061 1.60001
      vertex -114.8 -1.60001 1.60001
      vertex -10.4616 -16.6008 1.60001
    endloop
  endfacet
  facet normal 0 0 1
    outer loop
      vertex -8.89919 -13.5344 1.60001
      vertex -114.8 -1.60001 1.60001
      vertex -9.80107 -15.0061 1.60001
    endloop
  endfacet
  facet normal 0 0 1
    outer loop
      vertex -7.77817 -12.2218 1.60001
      vertex -114.8 -1.60001 1.60001
      vertex -8.89919 -13.5344 1.60001
    endloop
  endfacet
  facet normal 0 0 1
    outer loop
      vertex -6.46564 -11.1008 1.60001
      vertex -114.8 -1.60001 1.60001
      vertex -7.77817 -12.2218 1.60001
    endloop
  endfacet
  facet normal 0 0 1
    outer loop
      vertex -4.99389 -10.1989 1.60001
      vertex -114.8 -1.60001 1.60001
      vertex -6.46564 -11.1008 1.60001
    endloop
  endfacet
  facet normal 0 0 1
    outer loop
      vertex -3.39919 -9.53838 1.60001
      vertex -114.8 -1.60001 1.60001
      vertex -4.99389 -10.1989 1.60001
    endloop
  endfacet
  facet normal 0 0 1
    outer loop
      vertex -1.72078 -9.13543 1.60001
      vertex -114.8 -1.60001 1.60001
      vertex -3.39919 -9.53838 1.60001
    endloop
  endfacet
  facet normal 0 0 1
    outer loop
      vertex 0 -9 1.60001
      vertex -114.8 -1.60001 1.60001
      vertex -1.72078 -9.13543 1.60001
    endloop
  endfacet
  facet normal -0 0 1
    outer loop
      vertex -114.8 -1.60001 1.60001
      vertex 0 -9 1.60001
      vertex 114.8 -1.60001 1.60001
    endloop
  endfacet
  facet normal 0 0 1
    outer loop
      vertex 10.4616 -23.3992 1.60001
      vertex 114.8 -1.60001 1.60001
      vertex 10.8646 -21.7208 1.60001
    endloop
  endfacet
  facet normal 0 0 1
    outer loop
      vertex 114.8 -1.60001 1.60001
      vertex 10.4616 -23.3992 1.60001
      vertex 114.8 -82.6281 1.60001
    endloop
  endfacet
  facet normal -0 0 1
    outer loop
      vertex 9.80107 -24.9939 1.60001
      vertex 114.8 -82.6281 1.60001
      vertex 10.4616 -23.3992 1.60001
    endloop
  endfacet
  facet normal -0 0 1
    outer loop
      vertex 8.89919 -26.4656 1.60001
      vertex 114.8 -82.6281 1.60001
      vertex 9.80107 -24.9939 1.60001
    endloop
  endfacet
  facet normal -0 0 1
    outer loop
      vertex 7.77817 -27.7782 1.60001
      vertex 114.8 -82.6281 1.60001
      vertex 8.89919 -26.4656 1.60001
    endloop
  endfacet
  facet normal -0 0 1
    outer loop
      vertex 6.46564 -28.8992 1.60001
      vertex 114.8 -82.6281 1.60001
      vertex 7.77817 -27.7782 1.60001
    endloop
  endfacet
  facet normal -0 0 1
    outer loop
      vertex 4.99389 -29.8011 1.60001
      vertex 114.8 -82.6281 1.60001
      vertex 6.46564 -28.8992 1.60001
    endloop
  endfacet
  facet normal -0 0 1
    outer loop
      vertex 3.39919 -30.4616 1.60001
      vertex 114.8 -82.6281 1.60001
      vertex 4.99389 -29.8011 1.60001
    endloop
  endfacet
  facet normal -0 0 1
    outer loop
      vertex 1.72078 -30.8646 1.60001
      vertex 114.8 -82.6281 1.60001
      vertex 3.39919 -30.4616 1.60001
    endloop
  endfacet
  facet normal -0 0 1
    outer loop
      vertex 0 -31 1.60001
      vertex 114.8 -82.6281 1.60001
      vertex 1.72078 -30.8646 1.60001
    endloop
  endfacet
  facet normal 0 0 1
    outer loop
      vertex -114.8 -82.6281 1.60001
      vertex 0 -31 1.60001
      vertex -1.72078 -30.8646 1.60001
    endloop
  endfacet
  facet normal 0 0 1
    outer loop
      vertex -114.8 -82.6281 1.60001
      vertex -1.72078 -30.8646 1.60001
      vertex -3.39919 -30.4616 1.60001
    endloop
  endfacet
  facet normal 0 0 1
    outer loop
      vertex -114.8 -82.6281 1.60001
      vertex -3.39919 -30.4616 1.60001
      vertex -4.99389 -29.8011 1.60001
    endloop
  endfacet
  facet normal 0 0 1
    outer loop
      vertex -114.8 -1.60001 1.60001
      vertex -10.8646 -21.7208 1.60001
      vertex -11 -20 1.60001
    endloop
  endfacet
  facet normal 0 0 1
    outer loop
      vertex -114.8 -1.60001 1.60001
      vertex -10.4616 -23.3992 1.60001
      vertex -10.8646 -21.7208 1.60001
    endloop
  endfacet
  facet normal 0 0 1
    outer loop
      vertex -114.8 -82.6281 1.60001
      vertex -10.4616 -23.3992 1.60001
      vertex -114.8 -1.60001 1.60001
    endloop
  endfacet
  facet normal 0 0 1
    outer loop
      vertex -10.4616 -23.3992 1.60001
      vertex -114.8 -82.6281 1.60001
      vertex -9.80107 -24.9939 1.60001
    endloop
  endfacet
  facet normal 0 0 1
    outer loop
      vertex -9.80107 -24.9939 1.60001
      vertex -114.8 -82.6281 1.60001
      vertex -8.89919 -26.4656 1.60001
    endloop
  endfacet
  facet normal 0 0 1
    outer loop
      vertex -8.89919 -26.4656 1.60001
      vertex -114.8 -82.6281 1.60001
      vertex -7.77817 -27.7782 1.60001
    endloop
  endfacet
  facet normal 0 0 1
    outer loop
      vertex -7.77817 -27.7782 1.60001
      vertex -114.8 -82.6281 1.60001
      vertex -6.46564 -28.8992 1.60001
    endloop
  endfacet
  facet normal 0 0 1
    outer loop
      vertex -6.46564 -28.8992 1.60001
      vertex -114.8 -82.6281 1.60001
      vertex -4.99389 -29.8011 1.60001
    endloop
  endfacet
  facet normal 0 0 1
    outer loop
      vertex 0 -31 1.60001
      vertex -114.8 -82.6281 1.60001
      vertex 114.8 -82.6281 1.60001
    endloop
  endfacet
  facet normal 0 -1 0
    outer loop
      vertex 30.8 -1.60001 105.289
      vertex 73.6 -1.60001 136.089
      vertex -1.14441e-05 -1.60001 136.089
    endloop
  endfacet
  facet normal 0 -1 0
    outer loop
      vertex 30.8 -1.60001 105.289
      vertex 42.8 -1.60001 105.289
      vertex 73.6 -1.60001 136.089
    endloop
  endfacet
  facet normal 0 -1 0
    outer loop
      vertex 30.8 -1.60001 12
      vertex 42.8 -1.60001 105.289
      vertex 30.8 -1.60001 105.289
    endloop
  endfacet
  facet normal 0 -1 -0
    outer loop
      vertex 42.8 -1.60001 105.289
      vertex 30.8 -1.60001 12
      vertex 42.8 -1.60001 12
    endloop
  endfacet
  facet normal 0 -1 0
    outer loop
      vertex -42.8 -1.60001 105.289
      vertex -1.14441e-05 -1.60001 136.089
      vertex -73.6 -1.60001 136.089
    endloop
  endfacet
  facet normal 0 -1 0
    outer loop
      vertex -42.8 -1.60001 105.289
      vertex -30.8 -1.60001 105.289
      vertex -1.14441e-05 -1.60001 136.089
    endloop
  endfacet
  facet normal 0 -1 0
    outer loop
      vertex -42.8 -1.60001 12
      vertex -30.8 -1.60001 105.289
      vertex -42.8 -1.60001 105.289
    endloop
  endfacet
  facet normal 0 -1 -0
    outer loop
      vertex -30.8 -1.60001 105.289
      vertex -42.8 -1.60001 12
      vertex -30.8 -1.60001 12
    endloop
  endfacet
  facet normal 0 -1 0
    outer loop
      vertex -1.14441e-05 -1.60001 136.089
      vertex -114.8 -1.60001 143.015
      vertex -73.6 -1.60001 136.089
    endloop
  endfacet
  facet normal 0 -1 0
    outer loop
      vertex -114.8 -1.60001 143.015
      vertex -104.4 -1.60001 105.289
      vertex -73.6 -1.60001 136.089
    endloop
  endfacet
  facet normal 0 -1 0
    outer loop
      vertex -114.8 -1.60001 1.60001
      vertex -104.4 -1.60001 105.289
      vertex -114.8 -1.60001 143.015
    endloop
  endfacet
  facet normal 0 -1 0
    outer loop
      vertex -114.8 -1.60001 1.60001
      vertex -42.8 -1.60001 12
      vertex -104.4 -1.60001 12
    endloop
  endfacet
  facet normal 0 -1 -0
    outer loop
      vertex -42.8 -1.60001 12
      vertex -114.8 -1.60001 1.60001
      vertex -30.8 -1.60001 12
    endloop
  endfacet
  facet normal 0 -1 -0
    outer loop
      vertex -30.8 -1.60001 12
      vertex -114.8 -1.60001 1.60001
      vertex 30.8 -1.60001 12
    endloop
  endfacet
  facet normal 0 -1 0
    outer loop
      vertex 114.8 -1.60001 1.60001
      vertex 30.8 -1.60001 12
      vertex -114.8 -1.60001 1.60001
    endloop
  endfacet
  facet normal 0 -1 0
    outer loop
      vertex 30.8 -1.60001 12
      vertex 114.8 -1.60001 1.60001
      vertex 42.8 -1.60001 12
    endloop
  endfacet
  facet normal 0 -1 -0
    outer loop
      vertex -104.4 -1.60001 105.289
      vertex -114.8 -1.60001 1.60001
      vertex -104.4 -1.60001 12
    endloop
  endfacet
  facet normal 0 -1 0
    outer loop
      vertex -114.8 -1.60001 143.015
      vertex -1.14441e-05 -1.60001 136.089
      vertex 114.8 -1.60001 143.015
    endloop
  endfacet
  facet normal 0 -1 0
    outer loop
      vertex 73.6 -1.60001 136.089
      vertex 114.8 -1.60001 143.015
      vertex -1.14441e-05 -1.60001 136.089
    endloop
  endfacet
  facet normal 0 -1 0
    outer loop
      vertex 104.4 -1.60001 105.289
      vertex 114.8 -1.60001 143.015
      vertex 73.6 -1.60001 136.089
    endloop
  endfacet
  facet normal 0 -1 0
    outer loop
      vertex 114.8 -1.60001 1.60001
      vertex 104.4 -1.60001 105.289
      vertex 104.4 -1.60001 12
    endloop
  endfacet
  facet normal 0 -1 0
    outer loop
      vertex 104.4 -1.60001 105.289
      vertex 114.8 -1.60001 1.60001
      vertex 114.8 -1.60001 143.015
    endloop
  endfacet
  facet normal 0 -1 0
    outer loop
      vertex 42.8 -1.60001 12
      vertex 114.8 -1.60001 1.60001
      vertex 104.4 -1.60001 12
    endloop
  endfacet
  facet normal -1 0 0
    outer loop
      vertex 114.8 -1.60001 1.60001
      vertex 114.8 -8.03403 132.431
      vertex 114.8 -1.60001 143.015
    endloop
  endfacet
  facet normal -1 0 0
    outer loop
      vertex 114.8 -92.6357 11.6076
      vertex 114.8 -1.60001 1.60001
      vertex 114.8 -82.6281 1.60001
    endloop
  endfacet
  facet normal -1 0 0
    outer loop
      vertex 114.8 -1.60001 1.60001
      vertex 114.8 -92.6357 11.6076
      vertex 114.8 -8.03403 132.431
    endloop
  endfacet
  facet normal -1 0 0
    outer loop
      vertex 114.8 -1.60001 143.015
      vertex 114.8 -8.03403 132.431
      vertex 114.8 -8.68936 132.89
    endloop
  endfacet
  facet normal 0 0.707106 0.707107
    outer loop
      vertex 114.8 -82.6281 1.60001
      vertex -114.8 -92.6357 11.6076
      vertex 114.8 -92.6357 11.6076
    endloop
  endfacet
  facet normal 0 0.707106 0.707107
    outer loop
      vertex -114.8 -92.6357 11.6076
      vertex 114.8 -82.6281 1.60001
      vertex -114.8 -82.6281 1.60001
    endloop
  endfacet
  facet normal 1 0 0
    outer loop
      vertex -114.8 -1.60001 143.015
      vertex -114.8 -8.03403 132.431
      vertex -114.8 -1.60001 1.60001
    endloop
  endfacet
  facet normal 1 0 -0
    outer loop
      vertex -114.8 -8.03403 132.431
      vertex -114.8 -1.60001 143.015
      vertex -114.8 -8.68936 132.89
    endloop
  endfacet
  facet normal 1 -0 0
    outer loop
      vertex -114.8 -92.6357 11.6076
      vertex -114.8 -1.60001 1.60001
      vertex -114.8 -8.03403 132.431
    endloop
  endfacet
  facet normal 1 0 0
    outer loop
      vertex -114.8 -1.60001 1.60001
      vertex -114.8 -92.6357 11.6076
      vertex -114.8 -82.6281 1.60001
    endloop
  endfacet
  facet normal 0 0.819144 -0.573588
    outer loop
      vertex -74.175 -18.3717 117.668
      vertex -24.4 -9.18119 130.793
      vertex -24.4 -18.3717 117.668
    endloop
  endfacet
  facet normal 0 0.819144 -0.573588
    outer loop
      vertex -24.4 -9.18119 130.793
      vertex -74.175 -18.3717 117.668
      vertex -98.4 -9.18119 130.793
    endloop
  endfacet
  facet normal 1.89828e-05 0.81916 -0.573565
    outer loop
      vertex -74.175 -18.3717 117.668
      vertex -98.4 -18.6015 117.339
      vertex -98.4 -9.18119 130.793
    endloop
  endfacet
  facet normal 0 0.819151 -0.573579
    outer loop
      vertex -98.4 -18.6015 117.339
      vertex -98.4 -83.0005 25.3682
      vertex -114.4 -18.6015 117.339
    endloop
  endfacet
  facet normal 1.92586e-05 0.819151 -0.573579
    outer loop
      vertex -74.175 -18.3717 117.668
      vertex -98.4 -83.0005 25.3682
      vertex -98.4 -18.6015 117.339
    endloop
  endfacet
  facet normal -1.92883e-06 0.819153 -0.573575
    outer loop
      vertex -74.175 -83.2299 25.0405
      vertex -98.4 -83.0005 25.3682
      vertex -74.175 -18.3717 117.668
    endloop
  endfacet
  facet normal 0 0.819153 -0.573575
    outer loop
      vertex -98.4 -92.4208 11.9145
      vertex -74.175 -83.2299 25.0405
      vertex -24.4 -92.4208 11.9145
    endloop
  endfacet
  facet normal -1.89392e-06 0.819154 -0.573573
    outer loop
      vertex -74.175 -83.2299 25.0405
      vertex -98.4 -92.4208 11.9145
      vertex -98.4 -83.0005 25.3682
    endloop
  endfacet
  facet normal 0 0.819144 -0.573588
    outer loop
      vertex 8.4 -18.3717 117.668
      vertex -8.4 -9.18119 130.793
      vertex 8.4 -9.18119 130.793
    endloop
  endfacet
  facet normal 0 0.819144 -0.573588
    outer loop
      vertex -8.4 -9.18119 130.793
      vertex 8.4 -18.3717 117.668
      vertex -8.4 -18.3717 117.668
    endloop
  endfacet
  facet normal 0 0.819144 -0.573588
    outer loop
      vertex 98.4 -9.18119 130.793
      vertex 74.175 -18.3717 117.668
      vertex 24.4 -9.18119 130.793
    endloop
  endfacet
  facet normal -1.89828e-05 0.81916 -0.573565
    outer loop
      vertex 98.4 -18.6015 117.339
      vertex 74.175 -18.3717 117.668
      vertex 98.4 -9.18119 130.793
    endloop
  endfacet
  facet normal 0 0.819151 -0.573579
    outer loop
      vertex 98.4 -83.0005 25.3682
      vertex 98.4 -18.6015 117.339
      vertex 114.4 -83.0005 25.3682
    endloop
  endfacet
  facet normal -1.92586e-05 0.819151 -0.573579
    outer loop
      vertex 98.4 -18.6015 117.339
      vertex 98.4 -83.0005 25.3682
      vertex 74.175 -18.3717 117.668
    endloop
  endfacet
  facet normal 1.92883e-06 0.819153 -0.573575
    outer loop
      vertex 98.4 -83.0005 25.3682
      vertex 74.175 -83.2299 25.0405
      vertex 74.175 -18.3717 117.668
    endloop
  endfacet
  facet normal 1.89392e-06 0.819154 -0.573573
    outer loop
      vertex 98.4 -92.4208 11.9145
      vertex 74.175 -83.2299 25.0405
      vertex 98.4 -83.0005 25.3682
    endloop
  endfacet
  facet normal 0 0.819153 -0.573575
    outer loop
      vertex 24.4 -92.4208 11.9145
      vertex 74.175 -83.2299 25.0405
      vertex 98.4 -92.4208 11.9145
    endloop
  endfacet
  facet normal 0 0.819153 -0.573575
    outer loop
      vertex 74.175 -83.2299 25.0405
      vertex 24.4 -92.4208 11.9145
      vertex 24.4 -83.2299 25.0405
    endloop
  endfacet
  facet normal 0 0.8191 -0.57365
    outer loop
      vertex 98.4 -9.18119 130.793
      vertex 114.8 -8.03403 132.431
      vertex 114.4 -9.18119 130.793
    endloop
  endfacet
  facet normal -0.00052101 0.81916 -0.573565
    outer loop
      vertex 114.8 -8.03403 132.431
      vertex 114.4 -18.6015 117.339
      vertex 114.4 -9.18119 130.793
    endloop
  endfacet
  facet normal 0 0.819151 -0.573579
    outer loop
      vertex 114.4 -18.6015 117.339
      vertex 114.4 -83.0005 25.3682
      vertex 98.4 -18.6015 117.339
    endloop
  endfacet
  facet normal 0.000245781 0.819151 -0.573579
    outer loop
      vertex 114.8 -8.03403 132.431
      vertex 114.4 -83.0005 25.3682
      vertex 114.4 -18.6015 117.339
    endloop
  endfacet
  facet normal -0.000205367 0.819151 -0.573577
    outer loop
      vertex 114.8 -92.6357 11.6076
      vertex 114.4 -83.0005 25.3682
      vertex 114.8 -8.03403 132.431
    endloop
  endfacet
  facet normal 0 0.819144 -0.573588
    outer loop
      vertex 114.8 -92.6357 11.6076
      vertex 98.4 -92.4208 11.9145
      vertex 114.4 -92.4208 11.9145
    endloop
  endfacet
  facet normal 0 0.819144 -0.573588
    outer loop
      vertex 98.4 -92.4208 11.9145
      vertex 114.8 -92.6357 11.6076
      vertex 24.4 -92.4208 11.9145
    endloop
  endfacet
  facet normal 0 0.819144 -0.573588
    outer loop
      vertex 24.4 -92.4208 11.9145
      vertex 114.8 -92.6357 11.6076
      vertex 8.4 -92.4208 11.9145
    endloop
  endfacet
  facet normal 0 0.819144 -0.573588
    outer loop
      vertex 8.4 -92.4208 11.9145
      vertex 114.8 -92.6357 11.6076
      vertex -8.4 -92.4208 11.9145
    endloop
  endfacet
  facet normal 0 0.819144 -0.573588
    outer loop
      vertex -8.4 -92.4208 11.9145
      vertex 114.8 -92.6357 11.6076
      vertex -24.4 -92.4208 11.9145
    endloop
  endfacet
  facet normal 0 0.819144 -0.573588
    outer loop
      vertex -114.8 -92.6357 11.6076
      vertex -24.4 -92.4208 11.9145
      vertex 114.8 -92.6357 11.6076
    endloop
  endfacet
  facet normal 0 0.819144 -0.573588
    outer loop
      vertex -24.4 -92.4208 11.9145
      vertex -114.8 -92.6357 11.6076
      vertex -98.4 -92.4208 11.9145
    endloop
  endfacet
  facet normal 1.6753e-05 0.819154 -0.573573
    outer loop
      vertex 114.4 -83.0005 25.3682
      vertex 114.8 -92.6357 11.6076
      vertex 114.4 -92.4208 11.9145
    endloop
  endfacet
  facet normal 0 0.8191 -0.57365
    outer loop
      vertex 24.4 -9.18119 130.793
      vertex 114.8 -8.03403 132.431
      vertex 98.4 -9.18119 130.793
    endloop
  endfacet
  facet normal 0 0.8191 -0.57365
    outer loop
      vertex 114.8 -8.03403 132.431
      vertex 24.4 -9.18119 130.793
      vertex -114.8 -8.03403 132.431
    endloop
  endfacet
  facet normal 0 0.8191 -0.57365
    outer loop
      vertex 8.4 -9.18119 130.793
      vertex -114.8 -8.03403 132.431
      vertex 24.4 -9.18119 130.793
    endloop
  endfacet
  facet normal 0 0.8191 -0.57365
    outer loop
      vertex -8.4 -9.18119 130.793
      vertex -114.8 -8.03403 132.431
      vertex 8.4 -9.18119 130.793
    endloop
  endfacet
  facet normal 0 0.8191 -0.57365
    outer loop
      vertex -24.4 -9.18119 130.793
      vertex -114.8 -8.03403 132.431
      vertex -8.4 -9.18119 130.793
    endloop
  endfacet
  facet normal 0 0.8191 -0.57365
    outer loop
      vertex -98.4 -9.18119 130.793
      vertex -114.8 -8.03403 132.431
      vertex -24.4 -9.18119 130.793
    endloop
  endfacet
  facet normal 0 0.8191 -0.57365
    outer loop
      vertex -114.4 -9.18119 130.793
      vertex -114.8 -8.03403 132.431
      vertex -98.4 -9.18119 130.793
    endloop
  endfacet
  facet normal 0.00052101 0.81916 -0.573565
    outer loop
      vertex -114.4 -18.6015 117.339
      vertex -114.8 -8.03403 132.431
      vertex -114.4 -9.18119 130.793
    endloop
  endfacet
  facet normal 0 0.819151 -0.573579
    outer loop
      vertex -114.4 -83.0005 25.3682
      vertex -114.4 -18.6015 117.339
      vertex -98.4 -83.0005 25.3682
    endloop
  endfacet
  facet normal -0.000245781 0.819151 -0.573579
    outer loop
      vertex -114.4 -83.0005 25.3682
      vertex -114.8 -8.03403 132.431
      vertex -114.4 -18.6015 117.339
    endloop
  endfacet
  facet normal -1.6753e-05 0.819154 -0.573573
    outer loop
      vertex -114.8 -92.6357 11.6076
      vertex -114.4 -83.0005 25.3682
      vertex -114.4 -92.4208 11.9145
    endloop
  endfacet
  facet normal 0.000205367 0.819151 -0.573577
    outer loop
      vertex -114.4 -83.0005 25.3682
      vertex -114.8 -92.6357 11.6076
      vertex -114.8 -8.03403 132.431
    endloop
  endfacet
  facet normal 0 0.819144 -0.573588
    outer loop
      vertex -98.4 -92.4208 11.9145
      vertex -114.8 -92.6357 11.6076
      vertex -114.4 -92.4208 11.9145
    endloop
  endfacet
  facet normal 0 0.819144 -0.573588
    outer loop
      vertex 24.4 -9.18119 130.793
      vertex 74.175 -18.3717 117.668
      vertex 24.4 -18.3717 117.668
    endloop
  endfacet
  facet normal 0 0.819153 -0.573575
    outer loop
      vertex -24.4 -83.2299 25.0405
      vertex -24.4 -92.4208 11.9145
      vertex -74.175 -83.2299 25.0405
    endloop
  endfacet
  facet normal 0 0.819153 -0.573575
    outer loop
      vertex 8.4 -92.4208 11.9145
      vertex -8.4 -83.2299 25.0405
      vertex 8.4 -83.2299 25.0405
    endloop
  endfacet
  facet normal 0 0.819153 -0.573575
    outer loop
      vertex -8.4 -83.2299 25.0405
      vertex 8.4 -92.4208 11.9145
      vertex -8.4 -92.4208 11.9145
    endloop
  endfacet
  facet normal -0 0.573688 0.819074
    outer loop
      vertex -114.8 -8.03403 132.431
      vertex 114.8 -8.68936 132.89
      vertex 114.8 -8.03403 132.431
    endloop
  endfacet
  facet normal 0 0.573688 0.819074
    outer loop
      vertex 114.8 -8.68936 132.89
      vertex -114.8 -8.03403 132.431
      vertex -114.8 -8.68936 132.89
    endloop
  endfacet
  facet normal -0 0.590979 0.806687
    outer loop
      vertex -114.4 -6.23224 128.728
      vertex -98.4 -6.24043 128.734
      vertex -98.4 -6.23224 128.728
    endloop
  endfacet
  facet normal 0 0.590979 0.806687
    outer loop
      vertex -98.4 -6.24043 128.734
      vertex -114.4 -6.23224 128.728
      vertex -114.4 -6.24043 128.734
    endloop
  endfacet
  facet normal 0 -0.707244 -0.70697
    outer loop
      vertex -114.4 -16.0245 114.761
      vertex -98.4 -18.6015 117.339
      vertex -114.4 -18.6015 117.339
    endloop
  endfacet
  facet normal 0 -0.707244 -0.70697
    outer loop
      vertex -98.4 -18.6015 117.339
      vertex -114.4 -16.0245 114.761
      vertex -98.4 -16.0245 114.761
    endloop
  endfacet
  facet normal -0 0.57355 0.819171
    outer loop
      vertex -114.4 -6.24043 128.734
      vertex -98.4 -9.18119 130.793
      vertex -98.4 -6.24043 128.734
    endloop
  endfacet
  facet normal 0 0.57355 0.819171
    outer loop
      vertex -98.4 -9.18119 130.793
      vertex -114.4 -6.24043 128.734
      vertex -114.4 -9.18119 130.793
    endloop
  endfacet
  facet normal 1 0 0
    outer loop
      vertex -98.4 -18.6015 117.339
      vertex -98.4 -6.24043 128.734
      vertex -98.4 -9.18119 130.793
    endloop
  endfacet
  facet normal 1 0 -0
    outer loop
      vertex -98.4 -16.0245 114.761
      vertex -98.4 -6.24043 128.734
      vertex -98.4 -18.6015 117.339
    endloop
  endfacet
  facet normal 1 0 0
    outer loop
      vertex -98.4 -6.23224 128.728
      vertex -98.4 -16.0245 114.761
      vertex -98.4 -16.0163 114.755
    endloop
  endfacet
  facet normal 1 0 0
    outer loop
      vertex -98.4 -6.24043 128.734
      vertex -98.4 -16.0245 114.761
      vertex -98.4 -6.23224 128.728
    endloop
  endfacet
  facet normal 0 0.81915 -0.573579
    outer loop
      vertex -98.4 -16.0163 114.755
      vertex -114.4 -6.23224 128.728
      vertex -98.4 -6.23224 128.728
    endloop
  endfacet
  facet normal 0 0.81915 -0.573579
    outer loop
      vertex -114.4 -6.23224 128.728
      vertex -98.4 -16.0163 114.755
      vertex -114.4 -16.0163 114.755
    endloop
  endfacet
  facet normal -1 0 0
    outer loop
      vertex -114.4 -16.0245 114.761
      vertex -114.4 -6.24043 128.734
      vertex -114.4 -6.23224 128.728
    endloop
  endfacet
  facet normal -1 0 0
    outer loop
      vertex -114.4 -16.0245 114.761
      vertex -114.4 -6.23224 128.728
      vertex -114.4 -16.0163 114.755
    endloop
  endfacet
  facet normal -1 0 0
    outer loop
      vertex -114.4 -6.24043 128.734
      vertex -114.4 -16.0245 114.761
      vertex -114.4 -18.6015 117.339
    endloop
  endfacet
  facet normal -1 -0 0
    outer loop
      vertex -114.4 -6.24043 128.734
      vertex -114.4 -18.6015 117.339
      vertex -114.4 -9.18119 130.793
    endloop
  endfacet
  facet normal 0 -0.59051 -0.80703
    outer loop
      vertex -114.4 -16.0245 114.761
      vertex -98.4 -16.0163 114.755
      vertex -98.4 -16.0245 114.761
    endloop
  endfacet
  facet normal -0 -0.59051 -0.80703
    outer loop
      vertex -98.4 -16.0163 114.755
      vertex -114.4 -16.0245 114.761
      vertex -114.4 -16.0163 114.755
    endloop
  endfacet
  facet normal 0 -0.573462 -0.819232
    outer loop
      vertex -114.4 -89.8438 9.33595
      vertex -98.4 -89.8356 9.33021
      vertex -98.4 -89.8438 9.33595
    endloop
  endfacet
  facet normal -0 -0.573462 -0.819232
    outer loop
      vertex -98.4 -89.8356 9.33021
      vertex -114.4 -89.8438 9.33595
      vertex -114.4 -89.8356 9.33021
    endloop
  endfacet
  facet normal -0 0.573574 0.819154
    outer loop
      vertex -114.4 -80.0515 23.3033
      vertex -98.4 -83.0005 25.3682
      vertex -98.4 -80.0515 23.3033
    endloop
  endfacet
  facet normal 0 0.573574 0.819154
    outer loop
      vertex -98.4 -83.0005 25.3682
      vertex -114.4 -80.0515 23.3033
      vertex -114.4 -83.0005 25.3682
    endloop
  endfacet
  facet normal 0 -0.707319 -0.706894
    outer loop
      vertex -114.4 -89.8438 9.33595
      vertex -98.4 -92.4208 11.9145
      vertex -114.4 -92.4208 11.9145
    endloop
  endfacet
  facet normal 0 -0.707319 -0.706894
    outer loop
      vertex -98.4 -92.4208 11.9145
      vertex -114.4 -89.8438 9.33595
      vertex -98.4 -89.8438 9.33595
    endloop
  endfacet
  facet normal 0 0.819151 -0.573578
    outer loop
      vertex -98.4 -89.8356 9.33021
      vertex -114.4 -80.0515 23.3033
      vertex -98.4 -80.0515 23.3033
    endloop
  endfacet
  facet normal 0 0.819151 -0.573578
    outer loop
      vertex -114.4 -80.0515 23.3033
      vertex -98.4 -89.8356 9.33021
      vertex -114.4 -89.8356 9.33021
    endloop
  endfacet
  facet normal 1 0 0
    outer loop
      vertex -98.4 -92.4208 11.9145
      vertex -98.4 -80.0515 23.3033
      vertex -98.4 -83.0005 25.3682
    endloop
  endfacet
  facet normal 1 0 0
    outer loop
      vertex -98.4 -80.0515 23.3033
      vertex -98.4 -89.8438 9.33595
      vertex -98.4 -89.8356 9.33021
    endloop
  endfacet
  facet normal 1 0 0
    outer loop
      vertex -98.4 -80.0515 23.3033
      vertex -98.4 -92.4208 11.9145
      vertex -98.4 -89.8438 9.33595
    endloop
  endfacet
  facet normal -1 0 0
    outer loop
      vertex -114.4 -89.8438 9.33595
      vertex -114.4 -80.0515 23.3033
      vertex -114.4 -89.8356 9.33021
    endloop
  endfacet
  facet normal -1 0 0
    outer loop
      vertex -114.4 -92.4208 11.9145
      vertex -114.4 -80.0515 23.3033
      vertex -114.4 -89.8438 9.33595
    endloop
  endfacet
  facet normal -1 -0 0
    outer loop
      vertex -114.4 -80.0515 23.3033
      vertex -114.4 -92.4208 11.9145
      vertex -114.4 -83.0005 25.3682
    endloop
  endfacet
  facet normal -0 0.590979 0.806687
    outer loop
      vertex 98.4 -6.23224 128.728
      vertex 114.4 -6.24043 128.734
      vertex 114.4 -6.23224 128.728
    endloop
  endfacet
  facet normal 0 0.590979 0.806687
    outer loop
      vertex 114.4 -6.24043 128.734
      vertex 98.4 -6.23224 128.728
      vertex 98.4 -6.24043 128.734
    endloop
  endfacet
  facet normal 0 -0.707244 -0.70697
    outer loop
      vertex 98.4 -16.0245 114.761
      vertex 114.4 -18.6015 117.339
      vertex 98.4 -18.6015 117.339
    endloop
  endfacet
  facet normal 0 -0.707244 -0.70697
    outer loop
      vertex 114.4 -18.6015 117.339
      vertex 98.4 -16.0245 114.761
      vertex 114.4 -16.0245 114.761
    endloop
  endfacet
  facet normal -0 0.57355 0.819171
    outer loop
      vertex 98.4 -6.24043 128.734
      vertex 114.4 -9.18119 130.793
      vertex 114.4 -6.24043 128.734
    endloop
  endfacet
  facet normal 0 0.57355 0.819171
    outer loop
      vertex 114.4 -9.18119 130.793
      vertex 98.4 -6.24043 128.734
      vertex 98.4 -9.18119 130.793
    endloop
  endfacet
  facet normal 0 0.81915 -0.573579
    outer loop
      vertex 114.4 -16.0163 114.755
      vertex 98.4 -6.23224 128.728
      vertex 114.4 -6.23224 128.728
    endloop
  endfacet
  facet normal 0 0.81915 -0.573579
    outer loop
      vertex 98.4 -6.23224 128.728
      vertex 114.4 -16.0163 114.755
      vertex 98.4 -16.0163 114.755
    endloop
  endfacet
  facet normal -1 0 0
    outer loop
      vertex 98.4 -16.0245 114.761
      vertex 98.4 -6.24043 128.734
      vertex 98.4 -6.23224 128.728
    endloop
  endfacet
  facet normal -1 0 0
    outer loop
      vertex 98.4 -16.0245 114.761
      vertex 98.4 -6.23224 128.728
      vertex 98.4 -16.0163 114.755
    endloop
  endfacet
  facet normal -1 0 0
    outer loop
      vertex 98.4 -6.24043 128.734
      vertex 98.4 -16.0245 114.761
      vertex 98.4 -18.6015 117.339
    endloop
  endfacet
  facet normal -1 -0 0
    outer loop
      vertex 98.4 -6.24043 128.734
      vertex 98.4 -18.6015 117.339
      vertex 98.4 -9.18119 130.793
    endloop
  endfacet
  facet normal 0 -0.59051 -0.80703
    outer loop
      vertex 98.4 -16.0245 114.761
      vertex 114.4 -16.0163 114.755
      vertex 114.4 -16.0245 114.761
    endloop
  endfacet
  facet normal -0 -0.59051 -0.80703
    outer loop
      vertex 114.4 -16.0163 114.755
      vertex 98.4 -16.0245 114.761
      vertex 98.4 -16.0163 114.755
    endloop
  endfacet
  facet normal 1 0 0
    outer loop
      vertex 114.4 -18.6015 117.339
      vertex 114.4 -6.24043 128.734
      vertex 114.4 -9.18119 130.793
    endloop
  endfacet
  facet normal 1 0 -0
    outer loop
      vertex 114.4 -16.0245 114.761
      vertex 114.4 -6.24043 128.734
      vertex 114.4 -18.6015 117.339
    endloop
  endfacet
  facet normal 1 0 0
    outer loop
      vertex 114.4 -6.23224 128.728
      vertex 114.4 -16.0245 114.761
      vertex 114.4 -16.0163 114.755
    endloop
  endfacet
  facet normal 1 0 0
    outer loop
      vertex 114.4 -6.24043 128.734
      vertex 114.4 -16.0245 114.761
      vertex 114.4 -6.23224 128.728
    endloop
  endfacet
  facet normal 0 -0.573462 -0.819232
    outer loop
      vertex 98.4 -89.8438 9.33595
      vertex 114.4 -89.8356 9.33021
      vertex 114.4 -89.8438 9.33595
    endloop
  endfacet
  facet normal -0 -0.573462 -0.819232
    outer loop
      vertex 114.4 -89.8356 9.33021
      vertex 98.4 -89.8438 9.33595
      vertex 98.4 -89.8356 9.33021
    endloop
  endfacet
  facet normal -0 0.573574 0.819154
    outer loop
      vertex 98.4 -80.0515 23.3033
      vertex 114.4 -83.0005 25.3682
      vertex 114.4 -80.0515 23.3033
    endloop
  endfacet
  facet normal 0 0.573574 0.819154
    outer loop
      vertex 114.4 -83.0005 25.3682
      vertex 98.4 -80.0515 23.3033
      vertex 98.4 -83.0005 25.3682
    endloop
  endfacet
  facet normal 0 -0.707319 -0.706894
    outer loop
      vertex 98.4 -89.8438 9.33595
      vertex 114.4 -92.4208 11.9145
      vertex 98.4 -92.4208 11.9145
    endloop
  endfacet
  facet normal 0 -0.707319 -0.706894
    outer loop
      vertex 114.4 -92.4208 11.9145
      vertex 98.4 -89.8438 9.33595
      vertex 114.4 -89.8438 9.33595
    endloop
  endfacet
  facet normal 0 0.819151 -0.573578
    outer loop
      vertex 114.4 -89.8356 9.33021
      vertex 98.4 -80.0515 23.3033
      vertex 114.4 -80.0515 23.3033
    endloop
  endfacet
  facet normal 0 0.819151 -0.573578
    outer loop
      vertex 98.4 -80.0515 23.3033
      vertex 114.4 -89.8356 9.33021
      vertex 98.4 -89.8356 9.33021
    endloop
  endfacet
  facet normal 1 0 0
    outer loop
      vertex 114.4 -92.4208 11.9145
      vertex 114.4 -80.0515 23.3033
      vertex 114.4 -83.0005 25.3682
    endloop
  endfacet
  facet normal 1 0 0
    outer loop
      vertex 114.4 -80.0515 23.3033
      vertex 114.4 -89.8438 9.33595
      vertex 114.4 -89.8356 9.33021
    endloop
  endfacet
  facet normal 1 0 0
    outer loop
      vertex 114.4 -80.0515 23.3033
      vertex 114.4 -92.4208 11.9145
      vertex 114.4 -89.8438 9.33595
    endloop
  endfacet
  facet normal -1 0 0
    outer loop
      vertex 98.4 -89.8438 9.33595
      vertex 98.4 -80.0515 23.3033
      vertex 98.4 -89.8356 9.33021
    endloop
  endfacet
  facet normal -1 0 0
    outer loop
      vertex 98.4 -92.4208 11.9145
      vertex 98.4 -80.0515 23.3033
      vertex 98.4 -89.8438 9.33595
    endloop
  endfacet
  facet normal -1 -0 0
    outer loop
      vertex 98.4 -80.0515 23.3033
      vertex 98.4 -92.4208 11.9145
      vertex 98.4 -83.0005 25.3682
    endloop
  endfacet
  facet normal -0 0.590979 0.806687
    outer loop
      vertex -24.4 -6.23224 128.728
      vertex -8.4 -6.24043 128.734
      vertex -8.4 -6.23224 128.728
    endloop
  endfacet
  facet normal 0 0.590979 0.806687
    outer loop
      vertex -8.4 -6.24043 128.734
      vertex -24.4 -6.23224 128.728
      vertex -24.4 -6.24043 128.734
    endloop
  endfacet
  facet normal 0 -0.707259 -0.706955
    outer loop
      vertex -24.4 -16.0245 114.761
      vertex -8.4 -17.8837 116.621
      vertex -24.4 -17.8837 116.621
    endloop
  endfacet
  facet normal 0 -0.707259 -0.706955
    outer loop
      vertex -8.4 -17.8837 116.621
      vertex -24.4 -16.0245 114.761
      vertex -8.4 -16.0245 114.761
    endloop
  endfacet
  facet normal -0 0.57355 0.819171
    outer loop
      vertex -24.4 -6.24043 128.734
      vertex -8.4 -9.18119 130.793
      vertex -8.4 -6.24043 128.734
    endloop
  endfacet
  facet normal 0 0.57355 0.819171
    outer loop
      vertex -8.4 -9.18119 130.793
      vertex -24.4 -6.24043 128.734
      vertex -24.4 -9.18119 130.793
    endloop
  endfacet
  facet normal 0 0.81915 -0.573579
    outer loop
      vertex -8.4 -16.0163 114.755
      vertex -24.4 -6.23224 128.728
      vertex -8.4 -6.23224 128.728
    endloop
  endfacet
  facet normal 0 0.81915 -0.573579
    outer loop
      vertex -24.4 -6.23224 128.728
      vertex -8.4 -16.0163 114.755
      vertex -24.4 -16.0163 114.755
    endloop
  endfacet
  facet normal -1 0 0
    outer loop
      vertex -24.4 -16.0245 114.761
      vertex -24.4 -17.8837 116.621
      vertex -24.4 -17.6537 116.95
    endloop
  endfacet
  facet normal -1 0 0
    outer loop
      vertex -24.4 -17.6537 116.95
      vertex -24.4 -6.24043 128.734
      vertex -24.4 -6.23224 128.728
    endloop
  endfacet
  facet normal -1 0 0
    outer loop
      vertex -24.4 -17.6537 116.95
      vertex -24.4 -6.23224 128.728
      vertex -24.4 -16.0163 114.755
    endloop
  endfacet
  facet normal -1 0 0
    outer loop
      vertex -24.4 -17.6537 116.95
      vertex -24.4 -16.0163 114.755
      vertex -24.4 -16.0245 114.761
    endloop
  endfacet
  facet normal -1 0 0
    outer loop
      vertex -24.4 -6.24043 128.734
      vertex -24.4 -17.6537 116.95
      vertex -24.4 -18.3717 117.668
    endloop
  endfacet
  facet normal -1 -0 0
    outer loop
      vertex -24.4 -6.24043 128.734
      vertex -24.4 -18.3717 117.668
      vertex -24.4 -9.18119 130.793
    endloop
  endfacet
  facet normal 0 -0.59051 -0.80703
    outer loop
      vertex -24.4 -16.0245 114.761
      vertex -8.4 -16.0163 114.755
      vertex -8.4 -16.0245 114.761
    endloop
  endfacet
  facet normal -0 -0.59051 -0.80703
    outer loop
      vertex -8.4 -16.0163 114.755
      vertex -24.4 -16.0245 114.761
      vertex -24.4 -16.0163 114.755
    endloop
  endfacet
  facet normal 1 0 0
    outer loop
      vertex -8.4 -18.3717 117.668
      vertex -8.4 -6.24043 128.734
      vertex -8.4 -9.18119 130.793
    endloop
  endfacet
  facet normal 1 0 -0
    outer loop
      vertex -8.4 -17.6537 116.95
      vertex -8.4 -6.24043 128.734
      vertex -8.4 -18.3717 117.668
    endloop
  endfacet
  facet normal 1 0 0
    outer loop
      vertex -8.4 -6.23224 128.728
      vertex -8.4 -17.6537 116.95
      vertex -8.4 -16.0163 114.755
    endloop
  endfacet
  facet normal 1 0 0
    outer loop
      vertex -8.4 -16.0163 114.755
      vertex -8.4 -17.6537 116.95
      vertex -8.4 -16.0245 114.761
    endloop
  endfacet
  facet normal 1 0 0
    outer loop
      vertex -8.4 -6.24043 128.734
      vertex -8.4 -17.6537 116.95
      vertex -8.4 -6.23224 128.728
    endloop
  endfacet
  facet normal 1 0 0
    outer loop
      vertex -8.4 -16.0245 114.761
      vertex -8.4 -17.6537 116.95
      vertex -8.4 -17.8837 116.621
    endloop
  endfacet
  facet normal 0 -0.573462 -0.819232
    outer loop
      vertex -24.4 -89.8438 9.33595
      vertex -8.4 -89.8356 9.33021
      vertex -8.4 -89.8438 9.33595
    endloop
  endfacet
  facet normal -0 -0.573462 -0.819232
    outer loop
      vertex -8.4 -89.8356 9.33021
      vertex -24.4 -89.8438 9.33595
      vertex -24.4 -89.8356 9.33021
    endloop
  endfacet
  facet normal -0 0.573576 0.819152
    outer loop
      vertex -24.4 -80.0515 23.3033
      vertex -8.4 -82.1813 24.7946
      vertex -8.4 -80.0515 23.3033
    endloop
  endfacet
  facet normal 0 0.573576 0.819152
    outer loop
      vertex -8.4 -82.1813 24.7946
      vertex -24.4 -80.0515 23.3033
      vertex -24.4 -82.1813 24.7946
    endloop
  endfacet
  facet normal 0 -0.707319 -0.706894
    outer loop
      vertex -24.4 -89.8438 9.33595
      vertex -8.4 -92.4208 11.9145
      vertex -24.4 -92.4208 11.9145
    endloop
  endfacet
  facet normal 0 -0.707319 -0.706894
    outer loop
      vertex -8.4 -92.4208 11.9145
      vertex -24.4 -89.8438 9.33595
      vertex -8.4 -89.8438 9.33595
    endloop
  endfacet
  facet normal 0 0.819151 -0.573578
    outer loop
      vertex -8.4 -89.8356 9.33021
      vertex -24.4 -80.0515 23.3033
      vertex -8.4 -80.0515 23.3033
    endloop
  endfacet
  facet normal 0 0.819151 -0.573578
    outer loop
      vertex -24.4 -80.0515 23.3033
      vertex -8.4 -89.8356 9.33021
      vertex -24.4 -89.8356 9.33021
    endloop
  endfacet
  facet normal 1 -0 0
    outer loop
      vertex -8.4 -82.4108 24.4669
      vertex -8.4 -80.0515 23.3033
      vertex -8.4 -82.1813 24.7946
    endloop
  endfacet
  facet normal 1 0 0
    outer loop
      vertex -8.4 -82.4108 24.4669
      vertex -8.4 -89.8356 9.33021
      vertex -8.4 -80.0515 23.3033
    endloop
  endfacet
  facet normal 1 0 0
    outer loop
      vertex -8.4 -92.4208 11.9145
      vertex -8.4 -82.4108 24.4669
      vertex -8.4 -82.4189 24.4727
    endloop
  endfacet
  facet normal 1 0 0
    outer loop
      vertex -8.4 -92.4208 11.9145
      vertex -8.4 -82.4189 24.4727
      vertex -8.4 -83.2299 25.0405
    endloop
  endfacet
  facet normal 1 0 0
    outer loop
      vertex -8.4 -82.4108 24.4669
      vertex -8.4 -89.8438 9.33595
      vertex -8.4 -89.8356 9.33021
    endloop
  endfacet
  facet normal 1 0 0
    outer loop
      vertex -8.4 -82.4108 24.4669
      vertex -8.4 -92.4208 11.9145
      vertex -8.4 -89.8438 9.33595
    endloop
  endfacet
  facet normal -1 0 0
    outer loop
      vertex -24.4 -80.0515 23.3033
      vertex -24.4 -82.4108 24.4669
      vertex -24.4 -82.1813 24.7946
    endloop
  endfacet
  facet normal -1 0 0
    outer loop
      vertex -24.4 -89.8356 9.33021
      vertex -24.4 -82.4108 24.4669
      vertex -24.4 -80.0515 23.3033
    endloop
  endfacet
  facet normal -1 0 0
    outer loop
      vertex -24.4 -89.8438 9.33595
      vertex -24.4 -82.4108 24.4669
      vertex -24.4 -89.8356 9.33021
    endloop
  endfacet
  facet normal -1 0 0
    outer loop
      vertex -24.4 -92.4208 11.9145
      vertex -24.4 -82.4108 24.4669
      vertex -24.4 -89.8438 9.33595
    endloop
  endfacet
  facet normal -1 -0 0
    outer loop
      vertex -24.4 -82.4108 24.4669
      vertex -24.4 -92.4208 11.9145
      vertex -24.4 -82.4189 24.4727
    endloop
  endfacet
  facet normal -1 -0 0
    outer loop
      vertex -24.4 -82.4189 24.4727
      vertex -24.4 -92.4208 11.9145
      vertex -24.4 -83.2299 25.0405
    endloop
  endfacet
  facet normal -0 0.590979 0.806687
    outer loop
      vertex 8.4 -6.23224 128.728
      vertex 24.4 -6.24043 128.734
      vertex 24.4 -6.23224 128.728
    endloop
  endfacet
  facet normal 0 0.590979 0.806687
    outer loop
      vertex 24.4 -6.24043 128.734
      vertex 8.4 -6.23224 128.728
      vertex 8.4 -6.24043 128.734
    endloop
  endfacet
  facet normal 0 -0.707259 -0.706955
    outer loop
      vertex 8.4 -16.0245 114.761
      vertex 24.4 -17.8837 116.621
      vertex 8.4 -17.8837 116.621
    endloop
  endfacet
  facet normal 0 -0.707259 -0.706955
    outer loop
      vertex 24.4 -17.8837 116.621
      vertex 8.4 -16.0245 114.761
      vertex 24.4 -16.0245 114.761
    endloop
  endfacet
  facet normal -0 0.57355 0.819171
    outer loop
      vertex 8.4 -6.24043 128.734
      vertex 24.4 -9.18119 130.793
      vertex 24.4 -6.24043 128.734
    endloop
  endfacet
  facet normal 0 0.57355 0.819171
    outer loop
      vertex 24.4 -9.18119 130.793
      vertex 8.4 -6.24043 128.734
      vertex 8.4 -9.18119 130.793
    endloop
  endfacet
  facet normal 0 0.81915 -0.573579
    outer loop
      vertex 24.4 -16.0163 114.755
      vertex 8.4 -6.23224 128.728
      vertex 24.4 -6.23224 128.728
    endloop
  endfacet
  facet normal 0 0.81915 -0.573579
    outer loop
      vertex 8.4 -6.23224 128.728
      vertex 24.4 -16.0163 114.755
      vertex 8.4 -16.0163 114.755
    endloop
  endfacet
  facet normal -1 0 0
    outer loop
      vertex 8.4 -16.0245 114.761
      vertex 8.4 -17.8837 116.621
      vertex 8.4 -17.6537 116.95
    endloop
  endfacet
  facet normal -1 0 0
    outer loop
      vertex 8.4 -17.6537 116.95
      vertex 8.4 -6.24043 128.734
      vertex 8.4 -6.23224 128.728
    endloop
  endfacet
  facet normal -1 0 0
    outer loop
      vertex 8.4 -17.6537 116.95
      vertex 8.4 -6.23224 128.728
      vertex 8.4 -16.0163 114.755
    endloop
  endfacet
  facet normal -1 0 0
    outer loop
      vertex 8.4 -17.6537 116.95
      vertex 8.4 -16.0163 114.755
      vertex 8.4 -16.0245 114.761
    endloop
  endfacet
  facet normal -1 0 0
    outer loop
      vertex 8.4 -6.24043 128.734
      vertex 8.4 -17.6537 116.95
      vertex 8.4 -18.3717 117.668
    endloop
  endfacet
  facet normal -1 -0 0
    outer loop
      vertex 8.4 -6.24043 128.734
      vertex 8.4 -18.3717 117.668
      vertex 8.4 -9.18119 130.793
    endloop
  endfacet
  facet normal 0 -0.59051 -0.80703
    outer loop
      vertex 8.4 -16.0245 114.761
      vertex 24.4 -16.0163 114.755
      vertex 24.4 -16.0245 114.761
    endloop
  endfacet
  facet normal -0 -0.59051 -0.80703
    outer loop
      vertex 24.4 -16.0163 114.755
      vertex 8.4 -16.0245 114.761
      vertex 8.4 -16.0163 114.755
    endloop
  endfacet
  facet normal 1 0 0
    outer loop
      vertex 24.4 -18.3717 117.668
      vertex 24.4 -6.24043 128.734
      vertex 24.4 -9.18119 130.793
    endloop
  endfacet
  facet normal 1 0 -0
    outer loop
      vertex 24.4 -17.6537 116.95
      vertex 24.4 -6.24043 128.734
      vertex 24.4 -18.3717 117.668
    endloop
  endfacet
  facet normal 1 0 0
    outer loop
      vertex 24.4 -6.23224 128.728
      vertex 24.4 -17.6537 116.95
      vertex 24.4 -16.0163 114.755
    endloop
  endfacet
  facet normal 1 0 0
    outer loop
      vertex 24.4 -16.0163 114.755
      vertex 24.4 -17.6537 116.95
      vertex 24.4 -16.0245 114.761
    endloop
  endfacet
  facet normal 1 0 0
    outer loop
      vertex 24.4 -6.24043 128.734
      vertex 24.4 -17.6537 116.95
      vertex 24.4 -6.23224 128.728
    endloop
  endfacet
  facet normal 1 0 0
    outer loop
      vertex 24.4 -16.0245 114.761
      vertex 24.4 -17.6537 116.95
      vertex 24.4 -17.8837 116.621
    endloop
  endfacet
  facet normal 0 -0.573462 -0.819232
    outer loop
      vertex 8.4 -89.8438 9.33595
      vertex 24.4 -89.8356 9.33021
      vertex 24.4 -89.8438 9.33595
    endloop
  endfacet
  facet normal -0 -0.573462 -0.819232
    outer loop
      vertex 24.4 -89.8356 9.33021
      vertex 8.4 -89.8438 9.33595
      vertex 8.4 -89.8356 9.33021
    endloop
  endfacet
  facet normal -0 0.573576 0.819152
    outer loop
      vertex 8.4 -80.0515 23.3033
      vertex 24.4 -82.1813 24.7946
      vertex 24.4 -80.0515 23.3033
    endloop
  endfacet
  facet normal 0 0.573576 0.819152
    outer loop
      vertex 24.4 -82.1813 24.7946
      vertex 8.4 -80.0515 23.3033
      vertex 8.4 -82.1813 24.7946
    endloop
  endfacet
  facet normal 0 -0.707319 -0.706894
    outer loop
      vertex 8.4 -89.8438 9.33595
      vertex 24.4 -92.4208 11.9145
      vertex 8.4 -92.4208 11.9145
    endloop
  endfacet
  facet normal 0 -0.707319 -0.706894
    outer loop
      vertex 24.4 -92.4208 11.9145
      vertex 8.4 -89.8438 9.33595
      vertex 24.4 -89.8438 9.33595
    endloop
  endfacet
  facet normal 0 0.819151 -0.573578
    outer loop
      vertex 24.4 -89.8356 9.33021
      vertex 8.4 -80.0515 23.3033
      vertex 24.4 -80.0515 23.3033
    endloop
  endfacet
  facet normal 0 0.819151 -0.573578
    outer loop
      vertex 8.4 -80.0515 23.3033
      vertex 24.4 -89.8356 9.33021
      vertex 8.4 -89.8356 9.33021
    endloop
  endfacet
  facet normal 1 -0 0
    outer loop
      vertex 24.4 -82.4108 24.4669
      vertex 24.4 -80.0515 23.3033
      vertex 24.4 -82.1813 24.7946
    endloop
  endfacet
  facet normal 1 0 0
    outer loop
      vertex 24.4 -82.4108 24.4669
      vertex 24.4 -89.8356 9.33021
      vertex 24.4 -80.0515 23.3033
    endloop
  endfacet
  facet normal 1 0 0
    outer loop
      vertex 24.4 -92.4208 11.9145
      vertex 24.4 -82.4108 24.4669
      vertex 24.4 -82.4189 24.4727
    endloop
  endfacet
  facet normal 1 0 0
    outer loop
      vertex 24.4 -92.4208 11.9145
      vertex 24.4 -82.4189 24.4727
      vertex 24.4 -83.2299 25.0405
    endloop
  endfacet
  facet normal 1 0 0
    outer loop
      vertex 24.4 -82.4108 24.4669
      vertex 24.4 -89.8438 9.33595
      vertex 24.4 -89.8356 9.33021
    endloop
  endfacet
  facet normal 1 0 0
    outer loop
      vertex 24.4 -82.4108 24.4669
      vertex 24.4 -92.4208 11.9145
      vertex 24.4 -89.8438 9.33595
    endloop
  endfacet
  facet normal -1 0 0
    outer loop
      vertex 8.4 -80.0515 23.3033
      vertex 8.4 -82.4108 24.4669
      vertex 8.4 -82.1813 24.7946
    endloop
  endfacet
  facet normal -1 0 0
    outer loop
      vertex 8.4 -89.8356 9.33021
      vertex 8.4 -82.4108 24.4669
      vertex 8.4 -80.0515 23.3033
    endloop
  endfacet
  facet normal -1 0 0
    outer loop
      vertex 8.4 -89.8438 9.33595
      vertex 8.4 -82.4108 24.4669
      vertex 8.4 -89.8356 9.33021
    endloop
  endfacet
  facet normal -1 0 0
    outer loop
      vertex 8.4 -92.4208 11.9145
      vertex 8.4 -82.4108 24.4669
      vertex 8.4 -89.8438 9.33595
    endloop
  endfacet
  facet normal -1 -0 0
    outer loop
      vertex 8.4 -82.4108 24.4669
      vertex 8.4 -92.4208 11.9145
      vertex 8.4 -82.4189 24.4727
    endloop
  endfacet
  facet normal -1 -0 0
    outer loop
      vertex 8.4 -82.4189 24.4727
      vertex 8.4 -92.4208 11.9145
      vertex 8.4 -83.2299 25.0405
    endloop
  endfacet
  facet normal -0.99698 0.0444867 0.0636546
    outer loop
      vertex -102.308 -15.7971 125.529
      vertex -102.3 -11.64 122.749
      vertex -102.35 -12.0079 122.223
    endloop
  endfacet
  facet normal -0.997187 0.0429849 0.0614083
    outer loop
      vertex -102.3 -11.64 122.749
      vertex -102.308 -15.7971 125.529
      vertex -102.3 -15.7358 125.616
    endloop
  endfacet
  facet normal 0 -0.819186 0.573528
    outer loop
      vertex -110.5 -11.64 122.749
      vertex -106.4 -13.9917 119.39
      vertex -102.3 -11.64 122.749
    endloop
  endfacet
  facet normal 0.0781054 -0.571835 -0.816642
    outer loop
      vertex -107.041 -9.31729 126.066
      vertex -106.4 -13.3841 128.975
      vertex -107.041 -13.4131 128.934
    endloop
  endfacet
  facet normal 0.078061 -0.571842 -0.816641
    outer loop
      vertex -106.4 -13.3841 128.975
      vertex -107.041 -9.31729 126.066
      vertex -106.4 -9.28834 126.107
    endloop
  endfacet
  facet normal -0.996928 0.0449262 0.0641577
    outer loop
      vertex -102.35 -12.0079 122.223
      vertex -102.35 -16.1036 125.091
      vertex -102.308 -15.7971 125.529
    endloop
  endfacet
  facet normal 0.00554315 -0.819686 0.572786
    outer loop
      vertex -102.501 -12.3667 121.711
      vertex -102.35 -12.0079 122.223
      vertex -102.3 -11.64 122.749
    endloop
  endfacet
  facet normal 0.520575 -0.48963 -0.699474
    outer loop
      vertex -108.81 -9.73747 125.466
      vertex -108.718 -13.8011 128.379
      vertex -108.81 -13.8332 128.333
    endloop
  endfacet
  facet normal 0.521855 -0.489155 -0.698852
    outer loop
      vertex -108.718 -13.8011 128.379
      vertex -108.81 -9.73747 125.466
      vertex -108.261 -9.54466 125.741
    endloop
  endfacet
  facet normal 0.996929 -0.0449102 -0.0641588
    outer loop
      vertex -110.5 -11.64 122.749
      vertex -110.458 -15.4292 126.054
      vertex -110.5 -15.7358 125.616
    endloop
  endfacet
  facet normal 0.997229 -0.0426684 -0.0609348
    outer loop
      vertex -110.458 -15.4292 126.054
      vertex -110.45 -11.2721 123.274
      vertex -110.45 -15.3679 126.142
    endloop
  endfacet
  facet normal 0.996972 -0.0445416 -0.0637367
    outer loop
      vertex -110.45 -11.2721 123.274
      vertex -110.458 -15.4292 126.054
      vertex -110.5 -11.64 122.749
    endloop
  endfacet
  facet normal 0 -0.819313 0.573347
    outer loop
      vertex -109.299 -9.97713 125.123
      vertex -104.539 -9.54466 125.741
      vertex -108.261 -9.54466 125.741
    endloop
  endfacet
  facet normal 0 -0.819313 0.573347
    outer loop
      vertex -104.539 -9.54466 125.741
      vertex -109.299 -9.97713 125.123
      vertex -103.501 -9.97713 125.123
    endloop
  endfacet
  facet normal -0.000208273 -0.8193 0.573366
    outer loop
      vertex -109.717 -13.0223 120.774
      vertex -108.81 -13.5425 120.031
      vertex -106.4 -13.9917 119.39
    endloop
  endfacet
  facet normal -0.00148086 -0.819409 0.573207
    outer loop
      vertex -103.501 -9.97713 125.123
      vertex -102.3 -11.64 122.749
      vertex -103.083 -10.2577 124.723
    endloop
  endfacet
  facet normal 0.000483315 -0.82028 0.571962
    outer loop
      vertex -106.4 -13.9917 119.39
      vertex -105.133 -13.8766 119.554
      vertex -104.539 -13.7354 119.756
    endloop
  endfacet
  facet normal -0.924008 0.219325 0.313219
    outer loop
      vertex -102.747 -12.7076 121.224
      vertex -102.501 -16.4625 124.579
      vertex -102.501 -12.3667 121.711
    endloop
  endfacet
  facet normal -0.924008 0.219325 0.313219
    outer loop
      vertex -102.501 -16.4625 124.579
      vertex -102.747 -12.7076 121.224
      vertex -102.747 -16.8034 124.092
    endloop
  endfacet
  facet normal 0.000208273 -0.8193 0.573366
    outer loop
      vertex -106.4 -13.9917 119.39
      vertex -103.99 -13.5425 120.031
      vertex -103.083 -13.0223 120.774
    endloop
  endfacet
  facet normal 0.000219056 -0.819312 0.573348
    outer loop
      vertex -106.4 -13.9917 119.39
      vertex -103.083 -13.0223 120.774
      vertex -102.3 -11.64 122.749
    endloop
  endfacet
  facet normal -0.0063366 -0.815513 0.578704
    outer loop
      vertex -103.99 -13.5425 120.031
      vertex -103.501 -13.3029 120.374
      vertex -103.083 -13.0223 120.774
    endloop
  endfacet
  facet normal 0.00347143 -0.822038 0.569423
    outer loop
      vertex -109.299 -9.97713 125.123
      vertex -108.261 -9.54466 125.741
      vertex -108.81 -9.73747 125.466
    endloop
  endfacet
  facet normal 0 -0.819058 0.57371
    outer loop
      vertex -110.5 -11.64 122.749
      vertex -103.501 -9.97713 125.123
      vertex -109.299 -9.97713 125.123
    endloop
  endfacet
  facet normal 0 -0.819058 0.57371
    outer loop
      vertex -103.501 -9.97713 125.123
      vertex -110.5 -11.64 122.749
      vertex -102.3 -11.64 122.749
    endloop
  endfacet
  facet normal -0.00225971 -0.818693 0.574227
    outer loop
      vertex -110.299 -10.9133 123.786
      vertex -109.717 -10.2577 124.723
      vertex -110.053 -10.5724 124.273
    endloop
  endfacet
  facet normal 0.523215 -0.488817 -0.698071
    outer loop
      vertex -108.718 -13.8011 128.379
      vertex -108.261 -9.54466 125.741
      vertex -108.261 -13.6404 128.609
    endloop
  endfacet
  facet normal -0.924008 -0.219329 -0.313217
    outer loop
      vertex -102.501 -10.9133 123.786
      vertex -102.747 -14.6681 127.141
      vertex -102.747 -10.5724 124.273
    endloop
  endfacet
  facet normal -0.924021 -0.219307 -0.313194
    outer loop
      vertex -102.747 -14.6681 127.141
      vertex -102.501 -10.9133 123.786
      vertex -102.501 -15.0091 126.654
    endloop
  endfacet
  facet normal -0.996929 -0.0449102 -0.0641588
    outer loop
      vertex -102.342 -15.4292 126.054
      vertex -102.3 -11.64 122.749
      vertex -102.3 -15.7358 125.616
    endloop
  endfacet
  facet normal 0.759875 0.372878 0.532496
    outer loop
      vertex -109.717 -17.118 123.642
      vertex -109.299 -13.3029 120.374
      vertex -109.717 -13.0223 120.774
    endloop
  endfacet
  facet normal 0.759875 0.372878 0.532496
    outer loop
      vertex -109.299 -13.3029 120.374
      vertex -109.717 -17.118 123.642
      vertex -109.299 -17.3986 123.242
    endloop
  endfacet
  facet normal -0.521913 0.48927 0.698728
    outer loop
      vertex -104.539 -13.7354 119.756
      vertex -103.99 -17.6383 122.899
      vertex -103.99 -13.5425 120.031
    endloop
  endfacet
  facet normal -0.521849 0.489301 0.698755
    outer loop
      vertex -103.99 -17.6383 122.899
      vertex -104.539 -13.7354 119.756
      vertex -104.539 -17.8311 122.624
    endloop
  endfacet
  facet normal -0.000798083 -0.819122 0.573619
    outer loop
      vertex -103.083 -13.0223 120.774
      vertex -102.501 -12.3667 121.711
      vertex -102.3 -11.64 122.749
    endloop
  endfacet
  facet normal -0.00225971 -0.818693 0.574227
    outer loop
      vertex -103.083 -13.0223 120.774
      vertex -102.747 -12.7076 121.224
      vertex -102.501 -12.3667 121.711
    endloop
  endfacet
  facet normal -0.759875 0.372878 0.532496
    outer loop
      vertex -103.501 -13.3029 120.374
      vertex -103.083 -17.118 123.642
      vertex -103.083 -13.0223 120.774
    endloop
  endfacet
  facet normal -0.759875 0.372878 0.532496
    outer loop
      vertex -103.083 -17.118 123.642
      vertex -103.501 -13.3029 120.374
      vertex -103.501 -17.3986 123.242
    endloop
  endfacet
  facet normal -0.233227 0.557779 0.796547
    outer loop
      vertex -105.759 -13.9627 119.431
      vertex -105.133 -17.9723 122.422
      vertex -105.133 -13.8766 119.554
    endloop
  endfacet
  facet normal -0.233311 0.557759 0.796537
    outer loop
      vertex -105.133 -17.9723 122.422
      vertex -105.759 -13.9627 119.431
      vertex -105.759 -18.0585 122.299
    endloop
  endfacet
  facet normal -0.0781054 0.571836 0.816641
    outer loop
      vertex -106.4 -13.9917 119.39
      vertex -105.759 -18.0585 122.299
      vertex -105.759 -13.9627 119.431
    endloop
  endfacet
  facet normal -0.0780167 0.57185 0.81664
    outer loop
      vertex -105.759 -18.0585 122.299
      vertex -106.4 -13.9917 119.39
      vertex -106.4 -18.0874 122.258
    endloop
  endfacet
  facet normal -0.383234 0.529804 0.756597
    outer loop
      vertex -105.133 -13.8766 119.554
      vertex -104.539 -17.8311 122.624
      vertex -104.539 -13.7354 119.756
    endloop
  endfacet
  facet normal -0.383234 0.529804 0.756597
    outer loop
      vertex -104.539 -17.8311 122.624
      vertex -105.133 -13.8766 119.554
      vertex -105.133 -17.9723 122.422
    endloop
  endfacet
  facet normal 0.759864 -0.372882 -0.532509
    outer loop
      vertex -109.299 -14.0729 127.991
      vertex -109.717 -10.2577 124.723
      vertex -109.299 -9.97713 125.123
    endloop
  endfacet
  facet normal 0.760413 -0.372424 -0.532046
    outer loop
      vertex -109.717 -10.2577 124.723
      vertex -109.299 -14.0729 127.991
      vertex -109.717 -14.3535 127.59
    endloop
  endfacet
  facet normal 0 -0.819575 0.572972
    outer loop
      vertex -108.261 -9.54466 125.741
      vertex -105.133 -9.40344 125.943
      vertex -107.667 -9.40344 125.943
    endloop
  endfacet
  facet normal 0 -0.819575 0.572972
    outer loop
      vertex -105.133 -9.40344 125.943
      vertex -108.261 -9.54466 125.741
      vertex -104.539 -9.54466 125.741
    endloop
  endfacet
  facet normal 0.000313038 -0.818378 0.57468
    outer loop
      vertex -108.81 -13.5425 120.031
      vertex -108.261 -13.7354 119.756
      vertex -106.4 -13.9917 119.39
    endloop
  endfacet
  facet normal 0.852988 -0.299303 -0.427585
    outer loop
      vertex -109.717 -14.3535 127.59
      vertex -110.053 -10.5724 124.273
      vertex -109.717 -10.2577 124.723
    endloop
  endfacet
  facet normal 0.852616 -0.299726 -0.42803
    outer loop
      vertex -110.053 -10.5724 124.273
      vertex -109.717 -14.3535 127.59
      vertex -110.053 -14.6681 127.141
    endloop
  endfacet
  facet normal -0.523215 -0.488817 -0.698071
    outer loop
      vertex -104.539 -9.54466 125.741
      vertex -104.082 -13.8011 128.379
      vertex -104.539 -13.6404 128.609
    endloop
  endfacet
  facet normal -0.972051 -0.134662 -0.192311
    outer loop
      vertex -102.35 -11.2721 123.274
      vertex -102.501 -15.0091 126.654
      vertex -102.501 -10.9133 123.786
    endloop
  endfacet
  facet normal -0.972051 -0.134662 -0.192311
    outer loop
      vertex -102.501 -15.0091 126.654
      vertex -102.35 -11.2721 123.274
      vertex -102.35 -15.3679 126.142
    endloop
  endfacet
  facet normal -7.93386e-05 -0.818942 0.573876
    outer loop
      vertex -102.501 -10.9133 123.786
      vertex -102.3 -11.64 122.749
      vertex -102.35 -11.2721 123.274
    endloop
  endfacet
  facet normal -0.650155 -0.435717 -0.622455
    outer loop
      vertex -103.501 -9.97713 125.123
      vertex -103.99 -13.8332 128.333
      vertex -103.99 -9.73747 125.466
    endloop
  endfacet
  facet normal -0.64944 -0.436166 -0.622886
    outer loop
      vertex -103.99 -13.8332 128.333
      vertex -103.501 -9.97713 125.123
      vertex -103.501 -14.0729 127.991
    endloop
  endfacet
  facet normal 0.000569415 -0.820591 0.571516
    outer loop
      vertex -106.4 -13.9917 119.39
      vertex -105.759 -13.9627 119.431
      vertex -105.133 -13.8766 119.554
    endloop
  endfacet
  facet normal -0.650124 0.435836 0.622403
    outer loop
      vertex -103.99 -13.5425 120.031
      vertex -103.501 -17.3986 123.242
      vertex -103.501 -13.3029 120.374
    endloop
  endfacet
  facet normal -0.650175 0.435803 0.622372
    outer loop
      vertex -103.501 -17.3986 123.242
      vertex -103.99 -13.5425 120.031
      vertex -103.99 -17.6383 122.899
    endloop
  endfacet
  facet normal 0.000798083 -0.819122 0.573619
    outer loop
      vertex -110.5 -11.64 122.749
      vertex -110.299 -12.3667 121.711
      vertex -109.717 -13.0223 120.774
    endloop
  endfacet
  facet normal -0.000219056 -0.819312 0.573348
    outer loop
      vertex -110.5 -11.64 122.749
      vertex -109.717 -13.0223 120.774
      vertex -106.4 -13.9917 119.39
    endloop
  endfacet
  facet normal 0.0781054 0.571836 0.816641
    outer loop
      vertex -107.041 -18.0585 122.299
      vertex -106.4 -13.9917 119.39
      vertex -107.041 -13.9627 119.431
    endloop
  endfacet
  facet normal 0.0780167 0.57185 0.81664
    outer loop
      vertex -106.4 -13.9917 119.39
      vertex -107.041 -18.0585 122.299
      vertex -106.4 -18.0874 122.258
    endloop
  endfacet
  facet normal -0.000483315 -0.82028 0.571962
    outer loop
      vertex -108.261 -13.7354 119.756
      vertex -107.667 -13.8766 119.554
      vertex -106.4 -13.9917 119.39
    endloop
  endfacet
  facet normal 0.997187 0.0429849 0.0614083
    outer loop
      vertex -110.492 -15.7971 125.529
      vertex -110.5 -11.64 122.749
      vertex -110.5 -15.7358 125.616
    endloop
  endfacet
  facet normal 0.99698 0.0444867 0.0636546
    outer loop
      vertex -110.5 -11.64 122.749
      vertex -110.492 -15.7971 125.529
      vertex -110.45 -12.0079 122.223
    endloop
  endfacet
  facet normal -0.00554315 -0.819686 0.572786
    outer loop
      vertex -110.5 -11.64 122.749
      vertex -110.45 -12.0079 122.223
      vertex -110.299 -12.3667 121.711
    endloop
  endfacet
  facet normal 0.924008 0.219325 0.313219
    outer loop
      vertex -110.299 -16.4625 124.579
      vertex -110.053 -12.7076 121.224
      vertex -110.299 -12.3667 121.711
    endloop
  endfacet
  facet normal 0.924008 0.219325 0.313219
    outer loop
      vertex -110.053 -12.7076 121.224
      vertex -110.299 -16.4625 124.579
      vertex -110.053 -16.8034 124.092
    endloop
  endfacet
  facet normal 0.924008 -0.219329 -0.313217
    outer loop
      vertex -110.053 -14.6681 127.141
      vertex -110.299 -10.9133 123.786
      vertex -110.053 -10.5724 124.273
    endloop
  endfacet
  facet normal 0.924021 -0.219307 -0.313194
    outer loop
      vertex -110.299 -10.9133 123.786
      vertex -110.053 -14.6681 127.141
      vertex -110.299 -15.0091 126.654
    endloop
  endfacet
  facet normal 0.00148086 -0.819409 0.573207
    outer loop
      vertex -110.5 -11.64 122.749
      vertex -109.299 -9.97713 125.123
      vertex -109.717 -10.2577 124.723
    endloop
  endfacet
  facet normal -0.00209163 -0.818743 0.574157
    outer loop
      vertex -110.5 -11.64 122.749
      vertex -109.717 -10.2577 124.723
      vertex -110.299 -10.9133 123.786
    endloop
  endfacet
  facet normal -0.759864 -0.372882 -0.532509
    outer loop
      vertex -103.083 -10.2577 124.723
      vertex -103.501 -14.0729 127.991
      vertex -103.501 -9.97713 125.123
    endloop
  endfacet
  facet normal -0.760413 -0.372424 -0.532046
    outer loop
      vertex -103.501 -14.0729 127.991
      vertex -103.083 -10.2577 124.723
      vertex -103.083 -14.3535 127.59
    endloop
  endfacet
  facet normal -0.852988 -0.299303 -0.427585
    outer loop
      vertex -102.747 -10.5724 124.273
      vertex -103.083 -14.3535 127.59
      vertex -103.083 -10.2577 124.723
    endloop
  endfacet
  facet normal -0.852616 -0.299726 -0.42803
    outer loop
      vertex -103.083 -14.3535 127.59
      vertex -102.747 -10.5724 124.273
      vertex -102.747 -14.6681 127.141
    endloop
  endfacet
  facet normal 0.650155 -0.435717 -0.622455
    outer loop
      vertex -108.81 -13.8332 128.333
      vertex -109.299 -9.97713 125.123
      vertex -108.81 -9.73747 125.466
    endloop
  endfacet
  facet normal 0.64944 -0.436166 -0.622886
    outer loop
      vertex -109.299 -9.97713 125.123
      vertex -108.81 -13.8332 128.333
      vertex -109.299 -14.0729 127.991
    endloop
  endfacet
  facet normal 0.385253 -0.529089 -0.756072
    outer loop
      vertex -108.261 -9.54466 125.741
      vertex -107.667 -13.4992 128.811
      vertex -107.766 -13.5227 128.777
    endloop
  endfacet
  facet normal 0.383249 -0.529796 -0.756595
    outer loop
      vertex -107.667 -13.4992 128.811
      vertex -108.261 -9.54466 125.741
      vertex -107.667 -9.40344 125.943
    endloop
  endfacet
  facet normal 0.38283 -0.529897 -0.756737
    outer loop
      vertex -108.261 -9.54466 125.741
      vertex -107.766 -13.5227 128.777
      vertex -108.261 -13.6404 128.609
    endloop
  endfacet
  facet normal 0.000442631 -0.820133 0.572173
    outer loop
      vertex -107.667 -9.40344 125.943
      vertex -106.4 -9.28834 126.107
      vertex -107.041 -9.31729 126.066
    endloop
  endfacet
  facet normal 0 -0.818528 0.574467
    outer loop
      vertex -107.667 -9.40344 125.943
      vertex -105.133 -9.40344 125.943
      vertex -106.4 -9.28834 126.107
    endloop
  endfacet
  facet normal -0.996972 -0.0445416 -0.0637367
    outer loop
      vertex -102.342 -15.4292 126.054
      vertex -102.35 -11.2721 123.274
      vertex -102.3 -11.64 122.749
    endloop
  endfacet
  facet normal -0.997229 -0.0426684 -0.0609348
    outer loop
      vertex -102.35 -11.2721 123.274
      vertex -102.342 -15.4292 126.054
      vertex -102.35 -15.3679 126.142
    endloop
  endfacet
  facet normal -0.852988 0.299373 0.427536
    outer loop
      vertex -103.083 -13.0223 120.774
      vertex -102.747 -16.8034 124.092
      vertex -102.747 -12.7076 121.224
    endloop
  endfacet
  facet normal -0.852964 0.299401 0.427565
    outer loop
      vertex -102.747 -16.8034 124.092
      vertex -103.083 -13.0223 120.774
      vertex -103.083 -17.118 123.642
    endloop
  endfacet
  facet normal -0.972051 0.134664 0.192309
    outer loop
      vertex -102.501 -12.3667 121.711
      vertex -102.35 -16.1036 125.091
      vertex -102.35 -12.0079 122.223
    endloop
  endfacet
  facet normal -0.972056 0.13465 0.192294
    outer loop
      vertex -102.35 -16.1036 125.091
      vertex -102.501 -12.3667 121.711
      vertex -102.501 -16.4625 124.579
    endloop
  endfacet
  facet normal -0.000313038 -0.818378 0.57468
    outer loop
      vertex -106.4 -13.9917 119.39
      vertex -104.539 -13.7354 119.756
      vertex -103.99 -13.5425 120.031
    endloop
  endfacet
  facet normal 0.0063366 -0.815513 0.578704
    outer loop
      vertex -109.717 -13.0223 120.774
      vertex -109.299 -13.3029 120.374
      vertex -108.81 -13.5425 120.031
    endloop
  endfacet
  facet normal 0.383234 0.529804 0.756597
    outer loop
      vertex -108.261 -17.8311 122.624
      vertex -107.667 -13.8766 119.554
      vertex -108.261 -13.7354 119.756
    endloop
  endfacet
  facet normal 0.383234 0.529804 0.756597
    outer loop
      vertex -107.667 -13.8766 119.554
      vertex -108.261 -17.8311 122.624
      vertex -107.667 -17.9723 122.422
    endloop
  endfacet
  facet normal 0.233227 0.557779 0.796547
    outer loop
      vertex -107.667 -17.9723 122.422
      vertex -107.041 -13.9627 119.431
      vertex -107.667 -13.8766 119.554
    endloop
  endfacet
  facet normal 0.233311 0.557759 0.796537
    outer loop
      vertex -107.041 -13.9627 119.431
      vertex -107.667 -17.9723 122.422
      vertex -107.041 -18.0585 122.299
    endloop
  endfacet
  facet normal -0.000569415 -0.820591 0.571516
    outer loop
      vertex -107.667 -13.8766 119.554
      vertex -107.041 -13.9627 119.431
      vertex -106.4 -13.9917 119.39
    endloop
  endfacet
  facet normal 0.650124 0.435836 0.622403
    outer loop
      vertex -109.299 -17.3986 123.242
      vertex -108.81 -13.5425 120.031
      vertex -109.299 -13.3029 120.374
    endloop
  endfacet
  facet normal 0.650175 0.435803 0.622372
    outer loop
      vertex -108.81 -13.5425 120.031
      vertex -109.299 -17.3986 123.242
      vertex -108.81 -17.6383 122.899
    endloop
  endfacet
  facet normal 0.996928 0.0449262 0.0641577
    outer loop
      vertex -110.492 -15.7971 125.529
      vertex -110.45 -16.1036 125.091
      vertex -110.45 -12.0079 122.223
    endloop
  endfacet
  facet normal 0.972051 0.134664 0.192309
    outer loop
      vertex -110.45 -16.1036 125.091
      vertex -110.299 -12.3667 121.711
      vertex -110.45 -12.0079 122.223
    endloop
  endfacet
  facet normal 0.972056 0.13465 0.192294
    outer loop
      vertex -110.299 -12.3667 121.711
      vertex -110.45 -16.1036 125.091
      vertex -110.299 -16.4625 124.579
    endloop
  endfacet
  facet normal 0.00225971 -0.818693 0.574227
    outer loop
      vertex -110.299 -12.3667 121.711
      vertex -110.053 -12.7076 121.224
      vertex -109.717 -13.0223 120.774
    endloop
  endfacet
  facet normal -0.233227 -0.557774 -0.796551
    outer loop
      vertex -105.759 -13.4131 128.934
      vertex -105.133 -9.40344 125.943
      vertex -105.133 -13.4992 128.811
    endloop
  endfacet
  facet normal -0.233269 -0.557764 -0.796546
    outer loop
      vertex -105.133 -9.40344 125.943
      vertex -105.759 -13.4131 128.934
      vertex -105.759 -9.31729 126.066
    endloop
  endfacet
  facet normal 0.00225971 -0.818693 0.574227
    outer loop
      vertex -103.083 -10.2577 124.723
      vertex -102.501 -10.9133 123.786
      vertex -102.747 -10.5724 124.273
    endloop
  endfacet
  facet normal 0.00209163 -0.818743 0.574157
    outer loop
      vertex -103.083 -10.2577 124.723
      vertex -102.3 -11.64 122.749
      vertex -102.501 -10.9133 123.786
    endloop
  endfacet
  facet normal 0.852988 0.299373 0.427536
    outer loop
      vertex -110.053 -16.8034 124.092
      vertex -109.717 -13.0223 120.774
      vertex -110.053 -12.7076 121.224
    endloop
  endfacet
  facet normal 0.852964 0.299401 0.427565
    outer loop
      vertex -109.717 -13.0223 120.774
      vertex -110.053 -16.8034 124.092
      vertex -109.717 -17.118 123.642
    endloop
  endfacet
  facet normal 0.521913 0.48927 0.698728
    outer loop
      vertex -108.81 -17.6383 122.899
      vertex -108.261 -13.7354 119.756
      vertex -108.81 -13.5425 120.031
    endloop
  endfacet
  facet normal 0.521849 0.489301 0.698755
    outer loop
      vertex -108.261 -13.7354 119.756
      vertex -108.81 -17.6383 122.899
      vertex -108.261 -17.8311 122.624
    endloop
  endfacet
  facet normal 7.93386e-05 -0.818942 0.573876
    outer loop
      vertex -110.5 -11.64 122.749
      vertex -110.299 -10.9133 123.786
      vertex -110.45 -11.2721 123.274
    endloop
  endfacet
  facet normal 0.972051 -0.134662 -0.192311
    outer loop
      vertex -110.299 -15.0091 126.654
      vertex -110.45 -11.2721 123.274
      vertex -110.299 -10.9133 123.786
    endloop
  endfacet
  facet normal 0.972051 -0.134662 -0.192311
    outer loop
      vertex -110.45 -11.2721 123.274
      vertex -110.299 -15.0091 126.654
      vertex -110.45 -15.3679 126.142
    endloop
  endfacet
  facet normal -0.385253 -0.529089 -0.756072
    outer loop
      vertex -105.133 -13.4992 128.811
      vertex -104.539 -9.54466 125.741
      vertex -105.034 -13.5227 128.777
    endloop
  endfacet
  facet normal -0.383249 -0.529796 -0.756595
    outer loop
      vertex -104.539 -9.54466 125.741
      vertex -105.133 -13.4992 128.811
      vertex -105.133 -9.40344 125.943
    endloop
  endfacet
  facet normal -0.38283 -0.529897 -0.756737
    outer loop
      vertex -105.034 -13.5227 128.777
      vertex -104.539 -9.54466 125.741
      vertex -104.539 -13.6404 128.609
    endloop
  endfacet
  facet normal 0.233227 -0.557774 -0.796551
    outer loop
      vertex -107.667 -9.40344 125.943
      vertex -107.041 -13.4131 128.934
      vertex -107.667 -13.4992 128.811
    endloop
  endfacet
  facet normal 0.233269 -0.557764 -0.796546
    outer loop
      vertex -107.041 -13.4131 128.934
      vertex -107.667 -9.40344 125.943
      vertex -107.041 -9.31729 126.066
    endloop
  endfacet
  facet normal -0.000442631 -0.820133 0.572173
    outer loop
      vertex -106.4 -9.28834 126.107
      vertex -105.133 -9.40344 125.943
      vertex -105.759 -9.31729 126.066
    endloop
  endfacet
  facet normal -0.00347143 -0.822038 0.569423
    outer loop
      vertex -104.539 -9.54466 125.741
      vertex -103.501 -9.97713 125.123
      vertex -103.99 -9.73747 125.466
    endloop
  endfacet
  facet normal -0.520575 -0.48963 -0.699474
    outer loop
      vertex -104.082 -13.8011 128.379
      vertex -103.99 -9.73747 125.466
      vertex -103.99 -13.8332 128.333
    endloop
  endfacet
  facet normal -0.521855 -0.489155 -0.698852
    outer loop
      vertex -103.99 -9.73747 125.466
      vertex -104.082 -13.8011 128.379
      vertex -104.539 -9.54466 125.741
    endloop
  endfacet
  facet normal -0.0781054 -0.571835 -0.816642
    outer loop
      vertex -106.4 -13.3841 128.975
      vertex -105.759 -9.31729 126.066
      vertex -105.759 -13.4131 128.934
    endloop
  endfacet
  facet normal -0.078061 -0.571842 -0.816641
    outer loop
      vertex -105.759 -9.31729 126.066
      vertex -106.4 -13.3841 128.975
      vertex -106.4 -9.28834 126.107
    endloop
  endfacet
  facet normal 0.649609 0.436078 0.622771
    outer loop
      vertex -109.299 -91.2179 17.8167
      vertex -108.81 -87.3618 14.6065
      vertex -109.299 -87.1222 14.9488
    endloop
  endfacet
  facet normal 0.649661 0.436046 0.62274
    outer loop
      vertex -108.81 -87.3618 14.6065
      vertex -109.299 -91.2179 17.8167
      vertex -108.81 -91.4576 17.4744
    endloop
  endfacet
  facet normal 0.972086 -0.134577 -0.192192
    outer loop
      vertex -110.299 -88.8283 21.2294
      vertex -110.45 -85.0914 17.849
      vertex -110.299 -84.7326 18.3615
    endloop
  endfacet
  facet normal 0.972091 -0.134564 -0.192177
    outer loop
      vertex -110.45 -85.0914 17.849
      vertex -110.299 -88.8283 21.2294
      vertex -110.45 -89.1872 20.7169
    endloop
  endfacet
  facet normal -0.649213 -0.436255 -0.62306
    outer loop
      vertex -103.909 -87.6925 22.8516
      vertex -103.501 -83.7964 19.6985
      vertex -103.501 -87.8922 22.5663
    endloop
  endfacet
  facet normal -0.233311 -0.557746 -0.796546
    outer loop
      vertex -105.759 -87.2323 23.5087
      vertex -105.133 -83.2227 20.5178
      vertex -105.133 -87.3185 23.3857
    endloop
  endfacet
  facet normal -0.233227 -0.557766 -0.796556
    outer loop
      vertex -105.133 -83.2227 20.5178
      vertex -105.759 -87.2323 23.5087
      vertex -105.759 -83.1366 20.6408
    endloop
  endfacet
  facet normal -0.000124317 -0.819162 0.573561
    outer loop
      vertex -110.45 -85.0914 17.849
      vertex -110.053 -86.5269 15.7989
      vertex -110.053 -84.3917 18.8484
    endloop
  endfacet
  facet normal 6.39707e-05 -0.819192 0.573519
    outer loop
      vertex -105.759 -87.782 14.0065
      vertex -103.99 -87.3618 14.6065
      vertex -102.747 -86.5269 15.7989
    endloop
  endfacet
  facet normal 0.000645309 -0.81881 0.574065
    outer loop
      vertex -109.717 -86.8416 15.3495
      vertex -109.299 -87.1222 14.9488
      vertex -108.81 -87.3618 14.6065
    endloop
  endfacet
  facet normal -0.382908 -0.529861 -0.756722
    outer loop
      vertex -105.133 -87.3185 23.3857
      vertex -104.539 -83.3639 20.3161
      vertex -104.539 -87.4597 23.184
    endloop
  endfacet
  facet normal -0.382908 -0.529861 -0.756722
    outer loop
      vertex -104.539 -83.3639 20.3161
      vertex -105.133 -87.3185 23.3857
      vertex -105.133 -83.2227 20.5178
    endloop
  endfacet
  facet normal -0.996975 0.0445838 0.0636709
    outer loop
      vertex -102.35 -85.8272 16.7983
      vertex -102.3 -89.555 20.1915
      vertex -102.3 -85.4593 17.3236
    endloop
  endfacet
  facet normal -0.996975 0.0445771 0.0636636
    outer loop
      vertex -102.3 -89.555 20.1915
      vertex -102.35 -85.8272 16.7983
      vertex -102.35 -89.9229 19.6661
    endloop
  endfacet
  facet normal 0.000179734 -0.819219 0.57348
    outer loop
      vertex -102.747 -86.5269 15.7989
      vertex -102.501 -86.186 16.2858
      vertex -102.35 -85.8272 16.7983
    endloop
  endfacet
  facet normal -0.382984 0.52983 0.756705
    outer loop
      vertex -105.133 -87.6959 14.1295
      vertex -104.539 -91.6504 17.199
      vertex -104.539 -87.5546 14.3312
    endloop
  endfacet
  facet normal -0.382647 0.529949 0.756793
    outer loop
      vertex -104.539 -91.6504 17.199
      vertex -105.133 -87.6959 14.1295
      vertex -104.638 -91.6739 17.1654
    endloop
  endfacet
  facet normal 0.382908 -0.529861 -0.756722
    outer loop
      vertex -108.261 -83.3639 20.3161
      vertex -107.667 -87.3185 23.3857
      vertex -108.261 -87.4597 23.184
    endloop
  endfacet
  facet normal 0.382908 -0.529861 -0.756722
    outer loop
      vertex -107.667 -87.3185 23.3857
      vertex -108.261 -83.3639 20.3161
      vertex -107.667 -83.2227 20.5178
    endloop
  endfacet
  facet normal -1.49957e-05 -0.819154 0.573574
    outer loop
      vertex -110.053 -86.5269 15.7989
      vertex -107.041 -87.782 14.0065
      vertex -109.299 -83.7964 19.6985
    endloop
  endfacet
  facet normal 0.522219 -0.489159 -0.698577
    outer loop
      vertex -108.81 -83.5568 20.0407
      vertex -108.261 -87.4597 23.184
      vertex -108.81 -87.6525 22.9086
    endloop
  endfacet
  facet normal 0.522284 -0.489129 -0.698551
    outer loop
      vertex -108.261 -87.4597 23.184
      vertex -108.81 -83.5568 20.0407
      vertex -108.261 -83.3639 20.3161
    endloop
  endfacet
  facet normal 0.233311 -0.557746 -0.796546
    outer loop
      vertex -107.667 -83.2227 20.5178
      vertex -107.041 -87.2323 23.5087
      vertex -107.667 -87.3185 23.3857
    endloop
  endfacet
  facet normal 0.233227 -0.557766 -0.796556
    outer loop
      vertex -107.041 -87.2323 23.5087
      vertex -107.667 -83.2227 20.5178
      vertex -107.041 -83.1366 20.6408
    endloop
  endfacet
  facet normal 0 -0.819232 0.573462
    outer loop
      vertex -107.667 -83.2227 20.5178
      vertex -105.759 -83.1366 20.6408
      vertex -107.041 -83.1366 20.6408
    endloop
  endfacet
  facet normal 0 -0.819232 0.573462
    outer loop
      vertex -105.759 -83.1366 20.6408
      vertex -107.667 -83.2227 20.5178
      vertex -105.133 -83.2227 20.5178
    endloop
  endfacet
  facet normal -0.760533 -0.372413 -0.531882
    outer loop
      vertex -103.501 -83.7964 19.6985
      vertex -103.153 -88.126 22.2324
      vertex -103.501 -87.8922 22.5663
    endloop
  endfacet
  facet normal -0.972086 -0.134577 -0.192192
    outer loop
      vertex -102.35 -85.0914 17.849
      vertex -102.501 -88.8283 21.2294
      vertex -102.501 -84.7326 18.3615
    endloop
  endfacet
  facet normal -0.972091 -0.134564 -0.192177
    outer loop
      vertex -102.501 -88.8283 21.2294
      vertex -102.35 -85.0914 17.849
      vertex -102.35 -89.1872 20.7169
    endloop
  endfacet
  facet normal -0.000332277 -0.818753 0.574146
    outer loop
      vertex -108.81 -83.5568 20.0407
      vertex -107.667 -83.2227 20.5178
      vertex -108.261 -83.3639 20.3161
    endloop
  endfacet
  facet normal -8.33049e-05 -0.819163 0.573561
    outer loop
      vertex -103.501 -83.7964 19.6985
      vertex -102.747 -86.5269 15.7989
      vertex -102.747 -84.3917 18.8484
    endloop
  endfacet
  facet normal -0.760305 -0.372535 -0.532121
    outer loop
      vertex -103.083 -84.077 19.2977
      vertex -103.153 -88.126 22.2324
      vertex -103.501 -83.7964 19.6985
    endloop
  endfacet
  facet normal -0.758847 -0.373552 -0.533489
    outer loop
      vertex -103.153 -88.126 22.2324
      vertex -103.083 -84.077 19.2977
      vertex -103.083 -88.1728 22.1656
    endloop
  endfacet
  facet normal -0.972086 0.134574 0.192195
    outer loop
      vertex -102.501 -86.186 16.2858
      vertex -102.35 -89.9229 19.6661
      vertex -102.35 -85.8272 16.7983
    endloop
  endfacet
  facet normal -0.972079 0.134594 0.192216
    outer loop
      vertex -102.35 -89.9229 19.6661
      vertex -102.501 -86.186 16.2858
      vertex -102.501 -90.2817 19.1537
    endloop
  endfacet
  facet normal -0.38283 0.529888 0.756743
    outer loop
      vertex -105.133 -87.6959 14.1295
      vertex -105.133 -91.7916 16.9974
      vertex -104.638 -91.6739 17.1654
    endloop
  endfacet
  facet normal 0.000179734 -0.819219 0.57348
    outer loop
      vertex -110.45 -85.0914 17.849
      vertex -110.053 -84.3917 18.8484
      vertex -110.299 -84.7326 18.3615
    endloop
  endfacet
  facet normal 1.49957e-05 -0.819154 0.573574
    outer loop
      vertex -105.759 -87.782 14.0065
      vertex -102.747 -86.5269 15.7989
      vertex -103.501 -83.7964 19.6985
    endloop
  endfacet
  facet normal -0.85278 0.299561 0.427819
    outer loop
      vertex -103.083 -86.8416 15.3495
      vertex -102.747 -90.6227 18.6668
      vertex -102.747 -86.5269 15.7989
    endloop
  endfacet
  facet normal -0.852756 0.299589 0.427849
    outer loop
      vertex -102.747 -90.6227 18.6668
      vertex -103.083 -86.8416 15.3495
      vertex -103.083 -90.9373 18.2174
    endloop
  endfacet
  facet normal -6.39707e-05 -0.819192 0.573519
    outer loop
      vertex -110.053 -86.5269 15.7989
      vertex -108.81 -87.3618 14.6065
      vertex -107.041 -87.782 14.0065
    endloop
  endfacet
  facet normal -0.000573624 -0.819118 0.573624
    outer loop
      vertex -110.5 -85.4593 17.3236
      vertex -110.45 -85.8272 16.7983
      vertex -110.45 -85.0914 17.849
    endloop
  endfacet
  facet normal 0.0783966 -0.571819 -0.816625
    outer loop
      vertex -107.041 -83.1366 20.6408
      vertex -106.4 -87.2034 23.55
      vertex -107.041 -87.2323 23.5087
    endloop
  endfacet
  facet normal 0.0786118 -0.571787 -0.816627
    outer loop
      vertex -106.4 -87.2034 23.55
      vertex -107.041 -83.1366 20.6408
      vertex -106.4 -83.1076 20.6822
    endloop
  endfacet
  facet normal 0.000573624 -0.819118 0.573624
    outer loop
      vertex -102.35 -85.8272 16.7983
      vertex -102.3 -85.4593 17.3236
      vertex -102.35 -85.0914 17.849
    endloop
  endfacet
  facet normal -0.000360792 -0.819118 0.573624
    outer loop
      vertex -102.747 -86.5269 15.7989
      vertex -102.35 -85.8272 16.7983
      vertex -102.35 -85.0914 17.849
    endloop
  endfacet
  facet normal 0 -0.819046 0.573728
    outer loop
      vertex -107.041 -87.782 14.0065
      vertex -106.4 -87.811 13.9651
      vertex -105.759 -87.782 14.0065
    endloop
  endfacet
  facet normal 0.38283 0.529888 0.756743
    outer loop
      vertex -108.162 -91.6739 17.1654
      vertex -107.667 -91.7916 16.9974
      vertex -107.667 -87.6959 14.1295
    endloop
  endfacet
  facet normal -0.522219 -0.489159 -0.698577
    outer loop
      vertex -104.539 -87.4597 23.184
      vertex -103.99 -83.5568 20.0407
      vertex -103.99 -87.6525 22.9086
    endloop
  endfacet
  facet normal -0.522284 -0.489129 -0.698551
    outer loop
      vertex -103.99 -83.5568 20.0407
      vertex -104.539 -87.4597 23.184
      vertex -104.539 -83.3639 20.3161
    endloop
  endfacet
  facet normal 0.760533 -0.372413 -0.531882
    outer loop
      vertex -109.647 -88.126 22.2324
      vertex -109.299 -83.7964 19.6985
      vertex -109.299 -87.8922 22.5663
    endloop
  endfacet
  facet normal 0.000896431 -0.818754 0.574144
    outer loop
      vertex -103.501 -83.7964 19.6985
      vertex -102.747 -84.3917 18.8484
      vertex -103.083 -84.077 19.2977
    endloop
  endfacet
  facet normal -0.52266 0.488996 0.698362
    outer loop
      vertex -104.447 -91.6183 17.2449
      vertex -103.99 -91.4576 17.4744
      vertex -103.99 -87.3618 14.6065
    endloop
  endfacet
  facet normal -0.522126 0.489129 0.698668
    outer loop
      vertex -104.539 -87.5546 14.3312
      vertex -104.447 -91.6183 17.2449
      vertex -103.99 -87.3618 14.6065
    endloop
  endfacet
  facet normal -0.520021 0.48991 0.699691
    outer loop
      vertex -104.447 -91.6183 17.2449
      vertex -104.539 -87.5546 14.3312
      vertex -104.539 -91.6504 17.199
    endloop
  endfacet
  facet normal 0.649213 -0.436255 -0.62306
    outer loop
      vertex -109.299 -83.7964 19.6985
      vertex -108.891 -87.6925 22.8516
      vertex -109.299 -87.8922 22.5663
    endloop
  endfacet
  facet normal 0.651903 -0.43495 -0.62116
    outer loop
      vertex -108.891 -87.6925 22.8516
      vertex -108.81 -83.5568 20.0407
      vertex -108.81 -87.6525 22.9086
    endloop
  endfacet
  facet normal 0.649536 -0.43606 -0.622861
    outer loop
      vertex -108.81 -83.5568 20.0407
      vertex -108.891 -87.6925 22.8516
      vertex -109.299 -83.7964 19.6985
    endloop
  endfacet
  facet normal 0.000360792 -0.819118 0.573624
    outer loop
      vertex -110.45 -85.8272 16.7983
      vertex -110.053 -86.5269 15.7989
      vertex -110.45 -85.0914 17.849
    endloop
  endfacet
  facet normal 0.85278 0.299561 0.427819
    outer loop
      vertex -110.053 -90.6227 18.6668
      vertex -109.717 -86.8416 15.3495
      vertex -110.053 -86.5269 15.7989
    endloop
  endfacet
  facet normal 0.852756 0.299589 0.427849
    outer loop
      vertex -109.717 -86.8416 15.3495
      vertex -110.053 -90.6227 18.6668
      vertex -109.717 -90.9373 18.2174
    endloop
  endfacet
  facet normal 0.760252 0.372617 0.532141
    outer loop
      vertex -109.717 -90.9373 18.2174
      vertex -109.299 -87.1222 14.9488
      vertex -109.717 -86.8416 15.3495
    endloop
  endfacet
  facet normal 0.760252 0.372617 0.532141
    outer loop
      vertex -109.299 -87.1222 14.9488
      vertex -109.717 -90.9373 18.2174
      vertex -109.299 -91.2179 17.8167
    endloop
  endfacet
  facet normal -0.649536 -0.43606 -0.622861
    outer loop
      vertex -103.909 -87.6925 22.8516
      vertex -103.99 -83.5568 20.0407
      vertex -103.501 -83.7964 19.6985
    endloop
  endfacet
  facet normal -0.651903 -0.43495 -0.62116
    outer loop
      vertex -103.99 -83.5568 20.0407
      vertex -103.909 -87.6925 22.8516
      vertex -103.99 -87.6525 22.9086
    endloop
  endfacet
  facet normal -0.000179734 -0.819219 0.57348
    outer loop
      vertex -102.747 -84.3917 18.8484
      vertex -102.35 -85.0914 17.849
      vertex -102.501 -84.7326 18.3615
    endloop
  endfacet
  facet normal 0.000124317 -0.819162 0.573561
    outer loop
      vertex -102.747 -86.5269 15.7989
      vertex -102.35 -85.0914 17.849
      vertex -102.747 -84.3917 18.8484
    endloop
  endfacet
  facet normal -0.923989 0.21935 0.313257
    outer loop
      vertex -102.747 -86.5269 15.7989
      vertex -102.501 -90.2817 19.1537
      vertex -102.501 -86.186 16.2858
    endloop
  endfacet
  facet normal -0.924002 0.219328 0.313234
    outer loop
      vertex -102.501 -90.2817 19.1537
      vertex -102.747 -86.5269 15.7989
      vertex -102.747 -90.6227 18.6668
    endloop
  endfacet
  facet normal 0.000229291 -0.819049 0.573724
    outer loop
      vertex -110.053 -86.5269 15.7989
      vertex -109.717 -86.8416 15.3495
      vertex -108.81 -87.3618 14.6065
    endloop
  endfacet
  facet normal 0 -0.819151 0.573578
    outer loop
      vertex -107.041 -87.782 14.0065
      vertex -103.501 -83.7964 19.6985
      vertex -109.299 -83.7964 19.6985
    endloop
  endfacet
  facet normal 0 -0.819151 0.573578
    outer loop
      vertex -103.501 -83.7964 19.6985
      vertex -107.041 -87.782 14.0065
      vertex -105.759 -87.782 14.0065
    endloop
  endfacet
  facet normal -0.233227 0.557766 0.796556
    outer loop
      vertex -105.759 -87.782 14.0065
      vertex -105.133 -91.7916 16.9974
      vertex -105.133 -87.6959 14.1295
    endloop
  endfacet
  facet normal -0.233432 0.557716 0.796532
    outer loop
      vertex -105.133 -91.7916 16.9974
      vertex -105.759 -87.782 14.0065
      vertex -105.759 -91.8778 16.8743
    endloop
  endfacet
  facet normal 0 -0.819143 0.57359
    outer loop
      vertex -109.299 -83.7964 19.6985
      vertex -105.133 -83.2227 20.5178
      vertex -107.667 -83.2227 20.5178
    endloop
  endfacet
  facet normal 0 -0.819143 0.57359
    outer loop
      vertex -105.133 -83.2227 20.5178
      vertex -109.299 -83.7964 19.6985
      vertex -103.501 -83.7964 19.6985
    endloop
  endfacet
  facet normal 8.23202e-05 -0.81922 0.57348
    outer loop
      vertex -109.299 -83.7964 19.6985
      vertex -107.667 -83.2227 20.5178
      vertex -108.81 -83.5568 20.0407
    endloop
  endfacet
  facet normal -8.23202e-05 -0.81922 0.57348
    outer loop
      vertex -105.133 -83.2227 20.5178
      vertex -103.501 -83.7964 19.6985
      vertex -103.99 -83.5568 20.0407
    endloop
  endfacet
  facet normal 0.000332277 -0.818753 0.574146
    outer loop
      vertex -105.133 -83.2227 20.5178
      vertex -103.99 -83.5568 20.0407
      vertex -104.539 -83.3639 20.3161
    endloop
  endfacet
  facet normal -0.000127493 -0.818927 0.573898
    outer loop
      vertex -105.759 -87.782 14.0065
      vertex -105.133 -87.6959 14.1295
      vertex -103.99 -87.3618 14.6065
    endloop
  endfacet
  facet normal 0.000188236 -0.819282 0.57339
    outer loop
      vertex -105.133 -87.6959 14.1295
      vertex -104.539 -87.5546 14.3312
      vertex -103.99 -87.3618 14.6065
    endloop
  endfacet
  facet normal -0.000896431 -0.818754 0.574144
    outer loop
      vertex -110.053 -84.3917 18.8484
      vertex -109.299 -83.7964 19.6985
      vertex -109.717 -84.077 19.2977
    endloop
  endfacet
  facet normal 8.33049e-05 -0.819163 0.573561
    outer loop
      vertex -110.053 -86.5269 15.7989
      vertex -109.299 -83.7964 19.6985
      vertex -110.053 -84.3917 18.8484
    endloop
  endfacet
  facet normal 0.923989 0.21935 0.313257
    outer loop
      vertex -110.299 -90.2817 19.1537
      vertex -110.053 -86.5269 15.7989
      vertex -110.299 -86.186 16.2858
    endloop
  endfacet
  facet normal 0.924002 0.219328 0.313234
    outer loop
      vertex -110.053 -86.5269 15.7989
      vertex -110.299 -90.2817 19.1537
      vertex -110.053 -90.6227 18.6668
    endloop
  endfacet
  facet normal 0.996975 0.0445838 0.0636709
    outer loop
      vertex -110.5 -89.555 20.1915
      vertex -110.45 -85.8272 16.7983
      vertex -110.5 -85.4593 17.3236
    endloop
  endfacet
  facet normal 0.996975 0.0445771 0.0636636
    outer loop
      vertex -110.45 -85.8272 16.7983
      vertex -110.5 -89.555 20.1915
      vertex -110.45 -89.9229 19.6661
    endloop
  endfacet
  facet normal 0.52266 0.488996 0.698362
    outer loop
      vertex -108.81 -87.3618 14.6065
      vertex -108.81 -91.4576 17.4744
      vertex -108.353 -91.6183 17.2449
    endloop
  endfacet
  facet normal -0.996975 -0.0445774 -0.0636634
    outer loop
      vertex -102.3 -85.4593 17.3236
      vertex -102.35 -89.1872 20.7169
      vertex -102.35 -85.0914 17.849
    endloop
  endfacet
  facet normal -0.996975 -0.0445821 -0.0636685
    outer loop
      vertex -102.35 -89.1872 20.7169
      vertex -102.3 -85.4593 17.3236
      vertex -102.3 -89.555 20.1915
    endloop
  endfacet
  facet normal -0.852745 -0.299594 -0.427866
    outer loop
      vertex -102.747 -84.3917 18.8484
      vertex -103.083 -88.1728 22.1656
      vertex -103.083 -84.077 19.2977
    endloop
  endfacet
  facet normal -0.852721 -0.299622 -0.427895
    outer loop
      vertex -103.083 -88.1728 22.1656
      vertex -102.747 -84.3917 18.8484
      vertex -102.747 -88.4874 21.7163
    endloop
  endfacet
  facet normal -0.649609 0.436078 0.622771
    outer loop
      vertex -103.99 -87.3618 14.6065
      vertex -103.501 -91.2179 17.8167
      vertex -103.501 -87.1222 14.9488
    endloop
  endfacet
  facet normal -0.649661 0.436046 0.62274
    outer loop
      vertex -103.501 -91.2179 17.8167
      vertex -103.99 -87.3618 14.6065
      vertex -103.99 -91.4576 17.4744
    endloop
  endfacet
  facet normal -0.760252 0.372617 0.532141
    outer loop
      vertex -103.501 -87.1222 14.9488
      vertex -103.083 -90.9373 18.2174
      vertex -103.083 -86.8416 15.3495
    endloop
  endfacet
  facet normal -0.760252 0.372617 0.532141
    outer loop
      vertex -103.083 -90.9373 18.2174
      vertex -103.501 -87.1222 14.9488
      vertex -103.501 -91.2179 17.8167
    endloop
  endfacet
  facet normal 0.233227 0.557766 0.796556
    outer loop
      vertex -107.667 -91.7916 16.9974
      vertex -107.041 -87.782 14.0065
      vertex -107.667 -87.6959 14.1295
    endloop
  endfacet
  facet normal 0.233432 0.557716 0.796532
    outer loop
      vertex -107.041 -87.782 14.0065
      vertex -107.667 -91.7916 16.9974
      vertex -107.041 -91.8778 16.8743
    endloop
  endfacet
  facet normal 0.852745 -0.299594 -0.427866
    outer loop
      vertex -109.717 -88.1728 22.1656
      vertex -110.053 -84.3917 18.8484
      vertex -109.717 -84.077 19.2977
    endloop
  endfacet
  facet normal 0.852721 -0.299622 -0.427895
    outer loop
      vertex -110.053 -84.3917 18.8484
      vertex -109.717 -88.1728 22.1656
      vertex -110.053 -88.4874 21.7163
    endloop
  endfacet
  facet normal 0.923989 -0.21935 -0.313257
    outer loop
      vertex -110.053 -88.4874 21.7163
      vertex -110.299 -84.7326 18.3615
      vertex -110.053 -84.3917 18.8484
    endloop
  endfacet
  facet normal 0.923989 -0.21935 -0.313257
    outer loop
      vertex -110.299 -84.7326 18.3615
      vertex -110.053 -88.4874 21.7163
      vertex -110.299 -88.8283 21.2294
    endloop
  endfacet
  facet normal 0.760305 -0.372535 -0.532121
    outer loop
      vertex -109.647 -88.126 22.2324
      vertex -109.717 -84.077 19.2977
      vertex -109.299 -83.7964 19.6985
    endloop
  endfacet
  facet normal 0.758847 -0.373552 -0.533489
    outer loop
      vertex -109.717 -84.077 19.2977
      vertex -109.647 -88.126 22.2324
      vertex -109.717 -88.1728 22.1656
    endloop
  endfacet
  facet normal 0.996975 -0.0445774 -0.0636634
    outer loop
      vertex -110.45 -89.1872 20.7169
      vertex -110.5 -85.4593 17.3236
      vertex -110.45 -85.0914 17.849
    endloop
  endfacet
  facet normal 0.996975 -0.0445821 -0.0636685
    outer loop
      vertex -110.5 -85.4593 17.3236
      vertex -110.45 -89.1872 20.7169
      vertex -110.5 -89.555 20.1915
    endloop
  endfacet
  facet normal 0.972086 0.134574 0.192195
    outer loop
      vertex -110.45 -89.9229 19.6661
      vertex -110.299 -86.186 16.2858
      vertex -110.45 -85.8272 16.7983
    endloop
  endfacet
  facet normal 0.972079 0.134594 0.192216
    outer loop
      vertex -110.299 -86.186 16.2858
      vertex -110.45 -89.9229 19.6661
      vertex -110.299 -90.2817 19.1537
    endloop
  endfacet
  facet normal -0.000179734 -0.819219 0.57348
    outer loop
      vertex -110.45 -85.8272 16.7983
      vertex -110.299 -86.186 16.2858
      vertex -110.053 -86.5269 15.7989
    endloop
  endfacet
  facet normal 0.000127493 -0.818927 0.573898
    outer loop
      vertex -108.81 -87.3618 14.6065
      vertex -107.667 -87.6959 14.1295
      vertex -107.041 -87.782 14.0065
    endloop
  endfacet
  facet normal 0.520021 0.48991 0.699691
    outer loop
      vertex -108.261 -87.5546 14.3312
      vertex -108.353 -91.6183 17.2449
      vertex -108.261 -91.6504 17.199
    endloop
  endfacet
  facet normal 0.522126 0.489129 0.698668
    outer loop
      vertex -108.353 -91.6183 17.2449
      vertex -108.261 -87.5546 14.3312
      vertex -108.81 -87.3618 14.6065
    endloop
  endfacet
  facet normal -0.923989 -0.21935 -0.313257
    outer loop
      vertex -102.501 -84.7326 18.3615
      vertex -102.747 -88.4874 21.7163
      vertex -102.747 -84.3917 18.8484
    endloop
  endfacet
  facet normal -0.923989 -0.21935 -0.313257
    outer loop
      vertex -102.747 -88.4874 21.7163
      vertex -102.501 -84.7326 18.3615
      vertex -102.501 -88.8283 21.2294
    endloop
  endfacet
  facet normal -0.000645309 -0.81881 0.574065
    outer loop
      vertex -103.99 -87.3618 14.6065
      vertex -103.501 -87.1222 14.9488
      vertex -103.083 -86.8416 15.3495
    endloop
  endfacet
  facet normal -0.000229291 -0.819049 0.573724
    outer loop
      vertex -103.99 -87.3618 14.6065
      vertex -103.083 -86.8416 15.3495
      vertex -102.747 -86.5269 15.7989
    endloop
  endfacet
  facet normal 0.0786118 0.571787 0.816627
    outer loop
      vertex -107.041 -91.8778 16.8743
      vertex -106.4 -87.811 13.9651
      vertex -107.041 -87.782 14.0065
    endloop
  endfacet
  facet normal 0.0783966 0.571819 0.816625
    outer loop
      vertex -106.4 -87.811 13.9651
      vertex -107.041 -91.8778 16.8743
      vertex -106.4 -91.9067 16.833
    endloop
  endfacet
  facet normal -0.0786118 0.571787 0.816627
    outer loop
      vertex -106.4 -87.811 13.9651
      vertex -105.759 -91.8778 16.8743
      vertex -105.759 -87.782 14.0065
    endloop
  endfacet
  facet normal -0.0783966 0.571819 0.816625
    outer loop
      vertex -105.759 -91.8778 16.8743
      vertex -106.4 -87.811 13.9651
      vertex -106.4 -91.9067 16.833
    endloop
  endfacet
  facet normal 0 -0.819046 0.573728
    outer loop
      vertex -107.041 -83.1366 20.6408
      vertex -105.759 -83.1366 20.6408
      vertex -106.4 -83.1076 20.6822
    endloop
  endfacet
  facet normal -0.0783966 -0.571819 -0.816625
    outer loop
      vertex -106.4 -87.2034 23.55
      vertex -105.759 -83.1366 20.6408
      vertex -105.759 -87.2323 23.5087
    endloop
  endfacet
  facet normal -0.0786118 -0.571787 -0.816627
    outer loop
      vertex -105.759 -83.1366 20.6408
      vertex -106.4 -87.2034 23.55
      vertex -106.4 -83.1076 20.6822
    endloop
  endfacet
  facet normal -0.000188236 -0.819282 0.57339
    outer loop
      vertex -108.81 -87.3618 14.6065
      vertex -108.261 -87.5546 14.3312
      vertex -107.667 -87.6959 14.1295
    endloop
  endfacet
  facet normal 0.382984 0.52983 0.756705
    outer loop
      vertex -108.261 -91.6504 17.199
      vertex -107.667 -87.6959 14.1295
      vertex -108.261 -87.5546 14.3312
    endloop
  endfacet
  facet normal 0.382647 0.529949 0.756793
    outer loop
      vertex -107.667 -87.6959 14.1295
      vertex -108.261 -91.6504 17.199
      vertex -108.162 -91.6739 17.1654
    endloop
  endfacet
  facet normal -0.99698 0.0444867 0.0636546
    outer loop
      vertex 110.492 -15.7971 125.529
      vertex 110.5 -11.64 122.749
      vertex 110.45 -12.0079 122.223
    endloop
  endfacet
  facet normal -0.997187 0.0429849 0.0614083
    outer loop
      vertex 110.5 -11.64 122.749
      vertex 110.492 -15.7971 125.529
      vertex 110.5 -15.7358 125.616
    endloop
  endfacet
  facet normal 0 -0.819186 0.573528
    outer loop
      vertex 102.3 -11.64 122.749
      vertex 106.4 -13.9917 119.39
      vertex 110.5 -11.64 122.749
    endloop
  endfacet
  facet normal 0.0781054 -0.571835 -0.816642
    outer loop
      vertex 105.759 -9.31729 126.066
      vertex 106.4 -13.3841 128.975
      vertex 105.759 -13.4131 128.934
    endloop
  endfacet
  facet normal 0.078061 -0.571842 -0.816641
    outer loop
      vertex 106.4 -13.3841 128.975
      vertex 105.759 -9.31729 126.066
      vertex 106.4 -9.28834 126.107
    endloop
  endfacet
  facet normal -0.996928 0.0449262 0.0641577
    outer loop
      vertex 110.45 -12.0079 122.223
      vertex 110.45 -16.1036 125.091
      vertex 110.492 -15.7971 125.529
    endloop
  endfacet
  facet normal 0.00554315 -0.819686 0.572786
    outer loop
      vertex 110.299 -12.3667 121.711
      vertex 110.45 -12.0079 122.223
      vertex 110.5 -11.64 122.749
    endloop
  endfacet
  facet normal 0.520575 -0.48963 -0.699474
    outer loop
      vertex 103.99 -9.73747 125.466
      vertex 104.082 -13.8011 128.379
      vertex 103.99 -13.8332 128.333
    endloop
  endfacet
  facet normal 0.521855 -0.489155 -0.698852
    outer loop
      vertex 104.082 -13.8011 128.379
      vertex 103.99 -9.73747 125.466
      vertex 104.539 -9.54466 125.741
    endloop
  endfacet
  facet normal 0.996929 -0.0449102 -0.0641588
    outer loop
      vertex 102.3 -11.64 122.749
      vertex 102.342 -15.4292 126.054
      vertex 102.3 -15.7358 125.616
    endloop
  endfacet
  facet normal 0.997229 -0.0426684 -0.0609348
    outer loop
      vertex 102.342 -15.4292 126.054
      vertex 102.35 -11.2721 123.274
      vertex 102.35 -15.3679 126.142
    endloop
  endfacet
  facet normal 0.996972 -0.0445416 -0.0637367
    outer loop
      vertex 102.35 -11.2721 123.274
      vertex 102.342 -15.4292 126.054
      vertex 102.3 -11.64 122.749
    endloop
  endfacet
  facet normal 0 -0.819313 0.573347
    outer loop
      vertex 103.501 -9.97713 125.123
      vertex 108.261 -9.54466 125.741
      vertex 104.539 -9.54466 125.741
    endloop
  endfacet
  facet normal 0 -0.819313 0.573347
    outer loop
      vertex 108.261 -9.54466 125.741
      vertex 103.501 -9.97713 125.123
      vertex 109.299 -9.97713 125.123
    endloop
  endfacet
  facet normal -0.000208273 -0.8193 0.573366
    outer loop
      vertex 103.083 -13.0223 120.774
      vertex 103.99 -13.5425 120.031
      vertex 106.4 -13.9917 119.39
    endloop
  endfacet
  facet normal -0.00148086 -0.819409 0.573207
    outer loop
      vertex 109.299 -9.97713 125.123
      vertex 110.5 -11.64 122.749
      vertex 109.717 -10.2577 124.723
    endloop
  endfacet
  facet normal -0.924008 0.219325 0.313219
    outer loop
      vertex 110.053 -12.7076 121.224
      vertex 110.299 -16.4625 124.579
      vertex 110.299 -12.3667 121.711
    endloop
  endfacet
  facet normal -0.924008 0.219325 0.313219
    outer loop
      vertex 110.299 -16.4625 124.579
      vertex 110.053 -12.7076 121.224
      vertex 110.053 -16.8034 124.092
    endloop
  endfacet
  facet normal 0.000208273 -0.8193 0.573366
    outer loop
      vertex 106.4 -13.9917 119.39
      vertex 108.81 -13.5425 120.031
      vertex 109.717 -13.0223 120.774
    endloop
  endfacet
  facet normal 0.000219056 -0.819312 0.573348
    outer loop
      vertex 106.4 -13.9917 119.39
      vertex 109.717 -13.0223 120.774
      vertex 110.5 -11.64 122.749
    endloop
  endfacet
  facet normal 0.00347143 -0.822038 0.569423
    outer loop
      vertex 103.501 -9.97713 125.123
      vertex 104.539 -9.54466 125.741
      vertex 103.99 -9.73747 125.466
    endloop
  endfacet
  facet normal 0 -0.819058 0.57371
    outer loop
      vertex 102.3 -11.64 122.749
      vertex 109.299 -9.97713 125.123
      vertex 103.501 -9.97713 125.123
    endloop
  endfacet
  facet normal 0 -0.819058 0.57371
    outer loop
      vertex 109.299 -9.97713 125.123
      vertex 102.3 -11.64 122.749
      vertex 110.5 -11.64 122.749
    endloop
  endfacet
  facet normal -0.00225971 -0.818693 0.574227
    outer loop
      vertex 102.501 -10.9133 123.786
      vertex 103.083 -10.2577 124.723
      vertex 102.747 -10.5724 124.273
    endloop
  endfacet
  facet normal 0.523215 -0.488817 -0.698071
    outer loop
      vertex 104.082 -13.8011 128.379
      vertex 104.539 -9.54466 125.741
      vertex 104.539 -13.6404 128.609
    endloop
  endfacet
  facet normal -0.924008 -0.219329 -0.313217
    outer loop
      vertex 110.299 -10.9133 123.786
      vertex 110.053 -14.6681 127.141
      vertex 110.053 -10.5724 124.273
    endloop
  endfacet
  facet normal -0.924021 -0.219307 -0.313194
    outer loop
      vertex 110.053 -14.6681 127.141
      vertex 110.299 -10.9133 123.786
      vertex 110.299 -15.0091 126.654
    endloop
  endfacet
  facet normal -0.996929 -0.0449102 -0.0641588
    outer loop
      vertex 110.458 -15.4292 126.054
      vertex 110.5 -11.64 122.749
      vertex 110.5 -15.7358 125.616
    endloop
  endfacet
  facet normal 0.759875 0.372878 0.532496
    outer loop
      vertex 103.083 -17.118 123.642
      vertex 103.501 -13.3029 120.374
      vertex 103.083 -13.0223 120.774
    endloop
  endfacet
  facet normal 0.759875 0.372878 0.532496
    outer loop
      vertex 103.501 -13.3029 120.374
      vertex 103.083 -17.118 123.642
      vertex 103.501 -17.3986 123.242
    endloop
  endfacet
  facet normal -0.0063366 -0.815513 0.578704
    outer loop
      vertex 108.81 -13.5425 120.031
      vertex 109.299 -13.3029 120.374
      vertex 109.717 -13.0223 120.774
    endloop
  endfacet
  facet normal -0.000798083 -0.819122 0.573619
    outer loop
      vertex 109.717 -13.0223 120.774
      vertex 110.299 -12.3667 121.711
      vertex 110.5 -11.64 122.749
    endloop
  endfacet
  facet normal -0.00225971 -0.818693 0.574227
    outer loop
      vertex 109.717 -13.0223 120.774
      vertex 110.053 -12.7076 121.224
      vertex 110.299 -12.3667 121.711
    endloop
  endfacet
  facet normal -0.0781054 0.571836 0.816641
    outer loop
      vertex 106.4 -13.9917 119.39
      vertex 107.041 -18.0585 122.299
      vertex 107.041 -13.9627 119.431
    endloop
  endfacet
  facet normal -0.0780167 0.57185 0.81664
    outer loop
      vertex 107.041 -18.0585 122.299
      vertex 106.4 -13.9917 119.39
      vertex 106.4 -18.0874 122.258
    endloop
  endfacet
  facet normal 0.000483315 -0.82028 0.571962
    outer loop
      vertex 106.4 -13.9917 119.39
      vertex 107.667 -13.8766 119.554
      vertex 108.261 -13.7354 119.756
    endloop
  endfacet
  facet normal 0.759864 -0.372882 -0.532509
    outer loop
      vertex 103.501 -14.0729 127.991
      vertex 103.083 -10.2577 124.723
      vertex 103.501 -9.97713 125.123
    endloop
  endfacet
  facet normal 0.760413 -0.372424 -0.532046
    outer loop
      vertex 103.083 -10.2577 124.723
      vertex 103.501 -14.0729 127.991
      vertex 103.083 -14.3535 127.59
    endloop
  endfacet
  facet normal 0 -0.819575 0.572972
    outer loop
      vertex 104.539 -9.54466 125.741
      vertex 107.667 -9.40344 125.943
      vertex 105.133 -9.40344 125.943
    endloop
  endfacet
  facet normal 0 -0.819575 0.572972
    outer loop
      vertex 107.667 -9.40344 125.943
      vertex 104.539 -9.54466 125.741
      vertex 108.261 -9.54466 125.741
    endloop
  endfacet
  facet normal 0.000313038 -0.818378 0.57468
    outer loop
      vertex 103.99 -13.5425 120.031
      vertex 104.539 -13.7354 119.756
      vertex 106.4 -13.9917 119.39
    endloop
  endfacet
  facet normal 0.852988 -0.299303 -0.427585
    outer loop
      vertex 103.083 -14.3535 127.59
      vertex 102.747 -10.5724 124.273
      vertex 103.083 -10.2577 124.723
    endloop
  endfacet
  facet normal 0.852616 -0.299726 -0.42803
    outer loop
      vertex 102.747 -10.5724 124.273
      vertex 103.083 -14.3535 127.59
      vertex 102.747 -14.6681 127.141
    endloop
  endfacet
  facet normal -0.523215 -0.488817 -0.698071
    outer loop
      vertex 108.261 -9.54466 125.741
      vertex 108.718 -13.8011 128.379
      vertex 108.261 -13.6404 128.609
    endloop
  endfacet
  facet normal -0.972051 -0.134662 -0.192311
    outer loop
      vertex 110.45 -11.2721 123.274
      vertex 110.299 -15.0091 126.654
      vertex 110.299 -10.9133 123.786
    endloop
  endfacet
  facet normal -0.972051 -0.134662 -0.192311
    outer loop
      vertex 110.299 -15.0091 126.654
      vertex 110.45 -11.2721 123.274
      vertex 110.45 -15.3679 126.142
    endloop
  endfacet
  facet normal -7.93386e-05 -0.818942 0.573876
    outer loop
      vertex 110.299 -10.9133 123.786
      vertex 110.5 -11.64 122.749
      vertex 110.45 -11.2721 123.274
    endloop
  endfacet
  facet normal -0.650155 -0.435717 -0.622455
    outer loop
      vertex 109.299 -9.97713 125.123
      vertex 108.81 -13.8332 128.333
      vertex 108.81 -9.73747 125.466
    endloop
  endfacet
  facet normal -0.64944 -0.436166 -0.622886
    outer loop
      vertex 108.81 -13.8332 128.333
      vertex 109.299 -9.97713 125.123
      vertex 109.299 -14.0729 127.991
    endloop
  endfacet
  facet normal 0.000798083 -0.819122 0.573619
    outer loop
      vertex 102.3 -11.64 122.749
      vertex 102.501 -12.3667 121.711
      vertex 103.083 -13.0223 120.774
    endloop
  endfacet
  facet normal -0.000219056 -0.819312 0.573348
    outer loop
      vertex 102.3 -11.64 122.749
      vertex 103.083 -13.0223 120.774
      vertex 106.4 -13.9917 119.39
    endloop
  endfacet
  facet normal 0.0781054 0.571836 0.816641
    outer loop
      vertex 105.759 -18.0585 122.299
      vertex 106.4 -13.9917 119.39
      vertex 105.759 -13.9627 119.431
    endloop
  endfacet
  facet normal 0.0780167 0.57185 0.81664
    outer loop
      vertex 106.4 -13.9917 119.39
      vertex 105.759 -18.0585 122.299
      vertex 106.4 -18.0874 122.258
    endloop
  endfacet
  facet normal -0.000483315 -0.82028 0.571962
    outer loop
      vertex 104.539 -13.7354 119.756
      vertex 105.133 -13.8766 119.554
      vertex 106.4 -13.9917 119.39
    endloop
  endfacet
  facet normal 0.997187 0.0429849 0.0614083
    outer loop
      vertex 102.308 -15.7971 125.529
      vertex 102.3 -11.64 122.749
      vertex 102.3 -15.7358 125.616
    endloop
  endfacet
  facet normal 0.99698 0.0444867 0.0636546
    outer loop
      vertex 102.3 -11.64 122.749
      vertex 102.308 -15.7971 125.529
      vertex 102.35 -12.0079 122.223
    endloop
  endfacet
  facet normal -0.00554315 -0.819686 0.572786
    outer loop
      vertex 102.3 -11.64 122.749
      vertex 102.35 -12.0079 122.223
      vertex 102.501 -12.3667 121.711
    endloop
  endfacet
  facet normal 0.924008 0.219325 0.313219
    outer loop
      vertex 102.501 -16.4625 124.579
      vertex 102.747 -12.7076 121.224
      vertex 102.501 -12.3667 121.711
    endloop
  endfacet
  facet normal 0.924008 0.219325 0.313219
    outer loop
      vertex 102.747 -12.7076 121.224
      vertex 102.501 -16.4625 124.579
      vertex 102.747 -16.8034 124.092
    endloop
  endfacet
  facet normal 0.924008 -0.219329 -0.313217
    outer loop
      vertex 102.747 -14.6681 127.141
      vertex 102.501 -10.9133 123.786
      vertex 102.747 -10.5724 124.273
    endloop
  endfacet
  facet normal 0.924021 -0.219307 -0.313194
    outer loop
      vertex 102.501 -10.9133 123.786
      vertex 102.747 -14.6681 127.141
      vertex 102.501 -15.0091 126.654
    endloop
  endfacet
  facet normal 0.00148086 -0.819409 0.573207
    outer loop
      vertex 102.3 -11.64 122.749
      vertex 103.501 -9.97713 125.123
      vertex 103.083 -10.2577 124.723
    endloop
  endfacet
  facet normal -0.00209163 -0.818743 0.574157
    outer loop
      vertex 102.3 -11.64 122.749
      vertex 103.083 -10.2577 124.723
      vertex 102.501 -10.9133 123.786
    endloop
  endfacet
  facet normal -0.759864 -0.372882 -0.532509
    outer loop
      vertex 109.717 -10.2577 124.723
      vertex 109.299 -14.0729 127.991
      vertex 109.299 -9.97713 125.123
    endloop
  endfacet
  facet normal -0.760413 -0.372424 -0.532046
    outer loop
      vertex 109.299 -14.0729 127.991
      vertex 109.717 -10.2577 124.723
      vertex 109.717 -14.3535 127.59
    endloop
  endfacet
  facet normal -0.852988 -0.299303 -0.427585
    outer loop
      vertex 110.053 -10.5724 124.273
      vertex 109.717 -14.3535 127.59
      vertex 109.717 -10.2577 124.723
    endloop
  endfacet
  facet normal -0.852616 -0.299726 -0.42803
    outer loop
      vertex 109.717 -14.3535 127.59
      vertex 110.053 -10.5724 124.273
      vertex 110.053 -14.6681 127.141
    endloop
  endfacet
  facet normal 0.650155 -0.435717 -0.622455
    outer loop
      vertex 103.99 -13.8332 128.333
      vertex 103.501 -9.97713 125.123
      vertex 103.99 -9.73747 125.466
    endloop
  endfacet
  facet normal 0.64944 -0.436166 -0.622886
    outer loop
      vertex 103.501 -9.97713 125.123
      vertex 103.99 -13.8332 128.333
      vertex 103.501 -14.0729 127.991
    endloop
  endfacet
  facet normal 0.385253 -0.529089 -0.756072
    outer loop
      vertex 104.539 -9.54466 125.741
      vertex 105.133 -13.4992 128.811
      vertex 105.034 -13.5227 128.777
    endloop
  endfacet
  facet normal 0.383249 -0.529796 -0.756595
    outer loop
      vertex 105.133 -13.4992 128.811
      vertex 104.539 -9.54466 125.741
      vertex 105.133 -9.40344 125.943
    endloop
  endfacet
  facet normal 0.38283 -0.529897 -0.756737
    outer loop
      vertex 104.539 -9.54466 125.741
      vertex 105.034 -13.5227 128.777
      vertex 104.539 -13.6404 128.609
    endloop
  endfacet
  facet normal 0.000442631 -0.820133 0.572173
    outer loop
      vertex 105.133 -9.40344 125.943
      vertex 106.4 -9.28834 126.107
      vertex 105.759 -9.31729 126.066
    endloop
  endfacet
  facet normal 0 -0.818528 0.574467
    outer loop
      vertex 105.133 -9.40344 125.943
      vertex 107.667 -9.40344 125.943
      vertex 106.4 -9.28834 126.107
    endloop
  endfacet
  facet normal -0.996972 -0.0445416 -0.0637367
    outer loop
      vertex 110.458 -15.4292 126.054
      vertex 110.45 -11.2721 123.274
      vertex 110.5 -11.64 122.749
    endloop
  endfacet
  facet normal -0.997229 -0.0426684 -0.0609348
    outer loop
      vertex 110.45 -11.2721 123.274
      vertex 110.458 -15.4292 126.054
      vertex 110.45 -15.3679 126.142
    endloop
  endfacet
  facet normal -0.383234 0.529804 0.756597
    outer loop
      vertex 107.667 -13.8766 119.554
      vertex 108.261 -17.8311 122.624
      vertex 108.261 -13.7354 119.756
    endloop
  endfacet
  facet normal -0.383234 0.529804 0.756597
    outer loop
      vertex 108.261 -17.8311 122.624
      vertex 107.667 -13.8766 119.554
      vertex 107.667 -17.9723 122.422
    endloop
  endfacet
  facet normal -0.521913 0.48927 0.698728
    outer loop
      vertex 108.261 -13.7354 119.756
      vertex 108.81 -17.6383 122.899
      vertex 108.81 -13.5425 120.031
    endloop
  endfacet
  facet normal -0.521849 0.489301 0.698755
    outer loop
      vertex 108.81 -17.6383 122.899
      vertex 108.261 -13.7354 119.756
      vertex 108.261 -17.8311 122.624
    endloop
  endfacet
  facet normal -0.000313038 -0.818378 0.57468
    outer loop
      vertex 106.4 -13.9917 119.39
      vertex 108.261 -13.7354 119.756
      vertex 108.81 -13.5425 120.031
    endloop
  endfacet
  facet normal -0.852988 0.299373 0.427536
    outer loop
      vertex 109.717 -13.0223 120.774
      vertex 110.053 -16.8034 124.092
      vertex 110.053 -12.7076 121.224
    endloop
  endfacet
  facet normal -0.852964 0.299401 0.427565
    outer loop
      vertex 110.053 -16.8034 124.092
      vertex 109.717 -13.0223 120.774
      vertex 109.717 -17.118 123.642
    endloop
  endfacet
  facet normal -0.972051 0.134664 0.192309
    outer loop
      vertex 110.299 -12.3667 121.711
      vertex 110.45 -16.1036 125.091
      vertex 110.45 -12.0079 122.223
    endloop
  endfacet
  facet normal -0.972056 0.13465 0.192294
    outer loop
      vertex 110.45 -16.1036 125.091
      vertex 110.299 -12.3667 121.711
      vertex 110.299 -16.4625 124.579
    endloop
  endfacet
  facet normal 0.0063366 -0.815513 0.578704
    outer loop
      vertex 103.083 -13.0223 120.774
      vertex 103.501 -13.3029 120.374
      vertex 103.99 -13.5425 120.031
    endloop
  endfacet
  facet normal 0.383234 0.529804 0.756597
    outer loop
      vertex 104.539 -17.8311 122.624
      vertex 105.133 -13.8766 119.554
      vertex 104.539 -13.7354 119.756
    endloop
  endfacet
  facet normal 0.383234 0.529804 0.756597
    outer loop
      vertex 105.133 -13.8766 119.554
      vertex 104.539 -17.8311 122.624
      vertex 105.133 -17.9723 122.422
    endloop
  endfacet
  facet normal 0.233227 0.557779 0.796547
    outer loop
      vertex 105.133 -17.9723 122.422
      vertex 105.759 -13.9627 119.431
      vertex 105.133 -13.8766 119.554
    endloop
  endfacet
  facet normal 0.233311 0.557759 0.796537
    outer loop
      vertex 105.759 -13.9627 119.431
      vertex 105.133 -17.9723 122.422
      vertex 105.759 -18.0585 122.299
    endloop
  endfacet
  facet normal -0.000569415 -0.820591 0.571516
    outer loop
      vertex 105.133 -13.8766 119.554
      vertex 105.759 -13.9627 119.431
      vertex 106.4 -13.9917 119.39
    endloop
  endfacet
  facet normal 0.650124 0.435836 0.622403
    outer loop
      vertex 103.501 -17.3986 123.242
      vertex 103.99 -13.5425 120.031
      vertex 103.501 -13.3029 120.374
    endloop
  endfacet
  facet normal 0.650175 0.435803 0.622372
    outer loop
      vertex 103.99 -13.5425 120.031
      vertex 103.501 -17.3986 123.242
      vertex 103.99 -17.6383 122.899
    endloop
  endfacet
  facet normal 0.996928 0.0449262 0.0641577
    outer loop
      vertex 102.308 -15.7971 125.529
      vertex 102.35 -16.1036 125.091
      vertex 102.35 -12.0079 122.223
    endloop
  endfacet
  facet normal 0.972051 0.134664 0.192309
    outer loop
      vertex 102.35 -16.1036 125.091
      vertex 102.501 -12.3667 121.711
      vertex 102.35 -12.0079 122.223
    endloop
  endfacet
  facet normal 0.972056 0.13465 0.192294
    outer loop
      vertex 102.501 -12.3667 121.711
      vertex 102.35 -16.1036 125.091
      vertex 102.501 -16.4625 124.579
    endloop
  endfacet
  facet normal 0.00225971 -0.818693 0.574227
    outer loop
      vertex 102.501 -12.3667 121.711
      vertex 102.747 -12.7076 121.224
      vertex 103.083 -13.0223 120.774
    endloop
  endfacet
  facet normal -0.233227 -0.557774 -0.796551
    outer loop
      vertex 107.041 -13.4131 128.934
      vertex 107.667 -9.40344 125.943
      vertex 107.667 -13.4992 128.811
    endloop
  endfacet
  facet normal -0.233269 -0.557764 -0.796546
    outer loop
      vertex 107.667 -9.40344 125.943
      vertex 107.041 -13.4131 128.934
      vertex 107.041 -9.31729 126.066
    endloop
  endfacet
  facet normal 0.00225971 -0.818693 0.574227
    outer loop
      vertex 109.717 -10.2577 124.723
      vertex 110.299 -10.9133 123.786
      vertex 110.053 -10.5724 124.273
    endloop
  endfacet
  facet normal 0.00209163 -0.818743 0.574157
    outer loop
      vertex 109.717 -10.2577 124.723
      vertex 110.5 -11.64 122.749
      vertex 110.299 -10.9133 123.786
    endloop
  endfacet
  facet normal 0.000569415 -0.820591 0.571516
    outer loop
      vertex 106.4 -13.9917 119.39
      vertex 107.041 -13.9627 119.431
      vertex 107.667 -13.8766 119.554
    endloop
  endfacet
  facet normal -0.233227 0.557779 0.796547
    outer loop
      vertex 107.041 -13.9627 119.431
      vertex 107.667 -17.9723 122.422
      vertex 107.667 -13.8766 119.554
    endloop
  endfacet
  facet normal -0.233311 0.557759 0.796537
    outer loop
      vertex 107.667 -17.9723 122.422
      vertex 107.041 -13.9627 119.431
      vertex 107.041 -18.0585 122.299
    endloop
  endfacet
  facet normal -0.759875 0.372878 0.532496
    outer loop
      vertex 109.299 -13.3029 120.374
      vertex 109.717 -17.118 123.642
      vertex 109.717 -13.0223 120.774
    endloop
  endfacet
  facet normal -0.759875 0.372878 0.532496
    outer loop
      vertex 109.717 -17.118 123.642
      vertex 109.299 -13.3029 120.374
      vertex 109.299 -17.3986 123.242
    endloop
  endfacet
  facet normal -0.650124 0.435836 0.622403
    outer loop
      vertex 108.81 -13.5425 120.031
      vertex 109.299 -17.3986 123.242
      vertex 109.299 -13.3029 120.374
    endloop
  endfacet
  facet normal -0.650175 0.435803 0.622372
    outer loop
      vertex 109.299 -17.3986 123.242
      vertex 108.81 -13.5425 120.031
      vertex 108.81 -17.6383 122.899
    endloop
  endfacet
  facet normal 0.852988 0.299373 0.427536
    outer loop
      vertex 102.747 -16.8034 124.092
      vertex 103.083 -13.0223 120.774
      vertex 102.747 -12.7076 121.224
    endloop
  endfacet
  facet normal 0.852964 0.299401 0.427565
    outer loop
      vertex 103.083 -13.0223 120.774
      vertex 102.747 -16.8034 124.092
      vertex 103.083 -17.118 123.642
    endloop
  endfacet
  facet normal 0.521913 0.48927 0.698728
    outer loop
      vertex 103.99 -17.6383 122.899
      vertex 104.539 -13.7354 119.756
      vertex 103.99 -13.5425 120.031
    endloop
  endfacet
  facet normal 0.521849 0.489301 0.698755
    outer loop
      vertex 104.539 -13.7354 119.756
      vertex 103.99 -17.6383 122.899
      vertex 104.539 -17.8311 122.624
    endloop
  endfacet
  facet normal 7.93386e-05 -0.818942 0.573876
    outer loop
      vertex 102.3 -11.64 122.749
      vertex 102.501 -10.9133 123.786
      vertex 102.35 -11.2721 123.274
    endloop
  endfacet
  facet normal 0.972051 -0.134662 -0.192311
    outer loop
      vertex 102.501 -15.0091 126.654
      vertex 102.35 -11.2721 123.274
      vertex 102.501 -10.9133 123.786
    endloop
  endfacet
  facet normal 0.972051 -0.134662 -0.192311
    outer loop
      vertex 102.35 -11.2721 123.274
      vertex 102.501 -15.0091 126.654
      vertex 102.35 -15.3679 126.142
    endloop
  endfacet
  facet normal -0.385253 -0.529089 -0.756072
    outer loop
      vertex 107.667 -13.4992 128.811
      vertex 108.261 -9.54466 125.741
      vertex 107.766 -13.5227 128.777
    endloop
  endfacet
  facet normal -0.383249 -0.529796 -0.756595
    outer loop
      vertex 108.261 -9.54466 125.741
      vertex 107.667 -13.4992 128.811
      vertex 107.667 -9.40344 125.943
    endloop
  endfacet
  facet normal -0.38283 -0.529897 -0.756737
    outer loop
      vertex 107.766 -13.5227 128.777
      vertex 108.261 -9.54466 125.741
      vertex 108.261 -13.6404 128.609
    endloop
  endfacet
  facet normal 0.233227 -0.557774 -0.796551
    outer loop
      vertex 105.133 -9.40344 125.943
      vertex 105.759 -13.4131 128.934
      vertex 105.133 -13.4992 128.811
    endloop
  endfacet
  facet normal 0.233269 -0.557764 -0.796546
    outer loop
      vertex 105.759 -13.4131 128.934
      vertex 105.133 -9.40344 125.943
      vertex 105.759 -9.31729 126.066
    endloop
  endfacet
  facet normal -0.000442631 -0.820133 0.572173
    outer loop
      vertex 106.4 -9.28834 126.107
      vertex 107.667 -9.40344 125.943
      vertex 107.041 -9.31729 126.066
    endloop
  endfacet
  facet normal -0.00347143 -0.822038 0.569423
    outer loop
      vertex 108.261 -9.54466 125.741
      vertex 109.299 -9.97713 125.123
      vertex 108.81 -9.73747 125.466
    endloop
  endfacet
  facet normal -0.520575 -0.48963 -0.699474
    outer loop
      vertex 108.718 -13.8011 128.379
      vertex 108.81 -9.73747 125.466
      vertex 108.81 -13.8332 128.333
    endloop
  endfacet
  facet normal -0.521855 -0.489155 -0.698852
    outer loop
      vertex 108.81 -9.73747 125.466
      vertex 108.718 -13.8011 128.379
      vertex 108.261 -9.54466 125.741
    endloop
  endfacet
  facet normal -0.0781054 -0.571835 -0.816642
    outer loop
      vertex 106.4 -13.3841 128.975
      vertex 107.041 -9.31729 126.066
      vertex 107.041 -13.4131 128.934
    endloop
  endfacet
  facet normal -0.078061 -0.571842 -0.816641
    outer loop
      vertex 107.041 -9.31729 126.066
      vertex 106.4 -13.3841 128.975
      vertex 106.4 -9.28834 126.107
    endloop
  endfacet
  facet normal -0.972086 0.134574 0.192195
    outer loop
      vertex 110.299 -86.186 16.2858
      vertex 110.45 -89.9229 19.6661
      vertex 110.45 -85.8272 16.7983
    endloop
  endfacet
  facet normal -0.972079 0.134594 0.192216
    outer loop
      vertex 110.45 -89.9229 19.6661
      vertex 110.299 -86.186 16.2858
      vertex 110.299 -90.2817 19.1537
    endloop
  endfacet
  facet normal 0.000179734 -0.819219 0.57348
    outer loop
      vertex 110.053 -86.5269 15.7989
      vertex 110.299 -86.186 16.2858
      vertex 110.45 -85.8272 16.7983
    endloop
  endfacet
  facet normal 0.000127493 -0.818927 0.573898
    outer loop
      vertex 103.99 -87.3618 14.6065
      vertex 105.133 -87.6959 14.1295
      vertex 105.759 -87.782 14.0065
    endloop
  endfacet
  facet normal -0.000360792 -0.819118 0.573624
    outer loop
      vertex 110.053 -86.5269 15.7989
      vertex 110.45 -85.8272 16.7983
      vertex 110.45 -85.0914 17.849
    endloop
  endfacet
  facet normal -0.760533 -0.372413 -0.531882
    outer loop
      vertex 109.299 -83.7964 19.6985
      vertex 109.647 -88.126 22.2324
      vertex 109.299 -87.8922 22.5663
    endloop
  endfacet
  facet normal -0.522219 -0.489159 -0.698577
    outer loop
      vertex 108.261 -87.4597 23.184
      vertex 108.81 -83.5568 20.0407
      vertex 108.81 -87.6525 22.9086
    endloop
  endfacet
  facet normal -0.522284 -0.489129 -0.698551
    outer loop
      vertex 108.81 -83.5568 20.0407
      vertex 108.261 -87.4597 23.184
      vertex 108.261 -83.3639 20.3161
    endloop
  endfacet
  facet normal 0 -0.819232 0.573462
    outer loop
      vertex 105.133 -83.2227 20.5178
      vertex 107.041 -83.1366 20.6408
      vertex 105.759 -83.1366 20.6408
    endloop
  endfacet
  facet normal 0 -0.819232 0.573462
    outer loop
      vertex 107.041 -83.1366 20.6408
      vertex 105.133 -83.2227 20.5178
      vertex 107.667 -83.2227 20.5178
    endloop
  endfacet
  facet normal 0.52266 0.488996 0.698362
    outer loop
      vertex 103.99 -87.3618 14.6065
      vertex 103.99 -91.4576 17.4744
      vertex 104.447 -91.6183 17.2449
    endloop
  endfacet
  facet normal 0.972086 -0.134577 -0.192192
    outer loop
      vertex 102.501 -88.8283 21.2294
      vertex 102.35 -85.0914 17.849
      vertex 102.501 -84.7326 18.3615
    endloop
  endfacet
  facet normal 0.972091 -0.134564 -0.192177
    outer loop
      vertex 102.35 -85.0914 17.849
      vertex 102.501 -88.8283 21.2294
      vertex 102.35 -89.1872 20.7169
    endloop
  endfacet
  facet normal 0.000573624 -0.819118 0.573624
    outer loop
      vertex 110.45 -85.8272 16.7983
      vertex 110.5 -85.4593 17.3236
      vertex 110.45 -85.0914 17.849
    endloop
  endfacet
  facet normal -0.233311 -0.557746 -0.796546
    outer loop
      vertex 107.041 -87.2323 23.5087
      vertex 107.667 -83.2227 20.5178
      vertex 107.667 -87.3185 23.3857
    endloop
  endfacet
  facet normal -0.233227 -0.557766 -0.796556
    outer loop
      vertex 107.667 -83.2227 20.5178
      vertex 107.041 -87.2323 23.5087
      vertex 107.041 -83.1366 20.6408
    endloop
  endfacet
  facet normal -0.382984 0.52983 0.756705
    outer loop
      vertex 107.667 -87.6959 14.1295
      vertex 108.261 -91.6504 17.199
      vertex 108.261 -87.5546 14.3312
    endloop
  endfacet
  facet normal -0.382647 0.529949 0.756793
    outer loop
      vertex 108.261 -91.6504 17.199
      vertex 107.667 -87.6959 14.1295
      vertex 108.162 -91.6739 17.1654
    endloop
  endfacet
  facet normal -1.49957e-05 -0.819154 0.573574
    outer loop
      vertex 102.747 -86.5269 15.7989
      vertex 105.759 -87.782 14.0065
      vertex 103.501 -83.7964 19.6985
    endloop
  endfacet
  facet normal 0.522219 -0.489159 -0.698577
    outer loop
      vertex 103.99 -83.5568 20.0407
      vertex 104.539 -87.4597 23.184
      vertex 103.99 -87.6525 22.9086
    endloop
  endfacet
  facet normal 0.522284 -0.489129 -0.698551
    outer loop
      vertex 104.539 -87.4597 23.184
      vertex 103.99 -83.5568 20.0407
      vertex 104.539 -83.3639 20.3161
    endloop
  endfacet
  facet normal 0.233311 -0.557746 -0.796546
    outer loop
      vertex 105.133 -83.2227 20.5178
      vertex 105.759 -87.2323 23.5087
      vertex 105.133 -87.3185 23.3857
    endloop
  endfacet
  facet normal 0.233227 -0.557766 -0.796556
    outer loop
      vertex 105.759 -87.2323 23.5087
      vertex 105.133 -83.2227 20.5178
      vertex 105.759 -83.1366 20.6408
    endloop
  endfacet
  facet normal -0.649213 -0.436255 -0.62306
    outer loop
      vertex 108.891 -87.6925 22.8516
      vertex 109.299 -83.7964 19.6985
      vertex 109.299 -87.8922 22.5663
    endloop
  endfacet
  facet normal -0.972086 -0.134577 -0.192192
    outer loop
      vertex 110.45 -85.0914 17.849
      vertex 110.299 -88.8283 21.2294
      vertex 110.299 -84.7326 18.3615
    endloop
  endfacet
  facet normal -0.972091 -0.134564 -0.192177
    outer loop
      vertex 110.299 -88.8283 21.2294
      vertex 110.45 -85.0914 17.849
      vertex 110.45 -89.1872 20.7169
    endloop
  endfacet
  facet normal -0.996975 0.0445838 0.0636709
    outer loop
      vertex 110.45 -85.8272 16.7983
      vertex 110.5 -89.555 20.1915
      vertex 110.5 -85.4593 17.3236
    endloop
  endfacet
  facet normal -0.996975 0.0445771 0.0636636
    outer loop
      vertex 110.5 -89.555 20.1915
      vertex 110.45 -85.8272 16.7983
      vertex 110.45 -89.9229 19.6661
    endloop
  endfacet
  facet normal 6.39707e-05 -0.819192 0.573519
    outer loop
      vertex 107.041 -87.782 14.0065
      vertex 108.81 -87.3618 14.6065
      vertex 110.053 -86.5269 15.7989
    endloop
  endfacet
  facet normal -0.38283 0.529888 0.756743
    outer loop
      vertex 107.667 -87.6959 14.1295
      vertex 107.667 -91.7916 16.9974
      vertex 108.162 -91.6739 17.1654
    endloop
  endfacet
  facet normal 0.000179734 -0.819219 0.57348
    outer loop
      vertex 102.35 -85.0914 17.849
      vertex 102.747 -84.3917 18.8484
      vertex 102.501 -84.7326 18.3615
    endloop
  endfacet
  facet normal 0.382984 0.52983 0.756705
    outer loop
      vertex 104.539 -91.6504 17.199
      vertex 105.133 -87.6959 14.1295
      vertex 104.539 -87.5546 14.3312
    endloop
  endfacet
  facet normal 0.382647 0.529949 0.756793
    outer loop
      vertex 105.133 -87.6959 14.1295
      vertex 104.539 -91.6504 17.199
      vertex 104.638 -91.6739 17.1654
    endloop
  endfacet
  facet normal 0.996975 0.0445838 0.0636709
    outer loop
      vertex 102.3 -89.555 20.1915
      vertex 102.35 -85.8272 16.7983
      vertex 102.3 -85.4593 17.3236
    endloop
  endfacet
  facet normal 0.996975 0.0445771 0.0636636
    outer loop
      vertex 102.35 -85.8272 16.7983
      vertex 102.3 -89.555 20.1915
      vertex 102.35 -89.9229 19.6661
    endloop
  endfacet
  facet normal 1.49957e-05 -0.819154 0.573574
    outer loop
      vertex 107.041 -87.782 14.0065
      vertex 110.053 -86.5269 15.7989
      vertex 109.299 -83.7964 19.6985
    endloop
  endfacet
  facet normal -0.000573624 -0.819118 0.573624
    outer loop
      vertex 102.3 -85.4593 17.3236
      vertex 102.35 -85.8272 16.7983
      vertex 102.35 -85.0914 17.849
    endloop
  endfacet
  facet normal 0.0783966 -0.571819 -0.816625
    outer loop
      vertex 105.759 -83.1366 20.6408
      vertex 106.4 -87.2034 23.55
      vertex 105.759 -87.2323 23.5087
    endloop
  endfacet
  facet normal 0.0786118 -0.571787 -0.816627
    outer loop
      vertex 106.4 -87.2034 23.55
      vertex 105.759 -83.1366 20.6408
      vertex 106.4 -83.1076 20.6822
    endloop
  endfacet
  facet normal -0.382908 -0.529861 -0.756722
    outer loop
      vertex 107.667 -87.3185 23.3857
      vertex 108.261 -83.3639 20.3161
      vertex 108.261 -87.4597 23.184
    endloop
  endfacet
  facet normal -0.382908 -0.529861 -0.756722
    outer loop
      vertex 108.261 -83.3639 20.3161
      vertex 107.667 -87.3185 23.3857
      vertex 107.667 -83.2227 20.5178
    endloop
  endfacet
  facet normal 0.760533 -0.372413 -0.531882
    outer loop
      vertex 103.153 -88.126 22.2324
      vertex 103.501 -83.7964 19.6985
      vertex 103.501 -87.8922 22.5663
    endloop
  endfacet
  facet normal -0.000332277 -0.818753 0.574146
    outer loop
      vertex 103.99 -83.5568 20.0407
      vertex 105.133 -83.2227 20.5178
      vertex 104.539 -83.3639 20.3161
    endloop
  endfacet
  facet normal -0.522126 0.489129 0.698668
    outer loop
      vertex 108.261 -87.5546 14.3312
      vertex 108.353 -91.6183 17.2449
      vertex 108.81 -87.3618 14.6065
    endloop
  endfacet
  facet normal -0.520021 0.48991 0.699691
    outer loop
      vertex 108.353 -91.6183 17.2449
      vertex 108.261 -87.5546 14.3312
      vertex 108.261 -91.6504 17.199
    endloop
  endfacet
  facet normal -0.000229291 -0.819049 0.573724
    outer loop
      vertex 108.81 -87.3618 14.6065
      vertex 109.717 -86.8416 15.3495
      vertex 110.053 -86.5269 15.7989
    endloop
  endfacet
  facet normal -0.760252 0.372617 0.532141
    outer loop
      vertex 109.299 -87.1222 14.9488
      vertex 109.717 -90.9373 18.2174
      vertex 109.717 -86.8416 15.3495
    endloop
  endfacet
  facet normal -0.760252 0.372617 0.532141
    outer loop
      vertex 109.717 -90.9373 18.2174
      vertex 109.299 -87.1222 14.9488
      vertex 109.299 -91.2179 17.8167
    endloop
  endfacet
  facet normal 0.649213 -0.436255 -0.62306
    outer loop
      vertex 103.501 -83.7964 19.6985
      vertex 103.909 -87.6925 22.8516
      vertex 103.501 -87.8922 22.5663
    endloop
  endfacet
  facet normal 0.651903 -0.43495 -0.62116
    outer loop
      vertex 103.909 -87.6925 22.8516
      vertex 103.99 -83.5568 20.0407
      vertex 103.99 -87.6525 22.9086
    endloop
  endfacet
  facet normal 0.649536 -0.43606 -0.622861
    outer loop
      vertex 103.99 -83.5568 20.0407
      vertex 103.909 -87.6925 22.8516
      vertex 103.501 -83.7964 19.6985
    endloop
  endfacet
  facet normal -0.000124317 -0.819162 0.573561
    outer loop
      vertex 102.35 -85.0914 17.849
      vertex 102.747 -86.5269 15.7989
      vertex 102.747 -84.3917 18.8484
    endloop
  endfacet
  facet normal 0.000360792 -0.819118 0.573624
    outer loop
      vertex 102.35 -85.8272 16.7983
      vertex 102.747 -86.5269 15.7989
      vertex 102.35 -85.0914 17.849
    endloop
  endfacet
  facet normal 0.85278 0.299561 0.427819
    outer loop
      vertex 102.747 -90.6227 18.6668
      vertex 103.083 -86.8416 15.3495
      vertex 102.747 -86.5269 15.7989
    endloop
  endfacet
  facet normal 0.852756 0.299589 0.427849
    outer loop
      vertex 103.083 -86.8416 15.3495
      vertex 102.747 -90.6227 18.6668
      vertex 103.083 -90.9373 18.2174
    endloop
  endfacet
  facet normal 0 -0.819151 0.573578
    outer loop
      vertex 105.759 -87.782 14.0065
      vertex 109.299 -83.7964 19.6985
      vertex 103.501 -83.7964 19.6985
    endloop
  endfacet
  facet normal 0 -0.819151 0.573578
    outer loop
      vertex 109.299 -83.7964 19.6985
      vertex 105.759 -87.782 14.0065
      vertex 107.041 -87.782 14.0065
    endloop
  endfacet
  facet normal 0.923989 -0.21935 -0.313257
    outer loop
      vertex 102.747 -88.4874 21.7163
      vertex 102.501 -84.7326 18.3615
      vertex 102.747 -84.3917 18.8484
    endloop
  endfacet
  facet normal 0.923989 -0.21935 -0.313257
    outer loop
      vertex 102.501 -84.7326 18.3615
      vertex 102.747 -88.4874 21.7163
      vertex 102.501 -88.8283 21.2294
    endloop
  endfacet
  facet normal -0.649536 -0.43606 -0.622861
    outer loop
      vertex 108.891 -87.6925 22.8516
      vertex 108.81 -83.5568 20.0407
      vertex 109.299 -83.7964 19.6985
    endloop
  endfacet
  facet normal -0.651903 -0.43495 -0.62116
    outer loop
      vertex 108.81 -83.5568 20.0407
      vertex 108.891 -87.6925 22.8516
      vertex 108.81 -87.6525 22.9086
    endloop
  endfacet
  facet normal -0.000127493 -0.818927 0.573898
    outer loop
      vertex 107.041 -87.782 14.0065
      vertex 107.667 -87.6959 14.1295
      vertex 108.81 -87.3618 14.6065
    endloop
  endfacet
  facet normal 0.000188236 -0.819282 0.57339
    outer loop
      vertex 107.667 -87.6959 14.1295
      vertex 108.261 -87.5546 14.3312
      vertex 108.81 -87.3618 14.6065
    endloop
  endfacet
  facet normal -0.760305 -0.372535 -0.532121
    outer loop
      vertex 109.717 -84.077 19.2977
      vertex 109.647 -88.126 22.2324
      vertex 109.299 -83.7964 19.6985
    endloop
  endfacet
  facet normal -0.758847 -0.373552 -0.533489
    outer loop
      vertex 109.647 -88.126 22.2324
      vertex 109.717 -84.077 19.2977
      vertex 109.717 -88.1728 22.1656
    endloop
  endfacet
  facet normal -8.33049e-05 -0.819163 0.573561
    outer loop
      vertex 109.299 -83.7964 19.6985
      vertex 110.053 -86.5269 15.7989
      vertex 110.053 -84.3917 18.8484
    endloop
  endfacet
  facet normal -0.000645309 -0.81881 0.574065
    outer loop
      vertex 108.81 -87.3618 14.6065
      vertex 109.299 -87.1222 14.9488
      vertex 109.717 -86.8416 15.3495
    endloop
  endfacet
  facet normal -0.52266 0.488996 0.698362
    outer loop
      vertex 108.353 -91.6183 17.2449
      vertex 108.81 -91.4576 17.4744
      vertex 108.81 -87.3618 14.6065
    endloop
  endfacet
  facet normal -0.649609 0.436078 0.622771
    outer loop
      vertex 108.81 -87.3618 14.6065
      vertex 109.299 -91.2179 17.8167
      vertex 109.299 -87.1222 14.9488
    endloop
  endfacet
  facet normal -0.649661 0.436046 0.62274
    outer loop
      vertex 109.299 -91.2179 17.8167
      vertex 108.81 -87.3618 14.6065
      vertex 108.81 -91.4576 17.4744
    endloop
  endfacet
  facet normal -0.923989 0.21935 0.313257
    outer loop
      vertex 110.053 -86.5269 15.7989
      vertex 110.299 -90.2817 19.1537
      vertex 110.299 -86.186 16.2858
    endloop
  endfacet
  facet normal -0.924002 0.219328 0.313234
    outer loop
      vertex 110.299 -90.2817 19.1537
      vertex 110.053 -86.5269 15.7989
      vertex 110.053 -90.6227 18.6668
    endloop
  endfacet
  facet normal -0.85278 0.299561 0.427819
    outer loop
      vertex 109.717 -86.8416 15.3495
      vertex 110.053 -90.6227 18.6668
      vertex 110.053 -86.5269 15.7989
    endloop
  endfacet
  facet normal -0.852756 0.299589 0.427849
    outer loop
      vertex 110.053 -90.6227 18.6668
      vertex 109.717 -86.8416 15.3495
      vertex 109.717 -90.9373 18.2174
    endloop
  endfacet
  facet normal 0.852745 -0.299594 -0.427866
    outer loop
      vertex 103.083 -88.1728 22.1656
      vertex 102.747 -84.3917 18.8484
      vertex 103.083 -84.077 19.2977
    endloop
  endfacet
  facet normal 0.852721 -0.299622 -0.427895
    outer loop
      vertex 102.747 -84.3917 18.8484
      vertex 103.083 -88.1728 22.1656
      vertex 102.747 -88.4874 21.7163
    endloop
  endfacet
  facet normal 8.33049e-05 -0.819163 0.573561
    outer loop
      vertex 102.747 -86.5269 15.7989
      vertex 103.501 -83.7964 19.6985
      vertex 102.747 -84.3917 18.8484
    endloop
  endfacet
  facet normal 0.923989 0.21935 0.313257
    outer loop
      vertex 102.501 -90.2817 19.1537
      vertex 102.747 -86.5269 15.7989
      vertex 102.501 -86.186 16.2858
    endloop
  endfacet
  facet normal 0.924002 0.219328 0.313234
    outer loop
      vertex 102.747 -86.5269 15.7989
      vertex 102.501 -90.2817 19.1537
      vertex 102.747 -90.6227 18.6668
    endloop
  endfacet
  facet normal -0.000179734 -0.819219 0.57348
    outer loop
      vertex 102.35 -85.8272 16.7983
      vertex 102.501 -86.186 16.2858
      vertex 102.747 -86.5269 15.7989
    endloop
  endfacet
  facet normal 0 -0.819046 0.573728
    outer loop
      vertex 105.759 -87.782 14.0065
      vertex 106.4 -87.811 13.9651
      vertex 107.041 -87.782 14.0065
    endloop
  endfacet
  facet normal 0.38283 0.529888 0.756743
    outer loop
      vertex 104.638 -91.6739 17.1654
      vertex 105.133 -91.7916 16.9974
      vertex 105.133 -87.6959 14.1295
    endloop
  endfacet
  facet normal -0.233227 0.557766 0.796556
    outer loop
      vertex 107.041 -87.782 14.0065
      vertex 107.667 -91.7916 16.9974
      vertex 107.667 -87.6959 14.1295
    endloop
  endfacet
  facet normal -0.233432 0.557716 0.796532
    outer loop
      vertex 107.667 -91.7916 16.9974
      vertex 107.041 -87.782 14.0065
      vertex 107.041 -91.8778 16.8743
    endloop
  endfacet
  facet normal 0.649609 0.436078 0.622771
    outer loop
      vertex 103.501 -91.2179 17.8167
      vertex 103.99 -87.3618 14.6065
      vertex 103.501 -87.1222 14.9488
    endloop
  endfacet
  facet normal 0.649661 0.436046 0.62274
    outer loop
      vertex 103.99 -87.3618 14.6065
      vertex 103.501 -91.2179 17.8167
      vertex 103.99 -91.4576 17.4744
    endloop
  endfacet
  facet normal 0.000645309 -0.81881 0.574065
    outer loop
      vertex 103.083 -86.8416 15.3495
      vertex 103.501 -87.1222 14.9488
      vertex 103.99 -87.3618 14.6065
    endloop
  endfacet
  facet normal -6.39707e-05 -0.819192 0.573519
    outer loop
      vertex 102.747 -86.5269 15.7989
      vertex 103.99 -87.3618 14.6065
      vertex 105.759 -87.782 14.0065
    endloop
  endfacet
  facet normal -0.000179734 -0.819219 0.57348
    outer loop
      vertex 110.053 -84.3917 18.8484
      vertex 110.45 -85.0914 17.849
      vertex 110.299 -84.7326 18.3615
    endloop
  endfacet
  facet normal 0.000124317 -0.819162 0.573561
    outer loop
      vertex 110.053 -86.5269 15.7989
      vertex 110.45 -85.0914 17.849
      vertex 110.053 -84.3917 18.8484
    endloop
  endfacet
  facet normal 0.382908 -0.529861 -0.756722
    outer loop
      vertex 104.539 -83.3639 20.3161
      vertex 105.133 -87.3185 23.3857
      vertex 104.539 -87.4597 23.184
    endloop
  endfacet
  facet normal 0.382908 -0.529861 -0.756722
    outer loop
      vertex 105.133 -87.3185 23.3857
      vertex 104.539 -83.3639 20.3161
      vertex 105.133 -83.2227 20.5178
    endloop
  endfacet
  facet normal 0.760305 -0.372535 -0.532121
    outer loop
      vertex 103.153 -88.126 22.2324
      vertex 103.083 -84.077 19.2977
      vertex 103.501 -83.7964 19.6985
    endloop
  endfacet
  facet normal 0.758847 -0.373552 -0.533489
    outer loop
      vertex 103.083 -84.077 19.2977
      vertex 103.153 -88.126 22.2324
      vertex 103.083 -88.1728 22.1656
    endloop
  endfacet
  facet normal -0.000896431 -0.818754 0.574144
    outer loop
      vertex 102.747 -84.3917 18.8484
      vertex 103.501 -83.7964 19.6985
      vertex 103.083 -84.077 19.2977
    endloop
  endfacet
  facet normal 0.996975 -0.0445774 -0.0636634
    outer loop
      vertex 102.35 -89.1872 20.7169
      vertex 102.3 -85.4593 17.3236
      vertex 102.35 -85.0914 17.849
    endloop
  endfacet
  facet normal 0.996975 -0.0445821 -0.0636685
    outer loop
      vertex 102.3 -85.4593 17.3236
      vertex 102.35 -89.1872 20.7169
      vertex 102.3 -89.555 20.1915
    endloop
  endfacet
  facet normal 0.000229291 -0.819049 0.573724
    outer loop
      vertex 102.747 -86.5269 15.7989
      vertex 103.083 -86.8416 15.3495
      vertex 103.99 -87.3618 14.6065
    endloop
  endfacet
  facet normal 0.233227 0.557766 0.796556
    outer loop
      vertex 105.133 -91.7916 16.9974
      vertex 105.759 -87.782 14.0065
      vertex 105.133 -87.6959 14.1295
    endloop
  endfacet
  facet normal 0.233432 0.557716 0.796532
    outer loop
      vertex 105.759 -87.782 14.0065
      vertex 105.133 -91.7916 16.9974
      vertex 105.759 -91.8778 16.8743
    endloop
  endfacet
  facet normal -0.0786118 0.571787 0.816627
    outer loop
      vertex 106.4 -87.811 13.9651
      vertex 107.041 -91.8778 16.8743
      vertex 107.041 -87.782 14.0065
    endloop
  endfacet
  facet normal -0.0783966 0.571819 0.816625
    outer loop
      vertex 107.041 -91.8778 16.8743
      vertex 106.4 -87.811 13.9651
      vertex 106.4 -91.9067 16.833
    endloop
  endfacet
  facet normal 0.0786118 0.571787 0.816627
    outer loop
      vertex 105.759 -91.8778 16.8743
      vertex 106.4 -87.811 13.9651
      vertex 105.759 -87.782 14.0065
    endloop
  endfacet
  facet normal 0.0783966 0.571819 0.816625
    outer loop
      vertex 106.4 -87.811 13.9651
      vertex 105.759 -91.8778 16.8743
      vertex 106.4 -91.9067 16.833
    endloop
  endfacet
  facet normal 0.972086 0.134574 0.192195
    outer loop
      vertex 102.35 -89.9229 19.6661
      vertex 102.501 -86.186 16.2858
      vertex 102.35 -85.8272 16.7983
    endloop
  endfacet
  facet normal 0.972079 0.134594 0.192216
    outer loop
      vertex 102.501 -86.186 16.2858
      vertex 102.35 -89.9229 19.6661
      vertex 102.501 -90.2817 19.1537
    endloop
  endfacet
  facet normal -0.996975 -0.0445774 -0.0636634
    outer loop
      vertex 110.5 -85.4593 17.3236
      vertex 110.45 -89.1872 20.7169
      vertex 110.45 -85.0914 17.849
    endloop
  endfacet
  facet normal -0.996975 -0.0445821 -0.0636685
    outer loop
      vertex 110.45 -89.1872 20.7169
      vertex 110.5 -85.4593 17.3236
      vertex 110.5 -89.555 20.1915
    endloop
  endfacet
  facet normal -0.852745 -0.299594 -0.427866
    outer loop
      vertex 110.053 -84.3917 18.8484
      vertex 109.717 -88.1728 22.1656
      vertex 109.717 -84.077 19.2977
    endloop
  endfacet
  facet normal -0.852721 -0.299622 -0.427895
    outer loop
      vertex 109.717 -88.1728 22.1656
      vertex 110.053 -84.3917 18.8484
      vertex 110.053 -88.4874 21.7163
    endloop
  endfacet
  facet normal 0.000896431 -0.818754 0.574144
    outer loop
      vertex 109.299 -83.7964 19.6985
      vertex 110.053 -84.3917 18.8484
      vertex 109.717 -84.077 19.2977
    endloop
  endfacet
  facet normal 0 -0.819143 0.57359
    outer loop
      vertex 103.501 -83.7964 19.6985
      vertex 107.667 -83.2227 20.5178
      vertex 105.133 -83.2227 20.5178
    endloop
  endfacet
  facet normal 0 -0.819143 0.57359
    outer loop
      vertex 107.667 -83.2227 20.5178
      vertex 103.501 -83.7964 19.6985
      vertex 109.299 -83.7964 19.6985
    endloop
  endfacet
  facet normal 8.23202e-05 -0.81922 0.57348
    outer loop
      vertex 103.501 -83.7964 19.6985
      vertex 105.133 -83.2227 20.5178
      vertex 103.99 -83.5568 20.0407
    endloop
  endfacet
  facet normal -8.23202e-05 -0.81922 0.57348
    outer loop
      vertex 107.667 -83.2227 20.5178
      vertex 109.299 -83.7964 19.6985
      vertex 108.81 -83.5568 20.0407
    endloop
  endfacet
  facet normal 0.000332277 -0.818753 0.574146
    outer loop
      vertex 107.667 -83.2227 20.5178
      vertex 108.81 -83.5568 20.0407
      vertex 108.261 -83.3639 20.3161
    endloop
  endfacet
  facet normal -0.000188236 -0.819282 0.57339
    outer loop
      vertex 103.99 -87.3618 14.6065
      vertex 104.539 -87.5546 14.3312
      vertex 105.133 -87.6959 14.1295
    endloop
  endfacet
  facet normal 0.520021 0.48991 0.699691
    outer loop
      vertex 104.539 -87.5546 14.3312
      vertex 104.447 -91.6183 17.2449
      vertex 104.539 -91.6504 17.199
    endloop
  endfacet
  facet normal 0.522126 0.489129 0.698668
    outer loop
      vertex 104.447 -91.6183 17.2449
      vertex 104.539 -87.5546 14.3312
      vertex 103.99 -87.3618 14.6065
    endloop
  endfacet
  facet normal -0.923989 -0.21935 -0.313257
    outer loop
      vertex 110.299 -84.7326 18.3615
      vertex 110.053 -88.4874 21.7163
      vertex 110.053 -84.3917 18.8484
    endloop
  endfacet
  facet normal -0.923989 -0.21935 -0.313257
    outer loop
      vertex 110.053 -88.4874 21.7163
      vertex 110.299 -84.7326 18.3615
      vertex 110.299 -88.8283 21.2294
    endloop
  endfacet
  facet normal 0.760252 0.372617 0.532141
    outer loop
      vertex 103.083 -90.9373 18.2174
      vertex 103.501 -87.1222 14.9488
      vertex 103.083 -86.8416 15.3495
    endloop
  endfacet
  facet normal 0.760252 0.372617 0.532141
    outer loop
      vertex 103.501 -87.1222 14.9488
      vertex 103.083 -90.9373 18.2174
      vertex 103.501 -91.2179 17.8167
    endloop
  endfacet
  facet normal 0 -0.819046 0.573728
    outer loop
      vertex 105.759 -83.1366 20.6408
      vertex 107.041 -83.1366 20.6408
      vertex 106.4 -83.1076 20.6822
    endloop
  endfacet
  facet normal -0.0783966 -0.571819 -0.816625
    outer loop
      vertex 106.4 -87.2034 23.55
      vertex 107.041 -83.1366 20.6408
      vertex 107.041 -87.2323 23.5087
    endloop
  endfacet
  facet normal -0.0786118 -0.571787 -0.816627
    outer loop
      vertex 107.041 -83.1366 20.6408
      vertex 106.4 -87.2034 23.55
      vertex 106.4 -83.1076 20.6822
    endloop
  endfacet
  facet normal -0.99692 0.0449811 0.0642507
    outer loop
      vertex -12.3084 -15.7971 125.529
      vertex -12.3 -11.64 122.749
      vertex -12.3505 -12.0079 122.223
    endloop
  endfacet
  facet normal -0.9969 0.0451211 0.0644601
    outer loop
      vertex -12.3 -11.64 122.749
      vertex -12.3084 -15.7971 125.529
      vertex -12.3 -15.7358 125.616
    endloop
  endfacet
  facet normal 0 -0.819186 0.573528
    outer loop
      vertex -20.5 -11.64 122.749
      vertex -16.4 -13.9917 119.39
      vertex -12.3 -11.64 122.749
    endloop
  endfacet
  facet normal 0.233368 -0.557755 -0.796523
    outer loop
      vertex -17.667 -9.40344 125.943
      vertex -17.0414 -13.4131 128.934
      vertex -17.667 -13.4992 128.811
    endloop
  endfacet
  facet normal 0.23341 -0.557744 -0.796518
    outer loop
      vertex -17.0414 -13.4131 128.934
      vertex -17.667 -9.40344 125.943
      vertex -17.0414 -9.31729 126.066
    endloop
  endfacet
  facet normal -0.996913 0.0450325 0.0643095
    outer loop
      vertex -12.3505 -12.0079 122.223
      vertex -12.3505 -16.1036 125.091
      vertex -12.3084 -15.7971 125.529
    endloop
  endfacet
  facet normal 0.00561378 -0.819692 0.572778
    outer loop
      vertex -12.5007 -12.3667 121.711
      vertex -12.3505 -12.0079 122.223
      vertex -12.3 -11.64 122.749
    endloop
  endfacet
  facet normal 0.52306 -0.488758 -0.698229
    outer loop
      vertex -18.8099 -9.73747 125.466
      vertex -18.7185 -13.8011 128.379
      vertex -18.8099 -13.8332 128.333
    endloop
  endfacet
  facet normal 0.522201 -0.489078 -0.698648
    outer loop
      vertex -18.7185 -13.8011 128.379
      vertex -18.8099 -9.73747 125.466
      vertex -18.2614 -9.54466 125.741
    endloop
  endfacet
  facet normal 0.996914 -0.0450165 -0.0643106
    outer loop
      vertex -20.5 -11.64 122.749
      vertex -20.4579 -15.4292 126.054
      vertex -20.5 -15.7358 125.616
    endloop
  endfacet
  facet normal 0.996947 -0.0447891 -0.0639634
    outer loop
      vertex -20.4579 -15.4292 126.054
      vertex -20.4495 -11.2721 123.274
      vertex -20.4495 -15.3679 126.142
    endloop
  endfacet
  facet normal 0.996912 -0.0450365 -0.0643335
    outer loop
      vertex -20.4495 -11.2721 123.274
      vertex -20.4579 -15.4292 126.054
      vertex -20.5 -11.64 122.749
    endloop
  endfacet
  facet normal 0 -0.819313 0.573347
    outer loop
      vertex -19.2991 -9.97713 125.123
      vertex -14.5386 -9.54466 125.741
      vertex -18.2614 -9.54466 125.741
    endloop
  endfacet
  facet normal 0 -0.819313 0.573347
    outer loop
      vertex -14.5386 -9.54466 125.741
      vertex -19.2991 -9.97713 125.123
      vertex -13.5009 -9.97713 125.123
    endloop
  endfacet
  facet normal -0.000208297 -0.8193 0.573366
    outer loop
      vertex -19.717 -13.0223 120.774
      vertex -18.8099 -13.5425 120.031
      vertex -16.4 -13.9917 119.39
    endloop
  endfacet
  facet normal -0.00148143 -0.81941 0.573207
    outer loop
      vertex -13.5009 -9.97713 125.123
      vertex -12.3 -11.64 122.749
      vertex -13.083 -10.2577 124.723
    endloop
  endfacet
  facet normal 0.000483516 -0.82028 0.571961
    outer loop
      vertex -16.4 -13.9917 119.39
      vertex -15.133 -13.8766 119.554
      vertex -14.5386 -13.7354 119.756
    endloop
  endfacet
  facet normal -0.923898 0.219478 0.313437
    outer loop
      vertex -12.7469 -12.7076 121.224
      vertex -12.5007 -16.4625 124.579
      vertex -12.5007 -12.3667 121.711
    endloop
  endfacet
  facet normal -0.923898 0.219478 0.313437
    outer loop
      vertex -12.5007 -16.4625 124.579
      vertex -12.7469 -12.7076 121.224
      vertex -12.7469 -16.8034 124.092
    endloop
  endfacet
  facet normal 0.000208297 -0.8193 0.573366
    outer loop
      vertex -16.4 -13.9917 119.39
      vertex -13.9901 -13.5425 120.031
      vertex -13.083 -13.0223 120.774
    endloop
  endfacet
  facet normal 0.000219056 -0.819312 0.573348
    outer loop
      vertex -16.4 -13.9917 119.39
      vertex -13.083 -13.0223 120.774
      vertex -12.3 -11.64 122.749
    endloop
  endfacet
  facet normal -0.00632282 -0.815521 0.578693
    outer loop
      vertex -13.9901 -13.5425 120.031
      vertex -13.5009 -13.3029 120.374
      vertex -13.083 -13.0223 120.774
    endloop
  endfacet
  facet normal 0.972334 0.133989 0.191346
    outer loop
      vertex -20.4495 -16.1036 125.091
      vertex -20.2993 -12.3667 121.711
      vertex -20.4495 -12.0079 122.223
    endloop
  endfacet
  facet normal 0.972339 0.133976 0.191331
    outer loop
      vertex -20.2993 -12.3667 121.711
      vertex -20.4495 -16.1036 125.091
      vertex -20.2993 -16.4625 124.579
    endloop
  endfacet
  facet normal 0.00348614 -0.822048 0.569407
    outer loop
      vertex -19.2991 -9.97713 125.123
      vertex -18.2614 -9.54466 125.741
      vertex -18.8099 -9.73747 125.466
    endloop
  endfacet
  facet normal 0 -0.819058 0.57371
    outer loop
      vertex -20.5 -11.64 122.749
      vertex -13.5009 -9.97713 125.123
      vertex -19.2991 -9.97713 125.123
    endloop
  endfacet
  facet normal 0 -0.819058 0.57371
    outer loop
      vertex -13.5009 -9.97713 125.123
      vertex -20.5 -11.64 122.749
      vertex -12.3 -11.64 122.749
    endloop
  endfacet
  facet normal -0.00226147 -0.818692 0.574228
    outer loop
      vertex -20.2993 -10.9133 123.786
      vertex -19.717 -10.2577 124.723
      vertex -20.0531 -10.5724 124.273
    endloop
  endfacet
  facet normal 0.523132 -0.488847 -0.698113
    outer loop
      vertex -18.7185 -13.8011 128.379
      vertex -18.2614 -9.54466 125.741
      vertex -18.2614 -13.6404 128.609
    endloop
  endfacet
  facet normal 0.078057 -0.571837 -0.816645
    outer loop
      vertex -17.0414 -9.31729 126.066
      vertex -16.4 -13.3841 128.975
      vertex -17.0414 -13.4131 128.934
    endloop
  endfacet
  facet normal 0.0780127 -0.571844 -0.816645
    outer loop
      vertex -16.4 -13.3841 128.975
      vertex -17.0414 -9.31729 126.066
      vertex -16.4 -9.28834 126.107
    endloop
  endfacet
  facet normal -0.923898 -0.219481 -0.313434
    outer loop
      vertex -12.5007 -10.9133 123.786
      vertex -12.7469 -14.6681 127.141
      vertex -12.7469 -10.5724 124.273
    endloop
  endfacet
  facet normal -0.923911 -0.21946 -0.313411
    outer loop
      vertex -12.7469 -14.6681 127.141
      vertex -12.5007 -10.9133 123.786
      vertex -12.5007 -15.0091 126.654
    endloop
  endfacet
  facet normal -0.996914 -0.0450165 -0.0643106
    outer loop
      vertex -12.3421 -15.4292 126.054
      vertex -12.3 -11.64 122.749
      vertex -12.3 -15.7358 125.616
    endloop
  endfacet
  facet normal 0.759952 0.372827 0.532422
    outer loop
      vertex -19.717 -17.118 123.642
      vertex -19.2991 -13.3029 120.374
      vertex -19.717 -13.0223 120.774
    endloop
  endfacet
  facet normal 0.759952 0.372827 0.532422
    outer loop
      vertex -19.2991 -13.3029 120.374
      vertex -19.717 -17.118 123.642
      vertex -19.2991 -17.3986 123.242
    endloop
  endfacet
  facet normal -0.522259 0.489149 0.698555
    outer loop
      vertex -14.5386 -13.7354 119.756
      vertex -13.9901 -17.6383 122.899
      vertex -13.9901 -13.5425 120.031
    endloop
  endfacet
  facet normal -0.522195 0.489179 0.698582
    outer loop
      vertex -13.9901 -17.6383 122.899
      vertex -14.5386 -13.7354 119.756
      vertex -14.5386 -17.8311 122.624
    endloop
  endfacet
  facet normal -0.000796948 -0.819122 0.573619
    outer loop
      vertex -13.083 -13.0223 120.774
      vertex -12.5007 -12.3667 121.711
      vertex -12.3 -11.64 122.749
    endloop
  endfacet
  facet normal -0.00226147 -0.818692 0.574228
    outer loop
      vertex -13.083 -13.0223 120.774
      vertex -12.7469 -12.7076 121.224
      vertex -12.5007 -12.3667 121.711
    endloop
  endfacet
  facet normal -0.759952 0.372827 0.532422
    outer loop
      vertex -13.5009 -13.3029 120.374
      vertex -13.083 -17.118 123.642
      vertex -13.083 -13.0223 120.774
    endloop
  endfacet
  facet normal -0.759952 0.372827 0.532422
    outer loop
      vertex -13.083 -17.118 123.642
      vertex -13.5009 -13.3029 120.374
      vertex -13.5009 -17.3986 123.242
    endloop
  endfacet
  facet normal -0.233368 0.55776 0.796519
    outer loop
      vertex -15.7586 -13.9627 119.431
      vertex -15.133 -17.9723 122.422
      vertex -15.133 -13.8766 119.554
    endloop
  endfacet
  facet normal -0.233452 0.557739 0.796509
    outer loop
      vertex -15.133 -17.9723 122.422
      vertex -15.7586 -13.9627 119.431
      vertex -15.7586 -18.0585 122.299
    endloop
  endfacet
  facet normal -0.078057 0.571838 0.816644
    outer loop
      vertex -16.4 -13.9917 119.39
      vertex -15.7586 -18.0585 122.299
      vertex -15.7586 -13.9627 119.431
    endloop
  endfacet
  facet normal -0.0779683 0.571852 0.816643
    outer loop
      vertex -15.7586 -18.0585 122.299
      vertex -16.4 -13.9917 119.39
      vertex -16.4 -18.0874 122.258
    endloop
  endfacet
  facet normal -0.383014 0.529857 0.756672
    outer loop
      vertex -15.133 -13.8766 119.554
      vertex -14.5386 -17.8311 122.624
      vertex -14.5386 -13.7354 119.756
    endloop
  endfacet
  facet normal -0.383014 0.529857 0.756672
    outer loop
      vertex -14.5386 -17.8311 122.624
      vertex -15.133 -13.8766 119.554
      vertex -15.133 -17.9723 122.422
    endloop
  endfacet
  facet normal 0.759941 -0.37283 -0.532436
    outer loop
      vertex -19.2991 -14.0729 127.991
      vertex -19.717 -10.2577 124.723
      vertex -19.2991 -9.97713 125.123
    endloop
  endfacet
  facet normal 0.76049 -0.372373 -0.531972
    outer loop
      vertex -19.717 -10.2577 124.723
      vertex -19.2991 -14.0729 127.991
      vertex -19.717 -14.3535 127.59
    endloop
  endfacet
  facet normal 0.000442085 -0.820131 0.572176
    outer loop
      vertex -17.667 -9.40344 125.943
      vertex -16.4 -9.28834 126.107
      vertex -17.0414 -9.31729 126.066
    endloop
  endfacet
  facet normal 0.000312744 -0.818379 0.574679
    outer loop
      vertex -18.8099 -13.5425 120.031
      vertex -18.2614 -13.7354 119.756
      vertex -16.4 -13.9917 119.39
    endloop
  endfacet
  facet normal 0.852919 -0.299368 -0.427678
    outer loop
      vertex -19.717 -14.3535 127.59
      vertex -20.0531 -10.5724 124.273
      vertex -19.717 -10.2577 124.723
    endloop
  endfacet
  facet normal 0.852547 -0.299791 -0.428122
    outer loop
      vertex -20.0531 -10.5724 124.273
      vertex -19.717 -14.3535 127.59
      vertex -20.0531 -14.6681 127.141
    endloop
  endfacet
  facet normal -0.523132 -0.488847 -0.698113
    outer loop
      vertex -14.5386 -9.54466 125.741
      vertex -14.0815 -13.8011 128.379
      vertex -14.5386 -13.6404 128.609
    endloop
  endfacet
  facet normal -0.972334 -0.133987 -0.191348
    outer loop
      vertex -12.3505 -11.2721 123.274
      vertex -12.5007 -15.0091 126.654
      vertex -12.5007 -10.9133 123.786
    endloop
  endfacet
  facet normal -0.972334 -0.133987 -0.191348
    outer loop
      vertex -12.5007 -15.0091 126.654
      vertex -12.3505 -11.2721 123.274
      vertex -12.3505 -15.3679 126.142
    endloop
  endfacet
  facet normal -8.03506e-05 -0.818942 0.573876
    outer loop
      vertex -12.5007 -10.9133 123.786
      vertex -12.3 -11.64 122.749
      vertex -12.3505 -11.2721 123.274
    endloop
  endfacet
  facet normal -0.52306 -0.488758 -0.698229
    outer loop
      vertex -14.0815 -13.8011 128.379
      vertex -13.9901 -9.73747 125.466
      vertex -13.9901 -13.8332 128.333
    endloop
  endfacet
  facet normal -0.522201 -0.489078 -0.698648
    outer loop
      vertex -13.9901 -9.73747 125.466
      vertex -14.0815 -13.8011 128.379
      vertex -14.5386 -9.54466 125.741
    endloop
  endfacet
  facet normal 0.000568712 -0.820588 0.571519
    outer loop
      vertex -16.4 -13.9917 119.39
      vertex -15.7586 -13.9627 119.431
      vertex -15.133 -13.8766 119.554
    endloop
  endfacet
  facet normal -0.64997 0.435911 0.622511
    outer loop
      vertex -13.9901 -13.5425 120.031
      vertex -13.5009 -17.3986 123.242
      vertex -13.5009 -13.3029 120.374
    endloop
  endfacet
  facet normal -0.650022 0.435879 0.62248
    outer loop
      vertex -13.5009 -17.3986 123.242
      vertex -13.9901 -13.5425 120.031
      vertex -13.9901 -17.6383 122.899
    endloop
  endfacet
  facet normal 0.000796948 -0.819122 0.573619
    outer loop
      vertex -20.5 -11.64 122.749
      vertex -20.2993 -12.3667 121.711
      vertex -19.717 -13.0223 120.774
    endloop
  endfacet
  facet normal -0.000219056 -0.819312 0.573348
    outer loop
      vertex -20.5 -11.64 122.749
      vertex -19.717 -13.0223 120.774
      vertex -16.4 -13.9917 119.39
    endloop
  endfacet
  facet normal 0.078057 0.571838 0.816644
    outer loop
      vertex -17.0414 -18.0585 122.299
      vertex -16.4 -13.9917 119.39
      vertex -17.0414 -13.9627 119.431
    endloop
  endfacet
  facet normal 0.0779683 0.571852 0.816643
    outer loop
      vertex -16.4 -13.9917 119.39
      vertex -17.0414 -18.0585 122.299
      vertex -16.4 -18.0874 122.258
    endloop
  endfacet
  facet normal -0.000483516 -0.82028 0.571961
    outer loop
      vertex -18.2614 -13.7354 119.756
      vertex -17.667 -13.8766 119.554
      vertex -16.4 -13.9917 119.39
    endloop
  endfacet
  facet normal 0.9969 0.0451211 0.0644601
    outer loop
      vertex -20.4916 -15.7971 125.529
      vertex -20.5 -11.64 122.749
      vertex -20.5 -15.7358 125.616
    endloop
  endfacet
  facet normal 0.99692 0.0449811 0.0642507
    outer loop
      vertex -20.5 -11.64 122.749
      vertex -20.4916 -15.7971 125.529
      vertex -20.4495 -12.0079 122.223
    endloop
  endfacet
  facet normal -0.00561378 -0.819692 0.572778
    outer loop
      vertex -20.5 -11.64 122.749
      vertex -20.4495 -12.0079 122.223
      vertex -20.2993 -12.3667 121.711
    endloop
  endfacet
  facet normal 0.923898 0.219478 0.313437
    outer loop
      vertex -20.2993 -16.4625 124.579
      vertex -20.0531 -12.7076 121.224
      vertex -20.2993 -12.3667 121.711
    endloop
  endfacet
  facet normal 0.923898 0.219478 0.313437
    outer loop
      vertex -20.0531 -12.7076 121.224
      vertex -20.2993 -16.4625 124.579
      vertex -20.0531 -16.8034 124.092
    endloop
  endfacet
  facet normal 0.923898 -0.219481 -0.313434
    outer loop
      vertex -20.0531 -14.6681 127.141
      vertex -20.2993 -10.9133 123.786
      vertex -20.0531 -10.5724 124.273
    endloop
  endfacet
  facet normal 0.923911 -0.21946 -0.313411
    outer loop
      vertex -20.2993 -10.9133 123.786
      vertex -20.0531 -14.6681 127.141
      vertex -20.2993 -15.0091 126.654
    endloop
  endfacet
  facet normal 0 -0.818528 0.574467
    outer loop
      vertex -17.667 -9.40344 125.943
      vertex -15.133 -9.40344 125.943
      vertex -16.4 -9.28834 126.107
    endloop
  endfacet
  facet normal 0.00148143 -0.81941 0.573207
    outer loop
      vertex -20.5 -11.64 122.749
      vertex -19.2991 -9.97713 125.123
      vertex -19.717 -10.2577 124.723
    endloop
  endfacet
  facet normal -0.00208866 -0.818743 0.574156
    outer loop
      vertex -20.5 -11.64 122.749
      vertex -19.717 -10.2577 124.723
      vertex -20.2993 -10.9133 123.786
    endloop
  endfacet
  facet normal -0.759941 -0.37283 -0.532436
    outer loop
      vertex -13.083 -10.2577 124.723
      vertex -13.5009 -14.0729 127.991
      vertex -13.5009 -9.97713 125.123
    endloop
  endfacet
  facet normal -0.76049 -0.372373 -0.531972
    outer loop
      vertex -13.5009 -14.0729 127.991
      vertex -13.083 -10.2577 124.723
      vertex -13.083 -14.3535 127.59
    endloop
  endfacet
  facet normal -0.852919 -0.299368 -0.427678
    outer loop
      vertex -12.7469 -10.5724 124.273
      vertex -13.083 -14.3535 127.59
      vertex -13.083 -10.2577 124.723
    endloop
  endfacet
  facet normal -0.852547 -0.299791 -0.428122
    outer loop
      vertex -13.083 -14.3535 127.59
      vertex -12.7469 -10.5724 124.273
      vertex -12.7469 -14.6681 127.141
    endloop
  endfacet
  facet normal 0.650001 -0.435792 -0.622562
    outer loop
      vertex -18.8099 -13.8332 128.333
      vertex -19.2991 -9.97713 125.123
      vertex -18.8099 -9.73747 125.466
    endloop
  endfacet
  facet normal 0.649286 -0.436242 -0.622993
    outer loop
      vertex -19.2991 -9.97713 125.123
      vertex -18.8099 -13.8332 128.333
      vertex -19.2991 -14.0729 127.991
    endloop
  endfacet
  facet normal -0.00348614 -0.822048 0.569407
    outer loop
      vertex -14.5386 -9.54466 125.741
      vertex -13.5009 -9.97713 125.123
      vertex -13.9901 -9.73747 125.466
    endloop
  endfacet
  facet normal 0.382566 -0.52996 -0.756826
    outer loop
      vertex -18.2614 -9.54466 125.741
      vertex -17.766 -13.5227 128.777
      vertex -18.2614 -13.6404 128.609
    endloop
  endfacet
  facet normal -0.996912 -0.0450365 -0.0643335
    outer loop
      vertex -12.3421 -15.4292 126.054
      vertex -12.3505 -11.2721 123.274
      vertex -12.3 -11.64 122.749
    endloop
  endfacet
  facet normal -0.996947 -0.0447891 -0.0639634
    outer loop
      vertex -12.3505 -11.2721 123.274
      vertex -12.3421 -15.4292 126.054
      vertex -12.3505 -15.3679 126.142
    endloop
  endfacet
  facet normal -0.852919 0.299438 0.427629
    outer loop
      vertex -13.083 -13.0223 120.774
      vertex -12.7469 -16.8034 124.092
      vertex -12.7469 -12.7076 121.224
    endloop
  endfacet
  facet normal -0.852895 0.299466 0.427658
    outer loop
      vertex -12.7469 -16.8034 124.092
      vertex -13.083 -13.0223 120.774
      vertex -13.083 -17.118 123.642
    endloop
  endfacet
  facet normal -0.972334 0.133989 0.191346
    outer loop
      vertex -12.5007 -12.3667 121.711
      vertex -12.3505 -16.1036 125.091
      vertex -12.3505 -12.0079 122.223
    endloop
  endfacet
  facet normal -0.972339 0.133976 0.191331
    outer loop
      vertex -12.3505 -16.1036 125.091
      vertex -12.5007 -12.3667 121.711
      vertex -12.5007 -16.4625 124.579
    endloop
  endfacet
  facet normal -0.000312744 -0.818379 0.574679
    outer loop
      vertex -16.4 -13.9917 119.39
      vertex -14.5386 -13.7354 119.756
      vertex -13.9901 -13.5425 120.031
    endloop
  endfacet
  facet normal 0.00632282 -0.815521 0.578693
    outer loop
      vertex -19.717 -13.0223 120.774
      vertex -19.2991 -13.3029 120.374
      vertex -18.8099 -13.5425 120.031
    endloop
  endfacet
  facet normal 0.383014 0.529857 0.756672
    outer loop
      vertex -18.2614 -17.8311 122.624
      vertex -17.667 -13.8766 119.554
      vertex -18.2614 -13.7354 119.756
    endloop
  endfacet
  facet normal 0.383014 0.529857 0.756672
    outer loop
      vertex -17.667 -13.8766 119.554
      vertex -18.2614 -17.8311 122.624
      vertex -17.667 -17.9723 122.422
    endloop
  endfacet
  facet normal 0.233368 0.55776 0.796519
    outer loop
      vertex -17.667 -17.9723 122.422
      vertex -17.0414 -13.9627 119.431
      vertex -17.667 -13.8766 119.554
    endloop
  endfacet
  facet normal 0.233452 0.557739 0.796509
    outer loop
      vertex -17.0414 -13.9627 119.431
      vertex -17.667 -17.9723 122.422
      vertex -17.0414 -18.0585 122.299
    endloop
  endfacet
  facet normal -0.000568712 -0.820588 0.571519
    outer loop
      vertex -17.667 -13.8766 119.554
      vertex -17.0414 -13.9627 119.431
      vertex -16.4 -13.9917 119.39
    endloop
  endfacet
  facet normal 0.64997 0.435911 0.622511
    outer loop
      vertex -19.2991 -17.3986 123.242
      vertex -18.8099 -13.5425 120.031
      vertex -19.2991 -13.3029 120.374
    endloop
  endfacet
  facet normal 0.650022 0.435879 0.62248
    outer loop
      vertex -18.8099 -13.5425 120.031
      vertex -19.2991 -17.3986 123.242
      vertex -18.8099 -17.6383 122.899
    endloop
  endfacet
  facet normal 0.996913 0.0450325 0.0643095
    outer loop
      vertex -20.4916 -15.7971 125.529
      vertex -20.4495 -16.1036 125.091
      vertex -20.4495 -12.0079 122.223
    endloop
  endfacet
  facet normal 0.00226147 -0.818692 0.574228
    outer loop
      vertex -20.2993 -12.3667 121.711
      vertex -20.0531 -12.7076 121.224
      vertex -19.717 -13.0223 120.774
    endloop
  endfacet
  facet normal -0.000442085 -0.820131 0.572176
    outer loop
      vertex -16.4 -9.28834 126.107
      vertex -15.133 -9.40344 125.943
      vertex -15.7586 -9.31729 126.066
    endloop
  endfacet
  facet normal -0.233368 -0.557755 -0.796523
    outer loop
      vertex -15.7586 -13.4131 128.934
      vertex -15.133 -9.40344 125.943
      vertex -15.133 -13.4992 128.811
    endloop
  endfacet
  facet normal -0.23341 -0.557744 -0.796518
    outer loop
      vertex -15.133 -9.40344 125.943
      vertex -15.7586 -13.4131 128.934
      vertex -15.7586 -9.31729 126.066
    endloop
  endfacet
  facet normal 0.00226147 -0.818692 0.574228
    outer loop
      vertex -13.083 -10.2577 124.723
      vertex -12.5007 -10.9133 123.786
      vertex -12.7469 -10.5724 124.273
    endloop
  endfacet
  facet normal 0.00208866 -0.818743 0.574156
    outer loop
      vertex -13.083 -10.2577 124.723
      vertex -12.3 -11.64 122.749
      vertex -12.5007 -10.9133 123.786
    endloop
  endfacet
  facet normal -0.078057 -0.571837 -0.816645
    outer loop
      vertex -16.4 -13.3841 128.975
      vertex -15.7586 -9.31729 126.066
      vertex -15.7586 -13.4131 128.934
    endloop
  endfacet
  facet normal -0.0780127 -0.571844 -0.816645
    outer loop
      vertex -15.7586 -9.31729 126.066
      vertex -16.4 -13.3841 128.975
      vertex -16.4 -9.28834 126.107
    endloop
  endfacet
  facet normal 0.852919 0.299438 0.427629
    outer loop
      vertex -20.0531 -16.8034 124.092
      vertex -19.717 -13.0223 120.774
      vertex -20.0531 -12.7076 121.224
    endloop
  endfacet
  facet normal 0.852895 0.299466 0.427658
    outer loop
      vertex -19.717 -13.0223 120.774
      vertex -20.0531 -16.8034 124.092
      vertex -19.717 -17.118 123.642
    endloop
  endfacet
  facet normal 0.522259 0.489149 0.698555
    outer loop
      vertex -18.8099 -17.6383 122.899
      vertex -18.2614 -13.7354 119.756
      vertex -18.8099 -13.5425 120.031
    endloop
  endfacet
  facet normal 0.522195 0.489179 0.698582
    outer loop
      vertex -18.2614 -13.7354 119.756
      vertex -18.8099 -17.6383 122.899
      vertex -18.2614 -17.8311 122.624
    endloop
  endfacet
  facet normal 8.03506e-05 -0.818942 0.573876
    outer loop
      vertex -20.5 -11.64 122.749
      vertex -20.2993 -10.9133 123.786
      vertex -20.4495 -11.2721 123.274
    endloop
  endfacet
  facet normal 0.972334 -0.133987 -0.191348
    outer loop
      vertex -20.2993 -15.0091 126.654
      vertex -20.4495 -11.2721 123.274
      vertex -20.2993 -10.9133 123.786
    endloop
  endfacet
  facet normal 0.972334 -0.133987 -0.191348
    outer loop
      vertex -20.4495 -11.2721 123.274
      vertex -20.2993 -15.0091 126.654
      vertex -20.4495 -15.3679 126.142
    endloop
  endfacet
  facet normal -0.385253 -0.529063 -0.75609
    outer loop
      vertex -15.133 -13.4992 128.811
      vertex -14.5386 -9.54466 125.741
      vertex -15.034 -13.5227 128.777
    endloop
  endfacet
  facet normal -0.383029 -0.529848 -0.75667
    outer loop
      vertex -14.5386 -9.54466 125.741
      vertex -15.133 -13.4992 128.811
      vertex -15.133 -9.40344 125.943
    endloop
  endfacet
  facet normal -0.382566 -0.52996 -0.756826
    outer loop
      vertex -15.034 -13.5227 128.777
      vertex -14.5386 -9.54466 125.741
      vertex -14.5386 -13.6404 128.609
    endloop
  endfacet
  facet normal 0 -0.819575 0.572972
    outer loop
      vertex -18.2614 -9.54466 125.741
      vertex -15.133 -9.40344 125.943
      vertex -17.667 -9.40344 125.943
    endloop
  endfacet
  facet normal 0 -0.819575 0.572972
    outer loop
      vertex -15.133 -9.40344 125.943
      vertex -18.2614 -9.54466 125.741
      vertex -14.5386 -9.54466 125.741
    endloop
  endfacet
  facet normal 0.385253 -0.529063 -0.75609
    outer loop
      vertex -18.2614 -9.54466 125.741
      vertex -17.667 -13.4992 128.811
      vertex -17.766 -13.5227 128.777
    endloop
  endfacet
  facet normal 0.383029 -0.529848 -0.75667
    outer loop
      vertex -17.667 -13.4992 128.811
      vertex -18.2614 -9.54466 125.741
      vertex -17.667 -9.40344 125.943
    endloop
  endfacet
  facet normal -0.650001 -0.435792 -0.622562
    outer loop
      vertex -13.5009 -9.97713 125.123
      vertex -13.9901 -13.8332 128.333
      vertex -13.9901 -9.73747 125.466
    endloop
  endfacet
  facet normal -0.649286 -0.436242 -0.622993
    outer loop
      vertex -13.9901 -13.8332 128.333
      vertex -13.5009 -9.97713 125.123
      vertex -13.5009 -14.0729 127.991
    endloop
  endfacet
  facet normal 0.649456 0.436153 0.622879
    outer loop
      vertex -19.2991 -91.2179 17.8167
      vertex -18.8099 -87.3618 14.6065
      vertex -19.2991 -87.1222 14.9488
    endloop
  endfacet
  facet normal 0.649507 0.436121 0.622847
    outer loop
      vertex -18.8099 -87.3618 14.6065
      vertex -19.2991 -91.2179 17.8167
      vertex -18.8099 -91.4576 17.4744
    endloop
  endfacet
  facet normal 0.972369 -0.133903 -0.19123
    outer loop
      vertex -20.2993 -88.8283 21.2294
      vertex -20.4495 -85.0914 17.849
      vertex -20.2993 -84.7326 18.3615
    endloop
  endfacet
  facet normal 0.972374 -0.13389 -0.191215
    outer loop
      vertex -20.4495 -85.0914 17.849
      vertex -20.2993 -88.8283 21.2294
      vertex -20.4495 -89.1872 20.7169
    endloop
  endfacet
  facet normal -0.649582 -0.436074 -0.622802
    outer loop
      vertex -13.9085 -87.6925 22.8516
      vertex -13.5009 -83.7964 19.6985
      vertex -13.5009 -87.8922 22.5663
    endloop
  endfacet
  facet normal -0.233452 -0.557726 -0.796518
    outer loop
      vertex -15.7586 -87.2323 23.5087
      vertex -15.133 -83.2227 20.5178
      vertex -15.133 -87.3185 23.3857
    endloop
  endfacet
  facet normal -0.233368 -0.557747 -0.796529
    outer loop
      vertex -15.133 -83.2227 20.5178
      vertex -15.7586 -87.2323 23.5087
      vertex -15.7586 -83.1366 20.6408
    endloop
  endfacet
  facet normal -0.000124505 -0.819162 0.573561
    outer loop
      vertex -20.4495 -85.0914 17.849
      vertex -20.0531 -86.5269 15.7989
      vertex -20.0531 -84.3917 18.8484
    endloop
  endfacet
  facet normal 6.40043e-05 -0.819192 0.573519
    outer loop
      vertex -15.7586 -87.782 14.0065
      vertex -13.9901 -87.3618 14.6065
      vertex -12.7469 -86.5269 15.7989
    endloop
  endfacet
  facet normal 0.000643916 -0.81881 0.574064
    outer loop
      vertex -19.717 -86.8416 15.3495
      vertex -19.2991 -87.1222 14.9488
      vertex -18.8099 -87.3618 14.6065
    endloop
  endfacet
  facet normal -0.382688 -0.529913 -0.756797
    outer loop
      vertex -15.133 -87.3185 23.3857
      vertex -14.5386 -83.3639 20.3161
      vertex -14.5386 -87.4597 23.184
    endloop
  endfacet
  facet normal -0.382688 -0.529913 -0.756797
    outer loop
      vertex -14.5386 -83.3639 20.3161
      vertex -15.133 -87.3185 23.3857
      vertex -15.133 -83.2227 20.5178
    endloop
  endfacet
  facet normal -0.996914 0.0450269 0.0643037
    outer loop
      vertex -12.3505 -85.8272 16.7983
      vertex -12.3 -89.555 20.1915
      vertex -12.3 -85.4593 17.3236
    endloop
  endfacet
  facet normal -0.996915 0.0450201 0.0642963
    outer loop
      vertex -12.3 -89.555 20.1915
      vertex -12.3505 -85.8272 16.7983
      vertex -12.3505 -89.9229 19.6661
    endloop
  endfacet
  facet normal 0.000178067 -0.819219 0.573481
    outer loop
      vertex -12.7469 -86.5269 15.7989
      vertex -12.5007 -86.186 16.2858
      vertex -12.3505 -85.8272 16.7983
    endloop
  endfacet
  facet normal -0.382764 0.529883 0.75678
    outer loop
      vertex -15.133 -87.6959 14.1295
      vertex -14.5386 -91.6504 17.199
      vertex -14.5386 -87.5546 14.3312
    endloop
  endfacet
  facet normal -0.382317 0.53004 0.756896
    outer loop
      vertex -14.5386 -91.6504 17.199
      vertex -15.133 -87.6959 14.1295
      vertex -14.6377 -91.6739 17.1654
    endloop
  endfacet
  facet normal 0.382688 -0.529913 -0.756797
    outer loop
      vertex -18.2614 -83.3639 20.3161
      vertex -17.667 -87.3185 23.3857
      vertex -18.2614 -87.4597 23.184
    endloop
  endfacet
  facet normal 0.382688 -0.529913 -0.756797
    outer loop
      vertex -17.667 -87.3185 23.3857
      vertex -18.2614 -83.3639 20.3161
      vertex -17.667 -83.2227 20.5178
    endloop
  endfacet
  facet normal -1.49971e-05 -0.819154 0.573574
    outer loop
      vertex -20.0531 -86.5269 15.7989
      vertex -17.0414 -87.782 14.0065
      vertex -19.2991 -83.7964 19.6985
    endloop
  endfacet
  facet normal 0.522565 -0.489038 -0.698404
    outer loop
      vertex -18.8099 -83.5568 20.0407
      vertex -18.2614 -87.4597 23.184
      vertex -18.8099 -87.6525 22.9086
    endloop
  endfacet
  facet normal 0.52263 -0.489007 -0.698377
    outer loop
      vertex -18.2614 -87.4597 23.184
      vertex -18.8099 -83.5568 20.0407
      vertex -18.2614 -83.3639 20.3161
    endloop
  endfacet
  facet normal 0.233452 -0.557726 -0.796518
    outer loop
      vertex -17.667 -83.2227 20.5178
      vertex -17.0414 -87.2323 23.5087
      vertex -17.667 -87.3185 23.3857
    endloop
  endfacet
  facet normal 0.233368 -0.557747 -0.796529
    outer loop
      vertex -17.0414 -87.2323 23.5087
      vertex -17.667 -83.2227 20.5178
      vertex -17.0414 -83.1366 20.6408
    endloop
  endfacet
  facet normal 0 -0.819232 0.573462
    outer loop
      vertex -17.667 -83.2227 20.5178
      vertex -15.7586 -83.1366 20.6408
      vertex -17.0414 -83.1366 20.6408
    endloop
  endfacet
  facet normal 0 -0.819232 0.573462
    outer loop
      vertex -15.7586 -83.1366 20.6408
      vertex -17.667 -83.2227 20.5178
      vertex -15.133 -83.2227 20.5178
    endloop
  endfacet
  facet normal -0.760349 -0.372537 -0.532058
    outer loop
      vertex -13.5009 -83.7964 19.6985
      vertex -13.1527 -88.126 22.2324
      vertex -13.5009 -87.8922 22.5663
    endloop
  endfacet
  facet normal -0.972369 -0.133903 -0.19123
    outer loop
      vertex -12.3505 -85.0914 17.849
      vertex -12.5007 -88.8283 21.2294
      vertex -12.5007 -84.7326 18.3615
    endloop
  endfacet
  facet normal -0.972374 -0.13389 -0.191215
    outer loop
      vertex -12.5007 -88.8283 21.2294
      vertex -12.3505 -85.0914 17.849
      vertex -12.3505 -89.1872 20.7169
    endloop
  endfacet
  facet normal -0.000330956 -0.818754 0.574144
    outer loop
      vertex -18.8099 -83.5568 20.0407
      vertex -17.667 -83.2227 20.5178
      vertex -18.2614 -83.3639 20.3161
    endloop
  endfacet
  facet normal -8.33049e-05 -0.819163 0.573561
    outer loop
      vertex -13.5009 -83.7964 19.6985
      vertex -12.7469 -86.5269 15.7989
      vertex -12.7469 -84.3917 18.8484
    endloop
  endfacet
  facet normal -0.760382 -0.372519 -0.532023
    outer loop
      vertex -13.083 -84.077 19.2977
      vertex -13.1527 -88.126 22.2324
      vertex -13.5009 -83.7964 19.6985
    endloop
  endfacet
  facet normal -0.760227 -0.372627 -0.532169
    outer loop
      vertex -13.1527 -88.126 22.2324
      vertex -13.083 -84.077 19.2977
      vertex -13.083 -88.1728 22.1656
    endloop
  endfacet
  facet normal -0.972369 0.1339 0.191232
    outer loop
      vertex -12.5007 -86.186 16.2858
      vertex -12.3505 -89.9229 19.6661
      vertex -12.3505 -85.8272 16.7983
    endloop
  endfacet
  facet normal -0.972362 0.13392 0.191253
    outer loop
      vertex -12.3505 -89.9229 19.6661
      vertex -12.5007 -86.186 16.2858
      vertex -12.5007 -90.2817 19.1537
    endloop
  endfacet
  facet normal -0.382632 0.529935 0.75681
    outer loop
      vertex -15.133 -87.6959 14.1295
      vertex -15.133 -91.7916 16.9974
      vertex -14.6377 -91.6739 17.1654
    endloop
  endfacet
  facet normal 0.000178067 -0.819219 0.573481
    outer loop
      vertex -20.4495 -85.0914 17.849
      vertex -20.0531 -84.3917 18.8484
      vertex -20.2993 -84.7326 18.3615
    endloop
  endfacet
  facet normal 1.49971e-05 -0.819154 0.573574
    outer loop
      vertex -15.7586 -87.782 14.0065
      vertex -12.7469 -86.5269 15.7989
      vertex -13.5009 -83.7964 19.6985
    endloop
  endfacet
  facet normal -0.852711 0.299626 0.427912
    outer loop
      vertex -13.083 -86.8416 15.3495
      vertex -12.7469 -90.6227 18.6668
      vertex -12.7469 -86.5269 15.7989
    endloop
  endfacet
  facet normal -0.852686 0.299654 0.427941
    outer loop
      vertex -12.7469 -90.6227 18.6668
      vertex -13.083 -86.8416 15.3495
      vertex -13.083 -90.9373 18.2174
    endloop
  endfacet
  facet normal -6.40043e-05 -0.819192 0.573519
    outer loop
      vertex -20.0531 -86.5269 15.7989
      vertex -18.8099 -87.3618 14.6065
      vertex -17.0414 -87.782 14.0065
    endloop
  endfacet
  facet normal -0.000567945 -0.819118 0.573624
    outer loop
      vertex -20.5 -85.4593 17.3236
      vertex -20.4495 -85.8272 16.7983
      vertex -20.4495 -85.0914 17.849
    endloop
  endfacet
  facet normal 0.078348 -0.571821 -0.816628
    outer loop
      vertex -17.0414 -83.1366 20.6408
      vertex -16.4 -87.2034 23.55
      vertex -17.0414 -87.2323 23.5087
    endloop
  endfacet
  facet normal 0.0785631 -0.571789 -0.81663
    outer loop
      vertex -16.4 -87.2034 23.55
      vertex -17.0414 -83.1366 20.6408
      vertex -16.4 -83.1076 20.6822
    endloop
  endfacet
  facet normal 0.000567945 -0.819118 0.573624
    outer loop
      vertex -12.3505 -85.8272 16.7983
      vertex -12.3 -85.4593 17.3236
      vertex -12.3505 -85.0914 17.849
    endloop
  endfacet
  facet normal -0.000361339 -0.819118 0.573624
    outer loop
      vertex -12.7469 -86.5269 15.7989
      vertex -12.3505 -85.8272 16.7983
      vertex -12.3505 -85.0914 17.849
    endloop
  endfacet
  facet normal 0 -0.819046 0.573728
    outer loop
      vertex -17.0414 -87.782 14.0065
      vertex -16.4 -87.811 13.9651
      vertex -15.7586 -87.782 14.0065
    endloop
  endfacet
  facet normal 0.382632 0.529935 0.75681
    outer loop
      vertex -18.1623 -91.6739 17.1654
      vertex -17.667 -91.7916 16.9974
      vertex -17.667 -87.6959 14.1295
    endloop
  endfacet
  facet normal -0.522565 -0.489038 -0.698404
    outer loop
      vertex -14.5386 -87.4597 23.184
      vertex -13.9901 -83.5568 20.0407
      vertex -13.9901 -87.6525 22.9086
    endloop
  endfacet
  facet normal -0.52263 -0.489007 -0.698377
    outer loop
      vertex -13.9901 -83.5568 20.0407
      vertex -14.5386 -87.4597 23.184
      vertex -14.5386 -83.3639 20.3161
    endloop
  endfacet
  facet normal 0.760349 -0.372537 -0.532058
    outer loop
      vertex -19.6473 -88.126 22.2324
      vertex -19.2991 -83.7964 19.6985
      vertex -19.2991 -87.8922 22.5663
    endloop
  endfacet
  facet normal 0.000897867 -0.818753 0.574145
    outer loop
      vertex -13.5009 -83.7964 19.6985
      vertex -12.7469 -84.3917 18.8484
      vertex -13.083 -84.077 19.2977
    endloop
  endfacet
  facet normal -0.522577 0.489026 0.698403
    outer loop
      vertex -14.4472 -91.6183 17.2449
      vertex -13.9901 -91.4576 17.4744
      vertex -13.9901 -87.3618 14.6065
    endloop
  endfacet
  facet normal -0.522472 0.489052 0.698463
    outer loop
      vertex -14.5386 -87.5546 14.3312
      vertex -14.4472 -91.6183 17.2449
      vertex -13.9901 -87.3618 14.6065
    endloop
  endfacet
  facet normal -0.522505 0.48904 0.698448
    outer loop
      vertex -14.4472 -91.6183 17.2449
      vertex -14.5386 -87.5546 14.3312
      vertex -14.5386 -91.6504 17.199
    endloop
  endfacet
  facet normal 0.649582 -0.436074 -0.622802
    outer loop
      vertex -19.2991 -83.7964 19.6985
      vertex -18.8915 -87.6925 22.8516
      vertex -19.2991 -87.8922 22.5663
    endloop
  endfacet
  facet normal 0.649134 -0.436311 -0.623103
    outer loop
      vertex -18.8915 -87.6925 22.8516
      vertex -18.8099 -83.5568 20.0407
      vertex -18.8099 -87.6525 22.9086
    endloop
  endfacet
  facet normal 0.649382 -0.436195 -0.622926
    outer loop
      vertex -18.8099 -83.5568 20.0407
      vertex -18.8915 -87.6925 22.8516
      vertex -19.2991 -83.7964 19.6985
    endloop
  endfacet
  facet normal 0.000361339 -0.819118 0.573624
    outer loop
      vertex -20.4495 -85.8272 16.7983
      vertex -20.0531 -86.5269 15.7989
      vertex -20.4495 -85.0914 17.849
    endloop
  endfacet
  facet normal 0.852711 0.299626 0.427912
    outer loop
      vertex -20.0531 -90.6227 18.6668
      vertex -19.717 -86.8416 15.3495
      vertex -20.0531 -86.5269 15.7989
    endloop
  endfacet
  facet normal 0.852686 0.299654 0.427941
    outer loop
      vertex -19.717 -86.8416 15.3495
      vertex -20.0531 -90.6227 18.6668
      vertex -19.717 -90.9373 18.2174
    endloop
  endfacet
  facet normal 0.760328 0.372565 0.532067
    outer loop
      vertex -19.717 -90.9373 18.2174
      vertex -19.2991 -87.1222 14.9488
      vertex -19.717 -86.8416 15.3495
    endloop
  endfacet
  facet normal 0.760328 0.372565 0.532067
    outer loop
      vertex -19.2991 -87.1222 14.9488
      vertex -19.717 -90.9373 18.2174
      vertex -19.2991 -91.2179 17.8167
    endloop
  endfacet
  facet normal -0.649382 -0.436195 -0.622926
    outer loop
      vertex -13.9085 -87.6925 22.8516
      vertex -13.9901 -83.5568 20.0407
      vertex -13.5009 -83.7964 19.6985
    endloop
  endfacet
  facet normal -0.649134 -0.436311 -0.623103
    outer loop
      vertex -13.9901 -83.5568 20.0407
      vertex -13.9085 -87.6925 22.8516
      vertex -13.9901 -87.6525 22.9086
    endloop
  endfacet
  facet normal -0.000178067 -0.819219 0.573481
    outer loop
      vertex -12.7469 -84.3917 18.8484
      vertex -12.3505 -85.0914 17.849
      vertex -12.5007 -84.7326 18.3615
    endloop
  endfacet
  facet normal 0.000124505 -0.819162 0.573561
    outer loop
      vertex -12.7469 -86.5269 15.7989
      vertex -12.3505 -85.0914 17.849
      vertex -12.7469 -84.3917 18.8484
    endloop
  endfacet
  facet normal -0.923879 0.219502 0.313475
    outer loop
      vertex -12.7469 -86.5269 15.7989
      vertex -12.5007 -90.2817 19.1537
      vertex -12.5007 -86.186 16.2858
    endloop
  endfacet
  facet normal -0.923892 0.21948 0.313451
    outer loop
      vertex -12.5007 -90.2817 19.1537
      vertex -12.7469 -86.5269 15.7989
      vertex -12.7469 -90.6227 18.6668
    endloop
  endfacet
  facet normal 0.000229334 -0.819049 0.573724
    outer loop
      vertex -20.0531 -86.5269 15.7989
      vertex -19.717 -86.8416 15.3495
      vertex -18.8099 -87.3618 14.6065
    endloop
  endfacet
  facet normal 0 -0.819151 0.573578
    outer loop
      vertex -17.0414 -87.782 14.0065
      vertex -13.5009 -83.7964 19.6985
      vertex -19.2991 -83.7964 19.6985
    endloop
  endfacet
  facet normal 0 -0.819151 0.573578
    outer loop
      vertex -13.5009 -83.7964 19.6985
      vertex -17.0414 -87.782 14.0065
      vertex -15.7586 -87.782 14.0065
    endloop
  endfacet
  facet normal -0.233368 0.557747 0.796529
    outer loop
      vertex -15.7586 -87.782 14.0065
      vertex -15.133 -91.7916 16.9974
      vertex -15.133 -87.6959 14.1295
    endloop
  endfacet
  facet normal -0.233573 0.557697 0.796504
    outer loop
      vertex -15.133 -91.7916 16.9974
      vertex -15.7586 -87.782 14.0065
      vertex -15.7586 -91.8778 16.8743
    endloop
  endfacet
  facet normal 0 -0.819143 0.57359
    outer loop
      vertex -19.2991 -83.7964 19.6985
      vertex -15.133 -83.2227 20.5178
      vertex -17.667 -83.2227 20.5178
    endloop
  endfacet
  facet normal 0 -0.819143 0.57359
    outer loop
      vertex -15.133 -83.2227 20.5178
      vertex -19.2991 -83.7964 19.6985
      vertex -13.5009 -83.7964 19.6985
    endloop
  endfacet
  facet normal 8.23879e-05 -0.81922 0.57348
    outer loop
      vertex -19.2991 -83.7964 19.6985
      vertex -17.667 -83.2227 20.5178
      vertex -18.8099 -83.5568 20.0407
    endloop
  endfacet
  facet normal -8.23879e-05 -0.81922 0.57348
    outer loop
      vertex -15.133 -83.2227 20.5178
      vertex -13.5009 -83.7964 19.6985
      vertex -13.9901 -83.5568 20.0407
    endloop
  endfacet
  facet normal 0.000330956 -0.818754 0.574144
    outer loop
      vertex -15.133 -83.2227 20.5178
      vertex -13.9901 -83.5568 20.0407
      vertex -14.5386 -83.3639 20.3161
    endloop
  endfacet
  facet normal -0.000127637 -0.818927 0.573898
    outer loop
      vertex -15.7586 -87.782 14.0065
      vertex -15.133 -87.6959 14.1295
      vertex -13.9901 -87.3618 14.6065
    endloop
  endfacet
  facet normal 0.000187487 -0.819282 0.573391
    outer loop
      vertex -15.133 -87.6959 14.1295
      vertex -14.5386 -87.5546 14.3312
      vertex -13.9901 -87.3618 14.6065
    endloop
  endfacet
  facet normal -0.000897867 -0.818753 0.574145
    outer loop
      vertex -20.0531 -84.3917 18.8484
      vertex -19.2991 -83.7964 19.6985
      vertex -19.717 -84.077 19.2977
    endloop
  endfacet
  facet normal 8.33049e-05 -0.819163 0.573561
    outer loop
      vertex -20.0531 -86.5269 15.7989
      vertex -19.2991 -83.7964 19.6985
      vertex -20.0531 -84.3917 18.8484
    endloop
  endfacet
  facet normal 0.923879 0.219502 0.313475
    outer loop
      vertex -20.2993 -90.2817 19.1537
      vertex -20.0531 -86.5269 15.7989
      vertex -20.2993 -86.186 16.2858
    endloop
  endfacet
  facet normal 0.923892 0.21948 0.313451
    outer loop
      vertex -20.0531 -86.5269 15.7989
      vertex -20.2993 -90.2817 19.1537
      vertex -20.0531 -90.6227 18.6668
    endloop
  endfacet
  facet normal 0.996914 0.0450269 0.0643037
    outer loop
      vertex -20.5 -89.555 20.1915
      vertex -20.4495 -85.8272 16.7983
      vertex -20.5 -85.4593 17.3236
    endloop
  endfacet
  facet normal 0.996915 0.0450201 0.0642963
    outer loop
      vertex -20.4495 -85.8272 16.7983
      vertex -20.5 -89.555 20.1915
      vertex -20.4495 -89.9229 19.6661
    endloop
  endfacet
  facet normal 0.522577 0.489026 0.698403
    outer loop
      vertex -18.8099 -87.3618 14.6065
      vertex -18.8099 -91.4576 17.4744
      vertex -18.3528 -91.6183 17.2449
    endloop
  endfacet
  facet normal -0.996915 -0.0450205 -0.0642961
    outer loop
      vertex -12.3 -85.4593 17.3236
      vertex -12.3505 -89.1872 20.7169
      vertex -12.3505 -85.0914 17.849
    endloop
  endfacet
  facet normal -0.996914 -0.0450252 -0.0643013
    outer loop
      vertex -12.3505 -89.1872 20.7169
      vertex -12.3 -85.4593 17.3236
      vertex -12.3 -89.555 20.1915
    endloop
  endfacet
  facet normal -0.852676 -0.299659 -0.427959
    outer loop
      vertex -12.7469 -84.3917 18.8484
      vertex -13.083 -88.1728 22.1656
      vertex -13.083 -84.077 19.2977
    endloop
  endfacet
  facet normal -0.852652 -0.299686 -0.427988
    outer loop
      vertex -13.083 -88.1728 22.1656
      vertex -12.7469 -84.3917 18.8484
      vertex -12.7469 -88.4874 21.7163
    endloop
  endfacet
  facet normal -0.649456 0.436153 0.622879
    outer loop
      vertex -13.9901 -87.3618 14.6065
      vertex -13.5009 -91.2179 17.8167
      vertex -13.5009 -87.1222 14.9488
    endloop
  endfacet
  facet normal -0.649507 0.436121 0.622847
    outer loop
      vertex -13.5009 -91.2179 17.8167
      vertex -13.9901 -87.3618 14.6065
      vertex -13.9901 -91.4576 17.4744
    endloop
  endfacet
  facet normal -0.760328 0.372565 0.532067
    outer loop
      vertex -13.5009 -87.1222 14.9488
      vertex -13.083 -90.9373 18.2174
      vertex -13.083 -86.8416 15.3495
    endloop
  endfacet
  facet normal -0.760328 0.372565 0.532067
    outer loop
      vertex -13.083 -90.9373 18.2174
      vertex -13.5009 -87.1222 14.9488
      vertex -13.5009 -91.2179 17.8167
    endloop
  endfacet
  facet normal 0.233368 0.557747 0.796529
    outer loop
      vertex -17.667 -91.7916 16.9974
      vertex -17.0414 -87.782 14.0065
      vertex -17.667 -87.6959 14.1295
    endloop
  endfacet
  facet normal 0.233573 0.557697 0.796504
    outer loop
      vertex -17.0414 -87.782 14.0065
      vertex -17.667 -91.7916 16.9974
      vertex -17.0414 -91.8778 16.8743
    endloop
  endfacet
  facet normal 0.852676 -0.299659 -0.427959
    outer loop
      vertex -19.717 -88.1728 22.1656
      vertex -20.0531 -84.3917 18.8484
      vertex -19.717 -84.077 19.2977
    endloop
  endfacet
  facet normal 0.852652 -0.299686 -0.427988
    outer loop
      vertex -20.0531 -84.3917 18.8484
      vertex -19.717 -88.1728 22.1656
      vertex -20.0531 -88.4874 21.7163
    endloop
  endfacet
  facet normal 0.923879 -0.219502 -0.313475
    outer loop
      vertex -20.0531 -88.4874 21.7163
      vertex -20.2993 -84.7326 18.3615
      vertex -20.0531 -84.3917 18.8484
    endloop
  endfacet
  facet normal 0.923879 -0.219502 -0.313475
    outer loop
      vertex -20.2993 -84.7326 18.3615
      vertex -20.0531 -88.4874 21.7163
      vertex -20.2993 -88.8283 21.2294
    endloop
  endfacet
  facet normal 0.760382 -0.372519 -0.532023
    outer loop
      vertex -19.6473 -88.126 22.2324
      vertex -19.717 -84.077 19.2977
      vertex -19.2991 -83.7964 19.6985
    endloop
  endfacet
  facet normal 0.760227 -0.372627 -0.532169
    outer loop
      vertex -19.717 -84.077 19.2977
      vertex -19.6473 -88.126 22.2324
      vertex -19.717 -88.1728 22.1656
    endloop
  endfacet
  facet normal 0.996915 -0.0450205 -0.0642961
    outer loop
      vertex -20.4495 -89.1872 20.7169
      vertex -20.5 -85.4593 17.3236
      vertex -20.4495 -85.0914 17.849
    endloop
  endfacet
  facet normal 0.996914 -0.0450252 -0.0643013
    outer loop
      vertex -20.5 -85.4593 17.3236
      vertex -20.4495 -89.1872 20.7169
      vertex -20.5 -89.555 20.1915
    endloop
  endfacet
  facet normal 0.972369 0.1339 0.191232
    outer loop
      vertex -20.4495 -89.9229 19.6661
      vertex -20.2993 -86.186 16.2858
      vertex -20.4495 -85.8272 16.7983
    endloop
  endfacet
  facet normal 0.972362 0.13392 0.191253
    outer loop
      vertex -20.2993 -86.186 16.2858
      vertex -20.4495 -89.9229 19.6661
      vertex -20.2993 -90.2817 19.1537
    endloop
  endfacet
  facet normal -0.000178067 -0.819219 0.573481
    outer loop
      vertex -20.4495 -85.8272 16.7983
      vertex -20.2993 -86.186 16.2858
      vertex -20.0531 -86.5269 15.7989
    endloop
  endfacet
  facet normal 0.000127637 -0.818927 0.573898
    outer loop
      vertex -18.8099 -87.3618 14.6065
      vertex -17.667 -87.6959 14.1295
      vertex -17.0414 -87.782 14.0065
    endloop
  endfacet
  facet normal 0.522505 0.48904 0.698448
    outer loop
      vertex -18.2614 -87.5546 14.3312
      vertex -18.3528 -91.6183 17.2449
      vertex -18.2614 -91.6504 17.199
    endloop
  endfacet
  facet normal 0.522472 0.489052 0.698463
    outer loop
      vertex -18.3528 -91.6183 17.2449
      vertex -18.2614 -87.5546 14.3312
      vertex -18.8099 -87.3618 14.6065
    endloop
  endfacet
  facet normal -0.923879 -0.219502 -0.313475
    outer loop
      vertex -12.5007 -84.7326 18.3615
      vertex -12.7469 -88.4874 21.7163
      vertex -12.7469 -84.3917 18.8484
    endloop
  endfacet
  facet normal -0.923879 -0.219502 -0.313475
    outer loop
      vertex -12.7469 -88.4874 21.7163
      vertex -12.5007 -84.7326 18.3615
      vertex -12.5007 -88.8283 21.2294
    endloop
  endfacet
  facet normal -0.000643916 -0.81881 0.574064
    outer loop
      vertex -13.9901 -87.3618 14.6065
      vertex -13.5009 -87.1222 14.9488
      vertex -13.083 -86.8416 15.3495
    endloop
  endfacet
  facet normal -0.000229334 -0.819049 0.573724
    outer loop
      vertex -13.9901 -87.3618 14.6065
      vertex -13.083 -86.8416 15.3495
      vertex -12.7469 -86.5269 15.7989
    endloop
  endfacet
  facet normal 0.0785631 0.571789 0.81663
    outer loop
      vertex -17.0414 -91.8778 16.8743
      vertex -16.4 -87.811 13.9651
      vertex -17.0414 -87.782 14.0065
    endloop
  endfacet
  facet normal 0.078348 0.571821 0.816628
    outer loop
      vertex -16.4 -87.811 13.9651
      vertex -17.0414 -91.8778 16.8743
      vertex -16.4 -91.9067 16.833
    endloop
  endfacet
  facet normal -0.0785631 0.571789 0.81663
    outer loop
      vertex -16.4 -87.811 13.9651
      vertex -15.7586 -91.8778 16.8743
      vertex -15.7586 -87.782 14.0065
    endloop
  endfacet
  facet normal -0.078348 0.571821 0.816628
    outer loop
      vertex -15.7586 -91.8778 16.8743
      vertex -16.4 -87.811 13.9651
      vertex -16.4 -91.9067 16.833
    endloop
  endfacet
  facet normal 0 -0.819046 0.573728
    outer loop
      vertex -17.0414 -83.1366 20.6408
      vertex -15.7586 -83.1366 20.6408
      vertex -16.4 -83.1076 20.6822
    endloop
  endfacet
  facet normal -0.078348 -0.571821 -0.816628
    outer loop
      vertex -16.4 -87.2034 23.55
      vertex -15.7586 -83.1366 20.6408
      vertex -15.7586 -87.2323 23.5087
    endloop
  endfacet
  facet normal -0.0785631 -0.571789 -0.81663
    outer loop
      vertex -15.7586 -83.1366 20.6408
      vertex -16.4 -87.2034 23.55
      vertex -16.4 -83.1076 20.6822
    endloop
  endfacet
  facet normal -0.000187487 -0.819282 0.573391
    outer loop
      vertex -18.8099 -87.3618 14.6065
      vertex -18.2614 -87.5546 14.3312
      vertex -17.667 -87.6959 14.1295
    endloop
  endfacet
  facet normal 0.382764 0.529883 0.75678
    outer loop
      vertex -18.2614 -91.6504 17.199
      vertex -17.667 -87.6959 14.1295
      vertex -18.2614 -87.5546 14.3312
    endloop
  endfacet
  facet normal 0.382317 0.53004 0.756896
    outer loop
      vertex -17.667 -87.6959 14.1295
      vertex -18.2614 -91.6504 17.199
      vertex -18.1623 -91.6739 17.1654
    endloop
  endfacet
  facet normal -0.99692 0.0449811 0.0642507
    outer loop
      vertex 20.4916 -15.7971 125.529
      vertex 20.5 -11.64 122.749
      vertex 20.4495 -12.0079 122.223
    endloop
  endfacet
  facet normal -0.9969 0.0451211 0.0644601
    outer loop
      vertex 20.5 -11.64 122.749
      vertex 20.4916 -15.7971 125.529
      vertex 20.5 -15.7358 125.616
    endloop
  endfacet
  facet normal 0 -0.819186 0.573528
    outer loop
      vertex 12.3 -11.64 122.749
      vertex 16.4 -13.9917 119.39
      vertex 20.5 -11.64 122.749
    endloop
  endfacet
  facet normal 0.078057 -0.571837 -0.816645
    outer loop
      vertex 15.7586 -9.31729 126.066
      vertex 16.4 -13.3841 128.975
      vertex 15.7586 -13.4131 128.934
    endloop
  endfacet
  facet normal 0.0780127 -0.571844 -0.816645
    outer loop
      vertex 16.4 -13.3841 128.975
      vertex 15.7586 -9.31729 126.066
      vertex 16.4 -9.28834 126.107
    endloop
  endfacet
  facet normal -0.996913 0.0450325 0.0643095
    outer loop
      vertex 20.4495 -12.0079 122.223
      vertex 20.4495 -16.1036 125.091
      vertex 20.4916 -15.7971 125.529
    endloop
  endfacet
  facet normal 0.00561378 -0.819692 0.572778
    outer loop
      vertex 20.2993 -12.3667 121.711
      vertex 20.4495 -12.0079 122.223
      vertex 20.5 -11.64 122.749
    endloop
  endfacet
  facet normal 0.52306 -0.488758 -0.698229
    outer loop
      vertex 13.9901 -9.73747 125.466
      vertex 14.0815 -13.8011 128.379
      vertex 13.9901 -13.8332 128.333
    endloop
  endfacet
  facet normal 0.522201 -0.489078 -0.698648
    outer loop
      vertex 14.0815 -13.8011 128.379
      vertex 13.9901 -9.73747 125.466
      vertex 14.5386 -9.54466 125.741
    endloop
  endfacet
  facet normal 0.996914 -0.0450165 -0.0643106
    outer loop
      vertex 12.3 -11.64 122.749
      vertex 12.3421 -15.4292 126.054
      vertex 12.3 -15.7358 125.616
    endloop
  endfacet
  facet normal 0.996947 -0.0447891 -0.0639634
    outer loop
      vertex 12.3421 -15.4292 126.054
      vertex 12.3505 -11.2721 123.274
      vertex 12.3505 -15.3679 126.142
    endloop
  endfacet
  facet normal 0.996912 -0.0450365 -0.0643335
    outer loop
      vertex 12.3505 -11.2721 123.274
      vertex 12.3421 -15.4292 126.054
      vertex 12.3 -11.64 122.749
    endloop
  endfacet
  facet normal 0 -0.819313 0.573347
    outer loop
      vertex 13.5009 -9.97713 125.123
      vertex 18.2614 -9.54466 125.741
      vertex 14.5386 -9.54466 125.741
    endloop
  endfacet
  facet normal 0 -0.819313 0.573347
    outer loop
      vertex 18.2614 -9.54466 125.741
      vertex 13.5009 -9.97713 125.123
      vertex 19.2991 -9.97713 125.123
    endloop
  endfacet
  facet normal 0.078057 0.571838 0.816644
    outer loop
      vertex 15.7586 -18.0585 122.299
      vertex 16.4 -13.9917 119.39
      vertex 15.7586 -13.9627 119.431
    endloop
  endfacet
  facet normal 0.0779683 0.571852 0.816643
    outer loop
      vertex 16.4 -13.9917 119.39
      vertex 15.7586 -18.0585 122.299
      vertex 16.4 -18.0874 122.258
    endloop
  endfacet
  facet normal -0.000208297 -0.8193 0.573366
    outer loop
      vertex 13.083 -13.0223 120.774
      vertex 13.9901 -13.5425 120.031
      vertex 16.4 -13.9917 119.39
    endloop
  endfacet
  facet normal -0.00148143 -0.81941 0.573207
    outer loop
      vertex 19.2991 -9.97713 125.123
      vertex 20.5 -11.64 122.749
      vertex 19.717 -10.2577 124.723
    endloop
  endfacet
  facet normal -0.923898 0.219478 0.313437
    outer loop
      vertex 20.0531 -12.7076 121.224
      vertex 20.2993 -16.4625 124.579
      vertex 20.2993 -12.3667 121.711
    endloop
  endfacet
  facet normal -0.923898 0.219478 0.313437
    outer loop
      vertex 20.2993 -16.4625 124.579
      vertex 20.0531 -12.7076 121.224
      vertex 20.0531 -16.8034 124.092
    endloop
  endfacet
  facet normal 0.000208297 -0.8193 0.573366
    outer loop
      vertex 16.4 -13.9917 119.39
      vertex 18.8099 -13.5425 120.031
      vertex 19.717 -13.0223 120.774
    endloop
  endfacet
  facet normal 0.000219056 -0.819312 0.573348
    outer loop
      vertex 16.4 -13.9917 119.39
      vertex 19.717 -13.0223 120.774
      vertex 20.5 -11.64 122.749
    endloop
  endfacet
  facet normal 0.00348614 -0.822048 0.569407
    outer loop
      vertex 13.5009 -9.97713 125.123
      vertex 14.5386 -9.54466 125.741
      vertex 13.9901 -9.73747 125.466
    endloop
  endfacet
  facet normal 0 -0.819058 0.57371
    outer loop
      vertex 12.3 -11.64 122.749
      vertex 19.2991 -9.97713 125.123
      vertex 13.5009 -9.97713 125.123
    endloop
  endfacet
  facet normal 0 -0.819058 0.57371
    outer loop
      vertex 19.2991 -9.97713 125.123
      vertex 12.3 -11.64 122.749
      vertex 20.5 -11.64 122.749
    endloop
  endfacet
  facet normal -0.00226147 -0.818692 0.574228
    outer loop
      vertex 12.5007 -10.9133 123.786
      vertex 13.083 -10.2577 124.723
      vertex 12.7469 -10.5724 124.273
    endloop
  endfacet
  facet normal 0.523132 -0.488847 -0.698113
    outer loop
      vertex 14.0815 -13.8011 128.379
      vertex 14.5386 -9.54466 125.741
      vertex 14.5386 -13.6404 128.609
    endloop
  endfacet
  facet normal -0.923898 -0.219481 -0.313434
    outer loop
      vertex 20.2993 -10.9133 123.786
      vertex 20.0531 -14.6681 127.141
      vertex 20.0531 -10.5724 124.273
    endloop
  endfacet
  facet normal -0.923911 -0.21946 -0.313411
    outer loop
      vertex 20.0531 -14.6681 127.141
      vertex 20.2993 -10.9133 123.786
      vertex 20.2993 -15.0091 126.654
    endloop
  endfacet
  facet normal -0.996914 -0.0450165 -0.0643106
    outer loop
      vertex 20.4579 -15.4292 126.054
      vertex 20.5 -11.64 122.749
      vertex 20.5 -15.7358 125.616
    endloop
  endfacet
  facet normal 0.759952 0.372827 0.532422
    outer loop
      vertex 13.083 -17.118 123.642
      vertex 13.5009 -13.3029 120.374
      vertex 13.083 -13.0223 120.774
    endloop
  endfacet
  facet normal 0.759952 0.372827 0.532422
    outer loop
      vertex 13.5009 -13.3029 120.374
      vertex 13.083 -17.118 123.642
      vertex 13.5009 -17.3986 123.242
    endloop
  endfacet
  facet normal -0.00632282 -0.815521 0.578693
    outer loop
      vertex 18.8099 -13.5425 120.031
      vertex 19.2991 -13.3029 120.374
      vertex 19.717 -13.0223 120.774
    endloop
  endfacet
  facet normal -0.000796948 -0.819122 0.573619
    outer loop
      vertex 19.717 -13.0223 120.774
      vertex 20.2993 -12.3667 121.711
      vertex 20.5 -11.64 122.749
    endloop
  endfacet
  facet normal -0.00226147 -0.818692 0.574228
    outer loop
      vertex 19.717 -13.0223 120.774
      vertex 20.0531 -12.7076 121.224
      vertex 20.2993 -12.3667 121.711
    endloop
  endfacet
  facet normal -0.078057 0.571838 0.816644
    outer loop
      vertex 16.4 -13.9917 119.39
      vertex 17.0414 -18.0585 122.299
      vertex 17.0414 -13.9627 119.431
    endloop
  endfacet
  facet normal -0.0779683 0.571852 0.816643
    outer loop
      vertex 17.0414 -18.0585 122.299
      vertex 16.4 -13.9917 119.39
      vertex 16.4 -18.0874 122.258
    endloop
  endfacet
  facet normal 0.000483516 -0.82028 0.571961
    outer loop
      vertex 16.4 -13.9917 119.39
      vertex 17.667 -13.8766 119.554
      vertex 18.2614 -13.7354 119.756
    endloop
  endfacet
  facet normal 0.759941 -0.37283 -0.532436
    outer loop
      vertex 13.5009 -14.0729 127.991
      vertex 13.083 -10.2577 124.723
      vertex 13.5009 -9.97713 125.123
    endloop
  endfacet
  facet normal 0.76049 -0.372373 -0.531972
    outer loop
      vertex 13.083 -10.2577 124.723
      vertex 13.5009 -14.0729 127.991
      vertex 13.083 -14.3535 127.59
    endloop
  endfacet
  facet normal 0 -0.819575 0.572972
    outer loop
      vertex 14.5386 -9.54466 125.741
      vertex 17.667 -9.40344 125.943
      vertex 15.133 -9.40344 125.943
    endloop
  endfacet
  facet normal 0 -0.819575 0.572972
    outer loop
      vertex 17.667 -9.40344 125.943
      vertex 14.5386 -9.54466 125.741
      vertex 18.2614 -9.54466 125.741
    endloop
  endfacet
  facet normal 0.000312744 -0.818379 0.574679
    outer loop
      vertex 13.9901 -13.5425 120.031
      vertex 14.5386 -13.7354 119.756
      vertex 16.4 -13.9917 119.39
    endloop
  endfacet
  facet normal 0.852919 -0.299368 -0.427678
    outer loop
      vertex 13.083 -14.3535 127.59
      vertex 12.7469 -10.5724 124.273
      vertex 13.083 -10.2577 124.723
    endloop
  endfacet
  facet normal 0.852547 -0.299791 -0.428122
    outer loop
      vertex 12.7469 -10.5724 124.273
      vertex 13.083 -14.3535 127.59
      vertex 12.7469 -14.6681 127.141
    endloop
  endfacet
  facet normal -0.523132 -0.488847 -0.698113
    outer loop
      vertex 18.2614 -9.54466 125.741
      vertex 18.7185 -13.8011 128.379
      vertex 18.2614 -13.6404 128.609
    endloop
  endfacet
  facet normal -0.972334 -0.133987 -0.191348
    outer loop
      vertex 20.4495 -11.2721 123.274
      vertex 20.2993 -15.0091 126.654
      vertex 20.2993 -10.9133 123.786
    endloop
  endfacet
  facet normal -0.972334 -0.133987 -0.191348
    outer loop
      vertex 20.2993 -15.0091 126.654
      vertex 20.4495 -11.2721 123.274
      vertex 20.4495 -15.3679 126.142
    endloop
  endfacet
  facet normal -8.03506e-05 -0.818942 0.573876
    outer loop
      vertex 20.2993 -10.9133 123.786
      vertex 20.5 -11.64 122.749
      vertex 20.4495 -11.2721 123.274
    endloop
  endfacet
  facet normal -0.650001 -0.435792 -0.622562
    outer loop
      vertex 19.2991 -9.97713 125.123
      vertex 18.8099 -13.8332 128.333
      vertex 18.8099 -9.73747 125.466
    endloop
  endfacet
  facet normal -0.649286 -0.436242 -0.622993
    outer loop
      vertex 18.8099 -13.8332 128.333
      vertex 19.2991 -9.97713 125.123
      vertex 19.2991 -14.0729 127.991
    endloop
  endfacet
  facet normal 0.000796948 -0.819122 0.573619
    outer loop
      vertex 12.3 -11.64 122.749
      vertex 12.5007 -12.3667 121.711
      vertex 13.083 -13.0223 120.774
    endloop
  endfacet
  facet normal -0.000219056 -0.819312 0.573348
    outer loop
      vertex 12.3 -11.64 122.749
      vertex 13.083 -13.0223 120.774
      vertex 16.4 -13.9917 119.39
    endloop
  endfacet
  facet normal -0.000483516 -0.82028 0.571961
    outer loop
      vertex 14.5386 -13.7354 119.756
      vertex 15.133 -13.8766 119.554
      vertex 16.4 -13.9917 119.39
    endloop
  endfacet
  facet normal 0.9969 0.0451211 0.0644601
    outer loop
      vertex 12.3084 -15.7971 125.529
      vertex 12.3 -11.64 122.749
      vertex 12.3 -15.7358 125.616
    endloop
  endfacet
  facet normal 0.99692 0.0449811 0.0642507
    outer loop
      vertex 12.3 -11.64 122.749
      vertex 12.3084 -15.7971 125.529
      vertex 12.3505 -12.0079 122.223
    endloop
  endfacet
  facet normal -0.00561378 -0.819692 0.572778
    outer loop
      vertex 12.3 -11.64 122.749
      vertex 12.3505 -12.0079 122.223
      vertex 12.5007 -12.3667 121.711
    endloop
  endfacet
  facet normal 0.923898 0.219478 0.313437
    outer loop
      vertex 12.5007 -16.4625 124.579
      vertex 12.7469 -12.7076 121.224
      vertex 12.5007 -12.3667 121.711
    endloop
  endfacet
  facet normal 0.923898 0.219478 0.313437
    outer loop
      vertex 12.7469 -12.7076 121.224
      vertex 12.5007 -16.4625 124.579
      vertex 12.7469 -16.8034 124.092
    endloop
  endfacet
  facet normal 0.923898 -0.219481 -0.313434
    outer loop
      vertex 12.7469 -14.6681 127.141
      vertex 12.5007 -10.9133 123.786
      vertex 12.7469 -10.5724 124.273
    endloop
  endfacet
  facet normal 0.923911 -0.21946 -0.313411
    outer loop
      vertex 12.5007 -10.9133 123.786
      vertex 12.7469 -14.6681 127.141
      vertex 12.5007 -15.0091 126.654
    endloop
  endfacet
  facet normal 0.00148143 -0.81941 0.573207
    outer loop
      vertex 12.3 -11.64 122.749
      vertex 13.5009 -9.97713 125.123
      vertex 13.083 -10.2577 124.723
    endloop
  endfacet
  facet normal -0.00208866 -0.818743 0.574156
    outer loop
      vertex 12.3 -11.64 122.749
      vertex 13.083 -10.2577 124.723
      vertex 12.5007 -10.9133 123.786
    endloop
  endfacet
  facet normal -0.759941 -0.37283 -0.532436
    outer loop
      vertex 19.717 -10.2577 124.723
      vertex 19.2991 -14.0729 127.991
      vertex 19.2991 -9.97713 125.123
    endloop
  endfacet
  facet normal -0.76049 -0.372373 -0.531972
    outer loop
      vertex 19.2991 -14.0729 127.991
      vertex 19.717 -10.2577 124.723
      vertex 19.717 -14.3535 127.59
    endloop
  endfacet
  facet normal -0.852919 -0.299368 -0.427678
    outer loop
      vertex 20.0531 -10.5724 124.273
      vertex 19.717 -14.3535 127.59
      vertex 19.717 -10.2577 124.723
    endloop
  endfacet
  facet normal -0.852547 -0.299791 -0.428122
    outer loop
      vertex 19.717 -14.3535 127.59
      vertex 20.0531 -10.5724 124.273
      vertex 20.0531 -14.6681 127.141
    endloop
  endfacet
  facet normal 0.650001 -0.435792 -0.622562
    outer loop
      vertex 13.9901 -13.8332 128.333
      vertex 13.5009 -9.97713 125.123
      vertex 13.9901 -9.73747 125.466
    endloop
  endfacet
  facet normal 0.649286 -0.436242 -0.622993
    outer loop
      vertex 13.5009 -9.97713 125.123
      vertex 13.9901 -13.8332 128.333
      vertex 13.5009 -14.0729 127.991
    endloop
  endfacet
  facet normal 0.385253 -0.529063 -0.75609
    outer loop
      vertex 14.5386 -9.54466 125.741
      vertex 15.133 -13.4992 128.811
      vertex 15.034 -13.5227 128.777
    endloop
  endfacet
  facet normal 0.383029 -0.529848 -0.75667
    outer loop
      vertex 15.133 -13.4992 128.811
      vertex 14.5386 -9.54466 125.741
      vertex 15.133 -9.40344 125.943
    endloop
  endfacet
  facet normal 0.382566 -0.52996 -0.756826
    outer loop
      vertex 14.5386 -9.54466 125.741
      vertex 15.034 -13.5227 128.777
      vertex 14.5386 -13.6404 128.609
    endloop
  endfacet
  facet normal 0.000442085 -0.820131 0.572176
    outer loop
      vertex 15.133 -9.40344 125.943
      vertex 16.4 -9.28834 126.107
      vertex 15.7586 -9.31729 126.066
    endloop
  endfacet
  facet normal 0 -0.818528 0.574467
    outer loop
      vertex 15.133 -9.40344 125.943
      vertex 17.667 -9.40344 125.943
      vertex 16.4 -9.28834 126.107
    endloop
  endfacet
  facet normal -0.996912 -0.0450365 -0.0643335
    outer loop
      vertex 20.4579 -15.4292 126.054
      vertex 20.4495 -11.2721 123.274
      vertex 20.5 -11.64 122.749
    endloop
  endfacet
  facet normal -0.996947 -0.0447891 -0.0639634
    outer loop
      vertex 20.4495 -11.2721 123.274
      vertex 20.4579 -15.4292 126.054
      vertex 20.4495 -15.3679 126.142
    endloop
  endfacet
  facet normal -0.383014 0.529857 0.756672
    outer loop
      vertex 17.667 -13.8766 119.554
      vertex 18.2614 -17.8311 122.624
      vertex 18.2614 -13.7354 119.756
    endloop
  endfacet
  facet normal -0.383014 0.529857 0.756672
    outer loop
      vertex 18.2614 -17.8311 122.624
      vertex 17.667 -13.8766 119.554
      vertex 17.667 -17.9723 122.422
    endloop
  endfacet
  facet normal -0.522259 0.489149 0.698555
    outer loop
      vertex 18.2614 -13.7354 119.756
      vertex 18.8099 -17.6383 122.899
      vertex 18.8099 -13.5425 120.031
    endloop
  endfacet
  facet normal -0.522195 0.489179 0.698582
    outer loop
      vertex 18.8099 -17.6383 122.899
      vertex 18.2614 -13.7354 119.756
      vertex 18.2614 -17.8311 122.624
    endloop
  endfacet
  facet normal -0.000312744 -0.818379 0.574679
    outer loop
      vertex 16.4 -13.9917 119.39
      vertex 18.2614 -13.7354 119.756
      vertex 18.8099 -13.5425 120.031
    endloop
  endfacet
  facet normal -0.852919 0.299438 0.427629
    outer loop
      vertex 19.717 -13.0223 120.774
      vertex 20.0531 -16.8034 124.092
      vertex 20.0531 -12.7076 121.224
    endloop
  endfacet
  facet normal -0.852895 0.299466 0.427658
    outer loop
      vertex 20.0531 -16.8034 124.092
      vertex 19.717 -13.0223 120.774
      vertex 19.717 -17.118 123.642
    endloop
  endfacet
  facet normal -0.972334 0.133989 0.191346
    outer loop
      vertex 20.2993 -12.3667 121.711
      vertex 20.4495 -16.1036 125.091
      vertex 20.4495 -12.0079 122.223
    endloop
  endfacet
  facet normal -0.972339 0.133976 0.191331
    outer loop
      vertex 20.4495 -16.1036 125.091
      vertex 20.2993 -12.3667 121.711
      vertex 20.2993 -16.4625 124.579
    endloop
  endfacet
  facet normal 0.00632282 -0.815521 0.578693
    outer loop
      vertex 13.083 -13.0223 120.774
      vertex 13.5009 -13.3029 120.374
      vertex 13.9901 -13.5425 120.031
    endloop
  endfacet
  facet normal 0.383014 0.529857 0.756672
    outer loop
      vertex 14.5386 -17.8311 122.624
      vertex 15.133 -13.8766 119.554
      vertex 14.5386 -13.7354 119.756
    endloop
  endfacet
  facet normal 0.383014 0.529857 0.756672
    outer loop
      vertex 15.133 -13.8766 119.554
      vertex 14.5386 -17.8311 122.624
      vertex 15.133 -17.9723 122.422
    endloop
  endfacet
  facet normal 0.233368 0.55776 0.796519
    outer loop
      vertex 15.133 -17.9723 122.422
      vertex 15.7586 -13.9627 119.431
      vertex 15.133 -13.8766 119.554
    endloop
  endfacet
  facet normal 0.233452 0.557739 0.796509
    outer loop
      vertex 15.7586 -13.9627 119.431
      vertex 15.133 -17.9723 122.422
      vertex 15.7586 -18.0585 122.299
    endloop
  endfacet
  facet normal -0.000568712 -0.820588 0.571519
    outer loop
      vertex 15.133 -13.8766 119.554
      vertex 15.7586 -13.9627 119.431
      vertex 16.4 -13.9917 119.39
    endloop
  endfacet
  facet normal 0.64997 0.435911 0.622511
    outer loop
      vertex 13.5009 -17.3986 123.242
      vertex 13.9901 -13.5425 120.031
      vertex 13.5009 -13.3029 120.374
    endloop
  endfacet
  facet normal 0.650022 0.435879 0.62248
    outer loop
      vertex 13.9901 -13.5425 120.031
      vertex 13.5009 -17.3986 123.242
      vertex 13.9901 -17.6383 122.899
    endloop
  endfacet
  facet normal 0.996913 0.0450325 0.0643095
    outer loop
      vertex 12.3084 -15.7971 125.529
      vertex 12.3505 -16.1036 125.091
      vertex 12.3505 -12.0079 122.223
    endloop
  endfacet
  facet normal 0.972334 0.133989 0.191346
    outer loop
      vertex 12.3505 -16.1036 125.091
      vertex 12.5007 -12.3667 121.711
      vertex 12.3505 -12.0079 122.223
    endloop
  endfacet
  facet normal 0.972339 0.133976 0.191331
    outer loop
      vertex 12.5007 -12.3667 121.711
      vertex 12.3505 -16.1036 125.091
      vertex 12.5007 -16.4625 124.579
    endloop
  endfacet
  facet normal 0.00226147 -0.818692 0.574228
    outer loop
      vertex 12.5007 -12.3667 121.711
      vertex 12.7469 -12.7076 121.224
      vertex 13.083 -13.0223 120.774
    endloop
  endfacet
  facet normal -0.233368 -0.557755 -0.796523
    outer loop
      vertex 17.0414 -13.4131 128.934
      vertex 17.667 -9.40344 125.943
      vertex 17.667 -13.4992 128.811
    endloop
  endfacet
  facet normal -0.23341 -0.557744 -0.796518
    outer loop
      vertex 17.667 -9.40344 125.943
      vertex 17.0414 -13.4131 128.934
      vertex 17.0414 -9.31729 126.066
    endloop
  endfacet
  facet normal 0.00226147 -0.818692 0.574228
    outer loop
      vertex 19.717 -10.2577 124.723
      vertex 20.2993 -10.9133 123.786
      vertex 20.0531 -10.5724 124.273
    endloop
  endfacet
  facet normal 0.00208866 -0.818743 0.574156
    outer loop
      vertex 19.717 -10.2577 124.723
      vertex 20.5 -11.64 122.749
      vertex 20.2993 -10.9133 123.786
    endloop
  endfacet
  facet normal 0.000568712 -0.820588 0.571519
    outer loop
      vertex 16.4 -13.9917 119.39
      vertex 17.0414 -13.9627 119.431
      vertex 17.667 -13.8766 119.554
    endloop
  endfacet
  facet normal -0.233368 0.55776 0.796519
    outer loop
      vertex 17.0414 -13.9627 119.431
      vertex 17.667 -17.9723 122.422
      vertex 17.667 -13.8766 119.554
    endloop
  endfacet
  facet normal -0.233452 0.557739 0.796509
    outer loop
      vertex 17.667 -17.9723 122.422
      vertex 17.0414 -13.9627 119.431
      vertex 17.0414 -18.0585 122.299
    endloop
  endfacet
  facet normal -0.759952 0.372827 0.532422
    outer loop
      vertex 19.2991 -13.3029 120.374
      vertex 19.717 -17.118 123.642
      vertex 19.717 -13.0223 120.774
    endloop
  endfacet
  facet normal -0.759952 0.372827 0.532422
    outer loop
      vertex 19.717 -17.118 123.642
      vertex 19.2991 -13.3029 120.374
      vertex 19.2991 -17.3986 123.242
    endloop
  endfacet
  facet normal -0.64997 0.435911 0.622511
    outer loop
      vertex 18.8099 -13.5425 120.031
      vertex 19.2991 -17.3986 123.242
      vertex 19.2991 -13.3029 120.374
    endloop
  endfacet
  facet normal -0.650022 0.435879 0.62248
    outer loop
      vertex 19.2991 -17.3986 123.242
      vertex 18.8099 -13.5425 120.031
      vertex 18.8099 -17.6383 122.899
    endloop
  endfacet
  facet normal 0.852919 0.299438 0.427629
    outer loop
      vertex 12.7469 -16.8034 124.092
      vertex 13.083 -13.0223 120.774
      vertex 12.7469 -12.7076 121.224
    endloop
  endfacet
  facet normal 0.852895 0.299466 0.427658
    outer loop
      vertex 13.083 -13.0223 120.774
      vertex 12.7469 -16.8034 124.092
      vertex 13.083 -17.118 123.642
    endloop
  endfacet
  facet normal 0.522259 0.489149 0.698555
    outer loop
      vertex 13.9901 -17.6383 122.899
      vertex 14.5386 -13.7354 119.756
      vertex 13.9901 -13.5425 120.031
    endloop
  endfacet
  facet normal 0.522195 0.489179 0.698582
    outer loop
      vertex 14.5386 -13.7354 119.756
      vertex 13.9901 -17.6383 122.899
      vertex 14.5386 -17.8311 122.624
    endloop
  endfacet
  facet normal 8.03506e-05 -0.818942 0.573876
    outer loop
      vertex 12.3 -11.64 122.749
      vertex 12.5007 -10.9133 123.786
      vertex 12.3505 -11.2721 123.274
    endloop
  endfacet
  facet normal 0.972334 -0.133987 -0.191348
    outer loop
      vertex 12.5007 -15.0091 126.654
      vertex 12.3505 -11.2721 123.274
      vertex 12.5007 -10.9133 123.786
    endloop
  endfacet
  facet normal 0.972334 -0.133987 -0.191348
    outer loop
      vertex 12.3505 -11.2721 123.274
      vertex 12.5007 -15.0091 126.654
      vertex 12.3505 -15.3679 126.142
    endloop
  endfacet
  facet normal -0.385253 -0.529063 -0.75609
    outer loop
      vertex 17.667 -13.4992 128.811
      vertex 18.2614 -9.54466 125.741
      vertex 17.766 -13.5227 128.777
    endloop
  endfacet
  facet normal -0.383029 -0.529848 -0.75667
    outer loop
      vertex 18.2614 -9.54466 125.741
      vertex 17.667 -13.4992 128.811
      vertex 17.667 -9.40344 125.943
    endloop
  endfacet
  facet normal -0.382566 -0.52996 -0.756826
    outer loop
      vertex 17.766 -13.5227 128.777
      vertex 18.2614 -9.54466 125.741
      vertex 18.2614 -13.6404 128.609
    endloop
  endfacet
  facet normal 0.233368 -0.557755 -0.796523
    outer loop
      vertex 15.133 -9.40344 125.943
      vertex 15.7586 -13.4131 128.934
      vertex 15.133 -13.4992 128.811
    endloop
  endfacet
  facet normal 0.23341 -0.557744 -0.796518
    outer loop
      vertex 15.7586 -13.4131 128.934
      vertex 15.133 -9.40344 125.943
      vertex 15.7586 -9.31729 126.066
    endloop
  endfacet
  facet normal -0.000442085 -0.820131 0.572176
    outer loop
      vertex 16.4 -9.28834 126.107
      vertex 17.667 -9.40344 125.943
      vertex 17.0414 -9.31729 126.066
    endloop
  endfacet
  facet normal -0.00348614 -0.822048 0.569407
    outer loop
      vertex 18.2614 -9.54466 125.741
      vertex 19.2991 -9.97713 125.123
      vertex 18.8099 -9.73747 125.466
    endloop
  endfacet
  facet normal -0.52306 -0.488758 -0.698229
    outer loop
      vertex 18.7185 -13.8011 128.379
      vertex 18.8099 -9.73747 125.466
      vertex 18.8099 -13.8332 128.333
    endloop
  endfacet
  facet normal -0.522201 -0.489078 -0.698648
    outer loop
      vertex 18.8099 -9.73747 125.466
      vertex 18.7185 -13.8011 128.379
      vertex 18.2614 -9.54466 125.741
    endloop
  endfacet
  facet normal -0.078057 -0.571837 -0.816645
    outer loop
      vertex 16.4 -13.3841 128.975
      vertex 17.0414 -9.31729 126.066
      vertex 17.0414 -13.4131 128.934
    endloop
  endfacet
  facet normal -0.0780127 -0.571844 -0.816645
    outer loop
      vertex 17.0414 -9.31729 126.066
      vertex 16.4 -13.3841 128.975
      vertex 16.4 -9.28834 126.107
    endloop
  endfacet
  facet normal -0.972369 0.1339 0.191232
    outer loop
      vertex 20.2993 -86.186 16.2858
      vertex 20.4495 -89.9229 19.6661
      vertex 20.4495 -85.8272 16.7983
    endloop
  endfacet
  facet normal -0.972362 0.13392 0.191253
    outer loop
      vertex 20.4495 -89.9229 19.6661
      vertex 20.2993 -86.186 16.2858
      vertex 20.2993 -90.2817 19.1537
    endloop
  endfacet
  facet normal 0.000178067 -0.819219 0.573481
    outer loop
      vertex 20.0531 -86.5269 15.7989
      vertex 20.2993 -86.186 16.2858
      vertex 20.4495 -85.8272 16.7983
    endloop
  endfacet
  facet normal 0.522577 0.489026 0.698403
    outer loop
      vertex 13.9901 -87.3618 14.6065
      vertex 13.9901 -91.4576 17.4744
      vertex 14.4472 -91.6183 17.2449
    endloop
  endfacet
  facet normal -0.000361339 -0.819118 0.573624
    outer loop
      vertex 20.0531 -86.5269 15.7989
      vertex 20.4495 -85.8272 16.7983
      vertex 20.4495 -85.0914 17.849
    endloop
  endfacet
  facet normal -0.760349 -0.372537 -0.532058
    outer loop
      vertex 19.2991 -83.7964 19.6985
      vertex 19.6473 -88.126 22.2324
      vertex 19.2991 -87.8922 22.5663
    endloop
  endfacet
  facet normal -0.522565 -0.489038 -0.698404
    outer loop
      vertex 18.2614 -87.4597 23.184
      vertex 18.8099 -83.5568 20.0407
      vertex 18.8099 -87.6525 22.9086
    endloop
  endfacet
  facet normal -0.52263 -0.489007 -0.698377
    outer loop
      vertex 18.8099 -83.5568 20.0407
      vertex 18.2614 -87.4597 23.184
      vertex 18.2614 -83.3639 20.3161
    endloop
  endfacet
  facet normal 0 -0.819232 0.573462
    outer loop
      vertex 15.133 -83.2227 20.5178
      vertex 17.0414 -83.1366 20.6408
      vertex 15.7586 -83.1366 20.6408
    endloop
  endfacet
  facet normal 0 -0.819232 0.573462
    outer loop
      vertex 17.0414 -83.1366 20.6408
      vertex 15.133 -83.2227 20.5178
      vertex 17.667 -83.2227 20.5178
    endloop
  endfacet
  facet normal 0.760328 0.372565 0.532067
    outer loop
      vertex 13.083 -90.9373 18.2174
      vertex 13.5009 -87.1222 14.9488
      vertex 13.083 -86.8416 15.3495
    endloop
  endfacet
  facet normal 0.760328 0.372565 0.532067
    outer loop
      vertex 13.5009 -87.1222 14.9488
      vertex 13.083 -90.9373 18.2174
      vertex 13.5009 -91.2179 17.8167
    endloop
  endfacet
  facet normal 0.972369 -0.133903 -0.19123
    outer loop
      vertex 12.5007 -88.8283 21.2294
      vertex 12.3505 -85.0914 17.849
      vertex 12.5007 -84.7326 18.3615
    endloop
  endfacet
  facet normal 0.972374 -0.13389 -0.191215
    outer loop
      vertex 12.3505 -85.0914 17.849
      vertex 12.5007 -88.8283 21.2294
      vertex 12.3505 -89.1872 20.7169
    endloop
  endfacet
  facet normal 0.000567945 -0.819118 0.573624
    outer loop
      vertex 20.4495 -85.8272 16.7983
      vertex 20.5 -85.4593 17.3236
      vertex 20.4495 -85.0914 17.849
    endloop
  endfacet
  facet normal -0.233452 -0.557726 -0.796518
    outer loop
      vertex 17.0414 -87.2323 23.5087
      vertex 17.667 -83.2227 20.5178
      vertex 17.667 -87.3185 23.3857
    endloop
  endfacet
  facet normal -0.233368 -0.557747 -0.796529
    outer loop
      vertex 17.667 -83.2227 20.5178
      vertex 17.0414 -87.2323 23.5087
      vertex 17.0414 -83.1366 20.6408
    endloop
  endfacet
  facet normal -0.382764 0.529883 0.75678
    outer loop
      vertex 17.667 -87.6959 14.1295
      vertex 18.2614 -91.6504 17.199
      vertex 18.2614 -87.5546 14.3312
    endloop
  endfacet
  facet normal -0.382317 0.53004 0.756896
    outer loop
      vertex 18.2614 -91.6504 17.199
      vertex 17.667 -87.6959 14.1295
      vertex 18.1623 -91.6739 17.1654
    endloop
  endfacet
  facet normal -1.49971e-05 -0.819154 0.573574
    outer loop
      vertex 12.7469 -86.5269 15.7989
      vertex 15.7586 -87.782 14.0065
      vertex 13.5009 -83.7964 19.6985
    endloop
  endfacet
  facet normal 0.522565 -0.489038 -0.698404
    outer loop
      vertex 13.9901 -83.5568 20.0407
      vertex 14.5386 -87.4597 23.184
      vertex 13.9901 -87.6525 22.9086
    endloop
  endfacet
  facet normal 0.52263 -0.489007 -0.698377
    outer loop
      vertex 14.5386 -87.4597 23.184
      vertex 13.9901 -83.5568 20.0407
      vertex 14.5386 -83.3639 20.3161
    endloop
  endfacet
  facet normal 0.233452 -0.557726 -0.796518
    outer loop
      vertex 15.133 -83.2227 20.5178
      vertex 15.7586 -87.2323 23.5087
      vertex 15.133 -87.3185 23.3857
    endloop
  endfacet
  facet normal 0.233368 -0.557747 -0.796529
    outer loop
      vertex 15.7586 -87.2323 23.5087
      vertex 15.133 -83.2227 20.5178
      vertex 15.7586 -83.1366 20.6408
    endloop
  endfacet
  facet normal -0.649582 -0.436074 -0.622802
    outer loop
      vertex 18.8915 -87.6925 22.8516
      vertex 19.2991 -83.7964 19.6985
      vertex 19.2991 -87.8922 22.5663
    endloop
  endfacet
  facet normal -0.972369 -0.133903 -0.19123
    outer loop
      vertex 20.4495 -85.0914 17.849
      vertex 20.2993 -88.8283 21.2294
      vertex 20.2993 -84.7326 18.3615
    endloop
  endfacet
  facet normal -0.972374 -0.13389 -0.191215
    outer loop
      vertex 20.2993 -88.8283 21.2294
      vertex 20.4495 -85.0914 17.849
      vertex 20.4495 -89.1872 20.7169
    endloop
  endfacet
  facet normal -0.996914 0.0450269 0.0643037
    outer loop
      vertex 20.4495 -85.8272 16.7983
      vertex 20.5 -89.555 20.1915
      vertex 20.5 -85.4593 17.3236
    endloop
  endfacet
  facet normal -0.996915 0.0450201 0.0642963
    outer loop
      vertex 20.5 -89.555 20.1915
      vertex 20.4495 -85.8272 16.7983
      vertex 20.4495 -89.9229 19.6661
    endloop
  endfacet
  facet normal 6.40043e-05 -0.819192 0.573519
    outer loop
      vertex 17.0414 -87.782 14.0065
      vertex 18.8099 -87.3618 14.6065
      vertex 20.0531 -86.5269 15.7989
    endloop
  endfacet
  facet normal -0.382632 0.529935 0.75681
    outer loop
      vertex 17.667 -87.6959 14.1295
      vertex 17.667 -91.7916 16.9974
      vertex 18.1623 -91.6739 17.1654
    endloop
  endfacet
  facet normal 0.000178067 -0.819219 0.573481
    outer loop
      vertex 12.3505 -85.0914 17.849
      vertex 12.7469 -84.3917 18.8484
      vertex 12.5007 -84.7326 18.3615
    endloop
  endfacet
  facet normal 0 -0.819046 0.573728
    outer loop
      vertex 15.7586 -87.782 14.0065
      vertex 16.4 -87.811 13.9651
      vertex 17.0414 -87.782 14.0065
    endloop
  endfacet
  facet normal 0.382764 0.529883 0.75678
    outer loop
      vertex 14.5386 -91.6504 17.199
      vertex 15.133 -87.6959 14.1295
      vertex 14.5386 -87.5546 14.3312
    endloop
  endfacet
  facet normal 0.382317 0.53004 0.756896
    outer loop
      vertex 15.133 -87.6959 14.1295
      vertex 14.5386 -91.6504 17.199
      vertex 14.6377 -91.6739 17.1654
    endloop
  endfacet
  facet normal 0.996914 0.0450269 0.0643037
    outer loop
      vertex 12.3 -89.555 20.1915
      vertex 12.3505 -85.8272 16.7983
      vertex 12.3 -85.4593 17.3236
    endloop
  endfacet
  facet normal 0.996915 0.0450201 0.0642963
    outer loop
      vertex 12.3505 -85.8272 16.7983
      vertex 12.3 -89.555 20.1915
      vertex 12.3505 -89.9229 19.6661
    endloop
  endfacet
  facet normal 1.49971e-05 -0.819154 0.573574
    outer loop
      vertex 17.0414 -87.782 14.0065
      vertex 20.0531 -86.5269 15.7989
      vertex 19.2991 -83.7964 19.6985
    endloop
  endfacet
  facet normal -0.000567945 -0.819118 0.573624
    outer loop
      vertex 12.3 -85.4593 17.3236
      vertex 12.3505 -85.8272 16.7983
      vertex 12.3505 -85.0914 17.849
    endloop
  endfacet
  facet normal 0.078348 -0.571821 -0.816628
    outer loop
      vertex 15.7586 -83.1366 20.6408
      vertex 16.4 -87.2034 23.55
      vertex 15.7586 -87.2323 23.5087
    endloop
  endfacet
  facet normal 0.0785631 -0.571789 -0.81663
    outer loop
      vertex 16.4 -87.2034 23.55
      vertex 15.7586 -83.1366 20.6408
      vertex 16.4 -83.1076 20.6822
    endloop
  endfacet
  facet normal -0.382688 -0.529913 -0.756797
    outer loop
      vertex 17.667 -87.3185 23.3857
      vertex 18.2614 -83.3639 20.3161
      vertex 18.2614 -87.4597 23.184
    endloop
  endfacet
  facet normal -0.382688 -0.529913 -0.756797
    outer loop
      vertex 18.2614 -83.3639 20.3161
      vertex 17.667 -87.3185 23.3857
      vertex 17.667 -83.2227 20.5178
    endloop
  endfacet
  facet normal -0.852676 -0.299659 -0.427959
    outer loop
      vertex 20.0531 -84.3917 18.8484
      vertex 19.717 -88.1728 22.1656
      vertex 19.717 -84.077 19.2977
    endloop
  endfacet
  facet normal -0.852652 -0.299686 -0.427988
    outer loop
      vertex 19.717 -88.1728 22.1656
      vertex 20.0531 -84.3917 18.8484
      vertex 20.0531 -88.4874 21.7163
    endloop
  endfacet
  facet normal 0.760349 -0.372537 -0.532058
    outer loop
      vertex 13.1527 -88.126 22.2324
      vertex 13.5009 -83.7964 19.6985
      vertex 13.5009 -87.8922 22.5663
    endloop
  endfacet
  facet normal -0.000330956 -0.818754 0.574144
    outer loop
      vertex 13.9901 -83.5568 20.0407
      vertex 15.133 -83.2227 20.5178
      vertex 14.5386 -83.3639 20.3161
    endloop
  endfacet
  facet normal -0.522577 0.489026 0.698403
    outer loop
      vertex 18.3528 -91.6183 17.2449
      vertex 18.8099 -91.4576 17.4744
      vertex 18.8099 -87.3618 14.6065
    endloop
  endfacet
  facet normal -0.522472 0.489052 0.698463
    outer loop
      vertex 18.2614 -87.5546 14.3312
      vertex 18.3528 -91.6183 17.2449
      vertex 18.8099 -87.3618 14.6065
    endloop
  endfacet
  facet normal -0.522505 0.48904 0.698448
    outer loop
      vertex 18.3528 -91.6183 17.2449
      vertex 18.2614 -87.5546 14.3312
      vertex 18.2614 -91.6504 17.199
    endloop
  endfacet
  facet normal -0.000229334 -0.819049 0.573724
    outer loop
      vertex 18.8099 -87.3618 14.6065
      vertex 19.717 -86.8416 15.3495
      vertex 20.0531 -86.5269 15.7989
    endloop
  endfacet
  facet normal -0.760328 0.372565 0.532067
    outer loop
      vertex 19.2991 -87.1222 14.9488
      vertex 19.717 -90.9373 18.2174
      vertex 19.717 -86.8416 15.3495
    endloop
  endfacet
  facet normal -0.760328 0.372565 0.532067
    outer loop
      vertex 19.717 -90.9373 18.2174
      vertex 19.2991 -87.1222 14.9488
      vertex 19.2991 -91.2179 17.8167
    endloop
  endfacet
  facet normal 0.649582 -0.436074 -0.622802
    outer loop
      vertex 13.5009 -83.7964 19.6985
      vertex 13.9085 -87.6925 22.8516
      vertex 13.5009 -87.8922 22.5663
    endloop
  endfacet
  facet normal 0.649134 -0.436311 -0.623103
    outer loop
      vertex 13.9085 -87.6925 22.8516
      vertex 13.9901 -83.5568 20.0407
      vertex 13.9901 -87.6525 22.9086
    endloop
  endfacet
  facet normal 0.649382 -0.436195 -0.622926
    outer loop
      vertex 13.9901 -83.5568 20.0407
      vertex 13.9085 -87.6925 22.8516
      vertex 13.5009 -83.7964 19.6985
    endloop
  endfacet
  facet normal -0.000124505 -0.819162 0.573561
    outer loop
      vertex 12.3505 -85.0914 17.849
      vertex 12.7469 -86.5269 15.7989
      vertex 12.7469 -84.3917 18.8484
    endloop
  endfacet
  facet normal 0.000361339 -0.819118 0.573624
    outer loop
      vertex 12.3505 -85.8272 16.7983
      vertex 12.7469 -86.5269 15.7989
      vertex 12.3505 -85.0914 17.849
    endloop
  endfacet
  facet normal 0.000127637 -0.818927 0.573898
    outer loop
      vertex 13.9901 -87.3618 14.6065
      vertex 15.133 -87.6959 14.1295
      vertex 15.7586 -87.782 14.0065
    endloop
  endfacet
  facet normal 0 -0.819151 0.573578
    outer loop
      vertex 15.7586 -87.782 14.0065
      vertex 19.2991 -83.7964 19.6985
      vertex 13.5009 -83.7964 19.6985
    endloop
  endfacet
  facet normal 0 -0.819151 0.573578
    outer loop
      vertex 19.2991 -83.7964 19.6985
      vertex 15.7586 -87.782 14.0065
      vertex 17.0414 -87.782 14.0065
    endloop
  endfacet
  facet normal -0.233368 0.557747 0.796529
    outer loop
      vertex 17.0414 -87.782 14.0065
      vertex 17.667 -91.7916 16.9974
      vertex 17.667 -87.6959 14.1295
    endloop
  endfacet
  facet normal -0.233573 0.557697 0.796504
    outer loop
      vertex 17.667 -91.7916 16.9974
      vertex 17.0414 -87.782 14.0065
      vertex 17.0414 -91.8778 16.8743
    endloop
  endfacet
  facet normal -0.649382 -0.436195 -0.622926
    outer loop
      vertex 18.8915 -87.6925 22.8516
      vertex 18.8099 -83.5568 20.0407
      vertex 19.2991 -83.7964 19.6985
    endloop
  endfacet
  facet normal -0.649134 -0.436311 -0.623103
    outer loop
      vertex 18.8099 -83.5568 20.0407
      vertex 18.8915 -87.6925 22.8516
      vertex 18.8099 -87.6525 22.9086
    endloop
  endfacet
  facet normal -0.000127637 -0.818927 0.573898
    outer loop
      vertex 17.0414 -87.782 14.0065
      vertex 17.667 -87.6959 14.1295
      vertex 18.8099 -87.3618 14.6065
    endloop
  endfacet
  facet normal 0.000187487 -0.819282 0.573391
    outer loop
      vertex 17.667 -87.6959 14.1295
      vertex 18.2614 -87.5546 14.3312
      vertex 18.8099 -87.3618 14.6065
    endloop
  endfacet
  facet normal -8.33049e-05 -0.819163 0.573561
    outer loop
      vertex 19.2991 -83.7964 19.6985
      vertex 20.0531 -86.5269 15.7989
      vertex 20.0531 -84.3917 18.8484
    endloop
  endfacet
  facet normal -0.649456 0.436153 0.622879
    outer loop
      vertex 18.8099 -87.3618 14.6065
      vertex 19.2991 -91.2179 17.8167
      vertex 19.2991 -87.1222 14.9488
    endloop
  endfacet
  facet normal -0.649507 0.436121 0.622847
    outer loop
      vertex 19.2991 -91.2179 17.8167
      vertex 18.8099 -87.3618 14.6065
      vertex 18.8099 -91.4576 17.4744
    endloop
  endfacet
  facet normal -0.000643916 -0.81881 0.574064
    outer loop
      vertex 18.8099 -87.3618 14.6065
      vertex 19.2991 -87.1222 14.9488
      vertex 19.717 -86.8416 15.3495
    endloop
  endfacet
  facet normal -0.923879 0.219502 0.313475
    outer loop
      vertex 20.0531 -86.5269 15.7989
      vertex 20.2993 -90.2817 19.1537
      vertex 20.2993 -86.186 16.2858
    endloop
  endfacet
  facet normal -0.923892 0.21948 0.313451
    outer loop
      vertex 20.2993 -90.2817 19.1537
      vertex 20.0531 -86.5269 15.7989
      vertex 20.0531 -90.6227 18.6668
    endloop
  endfacet
  facet normal -0.852711 0.299626 0.427912
    outer loop
      vertex 19.717 -86.8416 15.3495
      vertex 20.0531 -90.6227 18.6668
      vertex 20.0531 -86.5269 15.7989
    endloop
  endfacet
  facet normal -0.852686 0.299654 0.427941
    outer loop
      vertex 20.0531 -90.6227 18.6668
      vertex 19.717 -86.8416 15.3495
      vertex 19.717 -90.9373 18.2174
    endloop
  endfacet
  facet normal -0.000897867 -0.818753 0.574145
    outer loop
      vertex 12.7469 -84.3917 18.8484
      vertex 13.5009 -83.7964 19.6985
      vertex 13.083 -84.077 19.2977
    endloop
  endfacet
  facet normal 8.33049e-05 -0.819163 0.573561
    outer loop
      vertex 12.7469 -86.5269 15.7989
      vertex 13.5009 -83.7964 19.6985
      vertex 12.7469 -84.3917 18.8484
    endloop
  endfacet
  facet normal 0.923879 0.219502 0.313475
    outer loop
      vertex 12.5007 -90.2817 19.1537
      vertex 12.7469 -86.5269 15.7989
      vertex 12.5007 -86.186 16.2858
    endloop
  endfacet
  facet normal 0.923892 0.21948 0.313451
    outer loop
      vertex 12.7469 -86.5269 15.7989
      vertex 12.5007 -90.2817 19.1537
      vertex 12.7469 -90.6227 18.6668
    endloop
  endfacet
  facet normal 0.0785631 0.571789 0.81663
    outer loop
      vertex 15.7586 -91.8778 16.8743
      vertex 16.4 -87.811 13.9651
      vertex 15.7586 -87.782 14.0065
    endloop
  endfacet
  facet normal 0.078348 0.571821 0.816628
    outer loop
      vertex 16.4 -87.811 13.9651
      vertex 15.7586 -91.8778 16.8743
      vertex 16.4 -91.9067 16.833
    endloop
  endfacet
  facet normal 0.382632 0.529935 0.75681
    outer loop
      vertex 14.6377 -91.6739 17.1654
      vertex 15.133 -91.7916 16.9974
      vertex 15.133 -87.6959 14.1295
    endloop
  endfacet
  facet normal 0.852711 0.299626 0.427912
    outer loop
      vertex 12.7469 -90.6227 18.6668
      vertex 13.083 -86.8416 15.3495
      vertex 12.7469 -86.5269 15.7989
    endloop
  endfacet
  facet normal 0.852686 0.299654 0.427941
    outer loop
      vertex 13.083 -86.8416 15.3495
      vertex 12.7469 -90.6227 18.6668
      vertex 13.083 -90.9373 18.2174
    endloop
  endfacet
  facet normal -6.40043e-05 -0.819192 0.573519
    outer loop
      vertex 12.7469 -86.5269 15.7989
      vertex 13.9901 -87.3618 14.6065
      vertex 15.7586 -87.782 14.0065
    endloop
  endfacet
  facet normal -0.000178067 -0.819219 0.573481
    outer loop
      vertex 20.0531 -84.3917 18.8484
      vertex 20.4495 -85.0914 17.849
      vertex 20.2993 -84.7326 18.3615
    endloop
  endfacet
  facet normal 0.000124505 -0.819162 0.573561
    outer loop
      vertex 20.0531 -86.5269 15.7989
      vertex 20.4495 -85.0914 17.849
      vertex 20.0531 -84.3917 18.8484
    endloop
  endfacet
  facet normal 0.382688 -0.529913 -0.756797
    outer loop
      vertex 14.5386 -83.3639 20.3161
      vertex 15.133 -87.3185 23.3857
      vertex 14.5386 -87.4597 23.184
    endloop
  endfacet
  facet normal 0.382688 -0.529913 -0.756797
    outer loop
      vertex 15.133 -87.3185 23.3857
      vertex 14.5386 -83.3639 20.3161
      vertex 15.133 -83.2227 20.5178
    endloop
  endfacet
  facet normal 0.852676 -0.299659 -0.427959
    outer loop
      vertex 13.083 -88.1728 22.1656
      vertex 12.7469 -84.3917 18.8484
      vertex 13.083 -84.077 19.2977
    endloop
  endfacet
  facet normal 0.852652 -0.299686 -0.427988
    outer loop
      vertex 12.7469 -84.3917 18.8484
      vertex 13.083 -88.1728 22.1656
      vertex 12.7469 -88.4874 21.7163
    endloop
  endfacet
  facet normal 0.923879 -0.219502 -0.313475
    outer loop
      vertex 12.7469 -88.4874 21.7163
      vertex 12.5007 -84.7326 18.3615
      vertex 12.7469 -84.3917 18.8484
    endloop
  endfacet
  facet normal 0.923879 -0.219502 -0.313475
    outer loop
      vertex 12.5007 -84.7326 18.3615
      vertex 12.7469 -88.4874 21.7163
      vertex 12.5007 -88.8283 21.2294
    endloop
  endfacet
  facet normal 0.760382 -0.372519 -0.532023
    outer loop
      vertex 13.1527 -88.126 22.2324
      vertex 13.083 -84.077 19.2977
      vertex 13.5009 -83.7964 19.6985
    endloop
  endfacet
  facet normal 0.760227 -0.372627 -0.532169
    outer loop
      vertex 13.083 -84.077 19.2977
      vertex 13.1527 -88.126 22.2324
      vertex 13.083 -88.1728 22.1656
    endloop
  endfacet
  facet normal 0.996915 -0.0450205 -0.0642961
    outer loop
      vertex 12.3505 -89.1872 20.7169
      vertex 12.3 -85.4593 17.3236
      vertex 12.3505 -85.0914 17.849
    endloop
  endfacet
  facet normal 0.996914 -0.0450252 -0.0643013
    outer loop
      vertex 12.3 -85.4593 17.3236
      vertex 12.3505 -89.1872 20.7169
      vertex 12.3 -89.555 20.1915
    endloop
  endfacet
  facet normal 0.000229334 -0.819049 0.573724
    outer loop
      vertex 12.7469 -86.5269 15.7989
      vertex 13.083 -86.8416 15.3495
      vertex 13.9901 -87.3618 14.6065
    endloop
  endfacet
  facet normal 0.233368 0.557747 0.796529
    outer loop
      vertex 15.133 -91.7916 16.9974
      vertex 15.7586 -87.782 14.0065
      vertex 15.133 -87.6959 14.1295
    endloop
  endfacet
  facet normal 0.233573 0.557697 0.796504
    outer loop
      vertex 15.7586 -87.782 14.0065
      vertex 15.133 -91.7916 16.9974
      vertex 15.7586 -91.8778 16.8743
    endloop
  endfacet
  facet normal -0.0785631 0.571789 0.81663
    outer loop
      vertex 16.4 -87.811 13.9651
      vertex 17.0414 -91.8778 16.8743
      vertex 17.0414 -87.782 14.0065
    endloop
  endfacet
  facet normal -0.078348 0.571821 0.816628
    outer loop
      vertex 17.0414 -91.8778 16.8743
      vertex 16.4 -87.811 13.9651
      vertex 16.4 -91.9067 16.833
    endloop
  endfacet
  facet normal 0.972369 0.1339 0.191232
    outer loop
      vertex 12.3505 -89.9229 19.6661
      vertex 12.5007 -86.186 16.2858
      vertex 12.3505 -85.8272 16.7983
    endloop
  endfacet
  facet normal 0.972362 0.13392 0.191253
    outer loop
      vertex 12.5007 -86.186 16.2858
      vertex 12.3505 -89.9229 19.6661
      vertex 12.5007 -90.2817 19.1537
    endloop
  endfacet
  facet normal -0.000178067 -0.819219 0.573481
    outer loop
      vertex 12.3505 -85.8272 16.7983
      vertex 12.5007 -86.186 16.2858
      vertex 12.7469 -86.5269 15.7989
    endloop
  endfacet
  facet normal 0.000643916 -0.81881 0.574064
    outer loop
      vertex 13.083 -86.8416 15.3495
      vertex 13.5009 -87.1222 14.9488
      vertex 13.9901 -87.3618 14.6065
    endloop
  endfacet
  facet normal -0.996915 -0.0450205 -0.0642961
    outer loop
      vertex 20.5 -85.4593 17.3236
      vertex 20.4495 -89.1872 20.7169
      vertex 20.4495 -85.0914 17.849
    endloop
  endfacet
  facet normal -0.996914 -0.0450252 -0.0643013
    outer loop
      vertex 20.4495 -89.1872 20.7169
      vertex 20.5 -85.4593 17.3236
      vertex 20.5 -89.555 20.1915
    endloop
  endfacet
  facet normal 0.000897867 -0.818753 0.574145
    outer loop
      vertex 19.2991 -83.7964 19.6985
      vertex 20.0531 -84.3917 18.8484
      vertex 19.717 -84.077 19.2977
    endloop
  endfacet
  facet normal -0.760382 -0.372519 -0.532023
    outer loop
      vertex 19.717 -84.077 19.2977
      vertex 19.6473 -88.126 22.2324
      vertex 19.2991 -83.7964 19.6985
    endloop
  endfacet
  facet normal -0.760227 -0.372627 -0.532169
    outer loop
      vertex 19.6473 -88.126 22.2324
      vertex 19.717 -84.077 19.2977
      vertex 19.717 -88.1728 22.1656
    endloop
  endfacet
  facet normal 0 -0.819143 0.57359
    outer loop
      vertex 13.5009 -83.7964 19.6985
      vertex 17.667 -83.2227 20.5178
      vertex 15.133 -83.2227 20.5178
    endloop
  endfacet
  facet normal 0 -0.819143 0.57359
    outer loop
      vertex 17.667 -83.2227 20.5178
      vertex 13.5009 -83.7964 19.6985
      vertex 19.2991 -83.7964 19.6985
    endloop
  endfacet
  facet normal 8.23879e-05 -0.81922 0.57348
    outer loop
      vertex 13.5009 -83.7964 19.6985
      vertex 15.133 -83.2227 20.5178
      vertex 13.9901 -83.5568 20.0407
    endloop
  endfacet
  facet normal -8.23879e-05 -0.81922 0.57348
    outer loop
      vertex 17.667 -83.2227 20.5178
      vertex 19.2991 -83.7964 19.6985
      vertex 18.8099 -83.5568 20.0407
    endloop
  endfacet
  facet normal 0.000330956 -0.818754 0.574144
    outer loop
      vertex 17.667 -83.2227 20.5178
      vertex 18.8099 -83.5568 20.0407
      vertex 18.2614 -83.3639 20.3161
    endloop
  endfacet
  facet normal -0.000187487 -0.819282 0.573391
    outer loop
      vertex 13.9901 -87.3618 14.6065
      vertex 14.5386 -87.5546 14.3312
      vertex 15.133 -87.6959 14.1295
    endloop
  endfacet
  facet normal 0.522505 0.48904 0.698448
    outer loop
      vertex 14.5386 -87.5546 14.3312
      vertex 14.4472 -91.6183 17.2449
      vertex 14.5386 -91.6504 17.199
    endloop
  endfacet
  facet normal 0.522472 0.489052 0.698463
    outer loop
      vertex 14.4472 -91.6183 17.2449
      vertex 14.5386 -87.5546 14.3312
      vertex 13.9901 -87.3618 14.6065
    endloop
  endfacet
  facet normal -0.923879 -0.219502 -0.313475
    outer loop
      vertex 20.2993 -84.7326 18.3615
      vertex 20.0531 -88.4874 21.7163
      vertex 20.0531 -84.3917 18.8484
    endloop
  endfacet
  facet normal -0.923879 -0.219502 -0.313475
    outer loop
      vertex 20.0531 -88.4874 21.7163
      vertex 20.2993 -84.7326 18.3615
      vertex 20.2993 -88.8283 21.2294
    endloop
  endfacet
  facet normal 0.649456 0.436153 0.622879
    outer loop
      vertex 13.5009 -91.2179 17.8167
      vertex 13.9901 -87.3618 14.6065
      vertex 13.5009 -87.1222 14.9488
    endloop
  endfacet
  facet normal 0.649507 0.436121 0.622847
    outer loop
      vertex 13.9901 -87.3618 14.6065
      vertex 13.5009 -91.2179 17.8167
      vertex 13.9901 -91.4576 17.4744
    endloop
  endfacet
  facet normal 0 -0.819046 0.573728
    outer loop
      vertex 15.7586 -83.1366 20.6408
      vertex 17.0414 -83.1366 20.6408
      vertex 16.4 -83.1076 20.6822
    endloop
  endfacet
  facet normal -0.078348 -0.571821 -0.816628
    outer loop
      vertex 16.4 -87.2034 23.55
      vertex 17.0414 -83.1366 20.6408
      vertex 17.0414 -87.2323 23.5087
    endloop
  endfacet
  facet normal -0.0785631 -0.571789 -0.81663
    outer loop
      vertex 17.0414 -83.1366 20.6408
      vertex 16.4 -87.2034 23.55
      vertex 16.4 -83.1076 20.6822
    endloop
  endfacet
  facet normal 0 0.57353 0.819184
    outer loop
      vertex -8.4 -82.4189 24.4727
      vertex -24.4 -82.4189 24.4727
      vertex -8.4 -83.2299 25.0405
    endloop
  endfacet
  facet normal 0 0.57353 0.819184
    outer loop
      vertex 24.4 -82.4189 24.4727
      vertex 8.4 -82.4189 24.4727
      vertex 24.4 -83.2299 25.0405
    endloop
  endfacet
  facet normal -0 0.573574 0.819154
    outer loop
      vertex 24.4 -83.2299 25.0405
      vertex 74.175 -85.1959 26.4171
      vertex 74.175 -83.2299 25.0405
    endloop
  endfacet
  facet normal -0 0.57353 0.819184
    outer loop
      vertex 8.4 -83.2299 25.0405
      vertex 24.4 -83.2299 25.0405
      vertex 8.4 -82.4189 24.4727
    endloop
  endfacet
  facet normal -0 0.573574 0.819154
    outer loop
      vertex 8.4 -83.2299 25.0405
      vertex 74.175 -85.1959 26.4171
      vertex 24.4 -83.2299 25.0405
    endloop
  endfacet
  facet normal -0 0.573574 0.819154
    outer loop
      vertex -8.4 -83.2299 25.0405
      vertex 74.175 -85.1959 26.4171
      vertex 8.4 -83.2299 25.0405
    endloop
  endfacet
  facet normal -0 0.57353 0.819184
    outer loop
      vertex -24.4 -83.2299 25.0405
      vertex -8.4 -83.2299 25.0405
      vertex -24.4 -82.4189 24.4727
    endloop
  endfacet
  facet normal 0 0.573574 0.819154
    outer loop
      vertex -74.175 -85.1959 26.4171
      vertex -8.4 -83.2299 25.0405
      vertex -24.4 -83.2299 25.0405
    endloop
  endfacet
  facet normal 0 0.573574 0.819154
    outer loop
      vertex -74.175 -85.1959 26.4171
      vertex -24.4 -83.2299 25.0405
      vertex -74.175 -83.2299 25.0405
    endloop
  endfacet
  facet normal 0 0.573574 0.819154
    outer loop
      vertex -8.4 -83.2299 25.0405
      vertex -74.175 -85.1959 26.4171
      vertex 74.175 -85.1959 26.4171
    endloop
  endfacet
  facet normal 1 0 0
    outer loop
      vertex -74.175 -85.1959 26.4171
      vertex -74.175 -18.3717 117.668
      vertex -74.175 -20.0949 119.391
    endloop
  endfacet
  facet normal 1 0 0
    outer loop
      vertex -74.175 -18.3717 117.668
      vertex -74.175 -85.1959 26.4171
      vertex -74.175 -83.2299 25.0405
    endloop
  endfacet
  facet normal 0 -0.819103 0.573647
    outer loop
      vertex -24.4 -82.4108 24.4669
      vertex -8.4 -82.1813 24.7946
      vertex -24.4 -82.1813 24.7946
    endloop
  endfacet
  facet normal 0 -0.819103 0.573647
    outer loop
      vertex -8.4 -82.1813 24.7946
      vertex -24.4 -82.4108 24.4669
      vertex -8.4 -82.4108 24.4669
    endloop
  endfacet
  facet normal 0 -0.819103 0.573647
    outer loop
      vertex 8.4 -82.4108 24.4669
      vertex 24.4 -82.1813 24.7946
      vertex 8.4 -82.1813 24.7946
    endloop
  endfacet
  facet normal 0 -0.819103 0.573647
    outer loop
      vertex 24.4 -82.1813 24.7946
      vertex 8.4 -82.4108 24.4669
      vertex 24.4 -82.4108 24.4669
    endloop
  endfacet
  facet normal 0 -0.819583 0.572961
    outer loop
      vertex -24.4 -17.8837 116.621
      vertex -8.4 -17.6537 116.95
      vertex -24.4 -17.6537 116.95
    endloop
  endfacet
  facet normal 0 -0.819583 0.572961
    outer loop
      vertex -8.4 -17.6537 116.95
      vertex -24.4 -17.8837 116.621
      vertex -8.4 -17.8837 116.621
    endloop
  endfacet
  facet normal 0 -0.819583 0.572961
    outer loop
      vertex 8.4 -17.8837 116.621
      vertex 24.4 -17.6537 116.95
      vertex 8.4 -17.6537 116.95
    endloop
  endfacet
  facet normal 0 -0.819583 0.572961
    outer loop
      vertex 24.4 -17.6537 116.95
      vertex 8.4 -17.8837 116.621
      vertex 24.4 -17.8837 116.621
    endloop
  endfacet
  facet normal -0 0.582187 0.813055
    outer loop
      vertex -24.4 -82.4108 24.4669
      vertex -8.4 -82.4189 24.4727
      vertex -8.4 -82.4108 24.4669
    endloop
  endfacet
  facet normal 0 0.582187 0.813055
    outer loop
      vertex -8.4 -82.4189 24.4727
      vertex -24.4 -82.4108 24.4669
      vertex -24.4 -82.4189 24.4727
    endloop
  endfacet
  facet normal -0 0.582187 0.813055
    outer loop
      vertex 8.4 -82.4108 24.4669
      vertex 24.4 -82.4189 24.4727
      vertex 24.4 -82.4108 24.4669
    endloop
  endfacet
  facet normal 0 0.582187 0.813055
    outer loop
      vertex 24.4 -82.4189 24.4727
      vertex 8.4 -82.4108 24.4669
      vertex 8.4 -82.4189 24.4727
    endloop
  endfacet
  facet normal 0 -0.707066 -0.707148
    outer loop
      vertex 74.175 -20.0949 119.391
      vertex 24.4 -18.3717 117.668
      vertex 74.175 -18.3717 117.668
    endloop
  endfacet
  facet normal -0 -0.707107 -0.707107
    outer loop
      vertex 24.4 -18.3717 117.668
      vertex 8.4 -18.3717 117.668
      vertex 24.4 -17.6537 116.95
    endloop
  endfacet
  facet normal 0 -0.707066 -0.707148
    outer loop
      vertex 74.175 -20.0949 119.391
      vertex 8.4 -18.3717 117.668
      vertex 24.4 -18.3717 117.668
    endloop
  endfacet
  facet normal 0 -0.707066 -0.707148
    outer loop
      vertex 74.175 -20.0949 119.391
      vertex -8.4 -18.3717 117.668
      vertex 8.4 -18.3717 117.668
    endloop
  endfacet
  facet normal -0 -0.707107 -0.707107
    outer loop
      vertex -8.4 -18.3717 117.668
      vertex -24.4 -18.3717 117.668
      vertex -8.4 -17.6537 116.95
    endloop
  endfacet
  facet normal 0 -0.707066 -0.707148
    outer loop
      vertex -74.175 -20.0949 119.391
      vertex -8.4 -18.3717 117.668
      vertex 74.175 -20.0949 119.391
    endloop
  endfacet
  facet normal -0 -0.707066 -0.707148
    outer loop
      vertex -8.4 -18.3717 117.668
      vertex -74.175 -20.0949 119.391
      vertex -24.4 -18.3717 117.668
    endloop
  endfacet
  facet normal -0 -0.707066 -0.707148
    outer loop
      vertex -24.4 -18.3717 117.668
      vertex -74.175 -20.0949 119.391
      vertex -74.175 -18.3717 117.668
    endloop
  endfacet
  facet normal -0 -0.707107 -0.707107
    outer loop
      vertex 24.4 -17.6537 116.95
      vertex 8.4 -18.3717 117.668
      vertex 8.4 -17.6537 116.95
    endloop
  endfacet
  facet normal -0 -0.707107 -0.707107
    outer loop
      vertex -8.4 -17.6537 116.95
      vertex -24.4 -18.3717 117.668
      vertex -24.4 -17.6537 116.95
    endloop
  endfacet
  facet normal -1 0 0
    outer loop
      vertex 74.175 -85.1959 26.4171
      vertex 74.175 -18.3717 117.668
      vertex 74.175 -83.2299 25.0405
    endloop
  endfacet
  facet normal -1 -0 0
    outer loop
      vertex 74.175 -18.3717 117.668
      vertex 74.175 -85.1959 26.4171
      vertex 74.175 -20.0949 119.391
    endloop
  endfacet
  facet normal -0.38267 -0.923885 0
    outer loop
      vertex 3.39919 -9.53838 1.88128e-06
      vertex 4.99389 -10.1989 1.60001
      vertex 3.39919 -9.53838 1.60001
    endloop
  endfacet
  facet normal -0.38267 -0.923885 -0
    outer loop
      vertex 4.99389 -10.1989 1.60001
      vertex 3.39919 -9.53838 1.88128e-06
      vertex 4.99389 -10.1989 1.88128e-06
    endloop
  endfacet
  facet normal -0.972363 0.233474 0
    outer loop
      vertex 10.4616 -23.3992 1.88128e-06
      vertex 10.8646 -21.7208 1.60001
      vertex 10.8646 -21.7208 1.88128e-06
    endloop
  endfacet
  facet normal -0.972363 0.233474 0
    outer loop
      vertex 10.8646 -21.7208 1.60001
      vertex 10.4616 -23.3992 1.88128e-06
      vertex 10.4616 -23.3992 1.60001
    endloop
  endfacet
  facet normal -0.996919 0.0784419 0
    outer loop
      vertex 10.8646 -21.7208 1.88128e-06
      vertex 11 -20 1.60001
      vertex 11 -20 1.88128e-06
    endloop
  endfacet
  facet normal -0.996919 0.0784419 0
    outer loop
      vertex 11 -20 1.60001
      vertex 10.8646 -21.7208 1.88128e-06
      vertex 10.8646 -21.7208 1.60001
    endloop
  endfacet
  facet normal 0.923883 0.382675 0
    outer loop
      vertex -9.80107 -24.9939 1.60001
      vertex -10.4616 -23.3992 1.88128e-06
      vertex -10.4616 -23.3992 1.60001
    endloop
  endfacet
  facet normal 0.923883 0.382675 0
    outer loop
      vertex -10.4616 -23.3992 1.88128e-06
      vertex -9.80107 -24.9939 1.60001
      vertex -9.80107 -24.9939 1.88128e-06
    endloop
  endfacet
  facet normal 0.382661 0.923889 -0
    outer loop
      vertex -3.39919 -30.4616 1.88128e-06
      vertex -4.99389 -29.8011 1.60001
      vertex -3.39919 -30.4616 1.60001
    endloop
  endfacet
  facet normal 0.382661 0.923889 0
    outer loop
      vertex -4.99389 -29.8011 1.60001
      vertex -3.39919 -30.4616 1.88128e-06
      vertex -4.99389 -29.8011 1.88128e-06
    endloop
  endfacet
  facet normal -0.0784428 0.996919 0
    outer loop
      vertex 1.72078 -30.8646 1.88128e-06
      vertex 0 -31 1.60001
      vertex 1.72078 -30.8646 1.60001
    endloop
  endfacet
  facet normal -0.0784428 0.996919 0
    outer loop
      vertex 0 -31 1.60001
      vertex 1.72078 -30.8646 1.88128e-06
      vertex 0 -31 1.88128e-06
    endloop
  endfacet
  facet normal 0.233445 -0.97237 0
    outer loop
      vertex -3.39919 -9.53838 1.88128e-06
      vertex -1.72078 -9.13543 1.60001
      vertex -3.39919 -9.53838 1.60001
    endloop
  endfacet
  facet normal 0.233445 -0.97237 0
    outer loop
      vertex -1.72078 -9.13543 1.60001
      vertex -3.39919 -9.53838 1.88128e-06
      vertex -1.72078 -9.13543 1.88128e-06
    endloop
  endfacet
  facet normal -0.649446 0.760408 0
    outer loop
      vertex 7.77817 -27.7782 1.88128e-06
      vertex 6.46564 -28.8992 1.60001
      vertex 7.77817 -27.7782 1.60001
    endloop
  endfacet
  facet normal -0.649446 0.760408 0
    outer loop
      vertex 6.46564 -28.8992 1.60001
      vertex 7.77817 -27.7782 1.88128e-06
      vertex 6.46564 -28.8992 1.88128e-06
    endloop
  endfacet
  facet normal 0.923883 -0.382675 0
    outer loop
      vertex -10.4616 -16.6008 1.60001
      vertex -9.80107 -15.0061 1.88128e-06
      vertex -9.80107 -15.0061 1.60001
    endloop
  endfacet
  facet normal 0.923883 -0.382675 0
    outer loop
      vertex -9.80107 -15.0061 1.88128e-06
      vertex -10.4616 -16.6008 1.60001
      vertex -10.4616 -16.6008 1.88128e-06
    endloop
  endfacet
  facet normal 0.233472 0.972363 -0
    outer loop
      vertex -1.72078 -30.8646 1.88128e-06
      vertex -3.39919 -30.4616 1.60001
      vertex -1.72078 -30.8646 1.60001
    endloop
  endfacet
  facet normal 0.233472 0.972363 0
    outer loop
      vertex -3.39919 -30.4616 1.60001
      vertex -1.72078 -30.8646 1.88128e-06
      vertex -3.39919 -30.4616 1.88128e-06
    endloop
  endfacet
  facet normal 0.649446 0.760408 -0
    outer loop
      vertex -6.46564 -28.8992 1.88128e-06
      vertex -7.77817 -27.7782 1.60001
      vertex -6.46564 -28.8992 1.60001
    endloop
  endfacet
  facet normal 0.649446 0.760408 0
    outer loop
      vertex -7.77817 -27.7782 1.60001
      vertex -6.46564 -28.8992 1.88128e-06
      vertex -7.77817 -27.7782 1.88128e-06
    endloop
  endfacet
  facet normal -0.923883 -0.382675 0
    outer loop
      vertex 10.4616 -16.6008 1.88128e-06
      vertex 9.80107 -15.0061 1.60001
      vertex 9.80107 -15.0061 1.88128e-06
    endloop
  endfacet
  facet normal -0.923883 -0.382675 0
    outer loop
      vertex 9.80107 -15.0061 1.60001
      vertex 10.4616 -16.6008 1.88128e-06
      vertex 10.4616 -16.6008 1.60001
    endloop
  endfacet
  facet normal 0.972363 0.233474 0
    outer loop
      vertex -10.4616 -23.3992 1.60001
      vertex -10.8646 -21.7208 1.88128e-06
      vertex -10.8646 -21.7208 1.60001
    endloop
  endfacet
  facet normal 0.972363 0.233474 0
    outer loop
      vertex -10.8646 -21.7208 1.88128e-06
      vertex -10.4616 -23.3992 1.60001
      vertex -10.4616 -23.3992 1.88128e-06
    endloop
  endfacet
  facet normal -0.233445 -0.97237 0
    outer loop
      vertex 1.72078 -9.13543 1.88128e-06
      vertex 3.39919 -9.53838 1.60001
      vertex 1.72078 -9.13543 1.60001
    endloop
  endfacet
  facet normal -0.233445 -0.97237 -0
    outer loop
      vertex 3.39919 -9.53838 1.60001
      vertex 1.72078 -9.13543 1.88128e-06
      vertex 3.39919 -9.53838 1.88128e-06
    endloop
  endfacet
  facet normal 0.760419 0.649433 0
    outer loop
      vertex -7.77817 -27.7782 1.60001
      vertex -8.89919 -26.4656 1.88128e-06
      vertex -8.89919 -26.4656 1.60001
    endloop
  endfacet
  facet normal 0.760419 0.649433 0
    outer loop
      vertex -8.89919 -26.4656 1.88128e-06
      vertex -7.77817 -27.7782 1.60001
      vertex -7.77817 -27.7782 1.88128e-06
    endloop
  endfacet
  facet normal 0.852635 0.522507 0
    outer loop
      vertex -8.89919 -26.4656 1.60001
      vertex -9.80107 -24.9939 1.88128e-06
      vertex -9.80107 -24.9939 1.60001
    endloop
  endfacet
  facet normal 0.852635 0.522507 0
    outer loop
      vertex -9.80107 -24.9939 1.88128e-06
      vertex -8.89919 -26.4656 1.60001
      vertex -8.89919 -26.4656 1.88128e-06
    endloop
  endfacet
  facet normal -0.522503 -0.852637 0
    outer loop
      vertex 4.99389 -10.1989 1.88128e-06
      vertex 6.46564 -11.1008 1.60001
      vertex 4.99389 -10.1989 1.60001
    endloop
  endfacet
  facet normal -0.522503 -0.852637 -0
    outer loop
      vertex 6.46564 -11.1008 1.60001
      vertex 4.99389 -10.1989 1.88128e-06
      vertex 6.46564 -11.1008 1.88128e-06
    endloop
  endfacet
  facet normal -0.760419 -0.649433 0
    outer loop
      vertex 8.89919 -13.5344 1.88128e-06
      vertex 7.77817 -12.2218 1.60001
      vertex 7.77817 -12.2218 1.88128e-06
    endloop
  endfacet
  facet normal -0.760419 -0.649433 0
    outer loop
      vertex 7.77817 -12.2218 1.60001
      vertex 8.89919 -13.5344 1.88128e-06
      vertex 8.89919 -13.5344 1.60001
    endloop
  endfacet
  facet normal 0.522503 -0.852637 0
    outer loop
      vertex -6.46564 -11.1008 1.88128e-06
      vertex -4.99389 -10.1989 1.60001
      vertex -6.46564 -11.1008 1.60001
    endloop
  endfacet
  facet normal 0.522503 -0.852637 0
    outer loop
      vertex -4.99389 -10.1989 1.60001
      vertex -6.46564 -11.1008 1.88128e-06
      vertex -4.99389 -10.1989 1.88128e-06
    endloop
  endfacet
  facet normal 0.996919 0.0784419 0
    outer loop
      vertex -10.8646 -21.7208 1.60001
      vertex -11 -20 1.88128e-06
      vertex -11 -20 1.60001
    endloop
  endfacet
  facet normal 0.996919 0.0784419 0
    outer loop
      vertex -11 -20 1.88128e-06
      vertex -10.8646 -21.7208 1.60001
      vertex -10.8646 -21.7208 1.88128e-06
    endloop
  endfacet
  facet normal 0.972363 -0.233474 0
    outer loop
      vertex -10.8646 -18.2792 1.60001
      vertex -10.4616 -16.6008 1.88128e-06
      vertex -10.4616 -16.6008 1.60001
    endloop
  endfacet
  facet normal 0.972363 -0.233474 0
    outer loop
      vertex -10.4616 -16.6008 1.88128e-06
      vertex -10.8646 -18.2792 1.60001
      vertex -10.8646 -18.2792 1.88128e-06
    endloop
  endfacet
  facet normal 0.852635 -0.522507 0
    outer loop
      vertex -9.80107 -15.0061 1.60001
      vertex -8.89919 -13.5344 1.88128e-06
      vertex -8.89919 -13.5344 1.60001
    endloop
  endfacet
  facet normal 0.852635 -0.522507 0
    outer loop
      vertex -8.89919 -13.5344 1.88128e-06
      vertex -9.80107 -15.0061 1.60001
      vertex -9.80107 -15.0061 1.88128e-06
    endloop
  endfacet
  facet normal -0.233472 0.972363 0
    outer loop
      vertex 3.39919 -30.4616 1.88128e-06
      vertex 1.72078 -30.8646 1.60001
      vertex 3.39919 -30.4616 1.60001
    endloop
  endfacet
  facet normal -0.233472 0.972363 0
    outer loop
      vertex 1.72078 -30.8646 1.60001
      vertex 3.39919 -30.4616 1.88128e-06
      vertex 1.72078 -30.8646 1.88128e-06
    endloop
  endfacet
  facet normal -0.760419 0.649433 0
    outer loop
      vertex 7.77817 -27.7782 1.88128e-06
      vertex 8.89919 -26.4656 1.60001
      vertex 8.89919 -26.4656 1.88128e-06
    endloop
  endfacet
  facet normal -0.760419 0.649433 0
    outer loop
      vertex 8.89919 -26.4656 1.60001
      vertex 7.77817 -27.7782 1.88128e-06
      vertex 7.77817 -27.7782 1.60001
    endloop
  endfacet
  facet normal 0.38267 -0.923885 0
    outer loop
      vertex -4.99389 -10.1989 1.88128e-06
      vertex -3.39919 -9.53838 1.60001
      vertex -4.99389 -10.1989 1.60001
    endloop
  endfacet
  facet normal 0.38267 -0.923885 0
    outer loop
      vertex -3.39919 -9.53838 1.60001
      vertex -4.99389 -10.1989 1.88128e-06
      vertex -3.39919 -9.53838 1.88128e-06
    endloop
  endfacet
  facet normal -0.0784601 -0.996917 0
    outer loop
      vertex 0 -9 1.88128e-06
      vertex 1.72078 -9.13543 1.60001
      vertex 0 -9 1.60001
    endloop
  endfacet
  facet normal -0.0784601 -0.996917 -0
    outer loop
      vertex 1.72078 -9.13543 1.60001
      vertex 0 -9 1.88128e-06
      vertex 1.72078 -9.13543 1.88128e-06
    endloop
  endfacet
  facet normal 0.0784601 -0.996917 0
    outer loop
      vertex -1.72078 -9.13543 1.88128e-06
      vertex 0 -9 1.60001
      vertex -1.72078 -9.13543 1.60001
    endloop
  endfacet
  facet normal 0.0784601 -0.996917 0
    outer loop
      vertex 0 -9 1.60001
      vertex -1.72078 -9.13543 1.88128e-06
      vertex 0 -9 1.88128e-06
    endloop
  endfacet
  facet normal -0.852635 -0.522507 0
    outer loop
      vertex 9.80107 -15.0061 1.88128e-06
      vertex 8.89919 -13.5344 1.60001
      vertex 8.89919 -13.5344 1.88128e-06
    endloop
  endfacet
  facet normal -0.852635 -0.522507 0
    outer loop
      vertex 8.89919 -13.5344 1.60001
      vertex 9.80107 -15.0061 1.88128e-06
      vertex 9.80107 -15.0061 1.60001
    endloop
  endfacet
  facet normal -0.649446 -0.760408 0
    outer loop
      vertex 6.46564 -11.1008 1.88128e-06
      vertex 7.77817 -12.2218 1.60001
      vertex 6.46564 -11.1008 1.60001
    endloop
  endfacet
  facet normal -0.649446 -0.760408 -0
    outer loop
      vertex 7.77817 -12.2218 1.60001
      vertex 6.46564 -11.1008 1.88128e-06
      vertex 7.77817 -12.2218 1.88128e-06
    endloop
  endfacet
  facet normal -0.923883 0.382675 0
    outer loop
      vertex 9.80107 -24.9939 1.88128e-06
      vertex 10.4616 -23.3992 1.60001
      vertex 10.4616 -23.3992 1.88128e-06
    endloop
  endfacet
  facet normal -0.923883 0.382675 0
    outer loop
      vertex 10.4616 -23.3992 1.60001
      vertex 9.80107 -24.9939 1.88128e-06
      vertex 9.80107 -24.9939 1.60001
    endloop
  endfacet
  facet normal -0.972363 -0.233474 0
    outer loop
      vertex 10.8646 -18.2792 1.88128e-06
      vertex 10.4616 -16.6008 1.60001
      vertex 10.4616 -16.6008 1.88128e-06
    endloop
  endfacet
  facet normal -0.972363 -0.233474 0
    outer loop
      vertex 10.4616 -16.6008 1.60001
      vertex 10.8646 -18.2792 1.88128e-06
      vertex 10.8646 -18.2792 1.60001
    endloop
  endfacet
  facet normal -0.382661 0.923889 0
    outer loop
      vertex 4.99389 -29.8011 1.88128e-06
      vertex 3.39919 -30.4616 1.60001
      vertex 4.99389 -29.8011 1.60001
    endloop
  endfacet
  facet normal -0.382661 0.923889 0
    outer loop
      vertex 3.39919 -30.4616 1.60001
      vertex 4.99389 -29.8011 1.88128e-06
      vertex 3.39919 -30.4616 1.88128e-06
    endloop
  endfacet
  facet normal 0.760419 -0.649433 0
    outer loop
      vertex -8.89919 -13.5344 1.60001
      vertex -7.77817 -12.2218 1.88128e-06
      vertex -7.77817 -12.2218 1.60001
    endloop
  endfacet
  facet normal 0.760419 -0.649433 0
    outer loop
      vertex -7.77817 -12.2218 1.88128e-06
      vertex -8.89919 -13.5344 1.60001
      vertex -8.89919 -13.5344 1.88128e-06
    endloop
  endfacet
  facet normal 0.649446 -0.760408 0
    outer loop
      vertex -7.77817 -12.2218 1.88128e-06
      vertex -6.46564 -11.1008 1.60001
      vertex -7.77817 -12.2218 1.60001
    endloop
  endfacet
  facet normal 0.649446 -0.760408 0
    outer loop
      vertex -6.46564 -11.1008 1.60001
      vertex -7.77817 -12.2218 1.88128e-06
      vertex -6.46564 -11.1008 1.88128e-06
    endloop
  endfacet
  facet normal -0.852635 0.522507 0
    outer loop
      vertex 8.89919 -26.4656 1.88128e-06
      vertex 9.80107 -24.9939 1.60001
      vertex 9.80107 -24.9939 1.88128e-06
    endloop
  endfacet
  facet normal -0.852635 0.522507 0
    outer loop
      vertex 9.80107 -24.9939 1.60001
      vertex 8.89919 -26.4656 1.88128e-06
      vertex 8.89919 -26.4656 1.60001
    endloop
  endfacet
  facet normal 0.522503 0.852637 -0
    outer loop
      vertex -4.99389 -29.8011 1.88128e-06
      vertex -6.46564 -28.8992 1.60001
      vertex -4.99389 -29.8011 1.60001
    endloop
  endfacet
  facet normal 0.522503 0.852637 0
    outer loop
      vertex -6.46564 -28.8992 1.60001
      vertex -4.99389 -29.8011 1.88128e-06
      vertex -6.46564 -28.8992 1.88128e-06
    endloop
  endfacet
  facet normal -0.522503 0.852637 0
    outer loop
      vertex 6.46564 -28.8992 1.88128e-06
      vertex 4.99389 -29.8011 1.60001
      vertex 6.46564 -28.8992 1.60001
    endloop
  endfacet
  facet normal -0.522503 0.852637 0
    outer loop
      vertex 4.99389 -29.8011 1.60001
      vertex 6.46564 -28.8992 1.88128e-06
      vertex 4.99389 -29.8011 1.88128e-06
    endloop
  endfacet
  facet normal 0.0784428 0.996919 -0
    outer loop
      vertex 0 -31 1.88128e-06
      vertex -1.72078 -30.8646 1.60001
      vertex 0 -31 1.60001
    endloop
  endfacet
  facet normal 0.0784428 0.996919 0
    outer loop
      vertex -1.72078 -30.8646 1.60001
      vertex 0 -31 1.88128e-06
      vertex -1.72078 -30.8646 1.88128e-06
    endloop
  endfacet
  facet normal -0.996919 -0.0784419 0
    outer loop
      vertex 11 -20 1.88128e-06
      vertex 10.8646 -18.2792 1.60001
      vertex 10.8646 -18.2792 1.88128e-06
    endloop
  endfacet
  facet normal -0.996919 -0.0784419 0
    outer loop
      vertex 10.8646 -18.2792 1.60001
      vertex 11 -20 1.88128e-06
      vertex 11 -20 1.60001
    endloop
  endfacet
  facet normal 0.996919 -0.0784419 0
    outer loop
      vertex -11 -20 1.60001
      vertex -10.8646 -18.2792 1.88128e-06
      vertex -10.8646 -18.2792 1.60001
    endloop
  endfacet
  facet normal 0.996919 -0.0784419 0
    outer loop
      vertex -10.8646 -18.2792 1.88128e-06
      vertex -11 -20 1.60001
      vertex -11 -20 1.88128e-06
    endloop
  endfacet
endsolid OpenSCAD_Model
