solid OpenSCAD_Model
  facet normal 0 -0.707092 0.707122
    outer loop
      vertex -116.4 -107.583 111.911
      vertex 116.4 -95.5825 123.911
      vertex -116.4 -95.5825 123.911
    endloop
  endfacet
  facet normal 0 -0.707092 0.707122
    outer loop
      vertex 116.4 -95.5825 123.911
      vertex -116.4 -107.583 111.911
      vertex 116.4 -107.583 111.911
    endloop
  endfacet
  facet normal -1 0 0
    outer loop
      vertex -116.4 -107.583 111.911
      vertex -116.4 8.39099 0
      vertex -116.4 -107.583 0
    endloop
  endfacet
  facet normal -1 0 0
    outer loop
      vertex -116.4 8.39099 0
      vertex -116.4 -107.583 111.911
      vertex -116.4 -95.5825 123.911
    endloop
  endfacet
  facet normal 1 -0 0
    outer loop
      vertex 116.4 -107.583 111.911
      vertex 116.4 8.39099 0
      vertex 116.4 -95.5825 123.911
    endloop
  endfacet
  facet normal 1 0 0
    outer loop
      vertex 116.4 8.39099 0
      vertex 116.4 -107.583 111.911
      vertex 116.4 -107.583 0
    endloop
  endfacet
  facet normal -1.07673e-05 0.766148 0.642664
    outer loop
      vertex -17.667 -8.93432 20.6475
      vertex -74.175 -11.3131 23.4824
      vertex -17.0414 -9.03086 20.7626
    endloop
  endfacet
  facet normal -4.21463e-05 0.765796 0.643084
    outer loop
      vertex -74.175 -11.3131 23.4824
      vertex -105.759 -9.03086 20.7626
      vertex -106.4 -9.06331 20.8012
    endloop
  endfacet
  facet normal 8.29559e-07 0.766034 0.6428
    outer loop
      vertex -18.2614 -8.77606 20.4589
      vertex -74.175 -11.3131 23.4824
      vertex -17.667 -8.93432 20.6475
    endloop
  endfacet
  facet normal 1.66967e-05 0.766132 0.642683
    outer loop
      vertex -74.175 -11.3131 23.4824
      vertex -105.133 -8.93432 20.6475
      vertex -105.759 -9.03086 20.7626
    endloop
  endfacet
  facet normal -2.13964e-06 0.766061 0.642768
    outer loop
      vertex -18.7185 -8.596 20.2443
      vertex -74.175 -11.3131 23.4824
      vertex -18.2614 -8.77606 20.4589
    endloop
  endfacet
  facet normal -1.36107e-06 0.766035 0.642799
    outer loop
      vertex -74.175 -11.3131 23.4824
      vertex -104.539 -8.77606 20.4589
      vertex -105.133 -8.93432 20.6475
    endloop
  endfacet
  facet normal 1.15651e-05 0.765946 0.642905
    outer loop
      vertex -18.8099 -8.55999 20.2014
      vertex -74.175 -11.3131 23.4824
      vertex -18.7185 -8.596 20.2443
    endloop
  endfacet
  facet normal 3.62513e-06 0.76606 0.64277
    outer loop
      vertex -74.175 -11.3131 23.4824
      vertex -104.082 -8.596 20.2443
      vertex -104.539 -8.77606 20.4589
    endloop
  endfacet
  facet normal -2.98756e-05 0.76629 0.642495
    outer loop
      vertex -18.8915 -8.51522 20.148
      vertex -74.175 -11.3131 23.4824
      vertex -18.8099 -8.55999 20.2014
    endloop
  endfacet
  facet normal -1.95695e-05 0.765954 0.642895
    outer loop
      vertex -74.175 -11.3131 23.4824
      vertex -103.99 -8.55999 20.2014
      vertex -104.082 -8.596 20.2443
    endloop
  endfacet
  facet normal 3.68509e-06 0.766016 0.642822
    outer loop
      vertex -19.2991 -8.29141 19.8813
      vertex -74.175 -11.3131 23.4824
      vertex -18.8915 -8.51522 20.148
    endloop
  endfacet
  facet normal 5.1846e-05 0.766274 0.642514
    outer loop
      vertex -74.175 -11.3131 23.4824
      vertex -103.909 -8.51522 20.148
      vertex -103.99 -8.55999 20.2014
    endloop
  endfacet
  facet normal -3.17552e-06 0.766067 0.64276
    outer loop
      vertex -19.717 -7.97694 19.5065
      vertex -74.175 -11.3131 23.4824
      vertex -19.2991 -8.29141 19.8813
    endloop
  endfacet
  facet normal -6.38738e-06 0.766018 0.642819
    outer loop
      vertex -74.175 -11.3131 23.4824
      vertex -103.501 -8.29141 19.8813
      vertex -103.909 -8.51522 20.148
    endloop
  endfacet
  facet normal 1.51527e-06 0.766036 0.642798
    outer loop
      vertex -20.0531 -7.62434 19.0863
      vertex -74.175 -11.3131 23.4824
      vertex -19.717 -7.97694 19.5065
    endloop
  endfacet
  facet normal 5.6088e-06 0.766066 0.642762
    outer loop
      vertex -74.175 -11.3131 23.4824
      vertex -103.083 -7.97694 19.5065
      vertex -103.501 -8.29141 19.8813
    endloop
  endfacet
  facet normal 3.73717e-06 0.766022 0.642814
    outer loop
      vertex -20.2993 -7.24227 18.631
      vertex -74.175 -11.3131 23.4824
      vertex -20.0531 -7.62434 19.0863
    endloop
  endfacet
  facet normal -2.72188e-06 0.766036 0.642797
    outer loop
      vertex -74.175 -11.3131 23.4824
      vertex -102.747 -7.62434 19.0863
      vertex -103.083 -7.97694 19.5065
    endloop
  endfacet
  facet normal 2.97893e-06 0.766026 0.642809
    outer loop
      vertex -20.4495 -6.84015 18.1518
      vertex -74.175 -11.3131 23.4824
      vertex -20.2993 -7.24227 18.631
    endloop
  endfacet
  facet normal -6.8228e-06 0.766023 0.642813
    outer loop
      vertex -74.175 -11.3131 23.4824
      vertex -102.501 -7.24227 18.631
      vertex -102.747 -7.62434 19.0863
    endloop
  endfacet
  facet normal -1.03745e-05 0.766093 0.64273
    outer loop
      vertex -20.5 -6.42788 17.6604
      vertex -74.175 -11.3131 23.4824
      vertex -20.4495 -6.84015 18.1518
    endloop
  endfacet
  facet normal -5.5275e-06 0.766027 0.642809
    outer loop
      vertex -74.175 -11.3131 23.4824
      vertex -102.35 -6.84015 18.1518
      vertex -102.501 -7.24227 18.631
    endloop
  endfacet
  facet normal 3.74117e-06 0.766029 0.642806
    outer loop
      vertex -20.4495 -6.01561 17.1691
      vertex -74.175 -11.3131 23.4824
      vertex -20.5 -6.42788 17.6604
    endloop
  endfacet
  facet normal 1.9607e-05 0.766092 0.642731
    outer loop
      vertex -74.175 -11.3131 23.4824
      vertex -102.3 -6.42788 17.6604
      vertex -102.35 -6.84015 18.1518
    endloop
  endfacet
  facet normal 4.54073e-06 0.766025 0.64281
    outer loop
      vertex -20.2993 -5.61349 16.6899
      vertex -74.175 -11.3131 23.4824
      vertex -20.4495 -6.01561 17.1691
    endloop
  endfacet
  facet normal -7.21216e-06 0.766028 0.642807
    outer loop
      vertex -74.175 -11.3131 23.4824
      vertex -102.35 -6.01561 17.1691
      vertex -102.3 -6.42788 17.6604
    endloop
  endfacet
  facet normal 5.96675e-06 0.76602 0.642817
    outer loop
      vertex -20.0531 -5.23142 16.2346
      vertex -74.175 -11.3131 23.4824
      vertex -20.2993 -5.61349 16.6899
    endloop
  endfacet
  facet normal -8.97315e-06 0.766025 0.642811
    outer loop
      vertex -74.175 -11.3131 23.4824
      vertex -102.501 -5.61349 16.6899
      vertex -102.35 -6.01561 17.1691
    endloop
  endfacet
  facet normal -1.82309e-05 0.766109 0.642711
    outer loop
      vertex -19.717 -4.87881 15.8143
      vertex -74.175 -11.3131 23.4824
      vertex -20.0531 -5.23142 16.2346
    endloop
  endfacet
  facet normal -1.2149e-05 0.766018 0.642819
    outer loop
      vertex -74.175 -11.3131 23.4824
      vertex -102.747 -5.23142 16.2346
      vertex -102.501 -5.61349 16.6899
    endloop
  endfacet
  facet normal 1.70228e-05 0.765985 0.642858
    outer loop
      vertex -19.2991 -4.56435 15.4396
      vertex -74.175 -11.3131 23.4824
      vertex -19.717 -4.87881 15.8143
    endloop
  endfacet
  facet normal 3.86794e-05 0.766117 0.642701
    outer loop
      vertex -74.175 -11.3131 23.4824
      vertex -103.083 -4.87881 15.8143
      vertex -102.747 -5.23142 16.2346
    endloop
  endfacet
  facet normal -7.84832e-06 0.766069 0.642758
    outer loop
      vertex -18.8099 -4.29577 15.1195
      vertex -74.175 -11.3131 23.4824
      vertex -19.2991 -4.56435 15.4396
    endloop
  endfacet
  facet normal -3.83926e-05 0.765974 0.642872
    outer loop
      vertex -74.175 -11.3131 23.4824
      vertex -103.501 -4.56435 15.4396
      vertex -103.083 -4.87881 15.8143
    endloop
  endfacet
  facet normal -1.92634e-07 0.766044 0.642788
    outer loop
      vertex -74.175 -11.3131 23.4824
      vertex -18.8099 -4.29577 15.1195
      vertex -116.4 8.39099 0
    endloop
  endfacet
  facet normal 1.73812e-06 0.766046 0.642786
    outer loop
      vertex -74.175 -11.3131 23.4824
      vertex -116.4 8.39099 0
      vertex -103.501 -4.56435 15.4396
    endloop
  endfacet
  facet normal -4.14525e-06 0.766031 0.642803
    outer loop
      vertex -116.4 8.39099 0
      vertex -18.8099 -4.29577 15.1195
      vertex -18.2614 -4.07969 14.862
    endloop
  endfacet
  facet normal -5.29715e-05 0.766023 0.642813
    outer loop
      vertex -103.501 -4.56435 15.4396
      vertex -116.4 8.39099 0
      vertex -103.99 -4.29577 15.1195
    endloop
  endfacet
  facet normal 1.64591e-06 0.76605 0.642781
    outer loop
      vertex -116.4 8.39099 0
      vertex -18.2614 -4.07969 14.862
      vertex -17.667 -3.92144 14.6734
    endloop
  endfacet
  facet normal 2.71397e-05 0.766056 0.642774
    outer loop
      vertex -103.99 -4.29577 15.1195
      vertex -116.4 8.39099 0
      vertex -104.539 -4.07969 14.862
    endloop
  endfacet
  facet normal 2.20267e-05 0.766118 0.6427
    outer loop
      vertex -116.4 8.39099 0
      vertex -17.667 -3.92144 14.6734
      vertex -17.0414 -3.8249 14.5583
    endloop
  endfacet
  facet normal -6.82797e-06 0.766042 0.64279
    outer loop
      vertex -104.539 -4.07969 14.862
      vertex -116.4 8.39099 0
      vertex -105.133 -3.92144 14.6734
    endloop
  endfacet
  facet normal -2.12598e-05 0.765972 0.642874
    outer loop
      vertex -116.4 8.39099 0
      vertex -17.0414 -3.8249 14.5583
      vertex -16.5069 -3.79786 14.5261
    endloop
  endfacet
  facet normal -5.73549e-05 0.766023 0.642813
    outer loop
      vertex -105.133 -3.92144 14.6734
      vertex -116.4 8.39099 0
      vertex -105.759 -3.8249 14.5583
    endloop
  endfacet
  facet normal -0.000201647 0.765361 0.643601
    outer loop
      vertex -116.4 8.39099 0
      vertex -16.5069 -3.79786 14.5261
      vertex -16.4 -3.79245 14.5197
    endloop
  endfacet
  facet normal 3.14168e-05 0.766055 0.642775
    outer loop
      vertex -105.759 -3.8249 14.5583
      vertex -116.4 8.39099 0
      vertex -106.293 -3.79786 14.5261
    endloop
  endfacet
  facet normal 0 0.765451 0.643494
    outer loop
      vertex 15.7586 -9.03086 20.7626
      vertex -16.4 -9.06331 20.8012
      vertex 16.4 -9.06331 20.8012
    endloop
  endfacet
  facet normal 0 0.765451 0.643494
    outer loop
      vertex 15.7586 -9.03086 20.7626
      vertex -15.7586 -9.03086 20.7626
      vertex -16.4 -9.06331 20.8012
    endloop
  endfacet
  facet normal 0 0.766177 0.64263
    outer loop
      vertex 15.133 -8.93432 20.6475
      vertex -15.7586 -9.03086 20.7626
      vertex 15.7586 -9.03086 20.7626
    endloop
  endfacet
  facet normal 0 0.766177 0.64263
    outer loop
      vertex 15.133 -8.93432 20.6475
      vertex -15.133 -8.93432 20.6475
      vertex -15.7586 -9.03086 20.7626
    endloop
  endfacet
  facet normal 0 0.766033 0.642801
    outer loop
      vertex 14.5386 -8.77606 20.4589
      vertex -15.133 -8.93432 20.6475
      vertex 15.133 -8.93432 20.6475
    endloop
  endfacet
  facet normal 0 0.766033 0.642801
    outer loop
      vertex 14.5386 -8.77606 20.4589
      vertex -14.5386 -8.77606 20.4589
      vertex -15.133 -8.93432 20.6475
    endloop
  endfacet
  facet normal 0 0.766063 0.642765
    outer loop
      vertex 14.0815 -8.596 20.2443
      vertex -14.5386 -8.77606 20.4589
      vertex 14.5386 -8.77606 20.4589
    endloop
  endfacet
  facet normal 0 0.766063 0.642765
    outer loop
      vertex 14.0815 -8.596 20.2443
      vertex -14.0815 -8.596 20.2443
      vertex -14.5386 -8.77606 20.4589
    endloop
  endfacet
  facet normal 0 0.765933 0.64292
    outer loop
      vertex 13.9901 -8.55999 20.2014
      vertex -14.0815 -8.596 20.2443
      vertex 14.0815 -8.596 20.2443
    endloop
  endfacet
  facet normal 0 0.765933 0.64292
    outer loop
      vertex 13.9901 -8.55999 20.2014
      vertex -13.9901 -8.55999 20.2014
      vertex -14.0815 -8.596 20.2443
    endloop
  endfacet
  facet normal 0 0.766312 0.642468
    outer loop
      vertex 13.9085 -8.51522 20.148
      vertex -13.9901 -8.55999 20.2014
      vertex 13.9901 -8.55999 20.2014
    endloop
  endfacet
  facet normal 0 0.766312 0.642468
    outer loop
      vertex 13.9085 -8.51522 20.148
      vertex -13.9085 -8.51522 20.148
      vertex -13.9901 -8.55999 20.2014
    endloop
  endfacet
  facet normal 0 0.766013 0.642825
    outer loop
      vertex 13.5009 -8.29141 19.8813
      vertex -13.9085 -8.51522 20.148
      vertex 13.9085 -8.51522 20.148
    endloop
  endfacet
  facet normal 0 0.766013 0.642825
    outer loop
      vertex 13.5009 -8.29141 19.8813
      vertex -13.5009 -8.29141 19.8813
      vertex -13.9085 -8.51522 20.148
    endloop
  endfacet
  facet normal 0 0.766069 0.642758
    outer loop
      vertex 13.083 -7.97694 19.5065
      vertex -13.5009 -8.29141 19.8813
      vertex 13.5009 -8.29141 19.8813
    endloop
  endfacet
  facet normal 0 0.766069 0.642758
    outer loop
      vertex 13.083 -7.97694 19.5065
      vertex -13.083 -7.97694 19.5065
      vertex -13.5009 -8.29141 19.8813
    endloop
  endfacet
  facet normal 0 0.766035 0.642799
    outer loop
      vertex 12.7469 -7.62434 19.0863
      vertex -13.083 -7.97694 19.5065
      vertex 13.083 -7.97694 19.5065
    endloop
  endfacet
  facet normal 0 0.766035 0.642799
    outer loop
      vertex 12.7469 -7.62434 19.0863
      vertex -12.7469 -7.62434 19.0863
      vertex -13.083 -7.97694 19.5065
    endloop
  endfacet
  facet normal 0 0.766021 0.642815
    outer loop
      vertex 12.5007 -7.24227 18.631
      vertex -12.7469 -7.62434 19.0863
      vertex 12.7469 -7.62434 19.0863
    endloop
  endfacet
  facet normal 0 0.766021 0.642815
    outer loop
      vertex 12.5007 -7.24227 18.631
      vertex -12.5007 -7.24227 18.631
      vertex -12.7469 -7.62434 19.0863
    endloop
  endfacet
  facet normal 0 0.766026 0.64281
    outer loop
      vertex 12.3505 -6.84015 18.1518
      vertex -12.5007 -7.24227 18.631
      vertex 12.5007 -7.24227 18.631
    endloop
  endfacet
  facet normal 0 0.766026 0.64281
    outer loop
      vertex 12.3505 -6.84015 18.1518
      vertex -12.3505 -6.84015 18.1518
      vertex -12.5007 -7.24227 18.631
    endloop
  endfacet
  facet normal 0 0.766093 0.642729
    outer loop
      vertex 12.3 -6.42788 17.6604
      vertex -12.3505 -6.84015 18.1518
      vertex 12.3505 -6.84015 18.1518
    endloop
  endfacet
  facet normal 0 0.766093 0.642729
    outer loop
      vertex 12.3 -6.42788 17.6604
      vertex -12.3 -6.42788 17.6604
      vertex -12.3505 -6.84015 18.1518
    endloop
  endfacet
  facet normal 0 0.766029 0.642806
    outer loop
      vertex 12.3505 -6.01561 17.1691
      vertex -12.3 -6.42788 17.6604
      vertex 12.3 -6.42788 17.6604
    endloop
  endfacet
  facet normal 0 0.766029 0.642806
    outer loop
      vertex 12.3505 -6.01561 17.1691
      vertex -12.3505 -6.01561 17.1691
      vertex -12.3 -6.42788 17.6604
    endloop
  endfacet
  facet normal 0 0.766026 0.64281
    outer loop
      vertex 12.5007 -5.61349 16.6899
      vertex -12.3505 -6.01561 17.1691
      vertex 12.3505 -6.01561 17.1691
    endloop
  endfacet
  facet normal 0 0.766026 0.64281
    outer loop
      vertex 12.5007 -5.61349 16.6899
      vertex -12.5007 -5.61349 16.6899
      vertex -12.3505 -6.01561 17.1691
    endloop
  endfacet
  facet normal 0 0.766021 0.642815
    outer loop
      vertex 12.7469 -5.23142 16.2346
      vertex -12.5007 -5.61349 16.6899
      vertex 12.5007 -5.61349 16.6899
    endloop
  endfacet
  facet normal 0 0.766021 0.642815
    outer loop
      vertex 12.7469 -5.23142 16.2346
      vertex -12.7469 -5.23142 16.2346
      vertex -12.5007 -5.61349 16.6899
    endloop
  endfacet
  facet normal 0 0.766102 0.64272
    outer loop
      vertex 13.083 -4.87881 15.8143
      vertex -12.7469 -5.23142 16.2346
      vertex 12.7469 -5.23142 16.2346
    endloop
  endfacet
  facet normal 0 0.766102 0.64272
    outer loop
      vertex 13.083 -4.87881 15.8143
      vertex -13.083 -4.87881 15.8143
      vertex -12.7469 -5.23142 16.2346
    endloop
  endfacet
  facet normal 0 0.765995 0.642847
    outer loop
      vertex 13.5009 -4.56435 15.4396
      vertex -13.083 -4.87881 15.8143
      vertex 13.083 -4.87881 15.8143
    endloop
  endfacet
  facet normal 0 0.765995 0.642847
    outer loop
      vertex 13.5009 -4.56435 15.4396
      vertex -13.5009 -4.56435 15.4396
      vertex -13.083 -4.87881 15.8143
    endloop
  endfacet
  facet normal 0 0.766063 0.642765
    outer loop
      vertex 13.9901 -4.29577 15.1195
      vertex -13.5009 -4.56435 15.4396
      vertex 13.5009 -4.56435 15.4396
    endloop
  endfacet
  facet normal 0 0.766063 0.642765
    outer loop
      vertex 13.9901 -4.29577 15.1195
      vertex -13.9901 -4.29577 15.1195
      vertex -13.5009 -4.56435 15.4396
    endloop
  endfacet
  facet normal 0 0.766027 0.642808
    outer loop
      vertex 14.5386 -4.07969 14.862
      vertex -13.9901 -4.29577 15.1195
      vertex 13.9901 -4.29577 15.1195
    endloop
  endfacet
  facet normal 0 0.766027 0.642808
    outer loop
      vertex 14.5386 -4.07969 14.862
      vertex -14.5386 -4.07969 14.862
      vertex -13.9901 -4.29577 15.1195
    endloop
  endfacet
  facet normal 0 0.766053 0.642778
    outer loop
      vertex 15.133 -3.92144 14.6734
      vertex -14.5386 -4.07969 14.862
      vertex 14.5386 -4.07969 14.862
    endloop
  endfacet
  facet normal 0 0.766053 0.642778
    outer loop
      vertex 15.133 -3.92144 14.6734
      vertex -15.133 -3.92144 14.6734
      vertex -14.5386 -4.07969 14.862
    endloop
  endfacet
  facet normal 0 0.766177 0.64263
    outer loop
      vertex 15.7586 -3.8249 14.5583
      vertex -15.133 -3.92144 14.6734
      vertex 15.133 -3.92144 14.6734
    endloop
  endfacet
  facet normal 0 0.766177 0.64263
    outer loop
      vertex 15.7586 -3.8249 14.5583
      vertex -15.7586 -3.8249 14.5583
      vertex -15.133 -3.92144 14.6734
    endloop
  endfacet
  facet normal 0 0.765799 0.643081
    outer loop
      vertex 16.2931 -3.79786 14.5261
      vertex -15.7586 -3.8249 14.5583
      vertex 15.7586 -3.8249 14.5583
    endloop
  endfacet
  facet normal 0 0.765799 0.643081
    outer loop
      vertex 16.2931 -3.79786 14.5261
      vertex -16.2931 -3.79786 14.5261
      vertex -15.7586 -3.8249 14.5583
    endloop
  endfacet
  facet normal 0 0.763703 0.645568
    outer loop
      vertex 16.4 -3.79245 14.5197
      vertex -16.2931 -3.79786 14.5261
      vertex 16.2931 -3.79786 14.5261
    endloop
  endfacet
  facet normal 0 0.763703 0.645568
    outer loop
      vertex -16.2931 -3.79786 14.5261
      vertex 16.4 -3.79245 14.5197
      vertex -16.4 -3.79245 14.5197
    endloop
  endfacet
  facet normal -2.19265e-07 0.766043 0.642789
    outer loop
      vertex 105.133 -86.6482 113.263
      vertex 105.133 -8.93432 20.6475
      vertex 74.175 -11.3131 23.4824
    endloop
  endfacet
  facet normal -3.16079e-05 0.76571 0.643187
    outer loop
      vertex 74.175 -11.3131 23.4824
      vertex 17.0414 -9.03086 20.7626
      vertex 16.4 -9.06331 20.8012
    endloop
  endfacet
  facet normal 1.36107e-06 0.766035 0.642799
    outer loop
      vertex 104.539 -8.77606 20.4589
      vertex 74.175 -11.3131 23.4824
      vertex 105.133 -8.93432 20.6475
    endloop
  endfacet
  facet normal 1.07673e-05 0.766148 0.642664
    outer loop
      vertex 74.175 -11.3131 23.4824
      vertex 17.667 -8.93432 20.6475
      vertex 17.0414 -9.03086 20.7626
    endloop
  endfacet
  facet normal -3.62513e-06 0.76606 0.64277
    outer loop
      vertex 104.082 -8.596 20.2443
      vertex 74.175 -11.3131 23.4824
      vertex 104.539 -8.77606 20.4589
    endloop
  endfacet
  facet normal -8.29559e-07 0.766034 0.6428
    outer loop
      vertex 74.175 -11.3131 23.4824
      vertex 18.2614 -8.77606 20.4589
      vertex 17.667 -8.93432 20.6475
    endloop
  endfacet
  facet normal 1.95695e-05 0.765954 0.642895
    outer loop
      vertex 103.99 -8.55999 20.2014
      vertex 74.175 -11.3131 23.4824
      vertex 104.082 -8.596 20.2443
    endloop
  endfacet
  facet normal 2.13964e-06 0.766061 0.642768
    outer loop
      vertex 74.175 -11.3131 23.4824
      vertex 18.7185 -8.596 20.2443
      vertex 18.2614 -8.77606 20.4589
    endloop
  endfacet
  facet normal -5.1846e-05 0.766274 0.642514
    outer loop
      vertex 103.909 -8.51522 20.148
      vertex 74.175 -11.3131 23.4824
      vertex 103.99 -8.55999 20.2014
    endloop
  endfacet
  facet normal -1.15651e-05 0.765946 0.642905
    outer loop
      vertex 74.175 -11.3131 23.4824
      vertex 18.8099 -8.55999 20.2014
      vertex 18.7185 -8.596 20.2443
    endloop
  endfacet
  facet normal 6.38738e-06 0.766018 0.642819
    outer loop
      vertex 103.501 -8.29141 19.8813
      vertex 74.175 -11.3131 23.4824
      vertex 103.909 -8.51522 20.148
    endloop
  endfacet
  facet normal 2.98756e-05 0.76629 0.642495
    outer loop
      vertex 74.175 -11.3131 23.4824
      vertex 18.8915 -8.51522 20.148
      vertex 18.8099 -8.55999 20.2014
    endloop
  endfacet
  facet normal -5.6088e-06 0.766066 0.642762
    outer loop
      vertex 103.083 -7.97694 19.5065
      vertex 74.175 -11.3131 23.4824
      vertex 103.501 -8.29141 19.8813
    endloop
  endfacet
  facet normal -3.68509e-06 0.766016 0.642822
    outer loop
      vertex 74.175 -11.3131 23.4824
      vertex 19.2991 -8.29141 19.8813
      vertex 18.8915 -8.51522 20.148
    endloop
  endfacet
  facet normal 2.72188e-06 0.766036 0.642797
    outer loop
      vertex 102.747 -7.62434 19.0863
      vertex 74.175 -11.3131 23.4824
      vertex 103.083 -7.97694 19.5065
    endloop
  endfacet
  facet normal 3.17552e-06 0.766067 0.64276
    outer loop
      vertex 74.175 -11.3131 23.4824
      vertex 19.717 -7.97694 19.5065
      vertex 19.2991 -8.29141 19.8813
    endloop
  endfacet
  facet normal 6.8228e-06 0.766023 0.642813
    outer loop
      vertex 102.501 -7.24227 18.631
      vertex 74.175 -11.3131 23.4824
      vertex 102.747 -7.62434 19.0863
    endloop
  endfacet
  facet normal -1.51527e-06 0.766036 0.642798
    outer loop
      vertex 74.175 -11.3131 23.4824
      vertex 20.0531 -7.62434 19.0863
      vertex 19.717 -7.97694 19.5065
    endloop
  endfacet
  facet normal 5.5275e-06 0.766027 0.642809
    outer loop
      vertex 102.35 -6.84015 18.1518
      vertex 74.175 -11.3131 23.4824
      vertex 102.501 -7.24227 18.631
    endloop
  endfacet
  facet normal -3.73717e-06 0.766022 0.642814
    outer loop
      vertex 74.175 -11.3131 23.4824
      vertex 20.2993 -7.24227 18.631
      vertex 20.0531 -7.62434 19.0863
    endloop
  endfacet
  facet normal -1.9607e-05 0.766092 0.642731
    outer loop
      vertex 102.3 -6.42788 17.6604
      vertex 74.175 -11.3131 23.4824
      vertex 102.35 -6.84015 18.1518
    endloop
  endfacet
  facet normal -2.97893e-06 0.766026 0.642809
    outer loop
      vertex 74.175 -11.3131 23.4824
      vertex 20.4495 -6.84015 18.1518
      vertex 20.2993 -7.24227 18.631
    endloop
  endfacet
  facet normal 7.21216e-06 0.766028 0.642807
    outer loop
      vertex 102.35 -6.01561 17.1691
      vertex 74.175 -11.3131 23.4824
      vertex 102.3 -6.42788 17.6604
    endloop
  endfacet
  facet normal 1.03745e-05 0.766093 0.64273
    outer loop
      vertex 74.175 -11.3131 23.4824
      vertex 20.5 -6.42788 17.6604
      vertex 20.4495 -6.84015 18.1518
    endloop
  endfacet
  facet normal 8.97315e-06 0.766025 0.642811
    outer loop
      vertex 102.501 -5.61349 16.6899
      vertex 74.175 -11.3131 23.4824
      vertex 102.35 -6.01561 17.1691
    endloop
  endfacet
  facet normal -3.74117e-06 0.766029 0.642806
    outer loop
      vertex 74.175 -11.3131 23.4824
      vertex 20.4495 -6.01561 17.1691
      vertex 20.5 -6.42788 17.6604
    endloop
  endfacet
  facet normal 1.2149e-05 0.766018 0.642819
    outer loop
      vertex 102.747 -5.23142 16.2346
      vertex 74.175 -11.3131 23.4824
      vertex 102.501 -5.61349 16.6899
    endloop
  endfacet
  facet normal -4.54073e-06 0.766025 0.64281
    outer loop
      vertex 74.175 -11.3131 23.4824
      vertex 20.2993 -5.61349 16.6899
      vertex 20.4495 -6.01561 17.1691
    endloop
  endfacet
  facet normal -3.86794e-05 0.766117 0.642701
    outer loop
      vertex 103.083 -4.87881 15.8143
      vertex 74.175 -11.3131 23.4824
      vertex 102.747 -5.23142 16.2346
    endloop
  endfacet
  facet normal -5.96675e-06 0.76602 0.642817
    outer loop
      vertex 74.175 -11.3131 23.4824
      vertex 20.0531 -5.23142 16.2346
      vertex 20.2993 -5.61349 16.6899
    endloop
  endfacet
  facet normal 3.83926e-05 0.765974 0.642872
    outer loop
      vertex 103.501 -4.56435 15.4396
      vertex 74.175 -11.3131 23.4824
      vertex 103.083 -4.87881 15.8143
    endloop
  endfacet
  facet normal 1.82309e-05 0.766109 0.642711
    outer loop
      vertex 74.175 -11.3131 23.4824
      vertex 19.717 -4.87881 15.8143
      vertex 20.0531 -5.23142 16.2346
    endloop
  endfacet
  facet normal -1.73812e-06 0.766046 0.642786
    outer loop
      vertex 116.4 8.39099 0
      vertex 74.175 -11.3131 23.4824
      vertex 103.501 -4.56435 15.4396
    endloop
  endfacet
  facet normal -1.70228e-05 0.765985 0.642858
    outer loop
      vertex 74.175 -11.3131 23.4824
      vertex 19.2991 -4.56435 15.4396
      vertex 19.717 -4.87881 15.8143
    endloop
  endfacet
  facet normal 5.29715e-05 0.766023 0.642813
    outer loop
      vertex 116.4 8.39099 0
      vertex 103.501 -4.56435 15.4396
      vertex 103.99 -4.29577 15.1195
    endloop
  endfacet
  facet normal 1.92634e-07 0.766044 0.642788
    outer loop
      vertex 18.8099 -4.29577 15.1195
      vertex 74.175 -11.3131 23.4824
      vertex 116.4 8.39099 0
    endloop
  endfacet
  facet normal -2.71397e-05 0.766056 0.642774
    outer loop
      vertex 116.4 8.39099 0
      vertex 103.99 -4.29577 15.1195
      vertex 104.539 -4.07969 14.862
    endloop
  endfacet
  facet normal 7.84832e-06 0.766069 0.642758
    outer loop
      vertex 74.175 -11.3131 23.4824
      vertex 18.8099 -4.29577 15.1195
      vertex 19.2991 -4.56435 15.4396
    endloop
  endfacet
  facet normal 6.82797e-06 0.766042 0.64279
    outer loop
      vertex 116.4 8.39099 0
      vertex 104.539 -4.07969 14.862
      vertex 105.133 -3.92144 14.6734
    endloop
  endfacet
  facet normal 4.14525e-06 0.766031 0.642803
    outer loop
      vertex 18.8099 -4.29577 15.1195
      vertex 116.4 8.39099 0
      vertex 18.2614 -4.07969 14.862
    endloop
  endfacet
  facet normal 5.73549e-05 0.766023 0.642813
    outer loop
      vertex 116.4 8.39099 0
      vertex 105.133 -3.92144 14.6734
      vertex 105.759 -3.8249 14.5583
    endloop
  endfacet
  facet normal -1.64591e-06 0.76605 0.642781
    outer loop
      vertex 18.2614 -4.07969 14.862
      vertex 116.4 8.39099 0
      vertex 17.667 -3.92144 14.6734
    endloop
  endfacet
  facet normal -3.14168e-05 0.766055 0.642775
    outer loop
      vertex 116.4 8.39099 0
      vertex 105.759 -3.8249 14.5583
      vertex 106.293 -3.79786 14.5261
    endloop
  endfacet
  facet normal -2.20267e-05 0.766118 0.6427
    outer loop
      vertex 17.667 -3.92144 14.6734
      vertex 116.4 8.39099 0
      vertex 17.0414 -3.8249 14.5583
    endloop
  endfacet
  facet normal -0.000297055 0.766146 0.642666
    outer loop
      vertex 116.4 8.39099 0
      vertex 106.293 -3.79786 14.5261
      vertex 106.4 -3.79245 14.5197
    endloop
  endfacet
  facet normal 2.12598e-05 0.765972 0.642874
    outer loop
      vertex 17.0414 -3.8249 14.5583
      vertex 116.4 8.39099 0
      vertex 16.5069 -3.79786 14.5261
    endloop
  endfacet
  facet normal 4.29206e-06 0.766044 0.642788
    outer loop
      vertex -17.667 -91.6611 119.237
      vertex -116.4 -95.5825 123.911
      vertex -17.0414 -91.7576 119.352
    endloop
  endfacet
  facet normal 0.0003065 0.765738 0.643153
    outer loop
      vertex -116.4 -95.5825 123.911
      vertex -105.759 -91.7576 119.352
      vertex -106.4 -91.7901 119.391
    endloop
  endfacet
  facet normal 9.57619e-05 0.765092 0.643921
    outer loop
      vertex -18.2614 -91.5028 119.049
      vertex -116.4 -95.5825 123.911
      vertex -17.667 -91.6611 119.237
    endloop
  endfacet
  facet normal -3.75966e-05 0.766134 0.642681
    outer loop
      vertex -116.4 -95.5825 123.911
      vertex -105.133 -91.6611 119.237
      vertex -105.759 -91.7576 119.352
    endloop
  endfacet
  facet normal -0 0.766045 0.642787
    outer loop
      vertex -104.539 -91.5028 119.049
      vertex -116.4 -95.5825 123.911
      vertex -18.2614 -91.5028 119.049
    endloop
  endfacet
  facet normal -0.00312399 0.76978 0.638301
    outer loop
      vertex -116.4 -95.5825 123.911
      vertex -104.539 -91.5028 119.049
      vertex -105.133 -91.6611 119.237
    endloop
  endfacet
  facet normal 0.000252536 0.766876 0.641796
    outer loop
      vertex -74.175 -84.2695 110.428
      vertex -18.2614 -91.5028 119.049
      vertex -18.8099 -91.2867 118.791
    endloop
  endfacet
  facet normal 0 0.76607 0.642757
    outer loop
      vertex -18.2614 -91.5028 119.049
      vertex -74.175 -84.2695 110.428
      vertex -104.539 -91.5028 119.049
    endloop
  endfacet
  facet normal 2.16454e-06 0.76606 0.642769
    outer loop
      vertex -74.175 -84.2695 110.428
      vertex -18.8099 -91.2867 118.791
      vertex -19.2991 -91.0182 118.471
    endloop
  endfacet
  facet normal -0.000790285 0.767438 0.641122
    outer loop
      vertex -104.539 -91.5028 119.049
      vertex -74.175 -84.2695 110.428
      vertex -103.99 -91.2867 118.791
    endloop
  endfacet
  facet normal 5.51404e-05 0.766238 0.642557
    outer loop
      vertex -74.175 -84.2695 110.428
      vertex -19.2991 -91.0182 118.471
      vertex -19.717 -90.7037 118.096
    endloop
  endfacet
  facet normal -5.41035e-06 0.766063 0.642766
    outer loop
      vertex -103.99 -91.2867 118.791
      vertex -74.175 -84.2695 110.428
      vertex -103.501 -91.0182 118.471
    endloop
  endfacet
  facet normal -5.18044e-05 0.765864 0.643003
    outer loop
      vertex -74.175 -84.2695 110.428
      vertex -19.717 -90.7037 118.096
      vertex -20.0531 -90.3511 117.676
    endloop
  endfacet
  facet normal -0.000124346 0.766276 0.642512
    outer loop
      vertex -103.501 -91.0182 118.471
      vertex -74.175 -84.2695 110.428
      vertex -103.083 -90.7037 118.096
    endloop
  endfacet
  facet normal -7.82094e-05 0.765767 0.643118
    outer loop
      vertex -74.175 -84.2695 110.428
      vertex -20.0531 -90.3511 117.676
      vertex -20.2993 -89.969 117.221
    endloop
  endfacet
  facet normal 0.000109917 0.765841 0.64303
    outer loop
      vertex -103.083 -90.7037 118.096
      vertex -74.175 -84.2695 110.428
      vertex -102.747 -90.3511 117.676
    endloop
  endfacet
  facet normal -4.34089e-05 0.765903 0.642956
    outer loop
      vertex -74.175 -84.2695 110.428
      vertex -20.2993 -89.969 117.221
      vertex -20.4495 -89.5669 116.742
    endloop
  endfacet
  facet normal 0.000159249 0.765745 0.643144
    outer loop
      vertex -102.747 -90.3511 117.676
      vertex -74.175 -84.2695 110.428
      vertex -102.501 -89.969 117.221
    endloop
  endfacet
  facet normal 8.97713e-05 0.766461 0.642291
    outer loop
      vertex -74.175 -84.2695 110.428
      vertex -20.4495 -89.5669 116.742
      vertex -20.5 -89.1546 116.25
    endloop
  endfacet
  facet normal 8.57834e-05 0.765896 0.642964
    outer loop
      vertex -102.501 -89.969 117.221
      vertex -74.175 -84.2695 110.428
      vertex -102.35 -89.5669 116.742
    endloop
  endfacet
  facet normal 0.000104517 0.766528 0.642211
    outer loop
      vertex -74.175 -84.2695 110.428
      vertex -20.5 -89.1546 116.25
      vertex -20.4916 -89.0859 116.168
    endloop
  endfacet
  facet normal -0.000173058 0.766465 0.642286
    outer loop
      vertex -102.35 -89.5669 116.742
      vertex -74.175 -84.2695 110.428
      vertex -102.3 -89.1546 116.25
    endloop
  endfacet
  facet normal -6.14869e-05 0.765763 0.643123
    outer loop
      vertex -74.175 -84.2695 110.428
      vertex -20.4916 -89.0859 116.168
      vertex -20.4495 -88.7424 115.759
    endloop
  endfacet
  facet normal -0.000197688 0.766523 0.642216
    outer loop
      vertex -102.3 -89.1546 116.25
      vertex -74.175 -84.2695 110.428
      vertex -102.308 -89.0859 116.168
    endloop
  endfacet
  facet normal -5.99704e-05 0.765771 0.643114
    outer loop
      vertex -74.175 -84.2695 110.428
      vertex -20.4495 -88.7424 115.759
      vertex -20.3244 -88.4073 115.36
    endloop
  endfacet
  facet normal 0.000116187 0.765766 0.643119
    outer loop
      vertex -102.308 -89.0859 116.168
      vertex -74.175 -84.2695 110.428
      vertex -102.35 -88.7424 115.759
    endloop
  endfacet
  facet normal 1.50059e-05 0.766174 0.642633
    outer loop
      vertex -74.175 -84.2695 110.428
      vertex -20.3244 -88.4073 115.36
      vertex -20.2993 -88.3402 115.28
    endloop
  endfacet
  facet normal 0.000111265 0.765779 0.643104
    outer loop
      vertex -102.35 -88.7424 115.759
      vertex -74.175 -84.2695 110.428
      vertex -102.476 -88.4073 115.36
    endloop
  endfacet
  facet normal 8.25759e-05 0.766543 0.642193
    outer loop
      vertex -74.175 -84.2695 110.428
      vertex -20.2993 -88.3402 115.28
      vertex -20.0531 -87.9582 114.824
    endloop
  endfacet
  facet normal -2.78564e-05 0.766172 0.642636
    outer loop
      vertex -102.476 -88.4073 115.36
      vertex -74.175 -84.2695 110.428
      vertex -102.501 -88.3402 115.28
    endloop
  endfacet
  facet normal -2.45378e-05 0.765894 0.642967
    outer loop
      vertex -74.175 -84.2695 110.428
      vertex -20.0531 -87.9582 114.824
      vertex -19.717 -87.6056 114.404
    endloop
  endfacet
  facet normal -0.00015076 0.766525 0.642214
    outer loop
      vertex -102.501 -88.3402 115.28
      vertex -74.175 -84.2695 110.428
      vertex -102.747 -87.9582 114.824
    endloop
  endfacet
  facet normal 2.03143e-05 0.766197 0.642606
    outer loop
      vertex -74.175 -84.2695 110.428
      vertex -19.717 -87.6056 114.404
      vertex -19.2991 -87.2911 114.029
    endloop
  endfacet
  facet normal 4.40766e-05 0.765902 0.642958
    outer loop
      vertex -102.747 -87.9582 114.824
      vertex -74.175 -84.2695 110.428
      vertex -103.083 -87.6056 114.404
    endloop
  endfacet
  facet normal -1.25505e-05 0.76595 0.6429
    outer loop
      vertex -74.175 -84.2695 110.428
      vertex -19.2991 -87.2911 114.029
      vertex -18.8099 -87.0225 113.709
    endloop
  endfacet
  facet normal -3.58812e-05 0.766188 0.642616
    outer loop
      vertex -103.083 -87.6056 114.404
      vertex -74.175 -84.2695 110.428
      vertex -103.501 -87.2911 114.029
    endloop
  endfacet
  facet normal -5.6123e-05 0.765588 0.643331
    outer loop
      vertex -74.175 -84.2695 110.428
      vertex -18.8099 -87.0225 113.709
      vertex -18.2614 -86.8065 113.452
    endloop
  endfacet
  facet normal 2.17584e-05 0.765957 0.642892
    outer loop
      vertex -103.501 -87.2911 114.029
      vertex -74.175 -84.2695 110.428
      vertex -103.99 -87.0225 113.709
    endloop
  endfacet
  facet normal 4.92097e-05 0.766547 0.642188
    outer loop
      vertex -74.175 -84.2695 110.428
      vertex -18.2614 -86.8065 113.452
      vertex -17.667 -86.6482 113.263
    endloop
  endfacet
  facet normal 9.50592e-05 0.765629 0.643283
    outer loop
      vertex -103.99 -87.0225 113.709
      vertex -74.175 -84.2695 110.428
      vertex -104.539 -86.8065 113.452
    endloop
  endfacet
  facet normal -2.50037e-06 0.76604 0.642793
    outer loop
      vertex -74.175 -84.2695 110.428
      vertex -17.667 -86.6482 113.263
      vertex -17.0414 -86.5517 113.148
    endloop
  endfacet
  facet normal -8.07488e-05 0.766498 0.642247
    outer loop
      vertex -104.539 -86.8065 113.452
      vertex -74.175 -84.2695 110.428
      vertex -105.133 -86.6482 113.263
    endloop
  endfacet
  facet normal -0.000326521 0.762678 0.646779
    outer loop
      vertex -74.175 -84.2695 110.428
      vertex -17.0414 -86.5517 113.148
      vertex -16.4 -86.5192 113.11
    endloop
  endfacet
  facet normal 3.95458e-06 0.766043 0.64279
    outer loop
      vertex -74.175 -11.3131 23.4824
      vertex -105.133 -86.6482 113.263
      vertex -74.175 -84.2695 110.428
    endloop
  endfacet
  facet normal 0 0.768221 0.640184
    outer loop
      vertex 15.7586 -91.7576 119.352
      vertex -16.4 -91.7901 119.391
      vertex 16.4 -91.7901 119.391
    endloop
  endfacet
  facet normal 0 0.768221 0.640184
    outer loop
      vertex 15.7586 -91.7576 119.352
      vertex -15.7586 -91.7576 119.352
      vertex -16.4 -91.7901 119.391
    endloop
  endfacet
  facet normal 0 0.766033 0.642801
    outer loop
      vertex 15.133 -91.6611 119.237
      vertex -15.7586 -91.7576 119.352
      vertex 15.7586 -91.7576 119.352
    endloop
  endfacet
  facet normal 0 0.766033 0.642801
    outer loop
      vertex 15.133 -91.6611 119.237
      vertex -15.133 -91.6611 119.237
      vertex -15.7586 -91.7576 119.352
    endloop
  endfacet
  facet normal 0 0.764943 0.644098
    outer loop
      vertex 14.5386 -91.5028 119.049
      vertex -15.133 -91.6611 119.237
      vertex 15.133 -91.6611 119.237
    endloop
  endfacet
  facet normal 0 0.764943 0.644098
    outer loop
      vertex 14.5386 -91.5028 119.049
      vertex -14.5386 -91.5028 119.049
      vertex -15.133 -91.6611 119.237
    endloop
  endfacet
  facet normal 0 0.766611 0.642111
    outer loop
      vertex 13.9901 -91.2867 118.791
      vertex -14.5386 -91.5028 119.049
      vertex 14.5386 -91.5028 119.049
    endloop
  endfacet
  facet normal 0 0.766611 0.642111
    outer loop
      vertex 13.9901 -91.2867 118.791
      vertex -13.9901 -91.2867 118.791
      vertex -14.5386 -91.5028 119.049
    endloop
  endfacet
  facet normal 0 0.766058 0.642771
    outer loop
      vertex 13.5009 -91.0182 118.471
      vertex -13.9901 -91.2867 118.791
      vertex 13.9901 -91.2867 118.791
    endloop
  endfacet
  facet normal 0 0.766058 0.642771
    outer loop
      vertex 13.5009 -91.0182 118.471
      vertex -13.5009 -91.0182 118.471
      vertex -13.9901 -91.2867 118.791
    endloop
  endfacet
  facet normal 0 0.766208 0.642593
    outer loop
      vertex 13.083 -90.7037 118.096
      vertex -13.5009 -91.0182 118.471
      vertex 13.5009 -91.0182 118.471
    endloop
  endfacet
  facet normal 0 0.766208 0.642593
    outer loop
      vertex 13.083 -90.7037 118.096
      vertex -13.083 -90.7037 118.096
      vertex -13.5009 -91.0182 118.471
    endloop
  endfacet
  facet normal 0 0.765884 0.642978
    outer loop
      vertex 12.7469 -90.3511 117.676
      vertex -13.083 -90.7037 118.096
      vertex 13.083 -90.7037 118.096
    endloop
  endfacet
  facet normal 0 0.765884 0.642978
    outer loop
      vertex 12.7469 -90.3511 117.676
      vertex -12.7469 -90.3511 117.676
      vertex -13.083 -90.7037 118.096
    endloop
  endfacet
  facet normal 0 0.765788 0.643093
    outer loop
      vertex 12.5007 -89.969 117.221
      vertex -12.7469 -90.3511 117.676
      vertex 12.7469 -90.3511 117.676
    endloop
  endfacet
  facet normal 0 0.765788 0.643093
    outer loop
      vertex 12.5007 -89.969 117.221
      vertex -12.5007 -89.969 117.221
      vertex -12.7469 -90.3511 117.676
    endloop
  endfacet
  facet normal 0 0.76591 0.642948
    outer loop
      vertex 12.3505 -89.5669 116.742
      vertex -12.5007 -89.969 117.221
      vertex 12.5007 -89.969 117.221
    endloop
  endfacet
  facet normal 0 0.76591 0.642948
    outer loop
      vertex 12.3505 -89.5669 116.742
      vertex -12.3505 -89.5669 116.742
      vertex -12.5007 -89.969 117.221
    endloop
  endfacet
  facet normal 0 0.766456 0.642297
    outer loop
      vertex 12.3 -89.1546 116.25
      vertex -12.3505 -89.5669 116.742
      vertex 12.3505 -89.5669 116.742
    endloop
  endfacet
  facet normal 0 0.766456 0.642297
    outer loop
      vertex 12.3 -89.1546 116.25
      vertex -12.3 -89.1546 116.25
      vertex -12.3505 -89.5669 116.742
    endloop
  endfacet
  facet normal 0 0.766533 0.642205
    outer loop
      vertex 12.3084 -89.0859 116.168
      vertex -12.3 -89.1546 116.25
      vertex 12.3 -89.1546 116.25
    endloop
  endfacet
  facet normal 0 0.766533 0.642205
    outer loop
      vertex 12.3084 -89.0859 116.168
      vertex -12.3084 -89.0859 116.168
      vertex -12.3 -89.1546 116.25
    endloop
  endfacet
  facet normal 0 0.76576 0.643126
    outer loop
      vertex 12.3505 -88.7424 115.759
      vertex -12.3084 -89.0859 116.168
      vertex 12.3084 -89.0859 116.168
    endloop
  endfacet
  facet normal 0 0.76576 0.643126
    outer loop
      vertex 12.3505 -88.7424 115.759
      vertex -12.3505 -88.7424 115.759
      vertex -12.3084 -89.0859 116.168
    endloop
  endfacet
  facet normal 0 0.765762 0.643125
    outer loop
      vertex 12.4756 -88.4073 115.36
      vertex -12.3505 -88.7424 115.759
      vertex 12.3505 -88.7424 115.759
    endloop
  endfacet
  facet normal 0 0.765762 0.643125
    outer loop
      vertex 12.4756 -88.4073 115.36
      vertex -12.4756 -88.4073 115.36
      vertex -12.3505 -88.7424 115.759
    endloop
  endfacet
  facet normal 0 0.766176 0.64263
    outer loop
      vertex 12.5007 -88.3402 115.28
      vertex -12.4756 -88.4073 115.36
      vertex 12.4756 -88.4073 115.36
    endloop
  endfacet
  facet normal 0 0.766176 0.64263
    outer loop
      vertex 12.5007 -88.3402 115.28
      vertex -12.5007 -88.3402 115.28
      vertex -12.4756 -88.4073 115.36
    endloop
  endfacet
  facet normal 0 0.766565 0.642166
    outer loop
      vertex 12.7469 -87.9582 114.824
      vertex -12.5007 -88.3402 115.28
      vertex 12.5007 -88.3402 115.28
    endloop
  endfacet
  facet normal 0 0.766565 0.642166
    outer loop
      vertex 12.7469 -87.9582 114.824
      vertex -12.7469 -87.9582 114.824
      vertex -12.5007 -88.3402 115.28
    endloop
  endfacet
  facet normal 0 0.765884 0.642978
    outer loop
      vertex 13.083 -87.6056 114.404
      vertex -12.7469 -87.9582 114.824
      vertex 12.7469 -87.9582 114.824
    endloop
  endfacet
  facet normal 0 0.765884 0.642978
    outer loop
      vertex 13.083 -87.6056 114.404
      vertex -13.083 -87.6056 114.404
      vertex -12.7469 -87.9582 114.824
    endloop
  endfacet
  facet normal 0 0.766208 0.642593
    outer loop
      vertex 13.5009 -87.2911 114.029
      vertex -13.083 -87.6056 114.404
      vertex 13.083 -87.6056 114.404
    endloop
  endfacet
  facet normal 0 0.766208 0.642593
    outer loop
      vertex 13.5009 -87.2911 114.029
      vertex -13.5009 -87.2911 114.029
      vertex -13.083 -87.6056 114.404
    endloop
  endfacet
  facet normal 0 0.765941 0.642911
    outer loop
      vertex 13.9901 -87.0225 113.709
      vertex -13.5009 -87.2911 114.029
      vertex 13.5009 -87.2911 114.029
    endloop
  endfacet
  facet normal 0 0.765941 0.642911
    outer loop
      vertex 13.9901 -87.0225 113.709
      vertex -13.9901 -87.0225 113.709
      vertex -13.5009 -87.2911 114.029
    endloop
  endfacet
  facet normal 0 0.765529 0.643402
    outer loop
      vertex 14.5386 -86.8065 113.452
      vertex -13.9901 -87.0225 113.709
      vertex 13.9901 -87.0225 113.709
    endloop
  endfacet
  facet normal 0 0.765529 0.643402
    outer loop
      vertex 14.5386 -86.8065 113.452
      vertex -14.5386 -86.8065 113.452
      vertex -13.9901 -87.0225 113.709
    endloop
  endfacet
  facet normal 0 0.766623 0.642097
    outer loop
      vertex 15.133 -86.6482 113.263
      vertex -14.5386 -86.8065 113.452
      vertex 14.5386 -86.8065 113.452
    endloop
  endfacet
  facet normal 0 0.766623 0.642097
    outer loop
      vertex 15.133 -86.6482 113.263
      vertex -15.133 -86.6482 113.263
      vertex -14.5386 -86.8065 113.452
    endloop
  endfacet
  facet normal 0 0.766033 0.642801
    outer loop
      vertex 15.7586 -86.5517 113.148
      vertex -15.133 -86.6482 113.263
      vertex 15.133 -86.6482 113.263
    endloop
  endfacet
  facet normal 0 0.766033 0.642801
    outer loop
      vertex 15.7586 -86.5517 113.148
      vertex -15.7586 -86.5517 113.148
      vertex -15.133 -86.6482 113.263
    endloop
  endfacet
  facet normal 0 0.759962 0.649968
    outer loop
      vertex 16.4 -86.5192 113.11
      vertex -15.7586 -86.5517 113.148
      vertex 15.7586 -86.5517 113.148
    endloop
  endfacet
  facet normal 0 0.759962 0.649968
    outer loop
      vertex -15.7586 -86.5517 113.148
      vertex 16.4 -86.5192 113.11
      vertex -16.4 -86.5192 113.11
    endloop
  endfacet
  facet normal 3.75966e-05 0.766134 0.642681
    outer loop
      vertex 105.133 -91.6611 119.237
      vertex 116.4 -95.5825 123.911
      vertex 105.759 -91.7576 119.352
    endloop
  endfacet
  facet normal 0.00011326 0.767304 0.641283
    outer loop
      vertex 116.4 -95.5825 123.911
      vertex 17.0414 -91.7576 119.352
      vertex 16.4 -91.7901 119.391
    endloop
  endfacet
  facet normal 0.00312399 0.76978 0.638301
    outer loop
      vertex 104.539 -91.5028 119.049
      vertex 116.4 -95.5825 123.911
      vertex 105.133 -91.6611 119.237
    endloop
  endfacet
  facet normal -4.29206e-06 0.766044 0.642788
    outer loop
      vertex 116.4 -95.5825 123.911
      vertex 17.667 -91.6611 119.237
      vertex 17.0414 -91.7576 119.352
    endloop
  endfacet
  facet normal -0 0.766045 0.642787
    outer loop
      vertex 18.2614 -91.5028 119.049
      vertex 116.4 -95.5825 123.911
      vertex 104.539 -91.5028 119.049
    endloop
  endfacet
  facet normal -9.57619e-05 0.765092 0.643921
    outer loop
      vertex 116.4 -95.5825 123.911
      vertex 18.2614 -91.5028 119.049
      vertex 17.667 -91.6611 119.237
    endloop
  endfacet
  facet normal 0.000790285 0.767438 0.641122
    outer loop
      vertex 74.175 -84.2695 110.428
      vertex 104.539 -91.5028 119.049
      vertex 103.99 -91.2867 118.791
    endloop
  endfacet
  facet normal 0 0.76607 0.642757
    outer loop
      vertex 104.539 -91.5028 119.049
      vertex 74.175 -84.2695 110.428
      vertex 18.2614 -91.5028 119.049
    endloop
  endfacet
  facet normal 5.41035e-06 0.766063 0.642766
    outer loop
      vertex 74.175 -84.2695 110.428
      vertex 103.99 -91.2867 118.791
      vertex 103.501 -91.0182 118.471
    endloop
  endfacet
  facet normal -0.000252536 0.766876 0.641796
    outer loop
      vertex 18.2614 -91.5028 119.049
      vertex 74.175 -84.2695 110.428
      vertex 18.8099 -91.2867 118.791
    endloop
  endfacet
  facet normal 0.000124346 0.766276 0.642512
    outer loop
      vertex 74.175 -84.2695 110.428
      vertex 103.501 -91.0182 118.471
      vertex 103.083 -90.7037 118.096
    endloop
  endfacet
  facet normal -2.16454e-06 0.76606 0.642769
    outer loop
      vertex 18.8099 -91.2867 118.791
      vertex 74.175 -84.2695 110.428
      vertex 19.2991 -91.0182 118.471
    endloop
  endfacet
  facet normal -0.000109917 0.765841 0.64303
    outer loop
      vertex 74.175 -84.2695 110.428
      vertex 103.083 -90.7037 118.096
      vertex 102.747 -90.3511 117.676
    endloop
  endfacet
  facet normal -5.51404e-05 0.766238 0.642557
    outer loop
      vertex 19.2991 -91.0182 118.471
      vertex 74.175 -84.2695 110.428
      vertex 19.717 -90.7037 118.096
    endloop
  endfacet
  facet normal -0.000159249 0.765745 0.643144
    outer loop
      vertex 74.175 -84.2695 110.428
      vertex 102.747 -90.3511 117.676
      vertex 102.501 -89.969 117.221
    endloop
  endfacet
  facet normal 5.18044e-05 0.765864 0.643003
    outer loop
      vertex 19.717 -90.7037 118.096
      vertex 74.175 -84.2695 110.428
      vertex 20.0531 -90.3511 117.676
    endloop
  endfacet
  facet normal -8.57834e-05 0.765896 0.642964
    outer loop
      vertex 74.175 -84.2695 110.428
      vertex 102.501 -89.969 117.221
      vertex 102.35 -89.5669 116.742
    endloop
  endfacet
  facet normal 7.82094e-05 0.765767 0.643118
    outer loop
      vertex 20.0531 -90.3511 117.676
      vertex 74.175 -84.2695 110.428
      vertex 20.2993 -89.969 117.221
    endloop
  endfacet
  facet normal 0.000173058 0.766465 0.642286
    outer loop
      vertex 74.175 -84.2695 110.428
      vertex 102.35 -89.5669 116.742
      vertex 102.3 -89.1546 116.25
    endloop
  endfacet
  facet normal 4.34089e-05 0.765903 0.642956
    outer loop
      vertex 20.2993 -89.969 117.221
      vertex 74.175 -84.2695 110.428
      vertex 20.4495 -89.5669 116.742
    endloop
  endfacet
  facet normal 0.000197688 0.766523 0.642216
    outer loop
      vertex 74.175 -84.2695 110.428
      vertex 102.3 -89.1546 116.25
      vertex 102.308 -89.0859 116.168
    endloop
  endfacet
  facet normal -8.97713e-05 0.766461 0.642291
    outer loop
      vertex 20.4495 -89.5669 116.742
      vertex 74.175 -84.2695 110.428
      vertex 20.5 -89.1546 116.25
    endloop
  endfacet
  facet normal -0.000116187 0.765766 0.643119
    outer loop
      vertex 74.175 -84.2695 110.428
      vertex 102.308 -89.0859 116.168
      vertex 102.35 -88.7424 115.759
    endloop
  endfacet
  facet normal -0.000104517 0.766528 0.642211
    outer loop
      vertex 20.5 -89.1546 116.25
      vertex 74.175 -84.2695 110.428
      vertex 20.4916 -89.0859 116.168
    endloop
  endfacet
  facet normal -0.000111265 0.765779 0.643104
    outer loop
      vertex 74.175 -84.2695 110.428
      vertex 102.35 -88.7424 115.759
      vertex 102.476 -88.4073 115.36
    endloop
  endfacet
  facet normal 6.14869e-05 0.765763 0.643123
    outer loop
      vertex 20.4916 -89.0859 116.168
      vertex 74.175 -84.2695 110.428
      vertex 20.4495 -88.7424 115.759
    endloop
  endfacet
  facet normal 2.78564e-05 0.766172 0.642636
    outer loop
      vertex 74.175 -84.2695 110.428
      vertex 102.476 -88.4073 115.36
      vertex 102.501 -88.3402 115.28
    endloop
  endfacet
  facet normal 5.99704e-05 0.765771 0.643114
    outer loop
      vertex 20.4495 -88.7424 115.759
      vertex 74.175 -84.2695 110.428
      vertex 20.3244 -88.4073 115.36
    endloop
  endfacet
  facet normal 0.00015076 0.766525 0.642214
    outer loop
      vertex 74.175 -84.2695 110.428
      vertex 102.501 -88.3402 115.28
      vertex 102.747 -87.9582 114.824
    endloop
  endfacet
  facet normal -1.50059e-05 0.766174 0.642633
    outer loop
      vertex 20.3244 -88.4073 115.36
      vertex 74.175 -84.2695 110.428
      vertex 20.2993 -88.3402 115.28
    endloop
  endfacet
  facet normal -4.40766e-05 0.765902 0.642958
    outer loop
      vertex 74.175 -84.2695 110.428
      vertex 102.747 -87.9582 114.824
      vertex 103.083 -87.6056 114.404
    endloop
  endfacet
  facet normal -8.25759e-05 0.766543 0.642193
    outer loop
      vertex 20.2993 -88.3402 115.28
      vertex 74.175 -84.2695 110.428
      vertex 20.0531 -87.9582 114.824
    endloop
  endfacet
  facet normal 3.58812e-05 0.766188 0.642616
    outer loop
      vertex 74.175 -84.2695 110.428
      vertex 103.083 -87.6056 114.404
      vertex 103.501 -87.2911 114.029
    endloop
  endfacet
  facet normal 2.45378e-05 0.765894 0.642967
    outer loop
      vertex 20.0531 -87.9582 114.824
      vertex 74.175 -84.2695 110.428
      vertex 19.717 -87.6056 114.404
    endloop
  endfacet
  facet normal -2.17584e-05 0.765957 0.642892
    outer loop
      vertex 74.175 -84.2695 110.428
      vertex 103.501 -87.2911 114.029
      vertex 103.99 -87.0225 113.709
    endloop
  endfacet
  facet normal -2.03143e-05 0.766197 0.642606
    outer loop
      vertex 19.717 -87.6056 114.404
      vertex 74.175 -84.2695 110.428
      vertex 19.2991 -87.2911 114.029
    endloop
  endfacet
  facet normal -9.50592e-05 0.765629 0.643283
    outer loop
      vertex 74.175 -84.2695 110.428
      vertex 103.99 -87.0225 113.709
      vertex 104.539 -86.8065 113.452
    endloop
  endfacet
  facet normal 1.25505e-05 0.76595 0.6429
    outer loop
      vertex 19.2991 -87.2911 114.029
      vertex 74.175 -84.2695 110.428
      vertex 18.8099 -87.0225 113.709
    endloop
  endfacet
  facet normal 8.07488e-05 0.766498 0.642247
    outer loop
      vertex 74.175 -84.2695 110.428
      vertex 104.539 -86.8065 113.452
      vertex 105.133 -86.6482 113.263
    endloop
  endfacet
  facet normal 5.6123e-05 0.765588 0.643331
    outer loop
      vertex 18.8099 -87.0225 113.709
      vertex 74.175 -84.2695 110.428
      vertex 18.2614 -86.8065 113.452
    endloop
  endfacet
  facet normal 7.24636e-05 0.766043 0.642789
    outer loop
      vertex 105.759 -9.03086 20.7626
      vertex 105.759 -86.5517 113.148
      vertex 106.4 -9.06331 20.8012
    endloop
  endfacet
  facet normal -4.92097e-05 0.766547 0.642188
    outer loop
      vertex 18.2614 -86.8065 113.452
      vertex 74.175 -84.2695 110.428
      vertex 17.667 -86.6482 113.263
    endloop
  endfacet
  facet normal -0.000734226 0.766046 0.642786
    outer loop
      vertex 106.4 -9.06331 20.8012
      vertex 105.759 -86.5517 113.148
      vertex 106.4 -86.5192 113.11
    endloop
  endfacet
  facet normal 2.50037e-06 0.76604 0.642793
    outer loop
      vertex 17.667 -86.6482 113.263
      vertex 74.175 -84.2695 110.428
      vertex 17.0414 -86.5517 113.148
    endloop
  endfacet
  facet normal -0.0003065 0.765738 0.643153
    outer loop
      vertex 105.759 -91.7576 119.352
      vertex 116.4 -95.5825 123.911
      vertex 106.4 -91.7901 119.391
    endloop
  endfacet
  facet normal 0.000233955 0.766327 0.642451
    outer loop
      vertex 116.4 -95.5825 123.911
      vertex 107.041 -91.7576 119.352
      vertex 106.4 -91.7901 119.391
    endloop
  endfacet
  facet normal -1.55935e-05 0.766075 0.642752
    outer loop
      vertex 116.4 -95.5825 123.911
      vertex 107.667 -91.6611 119.237
      vertex 107.041 -91.7576 119.352
    endloop
  endfacet
  facet normal -0.000462882 0.765663 0.643242
    outer loop
      vertex 116.4 -95.5825 123.911
      vertex 108.261 -91.5028 119.049
      vertex 107.667 -91.6611 119.237
    endloop
  endfacet
  facet normal 0.000302783 0.766294 0.64249
    outer loop
      vertex 116.4 -95.5825 123.911
      vertex 108.81 -91.2867 118.791
      vertex 108.261 -91.5028 119.049
    endloop
  endfacet
  facet normal -9.93987e-06 0.766066 0.642762
    outer loop
      vertex 116.4 -95.5825 123.911
      vertex 109.299 -91.0182 118.471
      vertex 108.81 -91.2867 118.791
    endloop
  endfacet
  facet normal 0.000113677 0.766145 0.642667
    outer loop
      vertex 116.4 -95.5825 123.911
      vertex 109.717 -90.7037 118.096
      vertex 109.299 -91.0182 118.471
    endloop
  endfacet
  facet normal -0.000204817 0.765965 0.642882
    outer loop
      vertex 116.4 -95.5825 123.911
      vertex 110.053 -90.3511 117.676
      vertex 109.717 -90.7037 118.096
    endloop
  endfacet
  facet normal -0.000364868 0.765885 0.642978
    outer loop
      vertex 116.4 -95.5825 123.911
      vertex 110.299 -89.969 117.221
      vertex 110.053 -90.3511 117.676
    endloop
  endfacet
  facet normal -0.000230315 0.765945 0.642906
    outer loop
      vertex 116.4 -95.5825 123.911
      vertex 110.45 -89.5669 116.742
      vertex 110.299 -89.969 117.221
    endloop
  endfacet
  facet normal 0.000908842 0.76641 0.642351
    outer loop
      vertex 116.4 -95.5825 123.911
      vertex 110.5 -89.1546 116.25
      vertex 110.45 -89.5669 116.742
    endloop
  endfacet
  facet normal 0.00140996 0.7666 0.642124
    outer loop
      vertex 116.4 -95.5825 123.911
      vertex 110.492 -89.0859 116.168
      vertex 110.5 -89.1546 116.25
    endloop
  endfacet
  facet normal -0.000956093 0.765711 0.643183
    outer loop
      vertex 116.4 -95.5825 123.911
      vertex 110.45 -88.7424 115.759
      vertex 110.492 -89.0859 116.168
    endloop
  endfacet
  facet normal -0.00144099 0.765537 0.643391
    outer loop
      vertex 116.4 -95.5825 123.911
      vertex 110.324 -88.4073 115.36
      vertex 110.45 -88.7424 115.759
    endloop
  endfacet
  facet normal 0.000686348 0.766282 0.642504
    outer loop
      vertex 116.4 -95.5825 123.911
      vertex 110.299 -88.3402 115.28
      vertex 110.324 -88.4073 115.36
    endloop
  endfacet
  facet normal 0.00635128 0.768234 0.640138
    outer loop
      vertex 116.4 -95.5825 123.911
      vertex 110.053 -87.9582 114.824
      vertex 110.299 -88.3402 115.28
    endloop
  endfacet
  facet normal 0.000326521 0.762678 0.646779
    outer loop
      vertex 17.0414 -86.5517 113.148
      vertex 74.175 -84.2695 110.428
      vertex 16.4 -86.5192 113.11
    endloop
  endfacet
  facet normal 0 0.766152 0.642659
    outer loop
      vertex 16.4 -86.5192 113.11
      vertex 74.175 -84.2695 110.428
      vertex -16.4 -86.5192 113.11
    endloop
  endfacet
  facet normal -0 0.766152 0.642659
    outer loop
      vertex -74.175 -84.2695 110.428
      vertex -16.4 -86.5192 113.11
      vertex 74.175 -84.2695 110.428
    endloop
  endfacet
  facet normal 0.000734226 0.766046 0.642786
    outer loop
      vertex 106.4 -9.06331 20.8012
      vertex 106.4 -86.5192 113.11
      vertex 107.041 -86.5517 113.148
    endloop
  endfacet
  facet normal -3.95458e-06 0.766043 0.64279
    outer loop
      vertex 105.133 -86.6482 113.263
      vertex 74.175 -11.3131 23.4824
      vertex 74.175 -84.2695 110.428
    endloop
  endfacet
  facet normal 3.90087e-06 0.766043 0.642789
    outer loop
      vertex 107.041 -9.03086 20.7626
      vertex 107.041 -86.5517 113.148
      vertex 107.667 -86.6482 113.263
    endloop
  endfacet
  facet normal -0.000374428 0.766043 0.642789
    outer loop
      vertex 107.667 -8.93432 20.6475
      vertex 107.667 -86.6482 113.263
      vertex 108.261 -86.8065 113.452
    endloop
  endfacet
  facet normal 0.000490456 0.766044 0.642787
    outer loop
      vertex 108.261 -8.77606 20.4589
      vertex 108.261 -86.8065 113.452
      vertex 108.81 -87.0225 113.709
    endloop
  endfacet
  facet normal 0.00013634 0.766043 0.642789
    outer loop
      vertex 108.81 -8.55999 20.2014
      vertex 108.81 -87.0225 113.709
      vertex 109.299 -87.2911 114.029
    endloop
  endfacet
  facet normal -0.000300395 0.766043 0.642789
    outer loop
      vertex 109.299 -8.29141 19.8813
      vertex 109.299 -87.2911 114.029
      vertex 109.717 -87.6056 114.404
    endloop
  endfacet
  facet normal 0.000404128 0.766044 0.642789
    outer loop
      vertex 109.717 -7.97694 19.5065
      vertex 109.717 -87.6056 114.404
      vertex 110.053 -87.9582 114.824
    endloop
  endfacet
  facet normal -7.66988e-05 0.766043 0.642789
    outer loop
      vertex 110.053 -7.62434 19.0863
      vertex 110.053 -87.9582 114.824
      vertex 116.4 -95.5825 123.911
    endloop
  endfacet
  facet normal -4.97756e-05 0.766043 0.642789
    outer loop
      vertex 105.133 -8.93432 20.6475
      vertex 105.133 -86.6482 113.263
      vertex 105.759 -9.03086 20.7626
    endloop
  endfacet
  facet normal -3.90087e-06 0.766043 0.642789
    outer loop
      vertex 105.759 -86.5517 113.148
      vertex 105.759 -9.03086 20.7626
      vertex 105.133 -86.6482 113.263
    endloop
  endfacet
  facet normal -7.24636e-05 0.766043 0.642789
    outer loop
      vertex 107.041 -86.5517 113.148
      vertex 107.041 -9.03086 20.7626
      vertex 106.4 -9.06331 20.8012
    endloop
  endfacet
  facet normal 4.97756e-05 0.766043 0.642789
    outer loop
      vertex 107.667 -86.6482 113.263
      vertex 107.667 -8.93432 20.6475
      vertex 107.041 -9.03086 20.7626
    endloop
  endfacet
  facet normal -7.58615e-06 0.766045 0.642787
    outer loop
      vertex 108.261 -86.8065 113.452
      vertex 108.261 -8.77606 20.4589
      vertex 107.667 -8.93432 20.6475
    endloop
  endfacet
  facet normal 1.92352e-05 0.766043 0.642789
    outer loop
      vertex 108.81 -87.0225 113.709
      vertex 108.718 -8.596 20.2443
      vertex 108.261 -8.77606 20.4589
    endloop
  endfacet
  facet normal -0.000103917 0.766043 0.642789
    outer loop
      vertex 108.81 -87.0225 113.709
      vertex 108.81 -8.55999 20.2014
      vertex 108.718 -8.596 20.2443
    endloop
  endfacet
  facet normal 0.000359572 0.766044 0.642788
    outer loop
      vertex 109.299 -87.2911 114.029
      vertex 108.891 -8.51522 20.148
      vertex 108.81 -8.55999 20.2014
    endloop
  endfacet
  facet normal -3.94748e-05 0.766043 0.642789
    outer loop
      vertex 109.299 -87.2911 114.029
      vertex 109.299 -8.29141 19.8813
      vertex 108.891 -8.51522 20.148
    endloop
  endfacet
  facet normal 4.64437e-05 0.766044 0.642789
    outer loop
      vertex 109.717 -87.6056 114.404
      vertex 109.717 -7.97694 19.5065
      vertex 109.299 -8.29141 19.8813
    endloop
  endfacet
  facet normal -1.96476e-05 0.766043 0.642789
    outer loop
      vertex 110.053 -87.9582 114.824
      vertex 110.053 -7.62434 19.0863
      vertex 109.717 -7.97694 19.5065
    endloop
  endfacet
  facet normal -8.07505e-05 0.766043 0.64279
    outer loop
      vertex 116.4 -95.5825 123.911
      vertex 110.299 -7.24227 18.631
      vertex 110.053 -7.62434 19.0863
    endloop
  endfacet
  facet normal -0.000104009 0.766042 0.64279
    outer loop
      vertex 116.4 -95.5825 123.911
      vertex 110.45 -6.84015 18.1518
      vertex 110.299 -7.24227 18.631
    endloop
  endfacet
  facet normal 2.1533e-07 0.766045 0.642787
    outer loop
      vertex 116.4 8.39099 0
      vertex 110.45 -6.84015 18.1518
      vertex 116.4 -95.5825 123.911
    endloop
  endfacet
  facet normal 2.89106e-05 0.766035 0.642799
    outer loop
      vertex 116.4 8.39099 0
      vertex 106.507 -3.79786 14.5261
      vertex 107.041 -3.8249 14.5583
    endloop
  endfacet
  facet normal 0.000201647 0.765361 0.643601
    outer loop
      vertex 16.5069 -3.79786 14.5261
      vertex 116.4 8.39099 0
      vertex 16.4 -3.79245 14.5197
    endloop
  endfacet
  facet normal 0 0.766045 0.642787
    outer loop
      vertex 16.4 -3.79245 14.5197
      vertex 116.4 8.39099 0
      vertex -16.4 -3.79245 14.5197
    endloop
  endfacet
  facet normal -0 0.766045 0.642787
    outer loop
      vertex -116.4 8.39099 0
      vertex -16.4 -3.79245 14.5197
      vertex 116.4 8.39099 0
    endloop
  endfacet
  facet normal 0.000273481 0.765953 0.642897
    outer loop
      vertex 106.507 -3.79786 14.5261
      vertex 116.4 8.39099 0
      vertex 106.4 -3.79245 14.5197
    endloop
  endfacet
  facet normal -4.44009e-05 0.766058 0.642772
    outer loop
      vertex 107.667 -3.92144 14.6734
      vertex 116.4 8.39099 0
      vertex 107.041 -3.8249 14.5583
    endloop
  endfacet
  facet normal -4.34271e-06 0.766046 0.642786
    outer loop
      vertex 108.261 -4.07969 14.862
      vertex 116.4 8.39099 0
      vertex 107.667 -3.92144 14.6734
    endloop
  endfacet
  facet normal 1.35101e-05 0.766041 0.642791
    outer loop
      vertex 108.81 -4.29577 15.1195
      vertex 116.4 8.39099 0
      vertex 108.261 -4.07969 14.862
    endloop
  endfacet
  facet normal -1.84487e-05 0.766049 0.642782
    outer loop
      vertex 109.299 -4.56435 15.4396
      vertex 116.4 8.39099 0
      vertex 108.81 -4.29577 15.1195
    endloop
  endfacet
  facet normal 6.47752e-05 0.76603 0.642804
    outer loop
      vertex 109.717 -4.87881 15.8143
      vertex 116.4 8.39099 0
      vertex 109.299 -4.56435 15.4396
    endloop
  endfacet
  facet normal -9.58814e-05 0.766064 0.642765
    outer loop
      vertex 110.053 -5.23142 16.2346
      vertex 116.4 8.39099 0
      vertex 109.717 -4.87881 15.8143
    endloop
  endfacet
  facet normal 5.23431e-05 0.766035 0.642799
    outer loop
      vertex 110.299 -5.61349 16.6899
      vertex 116.4 8.39099 0
      vertex 110.053 -5.23142 16.2346
    endloop
  endfacet
  facet normal 5.56921e-05 0.766035 0.642799
    outer loop
      vertex 110.45 -6.01561 17.1691
      vertex 116.4 8.39099 0
      vertex 110.299 -5.61349 16.6899
    endloop
  endfacet
  facet normal 6.93328e-05 0.766032 0.642802
    outer loop
      vertex 110.5 -6.42788 17.6604
      vertex 116.4 8.39099 0
      vertex 110.45 -6.01561 17.1691
    endloop
  endfacet
  facet normal -0.00043302 0.766115 0.642704
    outer loop
      vertex 110.45 -6.84015 18.1518
      vertex 116.4 8.39099 0
      vertex 110.5 -6.42788 17.6604
    endloop
  endfacet
  facet normal 0 0.766072 0.642755
    outer loop
      vertex 116.4 -95.5825 123.911
      vertex 16.4 -91.7901 119.391
      vertex -116.4 -95.5825 123.911
    endloop
  endfacet
  facet normal -0 0.766072 0.642755
    outer loop
      vertex -16.4 -91.7901 119.391
      vertex -116.4 -95.5825 123.911
      vertex 16.4 -91.7901 119.391
    endloop
  endfacet
  facet normal -0.00011326 0.767304 0.641283
    outer loop
      vertex -17.0414 -91.7576 119.352
      vertex -116.4 -95.5825 123.911
      vertex -16.4 -91.7901 119.391
    endloop
  endfacet
  facet normal -0.000233955 0.766327 0.642451
    outer loop
      vertex -107.041 -91.7576 119.352
      vertex -116.4 -95.5825 123.911
      vertex -106.4 -91.7901 119.391
    endloop
  endfacet
  facet normal 1.55935e-05 0.766075 0.642752
    outer loop
      vertex -107.667 -91.6611 119.237
      vertex -116.4 -95.5825 123.911
      vertex -107.041 -91.7576 119.352
    endloop
  endfacet
  facet normal 0.000462882 0.765663 0.643242
    outer loop
      vertex -108.261 -91.5028 119.049
      vertex -116.4 -95.5825 123.911
      vertex -107.667 -91.6611 119.237
    endloop
  endfacet
  facet normal -0.000302783 0.766294 0.64249
    outer loop
      vertex -108.81 -91.2867 118.791
      vertex -116.4 -95.5825 123.911
      vertex -108.261 -91.5028 119.049
    endloop
  endfacet
  facet normal 9.93987e-06 0.766066 0.642762
    outer loop
      vertex -109.299 -91.0182 118.471
      vertex -116.4 -95.5825 123.911
      vertex -108.81 -91.2867 118.791
    endloop
  endfacet
  facet normal -0.000113677 0.766145 0.642667
    outer loop
      vertex -109.717 -90.7037 118.096
      vertex -116.4 -95.5825 123.911
      vertex -109.299 -91.0182 118.471
    endloop
  endfacet
  facet normal 0.000204817 0.765965 0.642882
    outer loop
      vertex -110.053 -90.3511 117.676
      vertex -116.4 -95.5825 123.911
      vertex -109.717 -90.7037 118.096
    endloop
  endfacet
  facet normal 0.000364868 0.765885 0.642978
    outer loop
      vertex -110.299 -89.969 117.221
      vertex -116.4 -95.5825 123.911
      vertex -110.053 -90.3511 117.676
    endloop
  endfacet
  facet normal 0.000230315 0.765945 0.642906
    outer loop
      vertex -110.45 -89.5669 116.742
      vertex -116.4 -95.5825 123.911
      vertex -110.299 -89.969 117.221
    endloop
  endfacet
  facet normal -0.000908842 0.76641 0.642351
    outer loop
      vertex -110.5 -89.1546 116.25
      vertex -116.4 -95.5825 123.911
      vertex -110.45 -89.5669 116.742
    endloop
  endfacet
  facet normal -0.00140996 0.7666 0.642124
    outer loop
      vertex -110.492 -89.0859 116.168
      vertex -116.4 -95.5825 123.911
      vertex -110.5 -89.1546 116.25
    endloop
  endfacet
  facet normal 0.000956093 0.765711 0.643183
    outer loop
      vertex -110.45 -88.7424 115.759
      vertex -116.4 -95.5825 123.911
      vertex -110.492 -89.0859 116.168
    endloop
  endfacet
  facet normal 0.00144099 0.765537 0.643391
    outer loop
      vertex -110.324 -88.4073 115.36
      vertex -116.4 -95.5825 123.911
      vertex -110.45 -88.7424 115.759
    endloop
  endfacet
  facet normal -0.000686348 0.766282 0.642504
    outer loop
      vertex -110.299 -88.3402 115.28
      vertex -116.4 -95.5825 123.911
      vertex -110.324 -88.4073 115.36
    endloop
  endfacet
  facet normal -0.00635128 0.768234 0.640138
    outer loop
      vertex -110.053 -87.9582 114.824
      vertex -116.4 -95.5825 123.911
      vertex -110.299 -88.3402 115.28
    endloop
  endfacet
  facet normal -2.50711e-07 0.766044 0.642789
    outer loop
      vertex -106.4 -9.06331 20.8012
      vertex -105.133 -86.6482 113.263
      vertex -74.175 -11.3131 23.4824
    endloop
  endfacet
  facet normal 3.99837e-06 0.766044 0.642789
    outer loop
      vertex -105.133 -86.6482 113.263
      vertex -106.4 -9.06331 20.8012
      vertex -105.759 -86.5517 113.148
    endloop
  endfacet
  facet normal 0.000734226 0.766046 0.642786
    outer loop
      vertex -105.759 -86.5517 113.148
      vertex -106.4 -9.06331 20.8012
      vertex -106.4 -86.5192 113.11
    endloop
  endfacet
  facet normal -0.000734226 0.766046 0.642786
    outer loop
      vertex -106.4 -86.5192 113.11
      vertex -106.4 -9.06331 20.8012
      vertex -107.041 -86.5517 113.148
    endloop
  endfacet
  facet normal 7.24636e-05 0.766043 0.642789
    outer loop
      vertex -107.041 -9.03086 20.7626
      vertex -107.041 -86.5517 113.148
      vertex -106.4 -9.06331 20.8012
    endloop
  endfacet
  facet normal -3.90087e-06 0.766043 0.642789
    outer loop
      vertex -107.041 -86.5517 113.148
      vertex -107.041 -9.03086 20.7626
      vertex -107.667 -86.6482 113.263
    endloop
  endfacet
  facet normal -4.97756e-05 0.766043 0.642789
    outer loop
      vertex -107.667 -8.93432 20.6475
      vertex -107.667 -86.6482 113.263
      vertex -107.041 -9.03086 20.7626
    endloop
  endfacet
  facet normal 0.000374428 0.766043 0.642789
    outer loop
      vertex -107.667 -86.6482 113.263
      vertex -107.667 -8.93432 20.6475
      vertex -108.261 -86.8065 113.452
    endloop
  endfacet
  facet normal 7.58615e-06 0.766045 0.642787
    outer loop
      vertex -108.261 -8.77606 20.4589
      vertex -108.261 -86.8065 113.452
      vertex -107.667 -8.93432 20.6475
    endloop
  endfacet
  facet normal -0.000490456 0.766044 0.642787
    outer loop
      vertex -108.261 -86.8065 113.452
      vertex -108.261 -8.77606 20.4589
      vertex -108.81 -87.0225 113.709
    endloop
  endfacet
  facet normal 0 0.766045 0.642787
    outer loop
      vertex 74.175 -11.3131 23.4824
      vertex 16.4 -9.06331 20.8012
      vertex -74.175 -11.3131 23.4824
    endloop
  endfacet
  facet normal -0 0.766045 0.642787
    outer loop
      vertex -16.4 -9.06331 20.8012
      vertex -74.175 -11.3131 23.4824
      vertex 16.4 -9.06331 20.8012
    endloop
  endfacet
  facet normal 3.16079e-05 0.76571 0.643187
    outer loop
      vertex -17.0414 -9.03086 20.7626
      vertex -74.175 -11.3131 23.4824
      vertex -16.4 -9.06331 20.8012
    endloop
  endfacet
  facet normal -1.92352e-05 0.766043 0.642789
    outer loop
      vertex -108.718 -8.596 20.2443
      vertex -108.81 -87.0225 113.709
      vertex -108.261 -8.77606 20.4589
    endloop
  endfacet
  facet normal 0.000103917 0.766043 0.642789
    outer loop
      vertex -108.81 -8.55999 20.2014
      vertex -108.81 -87.0225 113.709
      vertex -108.718 -8.596 20.2443
    endloop
  endfacet
  facet normal -0.00013634 0.766043 0.642789
    outer loop
      vertex -108.81 -87.0225 113.709
      vertex -108.81 -8.55999 20.2014
      vertex -109.299 -87.2911 114.029
    endloop
  endfacet
  facet normal -0.000359572 0.766044 0.642788
    outer loop
      vertex -108.891 -8.51522 20.148
      vertex -109.299 -87.2911 114.029
      vertex -108.81 -8.55999 20.2014
    endloop
  endfacet
  facet normal 3.94748e-05 0.766043 0.642789
    outer loop
      vertex -109.299 -8.29141 19.8813
      vertex -109.299 -87.2911 114.029
      vertex -108.891 -8.51522 20.148
    endloop
  endfacet
  facet normal 0.000300395 0.766043 0.642789
    outer loop
      vertex -109.299 -87.2911 114.029
      vertex -109.299 -8.29141 19.8813
      vertex -109.717 -87.6056 114.404
    endloop
  endfacet
  facet normal -4.64437e-05 0.766044 0.642789
    outer loop
      vertex -109.717 -7.97694 19.5065
      vertex -109.717 -87.6056 114.404
      vertex -109.299 -8.29141 19.8813
    endloop
  endfacet
  facet normal -0.000404128 0.766044 0.642789
    outer loop
      vertex -109.717 -87.6056 114.404
      vertex -109.717 -7.97694 19.5065
      vertex -110.053 -87.9582 114.824
    endloop
  endfacet
  facet normal 1.96476e-05 0.766043 0.642789
    outer loop
      vertex -110.053 -7.62434 19.0863
      vertex -110.053 -87.9582 114.824
      vertex -109.717 -7.97694 19.5065
    endloop
  endfacet
  facet normal 7.66988e-05 0.766043 0.642789
    outer loop
      vertex -110.053 -87.9582 114.824
      vertex -110.053 -7.62434 19.0863
      vertex -116.4 -95.5825 123.911
    endloop
  endfacet
  facet normal 8.07505e-05 0.766043 0.64279
    outer loop
      vertex -110.299 -7.24227 18.631
      vertex -116.4 -95.5825 123.911
      vertex -110.053 -7.62434 19.0863
    endloop
  endfacet
  facet normal 0.000104009 0.766042 0.64279
    outer loop
      vertex -110.45 -6.84015 18.1518
      vertex -116.4 -95.5825 123.911
      vertex -110.299 -7.24227 18.631
    endloop
  endfacet
  facet normal 0.00043302 0.766115 0.642704
    outer loop
      vertex -116.4 8.39099 0
      vertex -110.45 -6.84015 18.1518
      vertex -110.5 -6.42788 17.6604
    endloop
  endfacet
  facet normal -0.000273481 0.765953 0.642897
    outer loop
      vertex -116.4 8.39099 0
      vertex -106.507 -3.79786 14.5261
      vertex -106.4 -3.79245 14.5197
    endloop
  endfacet
  facet normal 0.000297055 0.766146 0.642666
    outer loop
      vertex -106.293 -3.79786 14.5261
      vertex -116.4 8.39099 0
      vertex -106.4 -3.79245 14.5197
    endloop
  endfacet
  facet normal -2.1533e-07 0.766045 0.642787
    outer loop
      vertex -110.45 -6.84015 18.1518
      vertex -116.4 8.39099 0
      vertex -116.4 -95.5825 123.911
    endloop
  endfacet
  facet normal -6.93328e-05 0.766032 0.642802
    outer loop
      vertex -110.45 -6.01561 17.1691
      vertex -116.4 8.39099 0
      vertex -110.5 -6.42788 17.6604
    endloop
  endfacet
  facet normal -5.56921e-05 0.766035 0.642799
    outer loop
      vertex -110.299 -5.61349 16.6899
      vertex -116.4 8.39099 0
      vertex -110.45 -6.01561 17.1691
    endloop
  endfacet
  facet normal -5.23431e-05 0.766035 0.642799
    outer loop
      vertex -110.053 -5.23142 16.2346
      vertex -116.4 8.39099 0
      vertex -110.299 -5.61349 16.6899
    endloop
  endfacet
  facet normal 9.58814e-05 0.766064 0.642765
    outer loop
      vertex -109.717 -4.87881 15.8143
      vertex -116.4 8.39099 0
      vertex -110.053 -5.23142 16.2346
    endloop
  endfacet
  facet normal -6.47752e-05 0.76603 0.642804
    outer loop
      vertex -109.299 -4.56435 15.4396
      vertex -116.4 8.39099 0
      vertex -109.717 -4.87881 15.8143
    endloop
  endfacet
  facet normal 1.84487e-05 0.766049 0.642782
    outer loop
      vertex -108.81 -4.29577 15.1195
      vertex -116.4 8.39099 0
      vertex -109.299 -4.56435 15.4396
    endloop
  endfacet
  facet normal -1.35101e-05 0.766041 0.642791
    outer loop
      vertex -108.261 -4.07969 14.862
      vertex -116.4 8.39099 0
      vertex -108.81 -4.29577 15.1195
    endloop
  endfacet
  facet normal 4.34271e-06 0.766046 0.642786
    outer loop
      vertex -107.667 -3.92144 14.6734
      vertex -116.4 8.39099 0
      vertex -108.261 -4.07969 14.862
    endloop
  endfacet
  facet normal 4.44009e-05 0.766058 0.642772
    outer loop
      vertex -107.041 -3.8249 14.5583
      vertex -116.4 8.39099 0
      vertex -107.667 -3.92144 14.6734
    endloop
  endfacet
  facet normal -2.89106e-05 0.766035 0.642799
    outer loop
      vertex -106.507 -3.79786 14.5261
      vertex -116.4 8.39099 0
      vertex -107.041 -3.8249 14.5583
    endloop
  endfacet
  facet normal 0 -1 0
    outer loop
      vertex -116.4 -107.583 111.911
      vertex 0 -107.583 31
      vertex 116.4 -107.583 111.911
    endloop
  endfacet
  facet normal 0 -1 0
    outer loop
      vertex -116.4 -107.583 111.911
      vertex -1.72078 -107.583 30.8646
      vertex 0 -107.583 31
    endloop
  endfacet
  facet normal 0 -1 0
    outer loop
      vertex -116.4 -107.583 111.911
      vertex -3.39919 -107.583 30.4616
      vertex -1.72078 -107.583 30.8646
    endloop
  endfacet
  facet normal 0 -1 0
    outer loop
      vertex -116.4 -107.583 111.911
      vertex -4.99389 -107.583 29.8011
      vertex -3.39919 -107.583 30.4616
    endloop
  endfacet
  facet normal 0 -1 0
    outer loop
      vertex -116.4 -107.583 111.911
      vertex -6.46564 -107.583 28.8992
      vertex -4.99389 -107.583 29.8011
    endloop
  endfacet
  facet normal 0 -1 0
    outer loop
      vertex -116.4 -107.583 111.911
      vertex -7.77817 -107.583 27.7782
      vertex -6.46564 -107.583 28.8992
    endloop
  endfacet
  facet normal 0 -1 0
    outer loop
      vertex -116.4 -107.583 111.911
      vertex -8.89919 -107.583 26.4656
      vertex -7.77817 -107.583 27.7782
    endloop
  endfacet
  facet normal 0 -1 0
    outer loop
      vertex -116.4 -107.583 111.911
      vertex -9.80107 -107.583 24.9939
      vertex -8.89919 -107.583 26.4656
    endloop
  endfacet
  facet normal 0 -1 0
    outer loop
      vertex -116.4 -107.583 0
      vertex -9.80107 -107.583 24.9939
      vertex -116.4 -107.583 111.911
    endloop
  endfacet
  facet normal 0 -1 0
    outer loop
      vertex -9.80107 -107.583 24.9939
      vertex -116.4 -107.583 0
      vertex -10.4616 -107.583 23.3992
    endloop
  endfacet
  facet normal 0 -1 0
    outer loop
      vertex -10.4616 -107.583 23.3992
      vertex -116.4 -107.583 0
      vertex -10.8646 -107.583 21.7208
    endloop
  endfacet
  facet normal 0 -1 0
    outer loop
      vertex -10.8646 -107.583 21.7208
      vertex -116.4 -107.583 0
      vertex -11 -107.583 20
    endloop
  endfacet
  facet normal 0 -1 -0
    outer loop
      vertex -11 -107.583 20
      vertex -116.4 -107.583 0
      vertex -10.8646 -107.583 18.2792
    endloop
  endfacet
  facet normal 0 -1 -0
    outer loop
      vertex -10.8646 -107.583 18.2792
      vertex -116.4 -107.583 0
      vertex -10.4616 -107.583 16.6008
    endloop
  endfacet
  facet normal 0 -1 -0
    outer loop
      vertex -10.4616 -107.583 16.6008
      vertex -116.4 -107.583 0
      vertex -9.80107 -107.583 15.0061
    endloop
  endfacet
  facet normal 0 -1 -0
    outer loop
      vertex -9.80107 -107.583 15.0061
      vertex -116.4 -107.583 0
      vertex -8.89919 -107.583 13.5344
    endloop
  endfacet
  facet normal 0 -1 -0
    outer loop
      vertex -1.72078 -107.583 9.13543
      vertex -116.4 -107.583 0
      vertex 0 -107.583 9
    endloop
  endfacet
  facet normal 0 -1 -0
    outer loop
      vertex -3.39919 -107.583 9.53838
      vertex -116.4 -107.583 0
      vertex -1.72078 -107.583 9.13543
    endloop
  endfacet
  facet normal 0 -1 -0
    outer loop
      vertex -4.99389 -107.583 10.1989
      vertex -116.4 -107.583 0
      vertex -3.39919 -107.583 9.53838
    endloop
  endfacet
  facet normal 0 -1 -0
    outer loop
      vertex -6.46564 -107.583 11.1008
      vertex -116.4 -107.583 0
      vertex -4.99389 -107.583 10.1989
    endloop
  endfacet
  facet normal 0 -1 -0
    outer loop
      vertex -7.77817 -107.583 12.2218
      vertex -116.4 -107.583 0
      vertex -6.46564 -107.583 11.1008
    endloop
  endfacet
  facet normal 0 -1 -0
    outer loop
      vertex -8.89919 -107.583 13.5344
      vertex -116.4 -107.583 0
      vertex -7.77817 -107.583 12.2218
    endloop
  endfacet
  facet normal 0 -1 0
    outer loop
      vertex 1.72078 -107.583 30.8646
      vertex 116.4 -107.583 111.911
      vertex 0 -107.583 31
    endloop
  endfacet
  facet normal 0 -1 0
    outer loop
      vertex 3.39919 -107.583 30.4616
      vertex 116.4 -107.583 111.911
      vertex 1.72078 -107.583 30.8646
    endloop
  endfacet
  facet normal 0 -1 0
    outer loop
      vertex 4.99389 -107.583 29.8011
      vertex 116.4 -107.583 111.911
      vertex 3.39919 -107.583 30.4616
    endloop
  endfacet
  facet normal 0 -1 0
    outer loop
      vertex 6.46564 -107.583 28.8992
      vertex 116.4 -107.583 111.911
      vertex 4.99389 -107.583 29.8011
    endloop
  endfacet
  facet normal 0 -1 0
    outer loop
      vertex 7.77817 -107.583 27.7782
      vertex 116.4 -107.583 111.911
      vertex 6.46564 -107.583 28.8992
    endloop
  endfacet
  facet normal 0 -1 0
    outer loop
      vertex 8.89919 -107.583 26.4656
      vertex 116.4 -107.583 111.911
      vertex 7.77817 -107.583 27.7782
    endloop
  endfacet
  facet normal 0 -1 0
    outer loop
      vertex 9.80107 -107.583 24.9939
      vertex 116.4 -107.583 111.911
      vertex 8.89919 -107.583 26.4656
    endloop
  endfacet
  facet normal 0 -1 0
    outer loop
      vertex 116.4 -107.583 0
      vertex 9.80107 -107.583 24.9939
      vertex 10.4616 -107.583 23.3992
    endloop
  endfacet
  facet normal 0 -1 0
    outer loop
      vertex 116.4 -107.583 0
      vertex 10.4616 -107.583 23.3992
      vertex 10.8646 -107.583 21.7208
    endloop
  endfacet
  facet normal 0 -1 0
    outer loop
      vertex 116.4 -107.583 0
      vertex 10.8646 -107.583 21.7208
      vertex 11 -107.583 20
    endloop
  endfacet
  facet normal 0 -1 0
    outer loop
      vertex 116.4 -107.583 0
      vertex 11 -107.583 20
      vertex 10.8646 -107.583 18.2792
    endloop
  endfacet
  facet normal 0 -1 0
    outer loop
      vertex 116.4 -107.583 0
      vertex 10.8646 -107.583 18.2792
      vertex 10.4616 -107.583 16.6008
    endloop
  endfacet
  facet normal 0 -1 0
    outer loop
      vertex 116.4 -107.583 0
      vertex 10.4616 -107.583 16.6008
      vertex 9.80107 -107.583 15.0061
    endloop
  endfacet
  facet normal 0 -1 0
    outer loop
      vertex 116.4 -107.583 0
      vertex 9.80107 -107.583 15.0061
      vertex 8.89919 -107.583 13.5344
    endloop
  endfacet
  facet normal 0 -1 0
    outer loop
      vertex 116.4 -107.583 0
      vertex 8.89919 -107.583 13.5344
      vertex 7.77817 -107.583 12.2218
    endloop
  endfacet
  facet normal 0 -1 0
    outer loop
      vertex 9.80107 -107.583 24.9939
      vertex 116.4 -107.583 0
      vertex 116.4 -107.583 111.911
    endloop
  endfacet
  facet normal 0 -1 0
    outer loop
      vertex 6.46564 -107.583 11.1008
      vertex 116.4 -107.583 0
      vertex 7.77817 -107.583 12.2218
    endloop
  endfacet
  facet normal 0 -1 0
    outer loop
      vertex 4.99389 -107.583 10.1989
      vertex 116.4 -107.583 0
      vertex 6.46564 -107.583 11.1008
    endloop
  endfacet
  facet normal 0 -1 0
    outer loop
      vertex 3.39919 -107.583 9.53838
      vertex 116.4 -107.583 0
      vertex 4.99389 -107.583 10.1989
    endloop
  endfacet
  facet normal 0 -1 0
    outer loop
      vertex 1.72078 -107.583 9.13543
      vertex 116.4 -107.583 0
      vertex 3.39919 -107.583 9.53838
    endloop
  endfacet
  facet normal 0 -1 0
    outer loop
      vertex 0 -107.583 9
      vertex 116.4 -107.583 0
      vertex 1.72078 -107.583 9.13543
    endloop
  endfacet
  facet normal 0 -1 0
    outer loop
      vertex 116.4 -107.583 0
      vertex 0 -107.583 9
      vertex -116.4 -107.583 0
    endloop
  endfacet
  facet normal 0 0 -1
    outer loop
      vertex 116.4 -107.583 0
      vertex 104.4 -95.5825 0
      vertex 116.4 8.39099 0
    endloop
  endfacet
  facet normal 0 0 -1
    outer loop
      vertex 116.4 -107.583 0
      vertex -104.4 -95.5825 0
      vertex 104.4 -95.5825 0
    endloop
  endfacet
  facet normal -0 0 -1
    outer loop
      vertex -104.4 -95.5825 0
      vertex -116.4 -107.583 0
      vertex -104.4 -3.609 0
    endloop
  endfacet
  facet normal 0 0 -1
    outer loop
      vertex -116.4 -107.583 0
      vertex -104.4 -95.5825 0
      vertex 116.4 -107.583 0
    endloop
  endfacet
  facet normal 0 0 -1
    outer loop
      vertex 104.4 -3.609 0
      vertex 116.4 8.39099 0
      vertex 104.4 -95.5825 0
    endloop
  endfacet
  facet normal 0 0 -1
    outer loop
      vertex -104.4 -3.609 0
      vertex 116.4 8.39099 0
      vertex 104.4 -3.609 0
    endloop
  endfacet
  facet normal 0 0 -1
    outer loop
      vertex -104.4 -3.609 0
      vertex -116.4 8.39099 0
      vertex 116.4 8.39099 0
    endloop
  endfacet
  facet normal 0 0 -1
    outer loop
      vertex -116.4 8.39099 0
      vertex -104.4 -3.609 0
      vertex -116.4 -107.583 0
    endloop
  endfacet
  facet normal 1 -0 0
    outer loop
      vertex -115.5 -1.37888 8.84298
      vertex -115.5 6.46094 0.899994
      vertex -115.5 -0.689444 9.42149
    endloop
  endfacet
  facet normal 1 -0 0
    outer loop
      vertex -115.5 -106.683 111.538
      vertex -115.5 -1.37888 8.84298
      vertex -115.5 -96.2794 121.941
    endloop
  endfacet
  facet normal 1 0 0
    outer loop
      vertex -115.5 -106.683 0.899994
      vertex -115.5 -1.37888 8.84298
      vertex -115.5 -106.683 111.538
    endloop
  endfacet
  facet normal 1 0 0
    outer loop
      vertex -115.5 -1.37888 8.84298
      vertex -115.5 -106.683 0.899994
      vertex -115.5 6.46094 0.899994
    endloop
  endfacet
  facet normal 0 -0.766044 -0.642788
    outer loop
      vertex -115.5 6.46094 0.899994
      vertex 115.5 -0.689444 9.42149
      vertex -115.5 -0.689444 9.42149
    endloop
  endfacet
  facet normal 0 -0.766044 -0.642788
    outer loop
      vertex 115.5 -0.689444 9.42149
      vertex -115.5 6.46094 0.899994
      vertex 115.5 6.46094 0.899994
    endloop
  endfacet
  facet normal 0 0 1
    outer loop
      vertex 104.4 -95.5825 0.899994
      vertex 115.5 6.46094 0.899994
      vertex 104.4 -3.609 0.899994
    endloop
  endfacet
  facet normal 0 0 1
    outer loop
      vertex 115.5 6.46094 0.899994
      vertex -104.4 -3.609 0.899994
      vertex 104.4 -3.609 0.899994
    endloop
  endfacet
  facet normal 0 0 1
    outer loop
      vertex -104.4 -3.609 0.899994
      vertex -115.5 6.46094 0.899994
      vertex -104.4 -95.5825 0.899994
    endloop
  endfacet
  facet normal -0 0 1
    outer loop
      vertex -115.5 6.46094 0.899994
      vertex -104.4 -3.609 0.899994
      vertex 115.5 6.46094 0.899994
    endloop
  endfacet
  facet normal 0 0 1
    outer loop
      vertex 115.5 6.46094 0.899994
      vertex 104.4 -95.5825 0.899994
      vertex 115.5 -106.683 0.899994
    endloop
  endfacet
  facet normal -0 0 1
    outer loop
      vertex -104.4 -95.5825 0.899994
      vertex 115.5 -106.683 0.899994
      vertex 104.4 -95.5825 0.899994
    endloop
  endfacet
  facet normal 0 0 1
    outer loop
      vertex -104.4 -95.5825 0.899994
      vertex -115.5 -106.683 0.899994
      vertex 115.5 -106.683 0.899994
    endloop
  endfacet
  facet normal 0 0 1
    outer loop
      vertex -115.5 -106.683 0.899994
      vertex -104.4 -95.5825 0.899994
      vertex -115.5 6.46094 0.899994
    endloop
  endfacet
  facet normal -1 0 0
    outer loop
      vertex 115.5 6.46094 0.899994
      vertex 115.5 -1.37888 8.84298
      vertex 115.5 -0.689444 9.42149
    endloop
  endfacet
  facet normal -1 0 0
    outer loop
      vertex 115.5 -106.683 0.899994
      vertex 115.5 -1.37888 8.84298
      vertex 115.5 6.46094 0.899994
    endloop
  endfacet
  facet normal -1 0 0
    outer loop
      vertex 115.5 -106.683 111.538
      vertex 115.5 -1.37888 8.84298
      vertex 115.5 -106.683 0.899994
    endloop
  endfacet
  facet normal -1 0 0
    outer loop
      vertex 115.5 -1.37888 8.84298
      vertex 115.5 -106.683 111.538
      vertex 115.5 -96.2794 121.941
    endloop
  endfacet
  facet normal 0 1 0
    outer loop
      vertex 115.5 -106.683 111.538
      vertex 0 -106.683 31
      vertex -115.5 -106.683 111.538
    endloop
  endfacet
  facet normal 0 1 0
    outer loop
      vertex 115.5 -106.683 111.538
      vertex 1.72078 -106.683 30.8646
      vertex 0 -106.683 31
    endloop
  endfacet
  facet normal 0 1 0
    outer loop
      vertex 115.5 -106.683 111.538
      vertex 3.39919 -106.683 30.4616
      vertex 1.72078 -106.683 30.8646
    endloop
  endfacet
  facet normal 0 1 0
    outer loop
      vertex 115.5 -106.683 111.538
      vertex 4.99389 -106.683 29.8011
      vertex 3.39919 -106.683 30.4616
    endloop
  endfacet
  facet normal 0 1 0
    outer loop
      vertex 115.5 -106.683 111.538
      vertex 6.46564 -106.683 28.8992
      vertex 4.99389 -106.683 29.8011
    endloop
  endfacet
  facet normal 0 1 0
    outer loop
      vertex 115.5 -106.683 111.538
      vertex 7.77817 -106.683 27.7782
      vertex 6.46564 -106.683 28.8992
    endloop
  endfacet
  facet normal 0 1 0
    outer loop
      vertex 115.5 -106.683 111.538
      vertex 8.89919 -106.683 26.4656
      vertex 7.77817 -106.683 27.7782
    endloop
  endfacet
  facet normal 0 1 0
    outer loop
      vertex 115.5 -106.683 111.538
      vertex 9.80107 -106.683 24.9939
      vertex 8.89919 -106.683 26.4656
    endloop
  endfacet
  facet normal 0 1 -0
    outer loop
      vertex 115.5 -106.683 0.899994
      vertex 9.80107 -106.683 24.9939
      vertex 115.5 -106.683 111.538
    endloop
  endfacet
  facet normal 0 1 0
    outer loop
      vertex 9.80107 -106.683 24.9939
      vertex 115.5 -106.683 0.899994
      vertex 10.4616 -106.683 23.3992
    endloop
  endfacet
  facet normal 0 1 0
    outer loop
      vertex 10.4616 -106.683 23.3992
      vertex 115.5 -106.683 0.899994
      vertex 10.8646 -106.683 21.7208
    endloop
  endfacet
  facet normal 0 1 0
    outer loop
      vertex 10.8646 -106.683 21.7208
      vertex 115.5 -106.683 0.899994
      vertex 11 -106.683 20
    endloop
  endfacet
  facet normal 0 1 0
    outer loop
      vertex 11 -106.683 20
      vertex 115.5 -106.683 0.899994
      vertex 10.8646 -106.683 18.2792
    endloop
  endfacet
  facet normal 0 1 0
    outer loop
      vertex 10.8646 -106.683 18.2792
      vertex 115.5 -106.683 0.899994
      vertex 10.4616 -106.683 16.6008
    endloop
  endfacet
  facet normal 0 1 0
    outer loop
      vertex 10.4616 -106.683 16.6008
      vertex 115.5 -106.683 0.899994
      vertex 9.80107 -106.683 15.0061
    endloop
  endfacet
  facet normal 0 1 0
    outer loop
      vertex 9.80107 -106.683 15.0061
      vertex 115.5 -106.683 0.899994
      vertex 8.89919 -106.683 13.5344
    endloop
  endfacet
  facet normal 0 1 0
    outer loop
      vertex 1.72078 -106.683 9.13543
      vertex 115.5 -106.683 0.899994
      vertex 0 -106.683 9
    endloop
  endfacet
  facet normal 0 1 0
    outer loop
      vertex 3.39919 -106.683 9.53838
      vertex 115.5 -106.683 0.899994
      vertex 1.72078 -106.683 9.13543
    endloop
  endfacet
  facet normal 0 1 0
    outer loop
      vertex 4.99389 -106.683 10.1989
      vertex 115.5 -106.683 0.899994
      vertex 3.39919 -106.683 9.53838
    endloop
  endfacet
  facet normal 0 1 0
    outer loop
      vertex 6.46564 -106.683 11.1008
      vertex 115.5 -106.683 0.899994
      vertex 4.99389 -106.683 10.1989
    endloop
  endfacet
  facet normal 0 1 0
    outer loop
      vertex 7.77817 -106.683 12.2218
      vertex 115.5 -106.683 0.899994
      vertex 6.46564 -106.683 11.1008
    endloop
  endfacet
  facet normal 0 1 0
    outer loop
      vertex 8.89919 -106.683 13.5344
      vertex 115.5 -106.683 0.899994
      vertex 7.77817 -106.683 12.2218
    endloop
  endfacet
  facet normal 0 1 -0
    outer loop
      vertex -1.72078 -106.683 30.8646
      vertex -115.5 -106.683 111.538
      vertex 0 -106.683 31
    endloop
  endfacet
  facet normal 0 1 -0
    outer loop
      vertex -3.39919 -106.683 30.4616
      vertex -115.5 -106.683 111.538
      vertex -1.72078 -106.683 30.8646
    endloop
  endfacet
  facet normal 0 1 -0
    outer loop
      vertex -4.99389 -106.683 29.8011
      vertex -115.5 -106.683 111.538
      vertex -3.39919 -106.683 30.4616
    endloop
  endfacet
  facet normal 0 1 -0
    outer loop
      vertex -6.46564 -106.683 28.8992
      vertex -115.5 -106.683 111.538
      vertex -4.99389 -106.683 29.8011
    endloop
  endfacet
  facet normal 0 1 -0
    outer loop
      vertex -7.77817 -106.683 27.7782
      vertex -115.5 -106.683 111.538
      vertex -6.46564 -106.683 28.8992
    endloop
  endfacet
  facet normal 0 1 -0
    outer loop
      vertex -8.89919 -106.683 26.4656
      vertex -115.5 -106.683 111.538
      vertex -7.77817 -106.683 27.7782
    endloop
  endfacet
  facet normal 0 1 -0
    outer loop
      vertex -9.80107 -106.683 24.9939
      vertex -115.5 -106.683 111.538
      vertex -8.89919 -106.683 26.4656
    endloop
  endfacet
  facet normal 0 1 0
    outer loop
      vertex -115.5 -106.683 0.899994
      vertex -9.80107 -106.683 24.9939
      vertex -10.4616 -106.683 23.3992
    endloop
  endfacet
  facet normal 0 1 0
    outer loop
      vertex -115.5 -106.683 0.899994
      vertex -10.4616 -106.683 23.3992
      vertex -10.8646 -106.683 21.7208
    endloop
  endfacet
  facet normal 0 1 0
    outer loop
      vertex -115.5 -106.683 0.899994
      vertex -10.8646 -106.683 21.7208
      vertex -11 -106.683 20
    endloop
  endfacet
  facet normal 0 1 0
    outer loop
      vertex -115.5 -106.683 0.899994
      vertex -11 -106.683 20
      vertex -10.8646 -106.683 18.2792
    endloop
  endfacet
  facet normal 0 1 0
    outer loop
      vertex -115.5 -106.683 0.899994
      vertex -10.8646 -106.683 18.2792
      vertex -10.4616 -106.683 16.6008
    endloop
  endfacet
  facet normal 0 1 0
    outer loop
      vertex -115.5 -106.683 0.899994
      vertex -10.4616 -106.683 16.6008
      vertex -9.80107 -106.683 15.0061
    endloop
  endfacet
  facet normal 0 1 0
    outer loop
      vertex -115.5 -106.683 0.899994
      vertex -9.80107 -106.683 15.0061
      vertex -8.89919 -106.683 13.5344
    endloop
  endfacet
  facet normal 0 1 0
    outer loop
      vertex -115.5 -106.683 0.899994
      vertex -8.89919 -106.683 13.5344
      vertex -7.77817 -106.683 12.2218
    endloop
  endfacet
  facet normal 0 1 0
    outer loop
      vertex -9.80107 -106.683 24.9939
      vertex -115.5 -106.683 0.899994
      vertex -115.5 -106.683 111.538
    endloop
  endfacet
  facet normal 0 1 0
    outer loop
      vertex -6.46564 -106.683 11.1008
      vertex -115.5 -106.683 0.899994
      vertex -7.77817 -106.683 12.2218
    endloop
  endfacet
  facet normal 0 1 0
    outer loop
      vertex -4.99389 -106.683 10.1989
      vertex -115.5 -106.683 0.899994
      vertex -6.46564 -106.683 11.1008
    endloop
  endfacet
  facet normal 0 1 0
    outer loop
      vertex -3.39919 -106.683 9.53838
      vertex -115.5 -106.683 0.899994
      vertex -4.99389 -106.683 10.1989
    endloop
  endfacet
  facet normal 0 1 0
    outer loop
      vertex -1.72078 -106.683 9.13543
      vertex -115.5 -106.683 0.899994
      vertex -3.39919 -106.683 9.53838
    endloop
  endfacet
  facet normal 0 1 0
    outer loop
      vertex 0 -106.683 9
      vertex -115.5 -106.683 0.899994
      vertex -1.72078 -106.683 9.13543
    endloop
  endfacet
  facet normal 0 1 0
    outer loop
      vertex -115.5 -106.683 0.899994
      vertex 0 -106.683 9
      vertex 115.5 -106.683 0.899994
    endloop
  endfacet
  facet normal 0 0.707086 -0.707127
    outer loop
      vertex 115.5 -106.683 111.538
      vertex -115.5 -96.2794 121.941
      vertex 115.5 -96.2794 121.941
    endloop
  endfacet
  facet normal 0 0.707086 -0.707127
    outer loop
      vertex -115.5 -96.2794 121.941
      vertex 115.5 -106.683 111.538
      vertex -115.5 -106.683 111.538
    endloop
  endfacet
  facet normal -1 0 0
    outer loop
      vertex 104.4 -95.5825 0
      vertex 104.4 -3.609 0.899994
      vertex 104.4 -3.609 0
    endloop
  endfacet
  facet normal -1 -0 0
    outer loop
      vertex 104.4 -3.609 0.899994
      vertex 104.4 -95.5825 0
      vertex 104.4 -95.5825 0.899994
    endloop
  endfacet
  facet normal 1 -0 0
    outer loop
      vertex -104.4 -95.5825 0.899994
      vertex -104.4 -3.609 0
      vertex -104.4 -3.609 0.899994
    endloop
  endfacet
  facet normal 1 0 0
    outer loop
      vertex -104.4 -3.609 0
      vertex -104.4 -95.5825 0.899994
      vertex -104.4 -95.5825 0
    endloop
  endfacet
  facet normal 0 -1 0
    outer loop
      vertex -104.4 -3.609 0
      vertex 104.4 -3.609 0.899994
      vertex -104.4 -3.609 0.899994
    endloop
  endfacet
  facet normal 0 -1 -0
    outer loop
      vertex 104.4 -3.609 0.899994
      vertex -104.4 -3.609 0
      vertex 104.4 -3.609 0
    endloop
  endfacet
  facet normal 0 1 -0
    outer loop
      vertex 104.4 -95.5825 0
      vertex -104.4 -95.5825 0.899994
      vertex 104.4 -95.5825 0.899994
    endloop
  endfacet
  facet normal 0 1 0
    outer loop
      vertex -104.4 -95.5825 0.899994
      vertex 104.4 -95.5825 0
      vertex -104.4 -95.5825 0
    endloop
  endfacet
  facet normal 0 -0.766048 -0.642784
    outer loop
      vertex 24.4 -12.6919 22.3254
      vertex 24.4 -2.56306 10.2542
      vertex 74.175 -12.6919 22.3254
    endloop
  endfacet
  facet normal -0 -0.766047 -0.642785
    outer loop
      vertex 74.175 -85.5471 109.151
      vertex 24.4 -95.6758 121.222
      vertex 24.4 -85.5471 109.151
    endloop
  endfacet
  facet normal 0 -0.766047 -0.642785
    outer loop
      vertex 24.4 -95.6758 121.222
      vertex 74.175 -85.5471 109.151
      vertex 98.4 -95.6758 121.222
    endloop
  endfacet
  facet normal -9.30588e-06 -0.766056 -0.642774
    outer loop
      vertex 74.175 -85.5471 109.151
      vertex 98.4 -85.2898 108.844
      vertex 98.4 -95.6758 121.222
    endloop
  endfacet
  facet normal 0 -0.766044 -0.642788
    outer loop
      vertex 98.4 -85.2898 108.844
      vertex 98.4 -12.9491 22.6318
      vertex 114.4 -85.2898 108.844
    endloop
  endfacet
  facet normal -9.60846e-06 -0.766044 -0.642788
    outer loop
      vertex 74.175 -85.5471 109.151
      vertex 98.4 -12.9491 22.6318
      vertex 98.4 -85.2898 108.844
    endloop
  endfacet
  facet normal -3.17258e-06 -0.766045 -0.642787
    outer loop
      vertex 74.175 -12.6919 22.3254
      vertex 98.4 -12.9491 22.6318
      vertex 74.175 -85.5471 109.151
    endloop
  endfacet
  facet normal -0 -0.766048 -0.642784
    outer loop
      vertex 98.4 -2.56306 10.2542
      vertex 74.175 -12.6919 22.3254
      vertex 24.4 -2.56306 10.2542
    endloop
  endfacet
  facet normal -3.15787e-06 -0.766044 -0.642788
    outer loop
      vertex 74.175 -12.6919 22.3254
      vertex 98.4 -2.56306 10.2542
      vertex 98.4 -12.9491 22.6318
    endloop
  endfacet
  facet normal 0 -0.766047 -0.642785
    outer loop
      vertex -8.4 -85.5471 109.151
      vertex 8.4 -95.6758 121.222
      vertex -8.4 -95.6758 121.222
    endloop
  endfacet
  facet normal 0 -0.766047 -0.642785
    outer loop
      vertex 8.4 -95.6758 121.222
      vertex -8.4 -85.5471 109.151
      vertex 8.4 -85.5471 109.151
    endloop
  endfacet
  facet normal 0 -0.766047 -0.642785
    outer loop
      vertex -98.4 -95.6758 121.222
      vertex -74.175 -85.5471 109.151
      vertex -24.4 -95.6758 121.222
    endloop
  endfacet
  facet normal 9.30588e-06 -0.766056 -0.642774
    outer loop
      vertex -98.4 -85.2898 108.844
      vertex -74.175 -85.5471 109.151
      vertex -98.4 -95.6758 121.222
    endloop
  endfacet
  facet normal -0 -0.766044 -0.642788
    outer loop
      vertex -98.4 -12.9491 22.6318
      vertex -98.4 -85.2898 108.844
      vertex -114.4 -12.9491 22.6318
    endloop
  endfacet
  facet normal 9.60846e-06 -0.766044 -0.642788
    outer loop
      vertex -98.4 -85.2898 108.844
      vertex -98.4 -12.9491 22.6318
      vertex -74.175 -85.5471 109.151
    endloop
  endfacet
  facet normal 3.17258e-06 -0.766045 -0.642787
    outer loop
      vertex -98.4 -12.9491 22.6318
      vertex -74.175 -12.6919 22.3254
      vertex -74.175 -85.5471 109.151
    endloop
  endfacet
  facet normal 3.15787e-06 -0.766044 -0.642788
    outer loop
      vertex -98.4 -2.56306 10.2542
      vertex -74.175 -12.6919 22.3254
      vertex -98.4 -12.9491 22.6318
    endloop
  endfacet
  facet normal -0 -0.766048 -0.642784
    outer loop
      vertex -24.4 -2.56306 10.2542
      vertex -74.175 -12.6919 22.3254
      vertex -98.4 -2.56306 10.2542
    endloop
  endfacet
  facet normal 0 -0.766048 -0.642784
    outer loop
      vertex -74.175 -12.6919 22.3254
      vertex -24.4 -2.56306 10.2542
      vertex -24.4 -12.6919 22.3254
    endloop
  endfacet
  facet normal -0 -0.765894 -0.642967
    outer loop
      vertex -98.4 -95.6758 121.222
      vertex -115.5 -96.2794 121.941
      vertex -114.4 -95.6758 121.222
    endloop
  endfacet
  facet normal 0.000215304 -0.766056 -0.642774
    outer loop
      vertex -115.5 -96.2794 121.941
      vertex -114.4 -85.2898 108.844
      vertex -114.4 -95.6758 121.222
    endloop
  endfacet
  facet normal 0 -0.766044 -0.642788
    outer loop
      vertex -114.4 -85.2898 108.844
      vertex -114.4 -12.9491 22.6318
      vertex -98.4 -85.2898 108.844
    endloop
  endfacet
  facet normal -6.91037e-05 -0.766044 -0.642788
    outer loop
      vertex -115.5 -96.2794 121.941
      vertex -114.4 -12.9491 22.6318
      vertex -114.4 -85.2898 108.844
    endloop
  endfacet
  facet normal -1.71473e-05 -0.766044 -0.642788
    outer loop
      vertex -115.5 -1.37888 8.84298
      vertex -114.4 -12.9491 22.6318
      vertex -115.5 -96.2794 121.941
    endloop
  endfacet
  facet normal 0 -0.766038 -0.642796
    outer loop
      vertex -115.5 -1.37888 8.84298
      vertex -98.4 -2.56306 10.2542
      vertex -114.4 -2.56306 10.2542
    endloop
  endfacet
  facet normal 0 -0.766038 -0.642796
    outer loop
      vertex -98.4 -2.56306 10.2542
      vertex -115.5 -1.37888 8.84298
      vertex -24.4 -2.56306 10.2542
    endloop
  endfacet
  facet normal 0 -0.766038 -0.642796
    outer loop
      vertex -24.4 -2.56306 10.2542
      vertex -115.5 -1.37888 8.84298
      vertex -8.4 -2.56306 10.2542
    endloop
  endfacet
  facet normal 0 -0.766038 -0.642796
    outer loop
      vertex -8.4 -2.56306 10.2542
      vertex -115.5 -1.37888 8.84298
      vertex 8.4 -2.56306 10.2542
    endloop
  endfacet
  facet normal 0 -0.766038 -0.642796
    outer loop
      vertex 8.4 -2.56306 10.2542
      vertex -115.5 -1.37888 8.84298
      vertex 24.4 -2.56306 10.2542
    endloop
  endfacet
  facet normal -0 -0.766038 -0.642796
    outer loop
      vertex 115.5 -1.37888 8.84298
      vertex 24.4 -2.56306 10.2542
      vertex -115.5 -1.37888 8.84298
    endloop
  endfacet
  facet normal 0 -0.766038 -0.642796
    outer loop
      vertex 24.4 -2.56306 10.2542
      vertex 115.5 -1.37888 8.84298
      vertex 98.4 -2.56306 10.2542
    endloop
  endfacet
  facet normal -1.79479e-05 -0.766044 -0.642788
    outer loop
      vertex -114.4 -12.9491 22.6318
      vertex -115.5 -1.37888 8.84298
      vertex -114.4 -2.56306 10.2542
    endloop
  endfacet
  facet normal -0 -0.765894 -0.642967
    outer loop
      vertex -24.4 -95.6758 121.222
      vertex -115.5 -96.2794 121.941
      vertex -98.4 -95.6758 121.222
    endloop
  endfacet
  facet normal 0 -0.765894 -0.642967
    outer loop
      vertex -115.5 -96.2794 121.941
      vertex -24.4 -95.6758 121.222
      vertex 115.5 -96.2794 121.941
    endloop
  endfacet
  facet normal -0 -0.765894 -0.642967
    outer loop
      vertex -8.4 -95.6758 121.222
      vertex 115.5 -96.2794 121.941
      vertex -24.4 -95.6758 121.222
    endloop
  endfacet
  facet normal -0 -0.765894 -0.642967
    outer loop
      vertex 8.4 -95.6758 121.222
      vertex 115.5 -96.2794 121.941
      vertex -8.4 -95.6758 121.222
    endloop
  endfacet
  facet normal -0 -0.765894 -0.642967
    outer loop
      vertex 24.4 -95.6758 121.222
      vertex 115.5 -96.2794 121.941
      vertex 8.4 -95.6758 121.222
    endloop
  endfacet
  facet normal -0 -0.765894 -0.642967
    outer loop
      vertex 98.4 -95.6758 121.222
      vertex 115.5 -96.2794 121.941
      vertex 24.4 -95.6758 121.222
    endloop
  endfacet
  facet normal -0 -0.765894 -0.642967
    outer loop
      vertex 114.4 -95.6758 121.222
      vertex 115.5 -96.2794 121.941
      vertex 98.4 -95.6758 121.222
    endloop
  endfacet
  facet normal -0.000215304 -0.766056 -0.642774
    outer loop
      vertex 114.4 -85.2898 108.844
      vertex 115.5 -96.2794 121.941
      vertex 114.4 -95.6758 121.222
    endloop
  endfacet
  facet normal -0 -0.766044 -0.642788
    outer loop
      vertex 114.4 -12.9491 22.6318
      vertex 114.4 -85.2898 108.844
      vertex 98.4 -12.9491 22.6318
    endloop
  endfacet
  facet normal 6.91037e-05 -0.766044 -0.642788
    outer loop
      vertex 114.4 -12.9491 22.6318
      vertex 115.5 -96.2794 121.941
      vertex 114.4 -85.2898 108.844
    endloop
  endfacet
  facet normal 1.79479e-05 -0.766044 -0.642788
    outer loop
      vertex 115.5 -1.37888 8.84298
      vertex 114.4 -12.9491 22.6318
      vertex 114.4 -2.56306 10.2542
    endloop
  endfacet
  facet normal 1.71473e-05 -0.766044 -0.642788
    outer loop
      vertex 114.4 -12.9491 22.6318
      vertex 115.5 -1.37888 8.84298
      vertex 115.5 -96.2794 121.941
    endloop
  endfacet
  facet normal 0 -0.766038 -0.642796
    outer loop
      vertex 98.4 -2.56306 10.2542
      vertex 115.5 -1.37888 8.84298
      vertex 114.4 -2.56306 10.2542
    endloop
  endfacet
  facet normal 0 -0.766047 -0.642785
    outer loop
      vertex -24.4 -95.6758 121.222
      vertex -74.175 -85.5471 109.151
      vertex -24.4 -85.5471 109.151
    endloop
  endfacet
  facet normal 0 -0.766048 -0.642784
    outer loop
      vertex -8.4 -2.56306 10.2542
      vertex 8.4 -12.6919 22.3254
      vertex -8.4 -12.6919 22.3254
    endloop
  endfacet
  facet normal 0 -0.766048 -0.642784
    outer loop
      vertex 8.4 -12.6919 22.3254
      vertex -8.4 -2.56306 10.2542
      vertex 8.4 -2.56306 10.2542
    endloop
  endfacet
  facet normal 0 0.642791 -0.766042
    outer loop
      vertex -115.5 -1.37888 8.84298
      vertex 115.5 -0.689444 9.42149
      vertex 115.5 -1.37888 8.84298
    endloop
  endfacet
  facet normal 0 0.642791 -0.766042
    outer loop
      vertex 115.5 -0.689444 9.42149
      vertex -115.5 -1.37888 8.84298
      vertex -115.5 -0.689444 9.42149
    endloop
  endfacet
  facet normal -1 0 0
    outer loop
      vertex -114.4 -16.1664 19.9321
      vertex -114.4 -5.53676 7.27967
      vertex -114.4 -5.54442 7.27324
    endloop
  endfacet
  facet normal -1 0 0
    outer loop
      vertex -114.4 -5.53676 7.27967
      vertex -114.4 -16.1664 19.9321
      vertex -114.4 -2.56306 10.2542
    endloop
  endfacet
  facet normal -1 0 0
    outer loop
      vertex -114.4 -2.56306 10.2542
      vertex -114.4 -16.1664 19.9321
      vertex -114.4 -12.9491 22.6318
    endloop
  endfacet
  facet normal 0 -0.642797 0.766037
    outer loop
      vertex -114.4 -12.9491 22.6318
      vertex -98.4 -16.1664 19.9321
      vertex -98.4 -12.9491 22.6318
    endloop
  endfacet
  facet normal 0 -0.642797 0.766037
    outer loop
      vertex -98.4 -16.1664 19.9321
      vertex -114.4 -12.9491 22.6318
      vertex -114.4 -16.1664 19.9321
    endloop
  endfacet
  facet normal 0 -0.766046 -0.642785
    outer loop
      vertex -114.4 -5.54442 7.27324
      vertex -98.4 -16.1664 19.9321
      vertex -114.4 -16.1664 19.9321
    endloop
  endfacet
  facet normal 0 -0.766046 -0.642785
    outer loop
      vertex -98.4 -16.1664 19.9321
      vertex -114.4 -5.54442 7.27324
      vertex -98.4 -5.54442 7.27324
    endloop
  endfacet
  facet normal 0 0.642934 -0.765921
    outer loop
      vertex -114.4 -5.54442 7.27324
      vertex -98.4 -5.53676 7.27967
      vertex -98.4 -5.54442 7.27324
    endloop
  endfacet
  facet normal 0 0.642934 -0.765921
    outer loop
      vertex -98.4 -5.53676 7.27967
      vertex -114.4 -5.54442 7.27324
      vertex -114.4 -5.53676 7.27967
    endloop
  endfacet
  facet normal 1 0 0
    outer loop
      vertex -98.4 -16.1664 19.9321
      vertex -98.4 -5.53676 7.27967
      vertex -98.4 -2.56306 10.2542
    endloop
  endfacet
  facet normal 1 -0 0
    outer loop
      vertex -98.4 -16.1664 19.9321
      vertex -98.4 -2.56306 10.2542
      vertex -98.4 -12.9491 22.6318
    endloop
  endfacet
  facet normal 1 0 0
    outer loop
      vertex -98.4 -5.53676 7.27967
      vertex -98.4 -16.1664 19.9321
      vertex -98.4 -5.54442 7.27324
    endloop
  endfacet
  facet normal 0 0.707205 -0.707008
    outer loop
      vertex -98.4 -5.53676 7.27967
      vertex -114.4 -2.56306 10.2542
      vertex -98.4 -2.56306 10.2542
    endloop
  endfacet
  facet normal 0 0.707205 -0.707008
    outer loop
      vertex -114.4 -2.56306 10.2542
      vertex -98.4 -5.53676 7.27967
      vertex -114.4 -5.53676 7.27967
    endloop
  endfacet
  facet normal -1 0 0
    outer loop
      vertex -114.4 -98.8932 118.522
      vertex -114.4 -88.2635 105.87
      vertex -114.4 -88.2712 105.863
    endloop
  endfacet
  facet normal -1 0 0
    outer loop
      vertex -114.4 -88.2635 105.87
      vertex -114.4 -98.8932 118.522
      vertex -114.4 -85.2898 108.844
    endloop
  endfacet
  facet normal -1 0 0
    outer loop
      vertex -114.4 -85.2898 108.844
      vertex -114.4 -98.8932 118.522
      vertex -114.4 -95.6758 121.222
    endloop
  endfacet
  facet normal 0 -0.642827 0.766012
    outer loop
      vertex -114.4 -95.6758 121.222
      vertex -98.4 -98.8932 118.522
      vertex -98.4 -95.6758 121.222
    endloop
  endfacet
  facet normal 0 -0.642827 0.766012
    outer loop
      vertex -98.4 -98.8932 118.522
      vertex -114.4 -95.6758 121.222
      vertex -114.4 -98.8932 118.522
    endloop
  endfacet
  facet normal 0 -0.766049 -0.642782
    outer loop
      vertex -114.4 -88.2712 105.863
      vertex -98.4 -98.8932 118.522
      vertex -114.4 -98.8932 118.522
    endloop
  endfacet
  facet normal 0 -0.766049 -0.642782
    outer loop
      vertex -98.4 -98.8932 118.522
      vertex -114.4 -88.2712 105.863
      vertex -98.4 -88.2712 105.863
    endloop
  endfacet
  facet normal 0 0.672673 -0.73994
    outer loop
      vertex -114.4 -88.2712 105.863
      vertex -98.4 -88.2635 105.87
      vertex -98.4 -88.2712 105.863
    endloop
  endfacet
  facet normal 0 0.672673 -0.73994
    outer loop
      vertex -98.4 -88.2635 105.87
      vertex -114.4 -88.2712 105.863
      vertex -114.4 -88.2635 105.87
    endloop
  endfacet
  facet normal 1 0 0
    outer loop
      vertex -98.4 -98.8932 118.522
      vertex -98.4 -88.2635 105.87
      vertex -98.4 -85.2898 108.844
    endloop
  endfacet
  facet normal 1 -0 0
    outer loop
      vertex -98.4 -98.8932 118.522
      vertex -98.4 -85.2898 108.844
      vertex -98.4 -95.6758 121.222
    endloop
  endfacet
  facet normal 1 0 0
    outer loop
      vertex -98.4 -88.2635 105.87
      vertex -98.4 -98.8932 118.522
      vertex -98.4 -88.2712 105.863
    endloop
  endfacet
  facet normal 0 0.707142 -0.707071
    outer loop
      vertex -98.4 -88.2635 105.87
      vertex -114.4 -85.2898 108.844
      vertex -98.4 -85.2898 108.844
    endloop
  endfacet
  facet normal 0 0.707142 -0.707071
    outer loop
      vertex -114.4 -85.2898 108.844
      vertex -98.4 -88.2635 105.87
      vertex -114.4 -88.2635 105.87
    endloop
  endfacet
  facet normal -1 0 0
    outer loop
      vertex 98.4 -16.1664 19.9321
      vertex 98.4 -5.53676 7.27967
      vertex 98.4 -5.54442 7.27324
    endloop
  endfacet
  facet normal -1 0 0
    outer loop
      vertex 98.4 -5.53676 7.27967
      vertex 98.4 -16.1664 19.9321
      vertex 98.4 -2.56306 10.2542
    endloop
  endfacet
  facet normal -1 0 0
    outer loop
      vertex 98.4 -2.56306 10.2542
      vertex 98.4 -16.1664 19.9321
      vertex 98.4 -12.9491 22.6318
    endloop
  endfacet
  facet normal 0 -0.642797 0.766037
    outer loop
      vertex 98.4 -12.9491 22.6318
      vertex 114.4 -16.1664 19.9321
      vertex 114.4 -12.9491 22.6318
    endloop
  endfacet
  facet normal 0 -0.642797 0.766037
    outer loop
      vertex 114.4 -16.1664 19.9321
      vertex 98.4 -12.9491 22.6318
      vertex 98.4 -16.1664 19.9321
    endloop
  endfacet
  facet normal 0 -0.766046 -0.642785
    outer loop
      vertex 98.4 -5.54442 7.27324
      vertex 114.4 -16.1664 19.9321
      vertex 98.4 -16.1664 19.9321
    endloop
  endfacet
  facet normal 0 -0.766046 -0.642785
    outer loop
      vertex 114.4 -16.1664 19.9321
      vertex 98.4 -5.54442 7.27324
      vertex 114.4 -5.54442 7.27324
    endloop
  endfacet
  facet normal 0 0.642934 -0.765921
    outer loop
      vertex 98.4 -5.54442 7.27324
      vertex 114.4 -5.53676 7.27967
      vertex 114.4 -5.54442 7.27324
    endloop
  endfacet
  facet normal 0 0.642934 -0.765921
    outer loop
      vertex 114.4 -5.53676 7.27967
      vertex 98.4 -5.54442 7.27324
      vertex 98.4 -5.53676 7.27967
    endloop
  endfacet
  facet normal 1 0 0
    outer loop
      vertex 114.4 -16.1664 19.9321
      vertex 114.4 -5.53676 7.27967
      vertex 114.4 -2.56306 10.2542
    endloop
  endfacet
  facet normal 1 -0 0
    outer loop
      vertex 114.4 -16.1664 19.9321
      vertex 114.4 -2.56306 10.2542
      vertex 114.4 -12.9491 22.6318
    endloop
  endfacet
  facet normal 1 0 0
    outer loop
      vertex 114.4 -5.53676 7.27967
      vertex 114.4 -16.1664 19.9321
      vertex 114.4 -5.54442 7.27324
    endloop
  endfacet
  facet normal 0 0.707205 -0.707008
    outer loop
      vertex 114.4 -5.53676 7.27967
      vertex 98.4 -2.56306 10.2542
      vertex 114.4 -2.56306 10.2542
    endloop
  endfacet
  facet normal 0 0.707205 -0.707008
    outer loop
      vertex 98.4 -2.56306 10.2542
      vertex 114.4 -5.53676 7.27967
      vertex 98.4 -5.53676 7.27967
    endloop
  endfacet
  facet normal -1 0 0
    outer loop
      vertex 98.4 -98.8932 118.522
      vertex 98.4 -88.2635 105.87
      vertex 98.4 -88.2712 105.863
    endloop
  endfacet
  facet normal -1 0 0
    outer loop
      vertex 98.4 -88.2635 105.87
      vertex 98.4 -98.8932 118.522
      vertex 98.4 -85.2898 108.844
    endloop
  endfacet
  facet normal -1 0 0
    outer loop
      vertex 98.4 -85.2898 108.844
      vertex 98.4 -98.8932 118.522
      vertex 98.4 -95.6758 121.222
    endloop
  endfacet
  facet normal 0 -0.642827 0.766012
    outer loop
      vertex 98.4 -95.6758 121.222
      vertex 114.4 -98.8932 118.522
      vertex 114.4 -95.6758 121.222
    endloop
  endfacet
  facet normal 0 -0.642827 0.766012
    outer loop
      vertex 114.4 -98.8932 118.522
      vertex 98.4 -95.6758 121.222
      vertex 98.4 -98.8932 118.522
    endloop
  endfacet
  facet normal 0 -0.766049 -0.642782
    outer loop
      vertex 98.4 -88.2712 105.863
      vertex 114.4 -98.8932 118.522
      vertex 98.4 -98.8932 118.522
    endloop
  endfacet
  facet normal 0 -0.766049 -0.642782
    outer loop
      vertex 114.4 -98.8932 118.522
      vertex 98.4 -88.2712 105.863
      vertex 114.4 -88.2712 105.863
    endloop
  endfacet
  facet normal 0 0.672673 -0.73994
    outer loop
      vertex 98.4 -88.2712 105.863
      vertex 114.4 -88.2635 105.87
      vertex 114.4 -88.2712 105.863
    endloop
  endfacet
  facet normal 0 0.672673 -0.73994
    outer loop
      vertex 114.4 -88.2635 105.87
      vertex 98.4 -88.2712 105.863
      vertex 98.4 -88.2635 105.87
    endloop
  endfacet
  facet normal 1 0 0
    outer loop
      vertex 114.4 -98.8932 118.522
      vertex 114.4 -88.2635 105.87
      vertex 114.4 -85.2898 108.844
    endloop
  endfacet
  facet normal 1 -0 0
    outer loop
      vertex 114.4 -98.8932 118.522
      vertex 114.4 -85.2898 108.844
      vertex 114.4 -95.6758 121.222
    endloop
  endfacet
  facet normal 1 0 0
    outer loop
      vertex 114.4 -88.2635 105.87
      vertex 114.4 -98.8932 118.522
      vertex 114.4 -88.2712 105.863
    endloop
  endfacet
  facet normal 0 0.707142 -0.707071
    outer loop
      vertex 114.4 -88.2635 105.87
      vertex 98.4 -85.2898 108.844
      vertex 114.4 -85.2898 108.844
    endloop
  endfacet
  facet normal 0 0.707142 -0.707071
    outer loop
      vertex 98.4 -85.2898 108.844
      vertex 114.4 -88.2635 105.87
      vertex 98.4 -88.2635 105.87
    endloop
  endfacet
  facet normal -1 0 0
    outer loop
      vertex -24.4 -16.1664 19.9321
      vertex -24.4 -5.53676 7.27967
      vertex -24.4 -5.54442 7.27324
    endloop
  endfacet
  facet normal -1 0 0
    outer loop
      vertex -24.4 -5.53676 7.27967
      vertex -24.4 -13.458 21.6826
      vertex -24.4 -2.56306 10.2542
    endloop
  endfacet
  facet normal -1 0 0
    outer loop
      vertex -24.4 -2.56306 10.2542
      vertex -24.4 -13.4503 21.689
      vertex -24.4 -12.6919 22.3254
    endloop
  endfacet
  facet normal -1 0 0
    outer loop
      vertex -24.4 -2.56306 10.2542
      vertex -24.4 -13.458 21.6826
      vertex -24.4 -13.4503 21.689
    endloop
  endfacet
  facet normal -1 0 0
    outer loop
      vertex -24.4 -5.53676 7.27967
      vertex -24.4 -16.1664 19.9321
      vertex -24.4 -13.458 21.6826
    endloop
  endfacet
  facet normal -1 -0 0
    outer loop
      vertex -24.4 -13.458 21.6826
      vertex -24.4 -16.1664 19.9321
      vertex -24.4 -13.7151 21.989
    endloop
  endfacet
  facet normal 0 -0.64279 0.766042
    outer loop
      vertex -24.4 -13.7151 21.989
      vertex -8.4 -16.1664 19.9321
      vertex -8.4 -13.7151 21.989
    endloop
  endfacet
  facet normal 0 -0.64279 0.766042
    outer loop
      vertex -8.4 -16.1664 19.9321
      vertex -24.4 -13.7151 21.989
      vertex -24.4 -16.1664 19.9321
    endloop
  endfacet
  facet normal 0 -0.766046 -0.642785
    outer loop
      vertex -24.4 -5.54442 7.27324
      vertex -8.4 -16.1664 19.9321
      vertex -24.4 -16.1664 19.9321
    endloop
  endfacet
  facet normal 0 -0.766046 -0.642785
    outer loop
      vertex -8.4 -16.1664 19.9321
      vertex -24.4 -5.54442 7.27324
      vertex -8.4 -5.54442 7.27324
    endloop
  endfacet
  facet normal 0 0.642934 -0.765921
    outer loop
      vertex -24.4 -5.54442 7.27324
      vertex -8.4 -5.53676 7.27967
      vertex -8.4 -5.54442 7.27324
    endloop
  endfacet
  facet normal 0 0.642934 -0.765921
    outer loop
      vertex -8.4 -5.53676 7.27967
      vertex -24.4 -5.54442 7.27324
      vertex -24.4 -5.53676 7.27967
    endloop
  endfacet
  facet normal 1 0 0
    outer loop
      vertex -8.4 -13.458 21.6826
      vertex -8.4 -5.53676 7.27967
      vertex -8.4 -2.56306 10.2542
    endloop
  endfacet
  facet normal 1 -0 0
    outer loop
      vertex -8.4 -13.4503 21.689
      vertex -8.4 -2.56306 10.2542
      vertex -8.4 -12.6919 22.3254
    endloop
  endfacet
  facet normal 1 -0 0
    outer loop
      vertex -8.4 -13.458 21.6826
      vertex -8.4 -2.56306 10.2542
      vertex -8.4 -13.4503 21.689
    endloop
  endfacet
  facet normal 1 -0 0
    outer loop
      vertex -8.4 -16.1664 19.9321
      vertex -8.4 -5.53676 7.27967
      vertex -8.4 -13.458 21.6826
    endloop
  endfacet
  facet normal 1 0 0
    outer loop
      vertex -8.4 -16.1664 19.9321
      vertex -8.4 -13.458 21.6826
      vertex -8.4 -13.7151 21.989
    endloop
  endfacet
  facet normal 1 0 0
    outer loop
      vertex -8.4 -5.53676 7.27967
      vertex -8.4 -16.1664 19.9321
      vertex -8.4 -5.54442 7.27324
    endloop
  endfacet
  facet normal 0 0.707205 -0.707008
    outer loop
      vertex -8.4 -5.53676 7.27967
      vertex -24.4 -2.56306 10.2542
      vertex -8.4 -2.56306 10.2542
    endloop
  endfacet
  facet normal 0 0.707205 -0.707008
    outer loop
      vertex -24.4 -2.56306 10.2542
      vertex -8.4 -5.53676 7.27967
      vertex -24.4 -5.53676 7.27967
    endloop
  endfacet
  facet normal -1 -0 0
    outer loop
      vertex -24.4 -85.9995 108.134
      vertex -24.4 -88.2635 105.87
      vertex -24.4 -86.2569 108.441
    endloop
  endfacet
  facet normal -1 0 0
    outer loop
      vertex -24.4 -88.2712 105.863
      vertex -24.4 -86.2569 108.441
      vertex -24.4 -88.2635 105.87
    endloop
  endfacet
  facet normal -1 0 0
    outer loop
      vertex -24.4 -86.2569 108.441
      vertex -24.4 -95.6758 121.222
      vertex -24.4 -85.5471 109.151
    endloop
  endfacet
  facet normal -1 0 0
    outer loop
      vertex -24.4 -98.8932 118.522
      vertex -24.4 -86.2569 108.441
      vertex -24.4 -88.2712 105.863
    endloop
  endfacet
  facet normal -1 0 0
    outer loop
      vertex -24.4 -86.2569 108.441
      vertex -24.4 -98.8932 118.522
      vertex -24.4 -95.6758 121.222
    endloop
  endfacet
  facet normal 0 -0.642827 0.766012
    outer loop
      vertex -24.4 -95.6758 121.222
      vertex -8.4 -98.8932 118.522
      vertex -8.4 -95.6758 121.222
    endloop
  endfacet
  facet normal 0 -0.642827 0.766012
    outer loop
      vertex -8.4 -98.8932 118.522
      vertex -24.4 -95.6758 121.222
      vertex -24.4 -98.8932 118.522
    endloop
  endfacet
  facet normal 0 -0.766049 -0.642782
    outer loop
      vertex -24.4 -88.2712 105.863
      vertex -8.4 -98.8932 118.522
      vertex -24.4 -98.8932 118.522
    endloop
  endfacet
  facet normal 0 -0.766049 -0.642782
    outer loop
      vertex -8.4 -98.8932 118.522
      vertex -24.4 -88.2712 105.863
      vertex -8.4 -88.2712 105.863
    endloop
  endfacet
  facet normal 0 0.672673 -0.73994
    outer loop
      vertex -24.4 -88.2712 105.863
      vertex -8.4 -88.2635 105.87
      vertex -8.4 -88.2712 105.863
    endloop
  endfacet
  facet normal 0 0.672673 -0.73994
    outer loop
      vertex -8.4 -88.2635 105.87
      vertex -24.4 -88.2712 105.863
      vertex -24.4 -88.2635 105.87
    endloop
  endfacet
  facet normal 1 0 0
    outer loop
      vertex -8.4 -86.2569 108.441
      vertex -8.4 -88.2712 105.863
      vertex -8.4 -88.2635 105.87
    endloop
  endfacet
  facet normal 1 0 0
    outer loop
      vertex -8.4 -95.6758 121.222
      vertex -8.4 -86.2569 108.441
      vertex -8.4 -85.5471 109.151
    endloop
  endfacet
  facet normal 1 -0 0
    outer loop
      vertex -8.4 -98.8932 118.522
      vertex -8.4 -86.2569 108.441
      vertex -8.4 -95.6758 121.222
    endloop
  endfacet
  facet normal 1 0 0
    outer loop
      vertex -8.4 -86.2569 108.441
      vertex -8.4 -98.8932 118.522
      vertex -8.4 -88.2712 105.863
    endloop
  endfacet
  facet normal 1 0 0
    outer loop
      vertex -8.4 -85.9995 108.134
      vertex -8.4 -86.2569 108.441
      vertex -8.4 -88.2635 105.87
    endloop
  endfacet
  facet normal 0 0.707107 -0.707107
    outer loop
      vertex -8.4 -88.2635 105.87
      vertex -24.4 -85.9995 108.134
      vertex -8.4 -85.9995 108.134
    endloop
  endfacet
  facet normal 0 0.707107 -0.707107
    outer loop
      vertex -24.4 -85.9995 108.134
      vertex -8.4 -88.2635 105.87
      vertex -24.4 -88.2635 105.87
    endloop
  endfacet
  facet normal -1 0 0
    outer loop
      vertex 8.4 -16.1664 19.9321
      vertex 8.4 -5.53676 7.27967
      vertex 8.4 -5.54442 7.27324
    endloop
  endfacet
  facet normal -1 0 0
    outer loop
      vertex 8.4 -5.53676 7.27967
      vertex 8.4 -13.458 21.6826
      vertex 8.4 -2.56306 10.2542
    endloop
  endfacet
  facet normal -1 0 0
    outer loop
      vertex 8.4 -2.56306 10.2542
      vertex 8.4 -13.4503 21.689
      vertex 8.4 -12.6919 22.3254
    endloop
  endfacet
  facet normal -1 0 0
    outer loop
      vertex 8.4 -2.56306 10.2542
      vertex 8.4 -13.458 21.6826
      vertex 8.4 -13.4503 21.689
    endloop
  endfacet
  facet normal -1 0 0
    outer loop
      vertex 8.4 -5.53676 7.27967
      vertex 8.4 -16.1664 19.9321
      vertex 8.4 -13.458 21.6826
    endloop
  endfacet
  facet normal -1 -0 0
    outer loop
      vertex 8.4 -13.458 21.6826
      vertex 8.4 -16.1664 19.9321
      vertex 8.4 -13.7151 21.989
    endloop
  endfacet
  facet normal 0 -0.64279 0.766042
    outer loop
      vertex 8.4 -13.7151 21.989
      vertex 24.4 -16.1664 19.9321
      vertex 24.4 -13.7151 21.989
    endloop
  endfacet
  facet normal 0 -0.64279 0.766042
    outer loop
      vertex 24.4 -16.1664 19.9321
      vertex 8.4 -13.7151 21.989
      vertex 8.4 -16.1664 19.9321
    endloop
  endfacet
  facet normal 0 -0.766046 -0.642785
    outer loop
      vertex 8.4 -5.54442 7.27324
      vertex 24.4 -16.1664 19.9321
      vertex 8.4 -16.1664 19.9321
    endloop
  endfacet
  facet normal 0 -0.766046 -0.642785
    outer loop
      vertex 24.4 -16.1664 19.9321
      vertex 8.4 -5.54442 7.27324
      vertex 24.4 -5.54442 7.27324
    endloop
  endfacet
  facet normal 0 0.642934 -0.765921
    outer loop
      vertex 8.4 -5.54442 7.27324
      vertex 24.4 -5.53676 7.27967
      vertex 24.4 -5.54442 7.27324
    endloop
  endfacet
  facet normal 0 0.642934 -0.765921
    outer loop
      vertex 24.4 -5.53676 7.27967
      vertex 8.4 -5.54442 7.27324
      vertex 8.4 -5.53676 7.27967
    endloop
  endfacet
  facet normal 1 0 0
    outer loop
      vertex 24.4 -13.458 21.6826
      vertex 24.4 -5.53676 7.27967
      vertex 24.4 -2.56306 10.2542
    endloop
  endfacet
  facet normal 1 -0 0
    outer loop
      vertex 24.4 -13.4503 21.689
      vertex 24.4 -2.56306 10.2542
      vertex 24.4 -12.6919 22.3254
    endloop
  endfacet
  facet normal 1 -0 0
    outer loop
      vertex 24.4 -13.458 21.6826
      vertex 24.4 -2.56306 10.2542
      vertex 24.4 -13.4503 21.689
    endloop
  endfacet
  facet normal 1 -0 0
    outer loop
      vertex 24.4 -16.1664 19.9321
      vertex 24.4 -5.53676 7.27967
      vertex 24.4 -13.458 21.6826
    endloop
  endfacet
  facet normal 1 0 0
    outer loop
      vertex 24.4 -16.1664 19.9321
      vertex 24.4 -13.458 21.6826
      vertex 24.4 -13.7151 21.989
    endloop
  endfacet
  facet normal 1 0 0
    outer loop
      vertex 24.4 -5.53676 7.27967
      vertex 24.4 -16.1664 19.9321
      vertex 24.4 -5.54442 7.27324
    endloop
  endfacet
  facet normal 0 0.707205 -0.707008
    outer loop
      vertex 24.4 -5.53676 7.27967
      vertex 8.4 -2.56306 10.2542
      vertex 24.4 -2.56306 10.2542
    endloop
  endfacet
  facet normal 0 0.707205 -0.707008
    outer loop
      vertex 8.4 -2.56306 10.2542
      vertex 24.4 -5.53676 7.27967
      vertex 8.4 -5.53676 7.27967
    endloop
  endfacet
  facet normal -1 -0 0
    outer loop
      vertex 8.4 -85.9995 108.134
      vertex 8.4 -88.2635 105.87
      vertex 8.4 -86.2569 108.441
    endloop
  endfacet
  facet normal -1 0 0
    outer loop
      vertex 8.4 -88.2712 105.863
      vertex 8.4 -86.2569 108.441
      vertex 8.4 -88.2635 105.87
    endloop
  endfacet
  facet normal -1 0 0
    outer loop
      vertex 8.4 -86.2569 108.441
      vertex 8.4 -95.6758 121.222
      vertex 8.4 -85.5471 109.151
    endloop
  endfacet
  facet normal -1 0 0
    outer loop
      vertex 8.4 -98.8932 118.522
      vertex 8.4 -86.2569 108.441
      vertex 8.4 -88.2712 105.863
    endloop
  endfacet
  facet normal -1 0 0
    outer loop
      vertex 8.4 -86.2569 108.441
      vertex 8.4 -98.8932 118.522
      vertex 8.4 -95.6758 121.222
    endloop
  endfacet
  facet normal 0 -0.642827 0.766012
    outer loop
      vertex 8.4 -95.6758 121.222
      vertex 24.4 -98.8932 118.522
      vertex 24.4 -95.6758 121.222
    endloop
  endfacet
  facet normal 0 -0.642827 0.766012
    outer loop
      vertex 24.4 -98.8932 118.522
      vertex 8.4 -95.6758 121.222
      vertex 8.4 -98.8932 118.522
    endloop
  endfacet
  facet normal 0 -0.766049 -0.642782
    outer loop
      vertex 8.4 -88.2712 105.863
      vertex 24.4 -98.8932 118.522
      vertex 8.4 -98.8932 118.522
    endloop
  endfacet
  facet normal 0 -0.766049 -0.642782
    outer loop
      vertex 24.4 -98.8932 118.522
      vertex 8.4 -88.2712 105.863
      vertex 24.4 -88.2712 105.863
    endloop
  endfacet
  facet normal 0 0.672673 -0.73994
    outer loop
      vertex 8.4 -88.2712 105.863
      vertex 24.4 -88.2635 105.87
      vertex 24.4 -88.2712 105.863
    endloop
  endfacet
  facet normal 0 0.672673 -0.73994
    outer loop
      vertex 24.4 -88.2635 105.87
      vertex 8.4 -88.2712 105.863
      vertex 8.4 -88.2635 105.87
    endloop
  endfacet
  facet normal 1 0 0
    outer loop
      vertex 24.4 -86.2569 108.441
      vertex 24.4 -88.2712 105.863
      vertex 24.4 -88.2635 105.87
    endloop
  endfacet
  facet normal 1 0 0
    outer loop
      vertex 24.4 -95.6758 121.222
      vertex 24.4 -86.2569 108.441
      vertex 24.4 -85.5471 109.151
    endloop
  endfacet
  facet normal 1 -0 0
    outer loop
      vertex 24.4 -98.8932 118.522
      vertex 24.4 -86.2569 108.441
      vertex 24.4 -95.6758 121.222
    endloop
  endfacet
  facet normal 1 0 0
    outer loop
      vertex 24.4 -86.2569 108.441
      vertex 24.4 -98.8932 118.522
      vertex 24.4 -88.2712 105.863
    endloop
  endfacet
  facet normal 1 0 0
    outer loop
      vertex 24.4 -85.9995 108.134
      vertex 24.4 -86.2569 108.441
      vertex 24.4 -88.2635 105.87
    endloop
  endfacet
  facet normal 0 0.707107 -0.707107
    outer loop
      vertex 24.4 -88.2635 105.87
      vertex 8.4 -85.9995 108.134
      vertex 24.4 -85.9995 108.134
    endloop
  endfacet
  facet normal 0 0.707107 -0.707107
    outer loop
      vertex 8.4 -85.9995 108.134
      vertex 24.4 -88.2635 105.87
      vertex 8.4 -88.2635 105.87
    endloop
  endfacet
  facet normal -0.996976 0.0499535 -0.0595329
    outer loop
      vertex -102.3 -10.2581 14.4465
      vertex -102.35 -6.84015 18.1518
      vertex -102.3 -6.42788 17.6604
    endloop
  endfacet
  facet normal -0.996975 0.0499586 -0.0595376
    outer loop
      vertex -102.35 -6.84015 18.1518
      vertex -102.3 -10.2581 14.4465
      vertex -102.35 -10.6704 14.9378
    endloop
  endfacet
  facet normal 0.000193815 0.766353 0.642419
    outer loop
      vertex -103.99 -8.12599 11.9056
      vertex -104.539 -7.90991 11.648
      vertex -105.133 -7.75166 11.4594
    endloop
  endfacet
  facet normal 0.972082 -0.150824 0.179747
    outer loop
      vertex -110.45 -6.01561 17.1691
      vertex -110.299 -9.44371 13.476
      vertex -110.299 -5.61349 16.6899
    endloop
  endfacet
  facet normal 0.972082 -0.150824 0.179747
    outer loop
      vertex -110.299 -9.44371 13.476
      vertex -110.45 -6.01561 17.1691
      vertex -110.45 -9.84583 13.9552
    endloop
  endfacet
  facet normal -0.233353 -0.625037 0.744899
    outer loop
      vertex -105.759 -7.65512 11.3444
      vertex -105.133 -3.92144 14.6734
      vertex -105.759 -3.8249 14.5583
    endloop
  endfacet
  facet normal -0.233241 -0.625066 0.74491
    outer loop
      vertex -105.133 -3.92144 14.6734
      vertex -105.759 -7.65512 11.3444
      vertex -105.133 -7.75166 11.4594
    endloop
  endfacet
  facet normal -0.000303207 0.765916 0.642941
    outer loop
      vertex -110.053 -11.4546 15.8724
      vertex -109.717 -11.8072 16.2926
      vertex -110.299 -11.0725 15.4171
    endloop
  endfacet
  facet normal -0.0001196 0.765976 0.642869
    outer loop
      vertex -109.717 -11.8072 16.2926
      vertex -107.667 -12.7645 17.4336
      vertex -110.299 -11.0725 15.4171
    endloop
  endfacet
  facet normal -0.000192037 0.76519 0.643805
    outer loop
      vertex -107.041 -12.8611 17.5486
      vertex -106.4 -12.8935 17.5873
      vertex -107.667 -12.7645 17.4336
    endloop
  endfacet
  facet normal -0.923987 0.245815 -0.292955
    outer loop
      vertex -102.501 -11.0725 15.4171
      vertex -102.747 -7.62434 19.0863
      vertex -102.501 -7.24227 18.631
    endloop
  endfacet
  facet normal -0.923992 0.245807 -0.292948
    outer loop
      vertex -102.747 -7.62434 19.0863
      vertex -102.501 -11.0725 15.4171
      vertex -102.747 -11.4546 15.8724
    endloop
  endfacet
  facet normal -2.47535e-05 0.766063 0.642766
    outer loop
      vertex -109.299 -8.39457 12.2256
      vertex -110.053 -9.06164 13.0206
      vertex -110.45 -9.84583 13.9552
    endloop
  endfacet
  facet normal 0.000192037 0.76519 0.643805
    outer loop
      vertex -105.759 -12.8611 17.5486
      vertex -105.133 -12.7645 17.4336
      vertex -106.4 -12.8935 17.5873
    endloop
  endfacet
  facet normal -0.923987 -0.24582 0.292951
    outer loop
      vertex -102.747 -9.06164 13.0206
      vertex -102.501 -5.61349 16.6899
      vertex -102.747 -5.23142 16.2346
    endloop
  endfacet
  facet normal -0.924005 -0.245788 0.292922
    outer loop
      vertex -102.501 -5.61349 16.6899
      vertex -102.747 -9.06164 13.0206
      vertex -102.501 -9.44371 13.476
    endloop
  endfacet
  facet normal -0.520015 0.549039 -0.654325
    outer loop
      vertex -103.99 -12.3902 16.9875
      vertex -104.082 -8.596 20.2443
      vertex -103.99 -8.55999 20.2014
    endloop
  endfacet
  facet normal -0.5222 0.548139 -0.653338
    outer loop
      vertex -104.082 -8.596 20.2443
      vertex -103.99 -12.3902 16.9875
      vertex -104.539 -12.6063 17.245
    endloop
  endfacet
  facet normal -0.233297 0.625056 -0.744901
    outer loop
      vertex -105.759 -9.03086 20.7626
      vertex -105.133 -12.7645 17.4336
      vertex -105.759 -12.8611 17.5486
    endloop
  endfacet
  facet normal -0.233353 0.625041 -0.744896
    outer loop
      vertex -105.133 -12.7645 17.4336
      vertex -105.759 -9.03086 20.7626
      vertex -105.133 -8.93432 20.6475
    endloop
  endfacet
  facet normal 0 0.766048 0.642783
    outer loop
      vertex -105.133 -7.75166 11.4594
      vertex -109.299 -8.39457 12.2256
      vertex -103.501 -8.39457 12.2256
    endloop
  endfacet
  facet normal 0 0.766048 0.642783
    outer loop
      vertex -109.299 -8.39457 12.2256
      vertex -105.133 -7.75166 11.4594
      vertex -107.667 -7.75166 11.4594
    endloop
  endfacet
  facet normal 0.760244 -0.417584 0.497647
    outer loop
      vertex -109.717 -4.87881 15.8143
      vertex -109.299 -8.39457 12.2256
      vertex -109.299 -4.56435 15.4396
    endloop
  endfacet
  facet normal 0.760294 -0.417539 0.497609
    outer loop
      vertex -109.299 -8.39457 12.2256
      vertex -109.717 -4.87881 15.8143
      vertex -109.717 -8.70903 12.6004
    endloop
  endfacet
  facet normal -0.382846 0.593815 -0.707682
    outer loop
      vertex -105.133 -8.93432 20.6475
      vertex -104.539 -12.6063 17.245
      vertex -105.133 -12.7645 17.4336
    endloop
  endfacet
  facet normal -0.382897 0.593796 -0.70767
    outer loop
      vertex -104.539 -12.6063 17.245
      vertex -105.133 -8.93432 20.6475
      vertex -104.539 -8.77606 20.4589
    endloop
  endfacet
  facet normal -0.382888 -0.593811 0.707662
    outer loop
      vertex -105.133 -7.75166 11.4594
      vertex -104.539 -4.07969 14.862
      vertex -105.133 -3.92144 14.6734
    endloop
  endfacet
  facet normal -0.382888 -0.593811 0.707662
    outer loop
      vertex -104.539 -4.07969 14.862
      vertex -105.133 -7.75166 11.4594
      vertex -104.539 -7.90991 11.648
    endloop
  endfacet
  facet normal -0.000584831 0.765935 0.642918
    outer loop
      vertex -102.35 -9.84583 13.9552
      vertex -102.501 -9.44371 13.476
      vertex -102.747 -9.06164 13.0206
    endloop
  endfacet
  facet normal 0.000179659 0.766038 0.642795
    outer loop
      vertex -102.3 -10.2581 14.4465
      vertex -102.35 -9.84583 13.9552
      vertex -102.501 -11.0725 15.4171
    endloop
  endfacet
  facet normal 0 0.766047 0.642785
    outer loop
      vertex -106.4 -12.8935 17.5873
      vertex -102.501 -11.0725 15.4171
      vertex -110.299 -11.0725 15.4171
    endloop
  endfacet
  facet normal -0.852741 0.335746 -0.400135
    outer loop
      vertex -102.747 -11.4546 15.8724
      vertex -103.083 -7.97694 19.5065
      vertex -102.747 -7.62434 19.0863
    endloop
  endfacet
  facet normal -0.852741 0.335746 -0.400135
    outer loop
      vertex -103.083 -7.97694 19.5065
      vertex -102.747 -11.4546 15.8724
      vertex -103.083 -11.8072 16.2926
    endloop
  endfacet
  facet normal 2.42606e-05 0.766068 0.642759
    outer loop
      vertex -107.667 -12.7645 17.4336
      vertex -106.4 -12.8935 17.5873
      vertex -110.299 -11.0725 15.4171
    endloop
  endfacet
  facet normal -0.000284343 0.76575 0.643138
    outer loop
      vertex -103.501 -8.39457 12.2256
      vertex -103.99 -8.12599 11.9056
      vertex -105.133 -7.75166 11.4594
    endloop
  endfacet
  facet normal -0.522612 0.548017 -0.653112
    outer loop
      vertex -104.539 -8.77606 20.4589
      vertex -104.082 -8.596 20.2443
      vertex -104.539 -12.6063 17.245
    endloop
  endfacet
  facet normal -0.760298 0.417533 -0.497607
    outer loop
      vertex -103.083 -11.8072 16.2926
      vertex -103.501 -8.29141 19.8813
      vertex -103.083 -7.97694 19.5065
    endloop
  endfacet
  facet normal -0.760269 0.41756 -0.49763
    outer loop
      vertex -103.501 -8.29141 19.8813
      vertex -103.083 -11.8072 16.2926
      vertex -103.501 -12.1216 16.6674
    endloop
  endfacet
  facet normal 0.000970919 0.765957 0.642891
    outer loop
      vertex -102.35 -10.6704 14.9378
      vertex -102.3 -10.2581 14.4465
      vertex -102.501 -11.0725 15.4171
    endloop
  endfacet
  facet normal -0.972082 0.150826 -0.179746
    outer loop
      vertex -102.35 -10.6704 14.9378
      vertex -102.501 -7.24227 18.631
      vertex -102.35 -6.84015 18.1518
    endloop
  endfacet
  facet normal -0.972087 0.150809 -0.17973
    outer loop
      vertex -102.501 -7.24227 18.631
      vertex -102.35 -10.6704 14.9378
      vertex -102.501 -11.0725 15.4171
    endloop
  endfacet
  facet normal -2.02714e-05 0.766048 0.642783
    outer loop
      vertex -102.501 -11.0725 15.4171
      vertex -102.35 -9.84583 13.9552
      vertex -103.501 -8.39457 12.2256
    endloop
  endfacet
  facet normal 0.000172599 0.766234 0.642561
    outer loop
      vertex -109.299 -12.1216 16.6674
      vertex -107.667 -12.7645 17.4336
      vertex -109.717 -11.8072 16.2926
    endloop
  endfacet
  facet normal 0.972082 0.150826 -0.179746
    outer loop
      vertex -110.299 -7.24227 18.631
      vertex -110.45 -10.6704 14.9378
      vertex -110.45 -6.84015 18.1518
    endloop
  endfacet
  facet normal 0.972087 0.150809 -0.17973
    outer loop
      vertex -110.45 -10.6704 14.9378
      vertex -110.299 -7.24227 18.631
      vertex -110.299 -11.0725 15.4171
    endloop
  endfacet
  facet normal -0.649126 0.488955 -0.582716
    outer loop
      vertex -103.501 -8.29141 19.8813
      vertex -103.501 -12.1216 16.6674
      vertex -103.909 -8.51522 20.148
    endloop
  endfacet
  facet normal -0.649644 0.488615 -0.582424
    outer loop
      vertex -103.99 -12.3902 16.9875
      vertex -103.909 -8.51522 20.148
      vertex -103.501 -12.1216 16.6674
    endloop
  endfacet
  facet normal -0.65217 0.487277 -0.580719
    outer loop
      vertex -103.909 -8.51522 20.148
      vertex -103.99 -12.3902 16.9875
      vertex -103.99 -8.55999 20.2014
    endloop
  endfacet
  facet normal -0.0784969 0.640803 -0.763682
    outer loop
      vertex -106.4 -9.06331 20.8012
      vertex -105.759 -12.8611 17.5486
      vertex -106.4 -12.8935 17.5873
    endloop
  endfacet
  facet normal -0.0784282 0.640813 -0.76368
    outer loop
      vertex -105.759 -12.8611 17.5486
      vertex -106.4 -9.06331 20.8012
      vertex -105.759 -9.03086 20.7626
    endloop
  endfacet
  facet normal 0.000584831 0.765935 0.642918
    outer loop
      vertex -110.053 -9.06164 13.0206
      vertex -110.299 -9.44371 13.476
      vertex -110.45 -9.84583 13.9552
    endloop
  endfacet
  facet normal 0.0780802 -0.640833 0.7637
    outer loop
      vertex -106.507 -3.79786 14.5261
      vertex -106.4 -7.62267 11.3057
      vertex -106.4 -3.79245 14.5197
    endloop
  endfacet
  facet normal 0.0785466 -0.640801 0.763678
    outer loop
      vertex -106.4 -7.62267 11.3057
      vertex -106.507 -3.79786 14.5261
      vertex -107.041 -7.65512 11.3444
    endloop
  endfacet
  facet normal 0 0.765902 0.642958
    outer loop
      vertex -105.759 -7.65512 11.3444
      vertex -107.667 -7.75166 11.4594
      vertex -105.133 -7.75166 11.4594
    endloop
  endfacet
  facet normal 0 0.765902 0.642958
    outer loop
      vertex -107.667 -7.75166 11.4594
      vertex -105.759 -7.65512 11.3444
      vertex -107.041 -7.65512 11.3444
    endloop
  endfacet
  facet normal -0.0784979 -0.6408 0.763684
    outer loop
      vertex -105.759 -7.65512 11.3444
      vertex -105.759 -3.8249 14.5583
      vertex -106.293 -3.79786 14.5261
    endloop
  endfacet
  facet normal -0.996975 -0.0499594 0.05954
    outer loop
      vertex -102.35 -9.84583 13.9552
      vertex -102.3 -6.42788 17.6604
      vertex -102.35 -6.01561 17.1691
    endloop
  endfacet
  facet normal -0.996975 -0.0499594 0.05954
    outer loop
      vertex -102.3 -6.42788 17.6604
      vertex -102.35 -9.84583 13.9552
      vertex -102.3 -10.2581 14.4465
    endloop
  endfacet
  facet normal -0.760244 -0.417584 0.497647
    outer loop
      vertex -103.501 -8.39457 12.2256
      vertex -103.083 -4.87881 15.8143
      vertex -103.501 -4.56435 15.4396
    endloop
  endfacet
  facet normal -0.760294 -0.417539 0.497609
    outer loop
      vertex -103.083 -4.87881 15.8143
      vertex -103.501 -8.39457 12.2256
      vertex -103.083 -8.70903 12.6004
    endloop
  endfacet
  facet normal 2.47535e-05 0.766063 0.642766
    outer loop
      vertex -102.35 -9.84583 13.9552
      vertex -102.747 -9.06164 13.0206
      vertex -103.501 -8.39457 12.2256
    endloop
  endfacet
  facet normal -0.649633 -0.488675 0.582387
    outer loop
      vertex -103.99 -8.12599 11.9056
      vertex -103.501 -4.56435 15.4396
      vertex -103.99 -4.29577 15.1195
    endloop
  endfacet
  facet normal -0.649564 -0.488722 0.582424
    outer loop
      vertex -103.501 -4.56435 15.4396
      vertex -103.99 -8.12599 11.9056
      vertex -103.501 -8.39457 12.2256
    endloop
  endfacet
  facet normal 0.382846 0.593815 -0.707682
    outer loop
      vertex -108.261 -12.6063 17.245
      vertex -107.667 -8.93432 20.6475
      vertex -107.667 -12.7645 17.4336
    endloop
  endfacet
  facet normal 0.382897 0.593796 -0.70767
    outer loop
      vertex -107.667 -8.93432 20.6475
      vertex -108.261 -12.6063 17.245
      vertex -108.261 -8.77606 20.4589
    endloop
  endfacet
  facet normal 0.5222 0.548139 -0.653338
    outer loop
      vertex -108.81 -12.3902 16.9875
      vertex -108.718 -8.596 20.2443
      vertex -108.261 -12.6063 17.245
    endloop
  endfacet
  facet normal 0.520015 0.549039 -0.654325
    outer loop
      vertex -108.718 -8.596 20.2443
      vertex -108.81 -12.3902 16.9875
      vertex -108.81 -8.55999 20.2014
    endloop
  endfacet
  facet normal 0.233297 0.625056 -0.744901
    outer loop
      vertex -107.667 -12.7645 17.4336
      vertex -107.041 -9.03086 20.7626
      vertex -107.041 -12.8611 17.5486
    endloop
  endfacet
  facet normal 0.233353 0.625041 -0.744896
    outer loop
      vertex -107.041 -9.03086 20.7626
      vertex -107.667 -12.7645 17.4336
      vertex -107.667 -8.93432 20.6475
    endloop
  endfacet
  facet normal 0.996976 0.0499535 -0.0595329
    outer loop
      vertex -110.45 -6.84015 18.1518
      vertex -110.5 -10.2581 14.4465
      vertex -110.5 -6.42788 17.6604
    endloop
  endfacet
  facet normal 0.996975 0.0499586 -0.0595376
    outer loop
      vertex -110.5 -10.2581 14.4465
      vertex -110.45 -6.84015 18.1518
      vertex -110.45 -10.6704 14.9378
    endloop
  endfacet
  facet normal -2.42606e-05 0.766068 0.642759
    outer loop
      vertex -105.133 -12.7645 17.4336
      vertex -102.501 -11.0725 15.4171
      vertex -106.4 -12.8935 17.5873
    endloop
  endfacet
  facet normal 0.852741 0.335746 -0.400135
    outer loop
      vertex -109.717 -7.97694 19.5065
      vertex -110.053 -11.4546 15.8724
      vertex -110.053 -7.62434 19.0863
    endloop
  endfacet
  facet normal 0.852741 0.335746 -0.400135
    outer loop
      vertex -110.053 -11.4546 15.8724
      vertex -109.717 -7.97694 19.5065
      vertex -109.717 -11.8072 16.2926
    endloop
  endfacet
  facet normal 0 0.766051 0.64278
    outer loop
      vertex -103.501 -8.39457 12.2256
      vertex -110.299 -11.0725 15.4171
      vertex -102.501 -11.0725 15.4171
    endloop
  endfacet
  facet normal 0 0.766051 0.64278
    outer loop
      vertex -110.299 -11.0725 15.4171
      vertex -103.501 -8.39457 12.2256
      vertex -109.299 -8.39457 12.2256
    endloop
  endfacet
  facet normal 0.0784969 0.640803 -0.763682
    outer loop
      vertex -107.041 -12.8611 17.5486
      vertex -106.4 -9.06331 20.8012
      vertex -106.4 -12.8935 17.5873
    endloop
  endfacet
  facet normal 0.0784282 0.640813 -0.76368
    outer loop
      vertex -106.4 -9.06331 20.8012
      vertex -107.041 -12.8611 17.5486
      vertex -107.041 -9.03086 20.7626
    endloop
  endfacet
  facet normal -0.000193815 0.766353 0.642419
    outer loop
      vertex -107.667 -7.75166 11.4594
      vertex -108.261 -7.90991 11.648
      vertex -108.81 -8.12599 11.9056
    endloop
  endfacet
  facet normal 0.000284343 0.76575 0.643138
    outer loop
      vertex -107.667 -7.75166 11.4594
      vertex -108.81 -8.12599 11.9056
      vertex -109.299 -8.39457 12.2256
    endloop
  endfacet
  facet normal 0.000341048 0.765892 0.642969
    outer loop
      vertex -109.299 -8.39457 12.2256
      vertex -109.717 -8.70903 12.6004
      vertex -110.053 -9.06164 13.0206
    endloop
  endfacet
  facet normal 0.233353 -0.625037 0.744899
    outer loop
      vertex -107.667 -3.92144 14.6734
      vertex -107.041 -7.65512 11.3444
      vertex -107.041 -3.8249 14.5583
    endloop
  endfacet
  facet normal 0.233241 -0.625066 0.74491
    outer loop
      vertex -107.041 -7.65512 11.3444
      vertex -107.667 -3.92144 14.6734
      vertex -107.667 -7.75166 11.4594
    endloop
  endfacet
  facet normal 0.0784979 -0.6408 0.763684
    outer loop
      vertex -106.507 -3.79786 14.5261
      vertex -107.041 -3.8249 14.5583
      vertex -107.041 -7.65512 11.3444
    endloop
  endfacet
  facet normal 0 0.76627 0.642519
    outer loop
      vertex -105.759 -7.65512 11.3444
      vertex -106.4 -7.62267 11.3057
      vertex -107.041 -7.65512 11.3444
    endloop
  endfacet
  facet normal -0.0780802 -0.640833 0.7637
    outer loop
      vertex -106.4 -7.62267 11.3057
      vertex -106.293 -3.79786 14.5261
      vertex -106.4 -3.79245 14.5197
    endloop
  endfacet
  facet normal -0.0785466 -0.640801 0.763678
    outer loop
      vertex -106.293 -3.79786 14.5261
      vertex -106.4 -7.62267 11.3057
      vertex -105.759 -7.65512 11.3444
    endloop
  endfacet
  facet normal -0.000172599 0.766234 0.642561
    outer loop
      vertex -103.501 -12.1216 16.6674
      vertex -103.083 -11.8072 16.2926
      vertex -105.133 -12.7645 17.4336
    endloop
  endfacet
  facet normal -0.522185 -0.548196 0.653302
    outer loop
      vertex -104.539 -7.90991 11.648
      vertex -103.99 -4.29577 15.1195
      vertex -104.539 -4.07969 14.862
    endloop
  endfacet
  facet normal -0.522272 -0.548152 0.65327
    outer loop
      vertex -103.99 -4.29577 15.1195
      vertex -104.539 -7.90991 11.648
      vertex -103.99 -8.12599 11.9056
    endloop
  endfacet
  facet normal -0.000341048 0.765892 0.642969
    outer loop
      vertex -102.747 -9.06164 13.0206
      vertex -103.083 -8.70903 12.6004
      vertex -103.501 -8.39457 12.2256
    endloop
  endfacet
  facet normal -0.852776 -0.335711 0.400089
    outer loop
      vertex -103.083 -8.70903 12.6004
      vertex -102.747 -5.23142 16.2346
      vertex -103.083 -4.87881 15.8143
    endloop
  endfacet
  facet normal -0.852743 -0.335751 0.400125
    outer loop
      vertex -102.747 -5.23142 16.2346
      vertex -103.083 -8.70903 12.6004
      vertex -102.747 -9.06164 13.0206
    endloop
  endfacet
  facet normal 0.522612 0.548017 -0.653112
    outer loop
      vertex -108.261 -8.77606 20.4589
      vertex -108.261 -12.6063 17.245
      vertex -108.718 -8.596 20.2443
    endloop
  endfacet
  facet normal 0.923987 0.245815 -0.292955
    outer loop
      vertex -110.053 -7.62434 19.0863
      vertex -110.299 -11.0725 15.4171
      vertex -110.299 -7.24227 18.631
    endloop
  endfacet
  facet normal 0.923992 0.245807 -0.292948
    outer loop
      vertex -110.299 -11.0725 15.4171
      vertex -110.053 -7.62434 19.0863
      vertex -110.053 -11.4546 15.8724
    endloop
  endfacet
  facet normal 0.996975 -0.0499594 0.05954
    outer loop
      vertex -110.5 -6.42788 17.6604
      vertex -110.45 -9.84583 13.9552
      vertex -110.45 -6.01561 17.1691
    endloop
  endfacet
  facet normal 0.996975 -0.0499594 0.05954
    outer loop
      vertex -110.45 -9.84583 13.9552
      vertex -110.5 -6.42788 17.6604
      vertex -110.5 -10.2581 14.4465
    endloop
  endfacet
  facet normal -0.000970919 0.765957 0.642891
    outer loop
      vertex -110.45 -10.6704 14.9378
      vertex -110.299 -11.0725 15.4171
      vertex -110.5 -10.2581 14.4465
    endloop
  endfacet
  facet normal 0.65217 0.487277 -0.580719
    outer loop
      vertex -108.81 -12.3902 16.9875
      vertex -108.891 -8.51522 20.148
      vertex -108.81 -8.55999 20.2014
    endloop
  endfacet
  facet normal 0.649644 0.488615 -0.582424
    outer loop
      vertex -108.891 -8.51522 20.148
      vertex -108.81 -12.3902 16.9875
      vertex -109.299 -12.1216 16.6674
    endloop
  endfacet
  facet normal 0.649126 0.488955 -0.582716
    outer loop
      vertex -109.299 -8.29141 19.8813
      vertex -108.891 -8.51522 20.148
      vertex -109.299 -12.1216 16.6674
    endloop
  endfacet
  facet normal 0.760298 0.417533 -0.497607
    outer loop
      vertex -109.299 -8.29141 19.8813
      vertex -109.717 -11.8072 16.2926
      vertex -109.717 -7.97694 19.5065
    endloop
  endfacet
  facet normal 0.760269 0.41756 -0.49763
    outer loop
      vertex -109.717 -11.8072 16.2926
      vertex -109.299 -8.29141 19.8813
      vertex -109.299 -12.1216 16.6674
    endloop
  endfacet
  facet normal 0.000198053 0.765846 0.643024
    outer loop
      vertex -104.539 -12.6063 17.245
      vertex -103.501 -12.1216 16.6674
      vertex -105.133 -12.7645 17.4336
    endloop
  endfacet
  facet normal -0.000140103 0.766145 0.642668
    outer loop
      vertex -103.99 -12.3902 16.9875
      vertex -103.501 -12.1216 16.6674
      vertex -104.539 -12.6063 17.245
    endloop
  endfacet
  facet normal 0.0001196 0.765976 0.642869
    outer loop
      vertex -103.083 -11.8072 16.2926
      vertex -102.501 -11.0725 15.4171
      vertex -105.133 -12.7645 17.4336
    endloop
  endfacet
  facet normal 0.000303207 0.765916 0.642941
    outer loop
      vertex -102.747 -11.4546 15.8724
      vertex -102.501 -11.0725 15.4171
      vertex -103.083 -11.8072 16.2926
    endloop
  endfacet
  facet normal 0.522185 -0.548196 0.653302
    outer loop
      vertex -108.81 -4.29577 15.1195
      vertex -108.261 -7.90991 11.648
      vertex -108.261 -4.07969 14.862
    endloop
  endfacet
  facet normal 0.522272 -0.548152 0.65327
    outer loop
      vertex -108.261 -7.90991 11.648
      vertex -108.81 -4.29577 15.1195
      vertex -108.81 -8.12599 11.9056
    endloop
  endfacet
  facet normal 0.649633 -0.488675 0.582387
    outer loop
      vertex -109.299 -4.56435 15.4396
      vertex -108.81 -8.12599 11.9056
      vertex -108.81 -4.29577 15.1195
    endloop
  endfacet
  facet normal 0.649564 -0.488722 0.582424
    outer loop
      vertex -108.81 -8.12599 11.9056
      vertex -109.299 -4.56435 15.4396
      vertex -109.299 -8.39457 12.2256
    endloop
  endfacet
  facet normal 0.382888 -0.593811 0.707662
    outer loop
      vertex -108.261 -4.07969 14.862
      vertex -107.667 -7.75166 11.4594
      vertex -107.667 -3.92144 14.6734
    endloop
  endfacet
  facet normal 0.382888 -0.593811 0.707662
    outer loop
      vertex -107.667 -7.75166 11.4594
      vertex -108.261 -4.07969 14.862
      vertex -108.261 -7.90991 11.648
    endloop
  endfacet
  facet normal 0.852776 -0.335711 0.400089
    outer loop
      vertex -110.053 -5.23142 16.2346
      vertex -109.717 -8.70903 12.6004
      vertex -109.717 -4.87881 15.8143
    endloop
  endfacet
  facet normal 0.852743 -0.335751 0.400125
    outer loop
      vertex -109.717 -8.70903 12.6004
      vertex -110.053 -5.23142 16.2346
      vertex -110.053 -9.06164 13.0206
    endloop
  endfacet
  facet normal 0.923987 -0.24582 0.292951
    outer loop
      vertex -110.299 -5.61349 16.6899
      vertex -110.053 -9.06164 13.0206
      vertex -110.053 -5.23142 16.2346
    endloop
  endfacet
  facet normal 0.924005 -0.245788 0.292922
    outer loop
      vertex -110.053 -9.06164 13.0206
      vertex -110.299 -5.61349 16.6899
      vertex -110.299 -9.44371 13.476
    endloop
  endfacet
  facet normal -0.972082 -0.150824 0.179747
    outer loop
      vertex -102.501 -9.44371 13.476
      vertex -102.35 -6.01561 17.1691
      vertex -102.501 -5.61349 16.6899
    endloop
  endfacet
  facet normal -0.972082 -0.150824 0.179747
    outer loop
      vertex -102.35 -6.01561 17.1691
      vertex -102.501 -9.44371 13.476
      vertex -102.35 -9.84583 13.9552
    endloop
  endfacet
  facet normal -0.000179659 0.766038 0.642795
    outer loop
      vertex -110.299 -11.0725 15.4171
      vertex -110.45 -9.84583 13.9552
      vertex -110.5 -10.2581 14.4465
    endloop
  endfacet
  facet normal 2.02714e-05 0.766048 0.642783
    outer loop
      vertex -110.299 -11.0725 15.4171
      vertex -109.299 -8.39457 12.2256
      vertex -110.45 -9.84583 13.9552
    endloop
  endfacet
  facet normal 0.000140103 0.766145 0.642668
    outer loop
      vertex -108.81 -12.3902 16.9875
      vertex -108.261 -12.6063 17.245
      vertex -109.299 -12.1216 16.6674
    endloop
  endfacet
  facet normal -0.000198053 0.765846 0.643024
    outer loop
      vertex -108.261 -12.6063 17.245
      vertex -107.667 -12.7645 17.4336
      vertex -109.299 -12.1216 16.6674
    endloop
  endfacet
  facet normal -0.972068 0.150865 -0.17979
    outer loop
      vertex -102.35 -93.3971 113.528
      vertex -102.501 -89.969 117.221
      vertex -102.35 -89.5669 116.742
    endloop
  endfacet
  facet normal -0.972073 0.150848 -0.179774
    outer loop
      vertex -102.501 -89.969 117.221
      vertex -102.35 -93.3971 113.528
      vertex -102.501 -93.7993 114.007
    endloop
  endfacet
  facet normal 0.760411 0.417383 -0.49756
    outer loop
      vertex -109.299 -91.0182 118.471
      vertex -109.717 -94.5339 114.883
      vertex -109.717 -90.7037 118.096
    endloop
  endfacet
  facet normal 0.759909 0.417837 -0.497947
    outer loop
      vertex -109.717 -94.5339 114.883
      vertex -109.299 -91.0182 118.471
      vertex -109.299 -94.8484 115.257
    endloop
  endfacet
  facet normal 0.972513 -0.149672 0.178373
    outer loop
      vertex -110.324 -88.4073 115.36
      vertex -110.299 -92.1705 112.066
      vertex -110.299 -88.3402 115.28
    endloop
  endfacet
  facet normal 0.972068 -0.150894 0.179765
    outer loop
      vertex -110.299 -92.1705 112.066
      vertex -110.324 -88.4073 115.36
      vertex -110.45 -92.5726 112.545
    endloop
  endfacet
  facet normal 0.00343783 0.75956 0.650428
    outer loop
      vertex -105.133 -95.4913 116.023
      vertex -104.539 -95.333 115.835
      vertex -105.759 -95.5878 116.139
    endloop
  endfacet
  facet normal 0.00249274 0.76275 0.646688
    outer loop
      vertex -107.667 -90.4784 110.049
      vertex -108.261 -90.6367 110.238
      vertex -108.81 -90.8528 110.495
    endloop
  endfacet
  facet normal 0 0.766005 0.642835
    outer loop
      vertex -102.501 -92.1705 112.066
      vertex -109.299 -94.8484 115.257
      vertex -103.501 -94.8484 115.257
    endloop
  endfacet
  facet normal 0 0.766005 0.642835
    outer loop
      vertex -109.299 -94.8484 115.257
      vertex -102.501 -92.1705 112.066
      vertex -110.299 -92.1705 112.066
    endloop
  endfacet
  facet normal -0.924099 -0.245602 0.292781
    outer loop
      vertex -102.747 -91.7884 111.611
      vertex -102.501 -88.3402 115.28
      vertex -102.747 -87.9582 114.824
    endloop
  endfacet
  facet normal -0.923939 -0.245891 0.293042
    outer loop
      vertex -102.501 -88.3402 115.28
      vertex -102.747 -91.7884 111.611
      vertex -102.501 -92.1705 112.066
    endloop
  endfacet
  facet normal 0.923939 0.245891 -0.293042
    outer loop
      vertex -110.053 -90.3511 117.676
      vertex -110.299 -93.7993 114.007
      vertex -110.299 -89.969 117.221
    endloop
  endfacet
  facet normal 0.923925 0.245918 -0.293066
    outer loop
      vertex -110.299 -93.7993 114.007
      vertex -110.053 -90.3511 117.676
      vertex -110.053 -94.1813 114.462
    endloop
  endfacet
  facet normal -0.000346999 0.766612 0.642111
    outer loop
      vertex -104.539 -95.333 115.835
      vertex -103.501 -94.8484 115.257
      vertex -106.4 -95.6203 116.177
    endloop
  endfacet
  facet normal 0.972068 0.150865 -0.17979
    outer loop
      vertex -110.299 -89.969 117.221
      vertex -110.45 -93.3971 113.528
      vertex -110.45 -89.5669 116.742
    endloop
  endfacet
  facet normal 0.972073 0.150848 -0.179774
    outer loop
      vertex -110.45 -93.3971 113.528
      vertex -110.299 -89.969 117.221
      vertex -110.299 -93.7993 114.007
    endloop
  endfacet
  facet normal 0.0777673 -0.64085 0.763717
    outer loop
      vertex -107.041 -86.5517 113.148
      vertex -106.4 -90.3494 109.896
      vertex -106.4 -86.5192 113.11
    endloop
  endfacet
  facet normal 0.0777673 -0.64085 0.763717
    outer loop
      vertex -106.4 -90.3494 109.896
      vertex -107.041 -86.5517 113.148
      vertex -107.041 -90.3819 109.934
    endloop
  endfacet
  facet normal -0.00429016 0.76674 0.641943
    outer loop
      vertex -102.35 -93.3971 113.528
      vertex -102.3 -92.9849 113.036
      vertex -102.747 -94.1813 114.462
    endloop
  endfacet
  facet normal -0.000924576 0.765766 0.643119
    outer loop
      vertex -102.3 -92.9849 113.036
      vertex -102.35 -92.5726 112.545
      vertex -102.501 -92.1705 112.066
    endloop
  endfacet
  facet normal -0.000330623 0.766325 0.642453
    outer loop
      vertex -107.667 -90.4784 110.049
      vertex -108.81 -90.8528 110.495
      vertex -110.299 -92.1705 112.066
    endloop
  endfacet
  facet normal 0.00836333 0.760711 0.649036
    outer loop
      vertex -108.81 -90.8528 110.495
      vertex -109.299 -91.1213 110.816
      vertex -109.717 -91.4358 111.19
    endloop
  endfacet
  facet normal 0.971985 -0.151086 0.180053
    outer loop
      vertex -110.324 -88.4073 115.36
      vertex -110.45 -88.7424 115.759
      vertex -110.45 -92.5726 112.545
    endloop
  endfacet
  facet normal 0.852676 0.335823 -0.400209
    outer loop
      vertex -109.717 -90.7037 118.096
      vertex -110.053 -94.1813 114.462
      vertex -110.053 -90.3511 117.676
    endloop
  endfacet
  facet normal 0.853 0.335421 -0.399854
    outer loop
      vertex -110.053 -94.1813 114.462
      vertex -109.717 -90.7037 118.096
      vertex -109.717 -94.5339 114.883
    endloop
  endfacet
  facet normal 0.00102246 0.768416 0.63995
    outer loop
      vertex -107.041 -95.5878 116.139
      vertex -106.4 -95.6203 116.177
      vertex -108.261 -95.333 115.835
    endloop
  endfacet
  facet normal 0.000358502 0.765775 0.643108
    outer loop
      vertex -102.501 -93.7993 114.007
      vertex -102.35 -93.3971 113.528
      vertex -102.747 -94.1813 114.462
    endloop
  endfacet
  facet normal -0.99698 0.0499167 -0.0594885
    outer loop
      vertex -102.3 -92.9849 113.036
      vertex -102.35 -89.5669 116.742
      vertex -102.3 -89.1546 116.25
    endloop
  endfacet
  facet normal -0.99698 0.0499225 -0.0594938
    outer loop
      vertex -102.35 -89.5669 116.742
      vertex -102.3 -92.9849 113.036
      vertex -102.35 -93.3971 113.528
    endloop
  endfacet
  facet normal -0.649575 -0.488709 0.582422
    outer loop
      vertex -103.99 -90.8528 110.495
      vertex -103.501 -87.2911 114.029
      vertex -103.99 -87.0225 113.709
    endloop
  endfacet
  facet normal -0.650205 -0.488281 0.582078
    outer loop
      vertex -103.501 -87.2911 114.029
      vertex -103.99 -90.8528 110.495
      vertex -103.501 -91.1213 110.816
    endloop
  endfacet
  facet normal 0.000330623 0.766325 0.642453
    outer loop
      vertex -102.501 -92.1705 112.066
      vertex -103.99 -90.8528 110.495
      vertex -105.133 -90.4784 110.049
    endloop
  endfacet
  facet normal 0 0.766074 0.642753
    outer loop
      vertex -106.4 -95.6203 116.177
      vertex -103.501 -94.8484 115.257
      vertex -109.299 -94.8484 115.257
    endloop
  endfacet
  facet normal -0.00667875 0.763989 0.645194
    outer loop
      vertex -102.501 -92.1705 112.066
      vertex -102.747 -91.7884 111.611
      vertex -103.083 -91.4358 111.19
    endloop
  endfacet
  facet normal -0.00814109 0.7698 0.638233
    outer loop
      vertex -103.083 -94.5339 114.883
      vertex -102.747 -94.1813 114.462
      vertex -103.501 -94.8484 115.257
    endloop
  endfacet
  facet normal -0.852676 0.335823 -0.400209
    outer loop
      vertex -102.747 -94.1813 114.462
      vertex -103.083 -90.7037 118.096
      vertex -102.747 -90.3511 117.676
    endloop
  endfacet
  facet normal -0.853 0.335421 -0.399854
    outer loop
      vertex -103.083 -90.7037 118.096
      vertex -102.747 -94.1813 114.462
      vertex -103.083 -94.5339 114.883
    endloop
  endfacet
  facet normal 0 0.766113 0.642706
    outer loop
      vertex -105.133 -90.4784 110.049
      vertex -110.299 -92.1705 112.066
      vertex -102.501 -92.1705 112.066
    endloop
  endfacet
  facet normal 0 0.766113 0.642706
    outer loop
      vertex -110.299 -92.1705 112.066
      vertex -105.133 -90.4784 110.049
      vertex -107.667 -90.4784 110.049
    endloop
  endfacet
  facet normal -0.971985 -0.151086 0.180053
    outer loop
      vertex -102.35 -92.5726 112.545
      vertex -102.35 -88.7424 115.759
      vertex -102.476 -88.4073 115.36
    endloop
  endfacet
  facet normal -0.972513 -0.149672 0.178373
    outer loop
      vertex -102.501 -92.1705 112.066
      vertex -102.476 -88.4073 115.36
      vertex -102.501 -88.3402 115.28
    endloop
  endfacet
  facet normal -0.972068 -0.150894 0.179765
    outer loop
      vertex -102.476 -88.4073 115.36
      vertex -102.501 -92.1705 112.066
      vertex -102.35 -92.5726 112.545
    endloop
  endfacet
  facet normal -0.000179756 0.766254 0.642537
    outer loop
      vertex -108.81 -90.8528 110.495
      vertex -109.717 -91.4358 111.19
      vertex -110.299 -92.1705 112.066
    endloop
  endfacet
  facet normal -0.00108578 0.768935 0.639326
    outer loop
      vertex -106.4 -90.3494 109.896
      vertex -107.041 -90.3819 109.934
      vertex -107.667 -90.4784 110.049
    endloop
  endfacet
  facet normal 0.383337 -0.593693 0.707518
    outer loop
      vertex -108.261 -86.8065 113.452
      vertex -107.667 -90.4784 110.049
      vertex -107.667 -86.6482 113.263
    endloop
  endfacet
  facet normal 0.383337 -0.593693 0.707518
    outer loop
      vertex -107.667 -90.4784 110.049
      vertex -108.261 -86.8065 113.452
      vertex -108.261 -90.6367 110.238
    endloop
  endfacet
  facet normal -0.522559 0.548051 -0.653125
    outer loop
      vertex -104.539 -91.5028 119.049
      vertex -103.99 -95.117 115.577
      vertex -104.539 -95.333 115.835
    endloop
  endfacet
  facet normal -0.522632 0.548014 -0.653098
    outer loop
      vertex -103.99 -95.117 115.577
      vertex -104.539 -91.5028 119.049
      vertex -103.99 -91.2867 118.791
    endloop
  endfacet
  facet normal -0.00102246 0.768416 0.63995
    outer loop
      vertex -105.759 -95.5878 116.139
      vertex -104.539 -95.333 115.835
      vertex -106.4 -95.6203 116.177
    endloop
  endfacet
  facet normal 0.997215 -0.0479362 0.0571282
    outer loop
      vertex -110.5 -92.9849 113.036
      vertex -110.492 -89.0859 116.168
      vertex -110.5 -89.1546 116.25
    endloop
  endfacet
  facet normal 0.996973 -0.0499237 0.0596031
    outer loop
      vertex -110.492 -89.0859 116.168
      vertex -110.5 -92.9849 113.036
      vertex -110.45 -92.5726 112.545
    endloop
  endfacet
  facet normal -0.000878876 0.76595 0.6429
    outer loop
      vertex -110.053 -94.1813 114.462
      vertex -110.299 -92.1705 112.066
      vertex -110.5 -92.9849 113.036
    endloop
  endfacet
  facet normal 0.852676 -0.335823 0.400209
    outer loop
      vertex -110.053 -87.9582 114.824
      vertex -109.717 -91.4358 111.19
      vertex -109.717 -87.6056 114.404
    endloop
  endfacet
  facet normal 0.853 -0.335421 0.399854
    outer loop
      vertex -109.717 -91.4358 111.19
      vertex -110.053 -87.9582 114.824
      vertex -110.053 -91.7884 111.611
    endloop
  endfacet
  facet normal 0.521694 -0.548391 0.653531
    outer loop
      vertex -108.81 -87.0225 113.709
      vertex -108.261 -90.6367 110.238
      vertex -108.261 -86.8065 113.452
    endloop
  endfacet
  facet normal 0.521767 -0.548354 0.653504
    outer loop
      vertex -108.261 -90.6367 110.238
      vertex -108.81 -87.0225 113.709
      vertex -108.81 -90.8528 110.495
    endloop
  endfacet
  facet normal 0.649575 -0.488709 0.582422
    outer loop
      vertex -109.299 -87.2911 114.029
      vertex -108.81 -90.8528 110.495
      vertex -108.81 -87.0225 113.709
    endloop
  endfacet
  facet normal 0.650205 -0.488281 0.582078
    outer loop
      vertex -108.81 -90.8528 110.495
      vertex -109.299 -87.2911 114.029
      vertex -109.299 -91.1213 110.816
    endloop
  endfacet
  facet normal 0.000179756 0.766254 0.642537
    outer loop
      vertex -102.501 -92.1705 112.066
      vertex -103.083 -91.4358 111.19
      vertex -103.99 -90.8528 110.495
    endloop
  endfacet
  facet normal -0.852676 -0.335823 0.400209
    outer loop
      vertex -103.083 -91.4358 111.19
      vertex -102.747 -87.9582 114.824
      vertex -103.083 -87.6056 114.404
    endloop
  endfacet
  facet normal -0.853 -0.335421 0.399854
    outer loop
      vertex -102.747 -87.9582 114.824
      vertex -103.083 -91.4358 111.19
      vertex -102.747 -91.7884 111.611
    endloop
  endfacet
  facet normal 0 0.764522 0.644597
    outer loop
      vertex -105.133 -90.4784 110.049
      vertex -106.4 -90.3494 109.896
      vertex -107.667 -90.4784 110.049
    endloop
  endfacet
  facet normal -0.233203 -0.625074 0.744915
    outer loop
      vertex -105.759 -90.3819 109.934
      vertex -105.133 -86.6482 113.263
      vertex -105.759 -86.5517 113.148
    endloop
  endfacet
  facet normal -0.233203 -0.625074 0.744915
    outer loop
      vertex -105.133 -86.6482 113.263
      vertex -105.759 -90.3819 109.934
      vertex -105.133 -90.4784 110.049
    endloop
  endfacet
  facet normal -0.996922 -0.0503911 0.0600523
    outer loop
      vertex -102.308 -89.0859 116.168
      vertex -102.35 -88.7424 115.759
      vertex -102.35 -92.5726 112.545
    endloop
  endfacet
  facet normal -0.996973 -0.0499237 0.0596031
    outer loop
      vertex -102.3 -92.9849 113.036
      vertex -102.308 -89.0859 116.168
      vertex -102.35 -92.5726 112.545
    endloop
  endfacet
  facet normal -0.997215 -0.0479362 0.0571282
    outer loop
      vertex -102.308 -89.0859 116.168
      vertex -102.3 -92.9849 113.036
      vertex -102.3 -89.1546 116.25
    endloop
  endfacet
  facet normal 0.233203 -0.625074 0.744915
    outer loop
      vertex -107.667 -86.6482 113.263
      vertex -107.041 -90.3819 109.934
      vertex -107.041 -86.5517 113.148
    endloop
  endfacet
  facet normal 0.233203 -0.625074 0.744915
    outer loop
      vertex -107.041 -90.3819 109.934
      vertex -107.667 -86.6482 113.263
      vertex -107.667 -90.4784 110.049
    endloop
  endfacet
  facet normal -0.00275815 0.763858 0.645378
    outer loop
      vertex -108.81 -95.117 115.577
      vertex -108.261 -95.333 115.835
      vertex -109.299 -94.8484 115.257
    endloop
  endfacet
  facet normal 0.000346999 0.766612 0.642111
    outer loop
      vertex -108.261 -95.333 115.835
      vertex -106.4 -95.6203 116.177
      vertex -109.299 -94.8484 115.257
    endloop
  endfacet
  facet normal 0.000924576 0.765766 0.643119
    outer loop
      vertex -110.299 -92.1705 112.066
      vertex -110.45 -92.5726 112.545
      vertex -110.5 -92.9849 113.036
    endloop
  endfacet
  facet normal -0.000101941 0.765989 0.642853
    outer loop
      vertex -110.053 -94.1813 114.462
      vertex -109.299 -94.8484 115.257
      vertex -110.299 -92.1705 112.066
    endloop
  endfacet
  facet normal 0.00275815 0.763858 0.645378
    outer loop
      vertex -103.99 -95.117 115.577
      vertex -103.501 -94.8484 115.257
      vertex -104.539 -95.333 115.835
    endloop
  endfacet
  facet normal -0.234328 0.624786 -0.744804
    outer loop
      vertex -105.759 -91.7576 119.352
      vertex -105.133 -95.4913 116.023
      vertex -105.759 -95.5878 116.139
    endloop
  endfacet
  facet normal -0.233203 0.625074 -0.744915
    outer loop
      vertex -105.133 -95.4913 116.023
      vertex -105.759 -91.7576 119.352
      vertex -105.133 -91.6611 119.237
    endloop
  endfacet
  facet normal -0.521694 -0.548391 0.653531
    outer loop
      vertex -104.539 -90.6367 110.238
      vertex -103.99 -87.0225 113.709
      vertex -104.539 -86.8065 113.452
    endloop
  endfacet
  facet normal -0.521767 -0.548354 0.653504
    outer loop
      vertex -103.99 -87.0225 113.709
      vertex -104.539 -90.6367 110.238
      vertex -103.99 -90.8528 110.495
    endloop
  endfacet
  facet normal 0.00814109 0.7698 0.638233
    outer loop
      vertex -109.717 -94.5339 114.883
      vertex -109.299 -94.8484 115.257
      vertex -110.053 -94.1813 114.462
    endloop
  endfacet
  facet normal 0.760411 -0.417383 0.49756
    outer loop
      vertex -109.717 -87.6056 114.404
      vertex -109.299 -91.1213 110.816
      vertex -109.299 -87.2911 114.029
    endloop
  endfacet
  facet normal 0.759909 -0.417837 0.497947
    outer loop
      vertex -109.299 -91.1213 110.816
      vertex -109.717 -87.6056 114.404
      vertex -109.717 -91.4358 111.19
    endloop
  endfacet
  facet normal 0.234328 0.624786 -0.744804
    outer loop
      vertex -107.667 -95.4913 116.023
      vertex -107.041 -91.7576 119.352
      vertex -107.041 -95.5878 116.139
    endloop
  endfacet
  facet normal 0.233203 0.625074 -0.744915
    outer loop
      vertex -107.041 -91.7576 119.352
      vertex -107.667 -95.4913 116.023
      vertex -107.667 -91.6611 119.237
    endloop
  endfacet
  facet normal 0.0777673 0.64085 -0.763717
    outer loop
      vertex -107.041 -95.5878 116.139
      vertex -106.4 -91.7901 119.391
      vertex -106.4 -95.6203 116.177
    endloop
  endfacet
  facet normal 0.0789515 0.640674 -0.763743
    outer loop
      vertex -106.4 -91.7901 119.391
      vertex -107.041 -95.5878 116.139
      vertex -107.041 -91.7576 119.352
    endloop
  endfacet
  facet normal 0.522559 0.548051 -0.653125
    outer loop
      vertex -108.81 -95.117 115.577
      vertex -108.261 -91.5028 119.049
      vertex -108.261 -95.333 115.835
    endloop
  endfacet
  facet normal 0.522632 0.548014 -0.653098
    outer loop
      vertex -108.261 -91.5028 119.049
      vertex -108.81 -95.117 115.577
      vertex -108.81 -91.2867 118.791
    endloop
  endfacet
  facet normal -0.00836333 0.760711 0.649036
    outer loop
      vertex -103.083 -91.4358 111.19
      vertex -103.501 -91.1213 110.816
      vertex -103.99 -90.8528 110.495
    endloop
  endfacet
  facet normal -0.760411 -0.417383 0.49756
    outer loop
      vertex -103.501 -91.1213 110.816
      vertex -103.083 -87.6056 114.404
      vertex -103.501 -87.2911 114.029
    endloop
  endfacet
  facet normal -0.759909 -0.417837 0.497947
    outer loop
      vertex -103.083 -87.6056 114.404
      vertex -103.501 -91.1213 110.816
      vertex -103.083 -91.4358 111.19
    endloop
  endfacet
  facet normal -0.00249274 0.76275 0.646688
    outer loop
      vertex -103.99 -90.8528 110.495
      vertex -104.539 -90.6367 110.238
      vertex -105.133 -90.4784 110.049
    endloop
  endfacet
  facet normal -0.383337 -0.593693 0.707518
    outer loop
      vertex -105.133 -90.4784 110.049
      vertex -104.539 -86.8065 113.452
      vertex -105.133 -86.6482 113.263
    endloop
  endfacet
  facet normal -0.383337 -0.593693 0.707518
    outer loop
      vertex -104.539 -86.8065 113.452
      vertex -105.133 -90.4784 110.049
      vertex -104.539 -90.6367 110.238
    endloop
  endfacet
  facet normal -0.00343783 0.75956 0.650428
    outer loop
      vertex -107.667 -95.4913 116.023
      vertex -107.041 -95.5878 116.139
      vertex -108.261 -95.333 115.835
    endloop
  endfacet
  facet normal 0.382321 0.593964 -0.707841
    outer loop
      vertex -108.261 -95.333 115.835
      vertex -107.667 -91.6611 119.237
      vertex -107.667 -95.4913 116.023
    endloop
  endfacet
  facet normal 0.382321 0.593964 -0.707841
    outer loop
      vertex -107.667 -91.6611 119.237
      vertex -108.261 -95.333 115.835
      vertex -108.261 -91.5028 119.049
    endloop
  endfacet
  facet normal 0.649517 0.488749 -0.582453
    outer loop
      vertex -108.81 -91.2867 118.791
      vertex -109.299 -94.8484 115.257
      vertex -109.299 -91.0182 118.471
    endloop
  endfacet
  facet normal 0.649575 0.488709 -0.582422
    outer loop
      vertex -109.299 -94.8484 115.257
      vertex -108.81 -91.2867 118.791
      vertex -108.81 -95.117 115.577
    endloop
  endfacet
  facet normal -0.760411 0.417383 -0.49756
    outer loop
      vertex -103.083 -94.5339 114.883
      vertex -103.501 -91.0182 118.471
      vertex -103.083 -90.7037 118.096
    endloop
  endfacet
  facet normal -0.759909 0.417837 -0.497947
    outer loop
      vertex -103.501 -91.0182 118.471
      vertex -103.083 -94.5339 114.883
      vertex -103.501 -94.8484 115.257
    endloop
  endfacet
  facet normal -0.382321 0.593964 -0.707841
    outer loop
      vertex -105.133 -91.6611 119.237
      vertex -104.539 -95.333 115.835
      vertex -105.133 -95.4913 116.023
    endloop
  endfacet
  facet normal -0.382321 0.593964 -0.707841
    outer loop
      vertex -104.539 -95.333 115.835
      vertex -105.133 -91.6611 119.237
      vertex -104.539 -91.5028 119.049
    endloop
  endfacet
  facet normal -0.649517 0.488749 -0.582453
    outer loop
      vertex -103.501 -94.8484 115.257
      vertex -103.99 -91.2867 118.791
      vertex -103.501 -91.0182 118.471
    endloop
  endfacet
  facet normal -0.649575 0.488709 -0.582422
    outer loop
      vertex -103.99 -91.2867 118.791
      vertex -103.501 -94.8484 115.257
      vertex -103.99 -95.117 115.577
    endloop
  endfacet
  facet normal -0.0777673 0.64085 -0.763717
    outer loop
      vertex -106.4 -91.7901 119.391
      vertex -105.759 -95.5878 116.139
      vertex -106.4 -95.6203 116.177
    endloop
  endfacet
  facet normal -0.0789515 0.640674 -0.763743
    outer loop
      vertex -105.759 -95.5878 116.139
      vertex -106.4 -91.7901 119.391
      vertex -105.759 -91.7576 119.352
    endloop
  endfacet
  facet normal 0.00108578 0.768935 0.639326
    outer loop
      vertex -105.133 -90.4784 110.049
      vertex -105.759 -90.3819 109.934
      vertex -106.4 -90.3494 109.896
    endloop
  endfacet
  facet normal -0.0777673 -0.64085 0.763717
    outer loop
      vertex -106.4 -90.3494 109.896
      vertex -105.759 -86.5517 113.148
      vertex -106.4 -86.5192 113.11
    endloop
  endfacet
  facet normal -0.0777673 -0.64085 0.763717
    outer loop
      vertex -105.759 -86.5517 113.148
      vertex -106.4 -90.3494 109.896
      vertex -105.759 -90.3819 109.934
    endloop
  endfacet
  facet normal 0.99698 0.0499167 -0.0594885
    outer loop
      vertex -110.45 -89.5669 116.742
      vertex -110.5 -92.9849 113.036
      vertex -110.5 -89.1546 116.25
    endloop
  endfacet
  facet normal 0.99698 0.0499225 -0.0594938
    outer loop
      vertex -110.5 -92.9849 113.036
      vertex -110.45 -89.5669 116.742
      vertex -110.45 -93.3971 113.528
    endloop
  endfacet
  facet normal 0.00667875 0.763989 0.645194
    outer loop
      vertex -109.717 -91.4358 111.19
      vertex -110.053 -91.7884 111.611
      vertex -110.299 -92.1705 112.066
    endloop
  endfacet
  facet normal 0.924099 -0.245602 0.292781
    outer loop
      vertex -110.299 -88.3402 115.28
      vertex -110.053 -91.7884 111.611
      vertex -110.053 -87.9582 114.824
    endloop
  endfacet
  facet normal 0.923939 -0.245891 0.293042
    outer loop
      vertex -110.053 -91.7884 111.611
      vertex -110.299 -88.3402 115.28
      vertex -110.299 -92.1705 112.066
    endloop
  endfacet
  facet normal 0.000101941 0.765989 0.642853
    outer loop
      vertex -102.747 -94.1813 114.462
      vertex -102.501 -92.1705 112.066
      vertex -103.501 -94.8484 115.257
    endloop
  endfacet
  facet normal 0.000878876 0.76595 0.6429
    outer loop
      vertex -102.3 -92.9849 113.036
      vertex -102.501 -92.1705 112.066
      vertex -102.747 -94.1813 114.462
    endloop
  endfacet
  facet normal 0.00429016 0.76674 0.641943
    outer loop
      vertex -110.45 -93.3971 113.528
      vertex -110.053 -94.1813 114.462
      vertex -110.5 -92.9849 113.036
    endloop
  endfacet
  facet normal -0.000358502 0.765775 0.643108
    outer loop
      vertex -110.299 -93.7993 114.007
      vertex -110.053 -94.1813 114.462
      vertex -110.45 -93.3971 113.528
    endloop
  endfacet
  facet normal 0.996922 -0.0503911 0.0600523
    outer loop
      vertex -110.45 -92.5726 112.545
      vertex -110.45 -88.7424 115.759
      vertex -110.492 -89.0859 116.168
    endloop
  endfacet
  facet normal -0.923939 0.245891 -0.293042
    outer loop
      vertex -102.501 -93.7993 114.007
      vertex -102.747 -90.3511 117.676
      vertex -102.501 -89.969 117.221
    endloop
  endfacet
  facet normal -0.923925 0.245918 -0.293066
    outer loop
      vertex -102.747 -90.3511 117.676
      vertex -102.501 -93.7993 114.007
      vertex -102.747 -94.1813 114.462
    endloop
  endfacet
  facet normal -0.996976 0.0499535 -0.0595329
    outer loop
      vertex 110.5 -10.2581 14.4465
      vertex 110.45 -6.84015 18.1518
      vertex 110.5 -6.42788 17.6604
    endloop
  endfacet
  facet normal -0.996975 0.0499586 -0.0595376
    outer loop
      vertex 110.45 -6.84015 18.1518
      vertex 110.5 -10.2581 14.4465
      vertex 110.45 -10.6704 14.9378
    endloop
  endfacet
  facet normal 0.000193815 0.766353 0.642419
    outer loop
      vertex 108.81 -8.12599 11.9056
      vertex 108.261 -7.90991 11.648
      vertex 107.667 -7.75166 11.4594
    endloop
  endfacet
  facet normal 0.972082 -0.150824 0.179747
    outer loop
      vertex 102.35 -6.01561 17.1691
      vertex 102.501 -9.44371 13.476
      vertex 102.501 -5.61349 16.6899
    endloop
  endfacet
  facet normal 0.972082 -0.150824 0.179747
    outer loop
      vertex 102.501 -9.44371 13.476
      vertex 102.35 -6.01561 17.1691
      vertex 102.35 -9.84583 13.9552
    endloop
  endfacet
  facet normal -0.233353 -0.625037 0.744899
    outer loop
      vertex 107.041 -7.65512 11.3444
      vertex 107.667 -3.92144 14.6734
      vertex 107.041 -3.8249 14.5583
    endloop
  endfacet
  facet normal -0.233241 -0.625066 0.74491
    outer loop
      vertex 107.667 -3.92144 14.6734
      vertex 107.041 -7.65512 11.3444
      vertex 107.667 -7.75166 11.4594
    endloop
  endfacet
  facet normal -0.000303207 0.765916 0.642941
    outer loop
      vertex 102.747 -11.4546 15.8724
      vertex 103.083 -11.8072 16.2926
      vertex 102.501 -11.0725 15.4171
    endloop
  endfacet
  facet normal -0.0001196 0.765976 0.642869
    outer loop
      vertex 103.083 -11.8072 16.2926
      vertex 105.133 -12.7645 17.4336
      vertex 102.501 -11.0725 15.4171
    endloop
  endfacet
  facet normal -0.000192037 0.76519 0.643805
    outer loop
      vertex 105.759 -12.8611 17.5486
      vertex 106.4 -12.8935 17.5873
      vertex 105.133 -12.7645 17.4336
    endloop
  endfacet
  facet normal -0.923987 0.245815 -0.292955
    outer loop
      vertex 110.299 -11.0725 15.4171
      vertex 110.053 -7.62434 19.0863
      vertex 110.299 -7.24227 18.631
    endloop
  endfacet
  facet normal -0.923992 0.245807 -0.292948
    outer loop
      vertex 110.053 -7.62434 19.0863
      vertex 110.299 -11.0725 15.4171
      vertex 110.053 -11.4546 15.8724
    endloop
  endfacet
  facet normal -2.47535e-05 0.766063 0.642766
    outer loop
      vertex 103.501 -8.39457 12.2256
      vertex 102.747 -9.06164 13.0206
      vertex 102.35 -9.84583 13.9552
    endloop
  endfacet
  facet normal 0.000192037 0.76519 0.643805
    outer loop
      vertex 107.041 -12.8611 17.5486
      vertex 107.667 -12.7645 17.4336
      vertex 106.4 -12.8935 17.5873
    endloop
  endfacet
  facet normal -0.923987 -0.24582 0.292951
    outer loop
      vertex 110.053 -9.06164 13.0206
      vertex 110.299 -5.61349 16.6899
      vertex 110.053 -5.23142 16.2346
    endloop
  endfacet
  facet normal -0.924005 -0.245788 0.292922
    outer loop
      vertex 110.299 -5.61349 16.6899
      vertex 110.053 -9.06164 13.0206
      vertex 110.299 -9.44371 13.476
    endloop
  endfacet
  facet normal -0.520015 0.549039 -0.654325
    outer loop
      vertex 108.81 -12.3902 16.9875
      vertex 108.718 -8.596 20.2443
      vertex 108.81 -8.55999 20.2014
    endloop
  endfacet
  facet normal -0.5222 0.548139 -0.653338
    outer loop
      vertex 108.718 -8.596 20.2443
      vertex 108.81 -12.3902 16.9875
      vertex 108.261 -12.6063 17.245
    endloop
  endfacet
  facet normal -0.233297 0.625056 -0.744901
    outer loop
      vertex 107.041 -9.03086 20.7626
      vertex 107.667 -12.7645 17.4336
      vertex 107.041 -12.8611 17.5486
    endloop
  endfacet
  facet normal -0.233353 0.625041 -0.744896
    outer loop
      vertex 107.667 -12.7645 17.4336
      vertex 107.041 -9.03086 20.7626
      vertex 107.667 -8.93432 20.6475
    endloop
  endfacet
  facet normal 0 0.766048 0.642783
    outer loop
      vertex 107.667 -7.75166 11.4594
      vertex 103.501 -8.39457 12.2256
      vertex 109.299 -8.39457 12.2256
    endloop
  endfacet
  facet normal 0 0.766048 0.642783
    outer loop
      vertex 103.501 -8.39457 12.2256
      vertex 107.667 -7.75166 11.4594
      vertex 105.133 -7.75166 11.4594
    endloop
  endfacet
  facet normal 0.760244 -0.417584 0.497647
    outer loop
      vertex 103.083 -4.87881 15.8143
      vertex 103.501 -8.39457 12.2256
      vertex 103.501 -4.56435 15.4396
    endloop
  endfacet
  facet normal 0.760294 -0.417539 0.497609
    outer loop
      vertex 103.501 -8.39457 12.2256
      vertex 103.083 -4.87881 15.8143
      vertex 103.083 -8.70903 12.6004
    endloop
  endfacet
  facet normal -0.382846 0.593815 -0.707682
    outer loop
      vertex 107.667 -8.93432 20.6475
      vertex 108.261 -12.6063 17.245
      vertex 107.667 -12.7645 17.4336
    endloop
  endfacet
  facet normal -0.382897 0.593796 -0.70767
    outer loop
      vertex 108.261 -12.6063 17.245
      vertex 107.667 -8.93432 20.6475
      vertex 108.261 -8.77606 20.4589
    endloop
  endfacet
  facet normal -0.382888 -0.593811 0.707662
    outer loop
      vertex 107.667 -7.75166 11.4594
      vertex 108.261 -4.07969 14.862
      vertex 107.667 -3.92144 14.6734
    endloop
  endfacet
  facet normal -0.382888 -0.593811 0.707662
    outer loop
      vertex 108.261 -4.07969 14.862
      vertex 107.667 -7.75166 11.4594
      vertex 108.261 -7.90991 11.648
    endloop
  endfacet
  facet normal -0.000584831 0.765935 0.642918
    outer loop
      vertex 110.45 -9.84583 13.9552
      vertex 110.299 -9.44371 13.476
      vertex 110.053 -9.06164 13.0206
    endloop
  endfacet
  facet normal 0.000179659 0.766038 0.642795
    outer loop
      vertex 110.5 -10.2581 14.4465
      vertex 110.45 -9.84583 13.9552
      vertex 110.299 -11.0725 15.4171
    endloop
  endfacet
  facet normal 0 0.766047 0.642785
    outer loop
      vertex 106.4 -12.8935 17.5873
      vertex 110.299 -11.0725 15.4171
      vertex 102.501 -11.0725 15.4171
    endloop
  endfacet
  facet normal 0.65217 0.487277 -0.580719
    outer loop
      vertex 103.99 -12.3902 16.9875
      vertex 103.909 -8.51522 20.148
      vertex 103.99 -8.55999 20.2014
    endloop
  endfacet
  facet normal 0.649644 0.488615 -0.582424
    outer loop
      vertex 103.909 -8.51522 20.148
      vertex 103.99 -12.3902 16.9875
      vertex 103.501 -12.1216 16.6674
    endloop
  endfacet
  facet normal -0.852741 0.335746 -0.400135
    outer loop
      vertex 110.053 -11.4546 15.8724
      vertex 109.717 -7.97694 19.5065
      vertex 110.053 -7.62434 19.0863
    endloop
  endfacet
  facet normal -0.852741 0.335746 -0.400135
    outer loop
      vertex 109.717 -7.97694 19.5065
      vertex 110.053 -11.4546 15.8724
      vertex 109.717 -11.8072 16.2926
    endloop
  endfacet
  facet normal 2.42606e-05 0.766068 0.642759
    outer loop
      vertex 105.133 -12.7645 17.4336
      vertex 106.4 -12.8935 17.5873
      vertex 102.501 -11.0725 15.4171
    endloop
  endfacet
  facet normal -0.000284343 0.76575 0.643138
    outer loop
      vertex 109.299 -8.39457 12.2256
      vertex 108.81 -8.12599 11.9056
      vertex 107.667 -7.75166 11.4594
    endloop
  endfacet
  facet normal -0.522612 0.548017 -0.653112
    outer loop
      vertex 108.261 -8.77606 20.4589
      vertex 108.718 -8.596 20.2443
      vertex 108.261 -12.6063 17.245
    endloop
  endfacet
  facet normal -0.760298 0.417533 -0.497607
    outer loop
      vertex 109.717 -11.8072 16.2926
      vertex 109.299 -8.29141 19.8813
      vertex 109.717 -7.97694 19.5065
    endloop
  endfacet
  facet normal -0.760269 0.41756 -0.49763
    outer loop
      vertex 109.299 -8.29141 19.8813
      vertex 109.717 -11.8072 16.2926
      vertex 109.299 -12.1216 16.6674
    endloop
  endfacet
  facet normal 0.000970919 0.765957 0.642891
    outer loop
      vertex 110.45 -10.6704 14.9378
      vertex 110.5 -10.2581 14.4465
      vertex 110.299 -11.0725 15.4171
    endloop
  endfacet
  facet normal -0.972082 0.150826 -0.179746
    outer loop
      vertex 110.45 -10.6704 14.9378
      vertex 110.299 -7.24227 18.631
      vertex 110.45 -6.84015 18.1518
    endloop
  endfacet
  facet normal -0.972087 0.150809 -0.17973
    outer loop
      vertex 110.299 -7.24227 18.631
      vertex 110.45 -10.6704 14.9378
      vertex 110.299 -11.0725 15.4171
    endloop
  endfacet
  facet normal -2.02714e-05 0.766048 0.642783
    outer loop
      vertex 110.299 -11.0725 15.4171
      vertex 110.45 -9.84583 13.9552
      vertex 109.299 -8.39457 12.2256
    endloop
  endfacet
  facet normal 0.649126 0.488955 -0.582716
    outer loop
      vertex 103.501 -8.29141 19.8813
      vertex 103.909 -8.51522 20.148
      vertex 103.501 -12.1216 16.6674
    endloop
  endfacet
  facet normal 0.972082 0.150826 -0.179746
    outer loop
      vertex 102.501 -7.24227 18.631
      vertex 102.35 -10.6704 14.9378
      vertex 102.35 -6.84015 18.1518
    endloop
  endfacet
  facet normal 0.972087 0.150809 -0.17973
    outer loop
      vertex 102.35 -10.6704 14.9378
      vertex 102.501 -7.24227 18.631
      vertex 102.501 -11.0725 15.4171
    endloop
  endfacet
  facet normal 0.923987 -0.24582 0.292951
    outer loop
      vertex 102.501 -5.61349 16.6899
      vertex 102.747 -9.06164 13.0206
      vertex 102.747 -5.23142 16.2346
    endloop
  endfacet
  facet normal 0.924005 -0.245788 0.292922
    outer loop
      vertex 102.747 -9.06164 13.0206
      vertex 102.501 -5.61349 16.6899
      vertex 102.501 -9.44371 13.476
    endloop
  endfacet
  facet normal -0.649126 0.488955 -0.582716
    outer loop
      vertex 109.299 -8.29141 19.8813
      vertex 109.299 -12.1216 16.6674
      vertex 108.891 -8.51522 20.148
    endloop
  endfacet
  facet normal -0.649644 0.488615 -0.582424
    outer loop
      vertex 108.81 -12.3902 16.9875
      vertex 108.891 -8.51522 20.148
      vertex 109.299 -12.1216 16.6674
    endloop
  endfacet
  facet normal -0.65217 0.487277 -0.580719
    outer loop
      vertex 108.891 -8.51522 20.148
      vertex 108.81 -12.3902 16.9875
      vertex 108.81 -8.55999 20.2014
    endloop
  endfacet
  facet normal 0.0784969 0.640803 -0.763682
    outer loop
      vertex 105.759 -12.8611 17.5486
      vertex 106.4 -9.06331 20.8012
      vertex 106.4 -12.8935 17.5873
    endloop
  endfacet
  facet normal 0.0784282 0.640813 -0.76368
    outer loop
      vertex 106.4 -9.06331 20.8012
      vertex 105.759 -12.8611 17.5486
      vertex 105.759 -9.03086 20.7626
    endloop
  endfacet
  facet normal -0.0784969 0.640803 -0.763682
    outer loop
      vertex 106.4 -9.06331 20.8012
      vertex 107.041 -12.8611 17.5486
      vertex 106.4 -12.8935 17.5873
    endloop
  endfacet
  facet normal -0.0784282 0.640813 -0.76368
    outer loop
      vertex 107.041 -12.8611 17.5486
      vertex 106.4 -9.06331 20.8012
      vertex 107.041 -9.03086 20.7626
    endloop
  endfacet
  facet normal 0.000584831 0.765935 0.642918
    outer loop
      vertex 102.747 -9.06164 13.0206
      vertex 102.501 -9.44371 13.476
      vertex 102.35 -9.84583 13.9552
    endloop
  endfacet
  facet normal 0.0780802 -0.640833 0.7637
    outer loop
      vertex 106.293 -3.79786 14.5261
      vertex 106.4 -7.62267 11.3057
      vertex 106.4 -3.79245 14.5197
    endloop
  endfacet
  facet normal 0.0785466 -0.640801 0.763678
    outer loop
      vertex 106.4 -7.62267 11.3057
      vertex 106.293 -3.79786 14.5261
      vertex 105.759 -7.65512 11.3444
    endloop
  endfacet
  facet normal 0 0.765902 0.642958
    outer loop
      vertex 107.041 -7.65512 11.3444
      vertex 105.133 -7.75166 11.4594
      vertex 107.667 -7.75166 11.4594
    endloop
  endfacet
  facet normal 0 0.765902 0.642958
    outer loop
      vertex 105.133 -7.75166 11.4594
      vertex 107.041 -7.65512 11.3444
      vertex 105.759 -7.65512 11.3444
    endloop
  endfacet
  facet normal -0.0784979 -0.6408 0.763684
    outer loop
      vertex 107.041 -7.65512 11.3444
      vertex 107.041 -3.8249 14.5583
      vertex 106.507 -3.79786 14.5261
    endloop
  endfacet
  facet normal -0.996975 -0.0499594 0.05954
    outer loop
      vertex 110.45 -9.84583 13.9552
      vertex 110.5 -6.42788 17.6604
      vertex 110.45 -6.01561 17.1691
    endloop
  endfacet
  facet normal -0.996975 -0.0499594 0.05954
    outer loop
      vertex 110.5 -6.42788 17.6604
      vertex 110.45 -9.84583 13.9552
      vertex 110.5 -10.2581 14.4465
    endloop
  endfacet
  facet normal -0.760244 -0.417584 0.497647
    outer loop
      vertex 109.299 -8.39457 12.2256
      vertex 109.717 -4.87881 15.8143
      vertex 109.299 -4.56435 15.4396
    endloop
  endfacet
  facet normal -0.760294 -0.417539 0.497609
    outer loop
      vertex 109.717 -4.87881 15.8143
      vertex 109.299 -8.39457 12.2256
      vertex 109.717 -8.70903 12.6004
    endloop
  endfacet
  facet normal 2.47535e-05 0.766063 0.642766
    outer loop
      vertex 110.45 -9.84583 13.9552
      vertex 110.053 -9.06164 13.0206
      vertex 109.299 -8.39457 12.2256
    endloop
  endfacet
  facet normal -0.649633 -0.488675 0.582387
    outer loop
      vertex 108.81 -8.12599 11.9056
      vertex 109.299 -4.56435 15.4396
      vertex 108.81 -4.29577 15.1195
    endloop
  endfacet
  facet normal -0.649564 -0.488722 0.582424
    outer loop
      vertex 109.299 -4.56435 15.4396
      vertex 108.81 -8.12599 11.9056
      vertex 109.299 -8.39457 12.2256
    endloop
  endfacet
  facet normal -0.000198053 0.765846 0.643024
    outer loop
      vertex 104.539 -12.6063 17.245
      vertex 105.133 -12.7645 17.4336
      vertex 103.501 -12.1216 16.6674
    endloop
  endfacet
  facet normal 0.382846 0.593815 -0.707682
    outer loop
      vertex 104.539 -12.6063 17.245
      vertex 105.133 -8.93432 20.6475
      vertex 105.133 -12.7645 17.4336
    endloop
  endfacet
  facet normal 0.382897 0.593796 -0.70767
    outer loop
      vertex 105.133 -8.93432 20.6475
      vertex 104.539 -12.6063 17.245
      vertex 104.539 -8.77606 20.4589
    endloop
  endfacet
  facet normal 0.233297 0.625056 -0.744901
    outer loop
      vertex 105.133 -12.7645 17.4336
      vertex 105.759 -9.03086 20.7626
      vertex 105.759 -12.8611 17.5486
    endloop
  endfacet
  facet normal 0.233353 0.625041 -0.744896
    outer loop
      vertex 105.759 -9.03086 20.7626
      vertex 105.133 -12.7645 17.4336
      vertex 105.133 -8.93432 20.6475
    endloop
  endfacet
  facet normal 0.996976 0.0499535 -0.0595329
    outer loop
      vertex 102.35 -6.84015 18.1518
      vertex 102.3 -10.2581 14.4465
      vertex 102.3 -6.42788 17.6604
    endloop
  endfacet
  facet normal 0.996975 0.0499586 -0.0595376
    outer loop
      vertex 102.3 -10.2581 14.4465
      vertex 102.35 -6.84015 18.1518
      vertex 102.35 -10.6704 14.9378
    endloop
  endfacet
  facet normal 0.852741 0.335746 -0.400135
    outer loop
      vertex 103.083 -7.97694 19.5065
      vertex 102.747 -11.4546 15.8724
      vertex 102.747 -7.62434 19.0863
    endloop
  endfacet
  facet normal 0.852741 0.335746 -0.400135
    outer loop
      vertex 102.747 -11.4546 15.8724
      vertex 103.083 -7.97694 19.5065
      vertex 103.083 -11.8072 16.2926
    endloop
  endfacet
  facet normal -2.42606e-05 0.766068 0.642759
    outer loop
      vertex 107.667 -12.7645 17.4336
      vertex 110.299 -11.0725 15.4171
      vertex 106.4 -12.8935 17.5873
    endloop
  endfacet
  facet normal 0 0.766051 0.64278
    outer loop
      vertex 109.299 -8.39457 12.2256
      vertex 102.501 -11.0725 15.4171
      vertex 110.299 -11.0725 15.4171
    endloop
  endfacet
  facet normal 0 0.766051 0.64278
    outer loop
      vertex 102.501 -11.0725 15.4171
      vertex 109.299 -8.39457 12.2256
      vertex 103.501 -8.39457 12.2256
    endloop
  endfacet
  facet normal 0.522185 -0.548196 0.653302
    outer loop
      vertex 103.99 -4.29577 15.1195
      vertex 104.539 -7.90991 11.648
      vertex 104.539 -4.07969 14.862
    endloop
  endfacet
  facet normal 0.522272 -0.548152 0.65327
    outer loop
      vertex 104.539 -7.90991 11.648
      vertex 103.99 -4.29577 15.1195
      vertex 103.99 -8.12599 11.9056
    endloop
  endfacet
  facet normal 0.000284343 0.76575 0.643138
    outer loop
      vertex 105.133 -7.75166 11.4594
      vertex 103.99 -8.12599 11.9056
      vertex 103.501 -8.39457 12.2256
    endloop
  endfacet
  facet normal 0.852776 -0.335711 0.400089
    outer loop
      vertex 102.747 -5.23142 16.2346
      vertex 103.083 -8.70903 12.6004
      vertex 103.083 -4.87881 15.8143
    endloop
  endfacet
  facet normal 0.852743 -0.335751 0.400125
    outer loop
      vertex 103.083 -8.70903 12.6004
      vertex 102.747 -5.23142 16.2346
      vertex 102.747 -9.06164 13.0206
    endloop
  endfacet
  facet normal 0.000341048 0.765892 0.642969
    outer loop
      vertex 103.501 -8.39457 12.2256
      vertex 103.083 -8.70903 12.6004
      vertex 102.747 -9.06164 13.0206
    endloop
  endfacet
  facet normal 0.233353 -0.625037 0.744899
    outer loop
      vertex 105.133 -3.92144 14.6734
      vertex 105.759 -7.65512 11.3444
      vertex 105.759 -3.8249 14.5583
    endloop
  endfacet
  facet normal 0.233241 -0.625066 0.74491
    outer loop
      vertex 105.759 -7.65512 11.3444
      vertex 105.133 -3.92144 14.6734
      vertex 105.133 -7.75166 11.4594
    endloop
  endfacet
  facet normal 0.0784979 -0.6408 0.763684
    outer loop
      vertex 106.293 -3.79786 14.5261
      vertex 105.759 -3.8249 14.5583
      vertex 105.759 -7.65512 11.3444
    endloop
  endfacet
  facet normal 0 0.76627 0.642519
    outer loop
      vertex 107.041 -7.65512 11.3444
      vertex 106.4 -7.62267 11.3057
      vertex 105.759 -7.65512 11.3444
    endloop
  endfacet
  facet normal -0.0780802 -0.640833 0.7637
    outer loop
      vertex 106.4 -7.62267 11.3057
      vertex 106.507 -3.79786 14.5261
      vertex 106.4 -3.79245 14.5197
    endloop
  endfacet
  facet normal -0.0785466 -0.640801 0.763678
    outer loop
      vertex 106.507 -3.79786 14.5261
      vertex 106.4 -7.62267 11.3057
      vertex 107.041 -7.65512 11.3444
    endloop
  endfacet
  facet normal -0.000172599 0.766234 0.642561
    outer loop
      vertex 109.299 -12.1216 16.6674
      vertex 109.717 -11.8072 16.2926
      vertex 107.667 -12.7645 17.4336
    endloop
  endfacet
  facet normal -0.522185 -0.548196 0.653302
    outer loop
      vertex 108.261 -7.90991 11.648
      vertex 108.81 -4.29577 15.1195
      vertex 108.261 -4.07969 14.862
    endloop
  endfacet
  facet normal -0.522272 -0.548152 0.65327
    outer loop
      vertex 108.81 -4.29577 15.1195
      vertex 108.261 -7.90991 11.648
      vertex 108.81 -8.12599 11.9056
    endloop
  endfacet
  facet normal -0.000341048 0.765892 0.642969
    outer loop
      vertex 110.053 -9.06164 13.0206
      vertex 109.717 -8.70903 12.6004
      vertex 109.299 -8.39457 12.2256
    endloop
  endfacet
  facet normal -0.852776 -0.335711 0.400089
    outer loop
      vertex 109.717 -8.70903 12.6004
      vertex 110.053 -5.23142 16.2346
      vertex 109.717 -4.87881 15.8143
    endloop
  endfacet
  facet normal -0.852743 -0.335751 0.400125
    outer loop
      vertex 110.053 -5.23142 16.2346
      vertex 109.717 -8.70903 12.6004
      vertex 110.053 -9.06164 13.0206
    endloop
  endfacet
  facet normal 0.760298 0.417533 -0.497607
    outer loop
      vertex 103.501 -8.29141 19.8813
      vertex 103.083 -11.8072 16.2926
      vertex 103.083 -7.97694 19.5065
    endloop
  endfacet
  facet normal 0.760269 0.41756 -0.49763
    outer loop
      vertex 103.083 -11.8072 16.2926
      vertex 103.501 -8.29141 19.8813
      vertex 103.501 -12.1216 16.6674
    endloop
  endfacet
  facet normal 0.923987 0.245815 -0.292955
    outer loop
      vertex 102.747 -7.62434 19.0863
      vertex 102.501 -11.0725 15.4171
      vertex 102.501 -7.24227 18.631
    endloop
  endfacet
  facet normal 0.923992 0.245807 -0.292948
    outer loop
      vertex 102.501 -11.0725 15.4171
      vertex 102.747 -7.62434 19.0863
      vertex 102.747 -11.4546 15.8724
    endloop
  endfacet
  facet normal 0.996975 -0.0499594 0.05954
    outer loop
      vertex 102.3 -6.42788 17.6604
      vertex 102.35 -9.84583 13.9552
      vertex 102.35 -6.01561 17.1691
    endloop
  endfacet
  facet normal 0.996975 -0.0499594 0.05954
    outer loop
      vertex 102.35 -9.84583 13.9552
      vertex 102.3 -6.42788 17.6604
      vertex 102.3 -10.2581 14.4465
    endloop
  endfacet
  facet normal -0.000970919 0.765957 0.642891
    outer loop
      vertex 102.35 -10.6704 14.9378
      vertex 102.501 -11.0725 15.4171
      vertex 102.3 -10.2581 14.4465
    endloop
  endfacet
  facet normal 0.000172599 0.766234 0.642561
    outer loop
      vertex 103.501 -12.1216 16.6674
      vertex 105.133 -12.7645 17.4336
      vertex 103.083 -11.8072 16.2926
    endloop
  endfacet
  facet normal 0.000140103 0.766145 0.642668
    outer loop
      vertex 103.99 -12.3902 16.9875
      vertex 104.539 -12.6063 17.245
      vertex 103.501 -12.1216 16.6674
    endloop
  endfacet
  facet normal 0.000198053 0.765846 0.643024
    outer loop
      vertex 108.261 -12.6063 17.245
      vertex 109.299 -12.1216 16.6674
      vertex 107.667 -12.7645 17.4336
    endloop
  endfacet
  facet normal -0.000140103 0.766145 0.642668
    outer loop
      vertex 108.81 -12.3902 16.9875
      vertex 109.299 -12.1216 16.6674
      vertex 108.261 -12.6063 17.245
    endloop
  endfacet
  facet normal 0.0001196 0.765976 0.642869
    outer loop
      vertex 109.717 -11.8072 16.2926
      vertex 110.299 -11.0725 15.4171
      vertex 107.667 -12.7645 17.4336
    endloop
  endfacet
  facet normal 0.000303207 0.765916 0.642941
    outer loop
      vertex 110.053 -11.4546 15.8724
      vertex 110.299 -11.0725 15.4171
      vertex 109.717 -11.8072 16.2926
    endloop
  endfacet
  facet normal -0.000193815 0.766353 0.642419
    outer loop
      vertex 105.133 -7.75166 11.4594
      vertex 104.539 -7.90991 11.648
      vertex 103.99 -8.12599 11.9056
    endloop
  endfacet
  facet normal 0.649633 -0.488675 0.582387
    outer loop
      vertex 103.501 -4.56435 15.4396
      vertex 103.99 -8.12599 11.9056
      vertex 103.99 -4.29577 15.1195
    endloop
  endfacet
  facet normal 0.649564 -0.488722 0.582424
    outer loop
      vertex 103.99 -8.12599 11.9056
      vertex 103.501 -4.56435 15.4396
      vertex 103.501 -8.39457 12.2256
    endloop
  endfacet
  facet normal 0.382888 -0.593811 0.707662
    outer loop
      vertex 104.539 -4.07969 14.862
      vertex 105.133 -7.75166 11.4594
      vertex 105.133 -3.92144 14.6734
    endloop
  endfacet
  facet normal 0.382888 -0.593811 0.707662
    outer loop
      vertex 105.133 -7.75166 11.4594
      vertex 104.539 -4.07969 14.862
      vertex 104.539 -7.90991 11.648
    endloop
  endfacet
  facet normal -0.972082 -0.150824 0.179747
    outer loop
      vertex 110.299 -9.44371 13.476
      vertex 110.45 -6.01561 17.1691
      vertex 110.299 -5.61349 16.6899
    endloop
  endfacet
  facet normal -0.972082 -0.150824 0.179747
    outer loop
      vertex 110.45 -6.01561 17.1691
      vertex 110.299 -9.44371 13.476
      vertex 110.45 -9.84583 13.9552
    endloop
  endfacet
  facet normal -0.000179659 0.766038 0.642795
    outer loop
      vertex 102.501 -11.0725 15.4171
      vertex 102.35 -9.84583 13.9552
      vertex 102.3 -10.2581 14.4465
    endloop
  endfacet
  facet normal 2.02714e-05 0.766048 0.642783
    outer loop
      vertex 102.501 -11.0725 15.4171
      vertex 103.501 -8.39457 12.2256
      vertex 102.35 -9.84583 13.9552
    endloop
  endfacet
  facet normal 0.522612 0.548017 -0.653112
    outer loop
      vertex 104.539 -8.77606 20.4589
      vertex 104.539 -12.6063 17.245
      vertex 104.082 -8.596 20.2443
    endloop
  endfacet
  facet normal 0.5222 0.548139 -0.653338
    outer loop
      vertex 103.99 -12.3902 16.9875
      vertex 104.082 -8.596 20.2443
      vertex 104.539 -12.6063 17.245
    endloop
  endfacet
  facet normal 0.520015 0.549039 -0.654325
    outer loop
      vertex 104.082 -8.596 20.2443
      vertex 103.99 -12.3902 16.9875
      vertex 103.99 -8.55999 20.2014
    endloop
  endfacet
  facet normal -0.972068 0.150865 -0.17979
    outer loop
      vertex 110.45 -93.3971 113.528
      vertex 110.299 -89.969 117.221
      vertex 110.45 -89.5669 116.742
    endloop
  endfacet
  facet normal -0.972073 0.150848 -0.179774
    outer loop
      vertex 110.299 -89.969 117.221
      vertex 110.45 -93.3971 113.528
      vertex 110.299 -93.7993 114.007
    endloop
  endfacet
  facet normal 0.760411 0.417383 -0.49756
    outer loop
      vertex 103.501 -91.0182 118.471
      vertex 103.083 -94.5339 114.883
      vertex 103.083 -90.7037 118.096
    endloop
  endfacet
  facet normal 0.759909 0.417837 -0.497947
    outer loop
      vertex 103.083 -94.5339 114.883
      vertex 103.501 -91.0182 118.471
      vertex 103.501 -94.8484 115.257
    endloop
  endfacet
  facet normal 0.972513 -0.149672 0.178373
    outer loop
      vertex 102.476 -88.4073 115.36
      vertex 102.501 -92.1705 112.066
      vertex 102.501 -88.3402 115.28
    endloop
  endfacet
  facet normal 0.972068 -0.150894 0.179765
    outer loop
      vertex 102.501 -92.1705 112.066
      vertex 102.476 -88.4073 115.36
      vertex 102.35 -92.5726 112.545
    endloop
  endfacet
  facet normal 0.00343783 0.75956 0.650428
    outer loop
      vertex 107.667 -95.4913 116.023
      vertex 108.261 -95.333 115.835
      vertex 107.041 -95.5878 116.139
    endloop
  endfacet
  facet normal 0.00249274 0.76275 0.646688
    outer loop
      vertex 105.133 -90.4784 110.049
      vertex 104.539 -90.6367 110.238
      vertex 103.99 -90.8528 110.495
    endloop
  endfacet
  facet normal 0 0.766005 0.642835
    outer loop
      vertex 110.299 -92.1705 112.066
      vertex 103.501 -94.8484 115.257
      vertex 109.299 -94.8484 115.257
    endloop
  endfacet
  facet normal 0 0.766005 0.642835
    outer loop
      vertex 103.501 -94.8484 115.257
      vertex 110.299 -92.1705 112.066
      vertex 102.501 -92.1705 112.066
    endloop
  endfacet
  facet normal -0.924099 -0.245602 0.292781
    outer loop
      vertex 110.053 -91.7884 111.611
      vertex 110.299 -88.3402 115.28
      vertex 110.053 -87.9582 114.824
    endloop
  endfacet
  facet normal -0.923939 -0.245891 0.293042
    outer loop
      vertex 110.299 -88.3402 115.28
      vertex 110.053 -91.7884 111.611
      vertex 110.299 -92.1705 112.066
    endloop
  endfacet
  facet normal 0.923939 0.245891 -0.293042
    outer loop
      vertex 102.747 -90.3511 117.676
      vertex 102.501 -93.7993 114.007
      vertex 102.501 -89.969 117.221
    endloop
  endfacet
  facet normal 0.923925 0.245918 -0.293066
    outer loop
      vertex 102.501 -93.7993 114.007
      vertex 102.747 -90.3511 117.676
      vertex 102.747 -94.1813 114.462
    endloop
  endfacet
  facet normal -0.000346999 0.766612 0.642111
    outer loop
      vertex 108.261 -95.333 115.835
      vertex 109.299 -94.8484 115.257
      vertex 106.4 -95.6203 116.177
    endloop
  endfacet
  facet normal 0.972068 0.150865 -0.17979
    outer loop
      vertex 102.501 -89.969 117.221
      vertex 102.35 -93.3971 113.528
      vertex 102.35 -89.5669 116.742
    endloop
  endfacet
  facet normal 0.972073 0.150848 -0.179774
    outer loop
      vertex 102.35 -93.3971 113.528
      vertex 102.501 -89.969 117.221
      vertex 102.501 -93.7993 114.007
    endloop
  endfacet
  facet normal 0.0777673 -0.64085 0.763717
    outer loop
      vertex 105.759 -86.5517 113.148
      vertex 106.4 -90.3494 109.896
      vertex 106.4 -86.5192 113.11
    endloop
  endfacet
  facet normal 0.0777673 -0.64085 0.763717
    outer loop
      vertex 106.4 -90.3494 109.896
      vertex 105.759 -86.5517 113.148
      vertex 105.759 -90.3819 109.934
    endloop
  endfacet
  facet normal -0.00429016 0.76674 0.641943
    outer loop
      vertex 110.45 -93.3971 113.528
      vertex 110.5 -92.9849 113.036
      vertex 110.053 -94.1813 114.462
    endloop
  endfacet
  facet normal -0.000924576 0.765766 0.643119
    outer loop
      vertex 110.5 -92.9849 113.036
      vertex 110.45 -92.5726 112.545
      vertex 110.299 -92.1705 112.066
    endloop
  endfacet
  facet normal -0.000330623 0.766325 0.642453
    outer loop
      vertex 105.133 -90.4784 110.049
      vertex 103.99 -90.8528 110.495
      vertex 102.501 -92.1705 112.066
    endloop
  endfacet
  facet normal 0.00836333 0.760711 0.649036
    outer loop
      vertex 103.99 -90.8528 110.495
      vertex 103.501 -91.1213 110.816
      vertex 103.083 -91.4358 111.19
    endloop
  endfacet
  facet normal 0.971985 -0.151086 0.180053
    outer loop
      vertex 102.476 -88.4073 115.36
      vertex 102.35 -88.7424 115.759
      vertex 102.35 -92.5726 112.545
    endloop
  endfacet
  facet normal 0.852676 0.335823 -0.400209
    outer loop
      vertex 103.083 -90.7037 118.096
      vertex 102.747 -94.1813 114.462
      vertex 102.747 -90.3511 117.676
    endloop
  endfacet
  facet normal 0.853 0.335421 -0.399854
    outer loop
      vertex 102.747 -94.1813 114.462
      vertex 103.083 -90.7037 118.096
      vertex 103.083 -94.5339 114.883
    endloop
  endfacet
  facet normal 0.00102246 0.768416 0.63995
    outer loop
      vertex 105.759 -95.5878 116.139
      vertex 106.4 -95.6203 116.177
      vertex 104.539 -95.333 115.835
    endloop
  endfacet
  facet normal 0.000358502 0.765775 0.643108
    outer loop
      vertex 110.299 -93.7993 114.007
      vertex 110.45 -93.3971 113.528
      vertex 110.053 -94.1813 114.462
    endloop
  endfacet
  facet normal -0.99698 0.0499167 -0.0594885
    outer loop
      vertex 110.5 -92.9849 113.036
      vertex 110.45 -89.5669 116.742
      vertex 110.5 -89.1546 116.25
    endloop
  endfacet
  facet normal -0.99698 0.0499225 -0.0594938
    outer loop
      vertex 110.45 -89.5669 116.742
      vertex 110.5 -92.9849 113.036
      vertex 110.45 -93.3971 113.528
    endloop
  endfacet
  facet normal -0.649575 -0.488709 0.582422
    outer loop
      vertex 108.81 -90.8528 110.495
      vertex 109.299 -87.2911 114.029
      vertex 108.81 -87.0225 113.709
    endloop
  endfacet
  facet normal -0.650205 -0.488281 0.582078
    outer loop
      vertex 109.299 -87.2911 114.029
      vertex 108.81 -90.8528 110.495
      vertex 109.299 -91.1213 110.816
    endloop
  endfacet
  facet normal 0.000330623 0.766325 0.642453
    outer loop
      vertex 110.299 -92.1705 112.066
      vertex 108.81 -90.8528 110.495
      vertex 107.667 -90.4784 110.049
    endloop
  endfacet
  facet normal 0 0.766074 0.642753
    outer loop
      vertex 106.4 -95.6203 116.177
      vertex 109.299 -94.8484 115.257
      vertex 103.501 -94.8484 115.257
    endloop
  endfacet
  facet normal -0.00667875 0.763989 0.645194
    outer loop
      vertex 110.299 -92.1705 112.066
      vertex 110.053 -91.7884 111.611
      vertex 109.717 -91.4358 111.19
    endloop
  endfacet
  facet normal -0.00814109 0.7698 0.638233
    outer loop
      vertex 109.717 -94.5339 114.883
      vertex 110.053 -94.1813 114.462
      vertex 109.299 -94.8484 115.257
    endloop
  endfacet
  facet normal -0.852676 0.335823 -0.400209
    outer loop
      vertex 110.053 -94.1813 114.462
      vertex 109.717 -90.7037 118.096
      vertex 110.053 -90.3511 117.676
    endloop
  endfacet
  facet normal -0.853 0.335421 -0.399854
    outer loop
      vertex 109.717 -90.7037 118.096
      vertex 110.053 -94.1813 114.462
      vertex 109.717 -94.5339 114.883
    endloop
  endfacet
  facet normal 0 0.766113 0.642706
    outer loop
      vertex 107.667 -90.4784 110.049
      vertex 102.501 -92.1705 112.066
      vertex 110.299 -92.1705 112.066
    endloop
  endfacet
  facet normal 0 0.766113 0.642706
    outer loop
      vertex 102.501 -92.1705 112.066
      vertex 107.667 -90.4784 110.049
      vertex 105.133 -90.4784 110.049
    endloop
  endfacet
  facet normal -0.971985 -0.151086 0.180053
    outer loop
      vertex 110.45 -92.5726 112.545
      vertex 110.45 -88.7424 115.759
      vertex 110.324 -88.4073 115.36
    endloop
  endfacet
  facet normal -0.972513 -0.149672 0.178373
    outer loop
      vertex 110.299 -92.1705 112.066
      vertex 110.324 -88.4073 115.36
      vertex 110.299 -88.3402 115.28
    endloop
  endfacet
  facet normal -0.972068 -0.150894 0.179765
    outer loop
      vertex 110.324 -88.4073 115.36
      vertex 110.299 -92.1705 112.066
      vertex 110.45 -92.5726 112.545
    endloop
  endfacet
  facet normal -0.000179756 0.766254 0.642537
    outer loop
      vertex 103.99 -90.8528 110.495
      vertex 103.083 -91.4358 111.19
      vertex 102.501 -92.1705 112.066
    endloop
  endfacet
  facet normal -0.00108578 0.768935 0.639326
    outer loop
      vertex 106.4 -90.3494 109.896
      vertex 105.759 -90.3819 109.934
      vertex 105.133 -90.4784 110.049
    endloop
  endfacet
  facet normal 0.383337 -0.593693 0.707518
    outer loop
      vertex 104.539 -86.8065 113.452
      vertex 105.133 -90.4784 110.049
      vertex 105.133 -86.6482 113.263
    endloop
  endfacet
  facet normal 0.383337 -0.593693 0.707518
    outer loop
      vertex 105.133 -90.4784 110.049
      vertex 104.539 -86.8065 113.452
      vertex 104.539 -90.6367 110.238
    endloop
  endfacet
  facet normal -0.522559 0.548051 -0.653125
    outer loop
      vertex 108.261 -91.5028 119.049
      vertex 108.81 -95.117 115.577
      vertex 108.261 -95.333 115.835
    endloop
  endfacet
  facet normal -0.522632 0.548014 -0.653098
    outer loop
      vertex 108.81 -95.117 115.577
      vertex 108.261 -91.5028 119.049
      vertex 108.81 -91.2867 118.791
    endloop
  endfacet
  facet normal -0.00102246 0.768416 0.63995
    outer loop
      vertex 107.041 -95.5878 116.139
      vertex 108.261 -95.333 115.835
      vertex 106.4 -95.6203 116.177
    endloop
  endfacet
  facet normal 0.997215 -0.0479362 0.0571282
    outer loop
      vertex 102.3 -92.9849 113.036
      vertex 102.308 -89.0859 116.168
      vertex 102.3 -89.1546 116.25
    endloop
  endfacet
  facet normal 0.996973 -0.0499237 0.0596031
    outer loop
      vertex 102.308 -89.0859 116.168
      vertex 102.3 -92.9849 113.036
      vertex 102.35 -92.5726 112.545
    endloop
  endfacet
  facet normal -0.000878876 0.76595 0.6429
    outer loop
      vertex 102.747 -94.1813 114.462
      vertex 102.501 -92.1705 112.066
      vertex 102.3 -92.9849 113.036
    endloop
  endfacet
  facet normal 0.852676 -0.335823 0.400209
    outer loop
      vertex 102.747 -87.9582 114.824
      vertex 103.083 -91.4358 111.19
      vertex 103.083 -87.6056 114.404
    endloop
  endfacet
  facet normal 0.853 -0.335421 0.399854
    outer loop
      vertex 103.083 -91.4358 111.19
      vertex 102.747 -87.9582 114.824
      vertex 102.747 -91.7884 111.611
    endloop
  endfacet
  facet normal 0.521694 -0.548391 0.653531
    outer loop
      vertex 103.99 -87.0225 113.709
      vertex 104.539 -90.6367 110.238
      vertex 104.539 -86.8065 113.452
    endloop
  endfacet
  facet normal 0.521767 -0.548354 0.653504
    outer loop
      vertex 104.539 -90.6367 110.238
      vertex 103.99 -87.0225 113.709
      vertex 103.99 -90.8528 110.495
    endloop
  endfacet
  facet normal 0.649575 -0.488709 0.582422
    outer loop
      vertex 103.501 -87.2911 114.029
      vertex 103.99 -90.8528 110.495
      vertex 103.99 -87.0225 113.709
    endloop
  endfacet
  facet normal 0.650205 -0.488281 0.582078
    outer loop
      vertex 103.99 -90.8528 110.495
      vertex 103.501 -87.2911 114.029
      vertex 103.501 -91.1213 110.816
    endloop
  endfacet
  facet normal 0.000179756 0.766254 0.642537
    outer loop
      vertex 110.299 -92.1705 112.066
      vertex 109.717 -91.4358 111.19
      vertex 108.81 -90.8528 110.495
    endloop
  endfacet
  facet normal -0.852676 -0.335823 0.400209
    outer loop
      vertex 109.717 -91.4358 111.19
      vertex 110.053 -87.9582 114.824
      vertex 109.717 -87.6056 114.404
    endloop
  endfacet
  facet normal -0.853 -0.335421 0.399854
    outer loop
      vertex 110.053 -87.9582 114.824
      vertex 109.717 -91.4358 111.19
      vertex 110.053 -91.7884 111.611
    endloop
  endfacet
  facet normal 0 0.764522 0.644597
    outer loop
      vertex 107.667 -90.4784 110.049
      vertex 106.4 -90.3494 109.896
      vertex 105.133 -90.4784 110.049
    endloop
  endfacet
  facet normal -0.233203 -0.625074 0.744915
    outer loop
      vertex 107.041 -90.3819 109.934
      vertex 107.667 -86.6482 113.263
      vertex 107.041 -86.5517 113.148
    endloop
  endfacet
  facet normal -0.233203 -0.625074 0.744915
    outer loop
      vertex 107.667 -86.6482 113.263
      vertex 107.041 -90.3819 109.934
      vertex 107.667 -90.4784 110.049
    endloop
  endfacet
  facet normal -0.996922 -0.0503911 0.0600523
    outer loop
      vertex 110.492 -89.0859 116.168
      vertex 110.45 -88.7424 115.759
      vertex 110.45 -92.5726 112.545
    endloop
  endfacet
  facet normal -0.996973 -0.0499237 0.0596031
    outer loop
      vertex 110.5 -92.9849 113.036
      vertex 110.492 -89.0859 116.168
      vertex 110.45 -92.5726 112.545
    endloop
  endfacet
  facet normal -0.997215 -0.0479362 0.0571282
    outer loop
      vertex 110.492 -89.0859 116.168
      vertex 110.5 -92.9849 113.036
      vertex 110.5 -89.1546 116.25
    endloop
  endfacet
  facet normal 0.233203 -0.625074 0.744915
    outer loop
      vertex 105.133 -86.6482 113.263
      vertex 105.759 -90.3819 109.934
      vertex 105.759 -86.5517 113.148
    endloop
  endfacet
  facet normal 0.233203 -0.625074 0.744915
    outer loop
      vertex 105.759 -90.3819 109.934
      vertex 105.133 -86.6482 113.263
      vertex 105.133 -90.4784 110.049
    endloop
  endfacet
  facet normal -0.00275815 0.763858 0.645378
    outer loop
      vertex 103.99 -95.117 115.577
      vertex 104.539 -95.333 115.835
      vertex 103.501 -94.8484 115.257
    endloop
  endfacet
  facet normal 0.000346999 0.766612 0.642111
    outer loop
      vertex 104.539 -95.333 115.835
      vertex 106.4 -95.6203 116.177
      vertex 103.501 -94.8484 115.257
    endloop
  endfacet
  facet normal 0.000924576 0.765766 0.643119
    outer loop
      vertex 102.501 -92.1705 112.066
      vertex 102.35 -92.5726 112.545
      vertex 102.3 -92.9849 113.036
    endloop
  endfacet
  facet normal -0.000101941 0.765989 0.642853
    outer loop
      vertex 102.747 -94.1813 114.462
      vertex 103.501 -94.8484 115.257
      vertex 102.501 -92.1705 112.066
    endloop
  endfacet
  facet normal 0.00275815 0.763858 0.645378
    outer loop
      vertex 108.81 -95.117 115.577
      vertex 109.299 -94.8484 115.257
      vertex 108.261 -95.333 115.835
    endloop
  endfacet
  facet normal -0.0777673 0.64085 -0.763717
    outer loop
      vertex 106.4 -91.7901 119.391
      vertex 107.041 -95.5878 116.139
      vertex 106.4 -95.6203 116.177
    endloop
  endfacet
  facet normal -0.0789515 0.640674 -0.763743
    outer loop
      vertex 107.041 -95.5878 116.139
      vertex 106.4 -91.7901 119.391
      vertex 107.041 -91.7576 119.352
    endloop
  endfacet
  facet normal -0.234328 0.624786 -0.744804
    outer loop
      vertex 107.041 -91.7576 119.352
      vertex 107.667 -95.4913 116.023
      vertex 107.041 -95.5878 116.139
    endloop
  endfacet
  facet normal -0.233203 0.625074 -0.744915
    outer loop
      vertex 107.667 -95.4913 116.023
      vertex 107.041 -91.7576 119.352
      vertex 107.667 -91.6611 119.237
    endloop
  endfacet
  facet normal -0.521694 -0.548391 0.653531
    outer loop
      vertex 108.261 -90.6367 110.238
      vertex 108.81 -87.0225 113.709
      vertex 108.261 -86.8065 113.452
    endloop
  endfacet
  facet normal -0.521767 -0.548354 0.653504
    outer loop
      vertex 108.81 -87.0225 113.709
      vertex 108.261 -90.6367 110.238
      vertex 108.81 -90.8528 110.495
    endloop
  endfacet
  facet normal 0.00814109 0.7698 0.638233
    outer loop
      vertex 103.083 -94.5339 114.883
      vertex 103.501 -94.8484 115.257
      vertex 102.747 -94.1813 114.462
    endloop
  endfacet
  facet normal 0.760411 -0.417383 0.49756
    outer loop
      vertex 103.083 -87.6056 114.404
      vertex 103.501 -91.1213 110.816
      vertex 103.501 -87.2911 114.029
    endloop
  endfacet
  facet normal 0.759909 -0.417837 0.497947
    outer loop
      vertex 103.501 -91.1213 110.816
      vertex 103.083 -87.6056 114.404
      vertex 103.083 -91.4358 111.19
    endloop
  endfacet
  facet normal 0.234328 0.624786 -0.744804
    outer loop
      vertex 105.133 -95.4913 116.023
      vertex 105.759 -91.7576 119.352
      vertex 105.759 -95.5878 116.139
    endloop
  endfacet
  facet normal 0.233203 0.625074 -0.744915
    outer loop
      vertex 105.759 -91.7576 119.352
      vertex 105.133 -95.4913 116.023
      vertex 105.133 -91.6611 119.237
    endloop
  endfacet
  facet normal 0.0777673 0.64085 -0.763717
    outer loop
      vertex 105.759 -95.5878 116.139
      vertex 106.4 -91.7901 119.391
      vertex 106.4 -95.6203 116.177
    endloop
  endfacet
  facet normal 0.0789515 0.640674 -0.763743
    outer loop
      vertex 106.4 -91.7901 119.391
      vertex 105.759 -95.5878 116.139
      vertex 105.759 -91.7576 119.352
    endloop
  endfacet
  facet normal 0.522559 0.548051 -0.653125
    outer loop
      vertex 103.99 -95.117 115.577
      vertex 104.539 -91.5028 119.049
      vertex 104.539 -95.333 115.835
    endloop
  endfacet
  facet normal 0.522632 0.548014 -0.653098
    outer loop
      vertex 104.539 -91.5028 119.049
      vertex 103.99 -95.117 115.577
      vertex 103.99 -91.2867 118.791
    endloop
  endfacet
  facet normal -0.00836333 0.760711 0.649036
    outer loop
      vertex 109.717 -91.4358 111.19
      vertex 109.299 -91.1213 110.816
      vertex 108.81 -90.8528 110.495
    endloop
  endfacet
  facet normal -0.760411 -0.417383 0.49756
    outer loop
      vertex 109.299 -91.1213 110.816
      vertex 109.717 -87.6056 114.404
      vertex 109.299 -87.2911 114.029
    endloop
  endfacet
  facet normal -0.759909 -0.417837 0.497947
    outer loop
      vertex 109.717 -87.6056 114.404
      vertex 109.299 -91.1213 110.816
      vertex 109.717 -91.4358 111.19
    endloop
  endfacet
  facet normal -0.00249274 0.76275 0.646688
    outer loop
      vertex 108.81 -90.8528 110.495
      vertex 108.261 -90.6367 110.238
      vertex 107.667 -90.4784 110.049
    endloop
  endfacet
  facet normal -0.383337 -0.593693 0.707518
    outer loop
      vertex 107.667 -90.4784 110.049
      vertex 108.261 -86.8065 113.452
      vertex 107.667 -86.6482 113.263
    endloop
  endfacet
  facet normal -0.383337 -0.593693 0.707518
    outer loop
      vertex 108.261 -86.8065 113.452
      vertex 107.667 -90.4784 110.049
      vertex 108.261 -90.6367 110.238
    endloop
  endfacet
  facet normal -0.00343783 0.75956 0.650428
    outer loop
      vertex 105.133 -95.4913 116.023
      vertex 105.759 -95.5878 116.139
      vertex 104.539 -95.333 115.835
    endloop
  endfacet
  facet normal 0.382321 0.593964 -0.707841
    outer loop
      vertex 104.539 -95.333 115.835
      vertex 105.133 -91.6611 119.237
      vertex 105.133 -95.4913 116.023
    endloop
  endfacet
  facet normal 0.382321 0.593964 -0.707841
    outer loop
      vertex 105.133 -91.6611 119.237
      vertex 104.539 -95.333 115.835
      vertex 104.539 -91.5028 119.049
    endloop
  endfacet
  facet normal 0.649517 0.488749 -0.582453
    outer loop
      vertex 103.99 -91.2867 118.791
      vertex 103.501 -94.8484 115.257
      vertex 103.501 -91.0182 118.471
    endloop
  endfacet
  facet normal 0.649575 0.488709 -0.582422
    outer loop
      vertex 103.501 -94.8484 115.257
      vertex 103.99 -91.2867 118.791
      vertex 103.99 -95.117 115.577
    endloop
  endfacet
  facet normal -0.760411 0.417383 -0.49756
    outer loop
      vertex 109.717 -94.5339 114.883
      vertex 109.299 -91.0182 118.471
      vertex 109.717 -90.7037 118.096
    endloop
  endfacet
  facet normal -0.759909 0.417837 -0.497947
    outer loop
      vertex 109.299 -91.0182 118.471
      vertex 109.717 -94.5339 114.883
      vertex 109.299 -94.8484 115.257
    endloop
  endfacet
  facet normal -0.382321 0.593964 -0.707841
    outer loop
      vertex 107.667 -91.6611 119.237
      vertex 108.261 -95.333 115.835
      vertex 107.667 -95.4913 116.023
    endloop
  endfacet
  facet normal -0.382321 0.593964 -0.707841
    outer loop
      vertex 108.261 -95.333 115.835
      vertex 107.667 -91.6611 119.237
      vertex 108.261 -91.5028 119.049
    endloop
  endfacet
  facet normal -0.649517 0.488749 -0.582453
    outer loop
      vertex 109.299 -94.8484 115.257
      vertex 108.81 -91.2867 118.791
      vertex 109.299 -91.0182 118.471
    endloop
  endfacet
  facet normal -0.649575 0.488709 -0.582422
    outer loop
      vertex 108.81 -91.2867 118.791
      vertex 109.299 -94.8484 115.257
      vertex 108.81 -95.117 115.577
    endloop
  endfacet
  facet normal 0.00108578 0.768935 0.639326
    outer loop
      vertex 107.667 -90.4784 110.049
      vertex 107.041 -90.3819 109.934
      vertex 106.4 -90.3494 109.896
    endloop
  endfacet
  facet normal -0.0777673 -0.64085 0.763717
    outer loop
      vertex 106.4 -90.3494 109.896
      vertex 107.041 -86.5517 113.148
      vertex 106.4 -86.5192 113.11
    endloop
  endfacet
  facet normal -0.0777673 -0.64085 0.763717
    outer loop
      vertex 107.041 -86.5517 113.148
      vertex 106.4 -90.3494 109.896
      vertex 107.041 -90.3819 109.934
    endloop
  endfacet
  facet normal 0.99698 0.0499167 -0.0594885
    outer loop
      vertex 102.35 -89.5669 116.742
      vertex 102.3 -92.9849 113.036
      vertex 102.3 -89.1546 116.25
    endloop
  endfacet
  facet normal 0.99698 0.0499225 -0.0594938
    outer loop
      vertex 102.3 -92.9849 113.036
      vertex 102.35 -89.5669 116.742
      vertex 102.35 -93.3971 113.528
    endloop
  endfacet
  facet normal 0.00667875 0.763989 0.645194
    outer loop
      vertex 103.083 -91.4358 111.19
      vertex 102.747 -91.7884 111.611
      vertex 102.501 -92.1705 112.066
    endloop
  endfacet
  facet normal 0.924099 -0.245602 0.292781
    outer loop
      vertex 102.501 -88.3402 115.28
      vertex 102.747 -91.7884 111.611
      vertex 102.747 -87.9582 114.824
    endloop
  endfacet
  facet normal 0.923939 -0.245891 0.293042
    outer loop
      vertex 102.747 -91.7884 111.611
      vertex 102.501 -88.3402 115.28
      vertex 102.501 -92.1705 112.066
    endloop
  endfacet
  facet normal 0.000101941 0.765989 0.642853
    outer loop
      vertex 110.053 -94.1813 114.462
      vertex 110.299 -92.1705 112.066
      vertex 109.299 -94.8484 115.257
    endloop
  endfacet
  facet normal 0.000878876 0.76595 0.6429
    outer loop
      vertex 110.5 -92.9849 113.036
      vertex 110.299 -92.1705 112.066
      vertex 110.053 -94.1813 114.462
    endloop
  endfacet
  facet normal 0.00429016 0.76674 0.641943
    outer loop
      vertex 102.35 -93.3971 113.528
      vertex 102.747 -94.1813 114.462
      vertex 102.3 -92.9849 113.036
    endloop
  endfacet
  facet normal -0.000358502 0.765775 0.643108
    outer loop
      vertex 102.501 -93.7993 114.007
      vertex 102.747 -94.1813 114.462
      vertex 102.35 -93.3971 113.528
    endloop
  endfacet
  facet normal 0.996922 -0.0503911 0.0600523
    outer loop
      vertex 102.35 -92.5726 112.545
      vertex 102.35 -88.7424 115.759
      vertex 102.308 -89.0859 116.168
    endloop
  endfacet
  facet normal -0.923939 0.245891 -0.293042
    outer loop
      vertex 110.299 -93.7993 114.007
      vertex 110.053 -90.3511 117.676
      vertex 110.299 -89.969 117.221
    endloop
  endfacet
  facet normal -0.923925 0.245918 -0.293066
    outer loop
      vertex 110.053 -90.3511 117.676
      vertex 110.299 -93.7993 114.007
      vertex 110.053 -94.1813 114.462
    endloop
  endfacet
  facet normal -0.996915 0.0504499 -0.0601246
    outer loop
      vertex -12.3 -10.2581 14.4465
      vertex -12.3505 -6.84015 18.1518
      vertex -12.3 -6.42788 17.6604
    endloop
  endfacet
  facet normal -0.996915 0.0504551 -0.0601293
    outer loop
      vertex -12.3505 -6.84015 18.1518
      vertex -12.3 -10.2581 14.4465
      vertex -12.3505 -10.6704 14.9378
    endloop
  endfacet
  facet normal 0.000193045 0.766352 0.642421
    outer loop
      vertex -13.9901 -8.12599 11.9056
      vertex -14.5386 -7.90991 11.648
      vertex -15.133 -7.75166 11.4594
    endloop
  endfacet
  facet normal 0.972365 -0.150069 0.178847
    outer loop
      vertex -20.4495 -6.01561 17.1691
      vertex -20.2993 -9.44371 13.476
      vertex -20.2993 -5.61349 16.6899
    endloop
  endfacet
  facet normal 0.972365 -0.150069 0.178847
    outer loop
      vertex -20.2993 -9.44371 13.476
      vertex -20.4495 -6.01561 17.1691
      vertex -20.4495 -9.84583 13.9552
    endloop
  endfacet
  facet normal -0.233494 -0.625016 0.744873
    outer loop
      vertex -15.7586 -7.65512 11.3444
      vertex -15.133 -3.92144 14.6734
      vertex -15.7586 -3.8249 14.5583
    endloop
  endfacet
  facet normal -0.233382 -0.625044 0.744884
    outer loop
      vertex -15.133 -3.92144 14.6734
      vertex -15.7586 -7.65512 11.3444
      vertex -15.133 -7.75166 11.4594
    endloop
  endfacet
  facet normal -0.000303443 0.765916 0.642941
    outer loop
      vertex -20.0531 -11.4546 15.8724
      vertex -19.717 -11.8072 16.2926
      vertex -20.2993 -11.0725 15.4171
    endloop
  endfacet
  facet normal -0.000119636 0.765976 0.642869
    outer loop
      vertex -19.717 -11.8072 16.2926
      vertex -17.667 -12.7645 17.4336
      vertex -20.2993 -11.0725 15.4171
    endloop
  endfacet
  facet normal -0.000191798 0.765191 0.643804
    outer loop
      vertex -17.0414 -12.8611 17.5486
      vertex -16.4 -12.8935 17.5873
      vertex -17.667 -12.7645 17.4336
    endloop
  endfacet
  facet normal -0.923877 0.245986 -0.293158
    outer loop
      vertex -12.5007 -11.0725 15.4171
      vertex -12.7469 -7.62434 19.0863
      vertex -12.5007 -7.24227 18.631
    endloop
  endfacet
  facet normal -0.923882 0.245978 -0.293151
    outer loop
      vertex -12.7469 -7.62434 19.0863
      vertex -12.5007 -11.0725 15.4171
      vertex -12.7469 -11.4546 15.8724
    endloop
  endfacet
  facet normal -2.47232e-05 0.766063 0.642766
    outer loop
      vertex -19.2991 -8.39457 12.2256
      vertex -20.0531 -9.06164 13.0206
      vertex -20.4495 -9.84583 13.9552
    endloop
  endfacet
  facet normal 0.000191798 0.765191 0.643804
    outer loop
      vertex -15.7586 -12.8611 17.5486
      vertex -15.133 -12.7645 17.4336
      vertex -16.4 -12.8935 17.5873
    endloop
  endfacet
  facet normal -0.923877 -0.24599 0.293154
    outer loop
      vertex -12.7469 -9.06164 13.0206
      vertex -12.5007 -5.61349 16.6899
      vertex -12.7469 -5.23142 16.2346
    endloop
  endfacet
  facet normal -0.923895 -0.245959 0.293126
    outer loop
      vertex -12.5007 -5.61349 16.6899
      vertex -12.7469 -9.06164 13.0206
      vertex -12.5007 -9.44371 13.476
    endloop
  endfacet
  facet normal -0.522499 0.548063 -0.653162
    outer loop
      vertex -13.9901 -12.3902 16.9875
      vertex -14.0815 -8.596 20.2443
      vertex -13.9901 -8.55999 20.2014
    endloop
  endfacet
  facet normal -0.522546 0.548044 -0.653141
    outer loop
      vertex -14.0815 -8.596 20.2443
      vertex -13.9901 -12.3902 16.9875
      vertex -14.5386 -12.6063 17.245
    endloop
  endfacet
  facet normal -0.233438 0.625034 -0.744875
    outer loop
      vertex -15.7586 -9.03086 20.7626
      vertex -15.133 -12.7645 17.4336
      vertex -15.7586 -12.8611 17.5486
    endloop
  endfacet
  facet normal -0.233494 0.62502 -0.74487
    outer loop
      vertex -15.133 -12.7645 17.4336
      vertex -15.7586 -9.03086 20.7626
      vertex -15.133 -8.93432 20.6475
    endloop
  endfacet
  facet normal 0 0.766048 0.642783
    outer loop
      vertex -15.133 -7.75166 11.4594
      vertex -19.2991 -8.39457 12.2256
      vertex -13.5009 -8.39457 12.2256
    endloop
  endfacet
  facet normal 0 0.766048 0.642783
    outer loop
      vertex -19.2991 -8.39457 12.2256
      vertex -15.133 -7.75166 11.4594
      vertex -17.667 -7.75166 11.4594
    endloop
  endfacet
  facet normal 0.760321 -0.417526 0.497579
    outer loop
      vertex -19.717 -4.87881 15.8143
      vertex -19.2991 -8.39457 12.2256
      vertex -19.2991 -4.56435 15.4396
    endloop
  endfacet
  facet normal 0.760371 -0.417481 0.49754
    outer loop
      vertex -19.2991 -8.39457 12.2256
      vertex -19.717 -4.87881 15.8143
      vertex -19.717 -8.70903 12.6004
    endloop
  endfacet
  facet normal -0.382626 0.593873 -0.707751
    outer loop
      vertex -15.133 -8.93432 20.6475
      vertex -14.5386 -12.6063 17.245
      vertex -15.133 -12.7645 17.4336
    endloop
  endfacet
  facet normal -0.382677 0.593854 -0.70774
    outer loop
      vertex -14.5386 -12.6063 17.245
      vertex -15.133 -8.93432 20.6475
      vertex -14.5386 -8.77606 20.4589
    endloop
  endfacet
  facet normal -0.382668 -0.593869 0.707732
    outer loop
      vertex -15.133 -7.75166 11.4594
      vertex -14.5386 -4.07969 14.862
      vertex -15.133 -3.92144 14.6734
    endloop
  endfacet
  facet normal -0.382668 -0.593869 0.707732
    outer loop
      vertex -14.5386 -4.07969 14.862
      vertex -15.133 -7.75166 11.4594
      vertex -14.5386 -7.90991 11.648
    endloop
  endfacet
  facet normal -0.000579404 0.765936 0.642916
    outer loop
      vertex -12.3505 -9.84583 13.9552
      vertex -12.5007 -9.44371 13.476
      vertex -12.7469 -9.06164 13.0206
    endloop
  endfacet
  facet normal 0.000179248 0.766038 0.642795
    outer loop
      vertex -12.3 -10.2581 14.4465
      vertex -12.3505 -9.84583 13.9552
      vertex -12.5007 -11.0725 15.4171
    endloop
  endfacet
  facet normal 0 0.766047 0.642785
    outer loop
      vertex -16.4 -12.8935 17.5873
      vertex -12.5007 -11.0725 15.4171
      vertex -20.2993 -11.0725 15.4171
    endloop
  endfacet
  facet normal -0.852671 0.335819 -0.400222
    outer loop
      vertex -12.7469 -11.4546 15.8724
      vertex -13.083 -7.97694 19.5065
      vertex -12.7469 -7.62434 19.0863
    endloop
  endfacet
  facet normal -0.852671 0.335819 -0.400222
    outer loop
      vertex -13.083 -7.97694 19.5065
      vertex -12.7469 -11.4546 15.8724
      vertex -13.083 -11.8072 16.2926
    endloop
  endfacet
  facet normal 2.42611e-05 0.766068 0.642759
    outer loop
      vertex -17.667 -12.7645 17.4336
      vertex -16.4 -12.8935 17.5873
      vertex -20.2993 -11.0725 15.4171
    endloop
  endfacet
  facet normal -0.000284577 0.76575 0.643138
    outer loop
      vertex -13.5009 -8.39457 12.2256
      vertex -13.9901 -8.12599 11.9056
      vertex -15.133 -7.75166 11.4594
    endloop
  endfacet
  facet normal -0.522529 0.548049 -0.653151
    outer loop
      vertex -14.5386 -8.77606 20.4589
      vertex -14.0815 -8.596 20.2443
      vertex -14.5386 -12.6063 17.245
    endloop
  endfacet
  facet normal -0.760375 0.417475 -0.497538
    outer loop
      vertex -13.083 -11.8072 16.2926
      vertex -13.5009 -8.29141 19.8813
      vertex -13.083 -7.97694 19.5065
    endloop
  endfacet
  facet normal -0.760346 0.417502 -0.497561
    outer loop
      vertex -13.5009 -8.29141 19.8813
      vertex -13.083 -11.8072 16.2926
      vertex -13.5009 -12.1216 16.6674
    endloop
  endfacet
  facet normal 0.000983305 0.765956 0.642893
    outer loop
      vertex -12.3505 -10.6704 14.9378
      vertex -12.3 -10.2581 14.4465
      vertex -12.5007 -11.0725 15.4171
    endloop
  endfacet
  facet normal -0.972365 0.150071 -0.178845
    outer loop
      vertex -12.3505 -10.6704 14.9378
      vertex -12.5007 -7.24227 18.631
      vertex -12.3505 -6.84015 18.1518
    endloop
  endfacet
  facet normal -0.97237 0.150054 -0.17883
    outer loop
      vertex -12.5007 -7.24227 18.631
      vertex -12.3505 -10.6704 14.9378
      vertex -12.5007 -11.0725 15.4171
    endloop
  endfacet
  facet normal -2.02951e-05 0.766048 0.642783
    outer loop
      vertex -12.5007 -11.0725 15.4171
      vertex -12.3505 -9.84583 13.9552
      vertex -13.5009 -8.39457 12.2256
    endloop
  endfacet
  facet normal 0.000172531 0.766234 0.642561
    outer loop
      vertex -19.2991 -12.1216 16.6674
      vertex -17.667 -12.7645 17.4336
      vertex -19.717 -11.8072 16.2926
    endloop
  endfacet
  facet normal 0.972365 0.150071 -0.178845
    outer loop
      vertex -20.2993 -7.24227 18.631
      vertex -20.4495 -10.6704 14.9378
      vertex -20.4495 -6.84015 18.1518
    endloop
  endfacet
  facet normal 0.97237 0.150054 -0.17883
    outer loop
      vertex -20.4495 -10.6704 14.9378
      vertex -20.2993 -7.24227 18.631
      vertex -20.2993 -11.0725 15.4171
    endloop
  endfacet
  facet normal -0.649494 0.488753 -0.582475
    outer loop
      vertex -13.5009 -8.29141 19.8813
      vertex -13.5009 -12.1216 16.6674
      vertex -13.9085 -8.51522 20.148
    endloop
  endfacet
  facet normal -0.649491 0.488756 -0.582477
    outer loop
      vertex -13.9901 -12.3902 16.9875
      vertex -13.9085 -8.51522 20.148
      vertex -13.5009 -12.1216 16.6674
    endloop
  endfacet
  facet normal -0.649402 0.488803 -0.582537
    outer loop
      vertex -13.9085 -8.51522 20.148
      vertex -13.9901 -12.3902 16.9875
      vertex -13.9901 -8.55999 20.2014
    endloop
  endfacet
  facet normal -0.0784482 0.640805 -0.763685
    outer loop
      vertex -16.4 -9.06331 20.8012
      vertex -15.7586 -12.8611 17.5486
      vertex -16.4 -12.8935 17.5873
    endloop
  endfacet
  facet normal -0.0783795 0.640816 -0.763683
    outer loop
      vertex -15.7586 -12.8611 17.5486
      vertex -16.4 -9.06331 20.8012
      vertex -15.7586 -9.03086 20.7626
    endloop
  endfacet
  facet normal 0.000579404 0.765936 0.642916
    outer loop
      vertex -20.0531 -9.06164 13.0206
      vertex -20.2993 -9.44371 13.476
      vertex -20.4495 -9.84583 13.9552
    endloop
  endfacet
  facet normal 0.0781528 -0.640829 0.763695
    outer loop
      vertex -16.5069 -3.79786 14.5261
      vertex -16.4 -7.62267 11.3057
      vertex -16.4 -3.79245 14.5197
    endloop
  endfacet
  facet normal 0.0784979 -0.640806 0.763679
    outer loop
      vertex -16.4 -7.62267 11.3057
      vertex -16.5069 -3.79786 14.5261
      vertex -17.0414 -7.65512 11.3444
    endloop
  endfacet
  facet normal 0 0.765902 0.642958
    outer loop
      vertex -15.7586 -7.65512 11.3444
      vertex -17.667 -7.75166 11.4594
      vertex -15.133 -7.75166 11.4594
    endloop
  endfacet
  facet normal 0 0.765902 0.642958
    outer loop
      vertex -17.667 -7.75166 11.4594
      vertex -15.7586 -7.65512 11.3444
      vertex -17.0414 -7.65512 11.3444
    endloop
  endfacet
  facet normal -0.0784249 -0.640804 0.763689
    outer loop
      vertex -15.7586 -7.65512 11.3444
      vertex -15.7586 -3.8249 14.5583
      vertex -16.2931 -3.79786 14.5261
    endloop
  endfacet
  facet normal -0.996914 -0.0504559 0.0601317
    outer loop
      vertex -12.3505 -9.84583 13.9552
      vertex -12.3 -6.42788 17.6604
      vertex -12.3505 -6.01561 17.1691
    endloop
  endfacet
  facet normal -0.996914 -0.0504559 0.0601317
    outer loop
      vertex -12.3 -6.42788 17.6604
      vertex -12.3505 -9.84583 13.9552
      vertex -12.3 -10.2581 14.4465
    endloop
  endfacet
  facet normal -0.760321 -0.417526 0.497579
    outer loop
      vertex -13.5009 -8.39457 12.2256
      vertex -13.083 -4.87881 15.8143
      vertex -13.5009 -4.56435 15.4396
    endloop
  endfacet
  facet normal -0.760371 -0.417481 0.49754
    outer loop
      vertex -13.083 -4.87881 15.8143
      vertex -13.5009 -8.39457 12.2256
      vertex -13.083 -8.70903 12.6004
    endloop
  endfacet
  facet normal 2.47232e-05 0.766063 0.642766
    outer loop
      vertex -12.3505 -9.84583 13.9552
      vertex -12.7469 -9.06164 13.0206
      vertex -13.5009 -8.39457 12.2256
    endloop
  endfacet
  facet normal -0.649479 -0.488759 0.582487
    outer loop
      vertex -13.9901 -8.12599 11.9056
      vertex -13.5009 -4.56435 15.4396
      vertex -13.9901 -4.29577 15.1195
    endloop
  endfacet
  facet normal -0.64941 -0.488806 0.582525
    outer loop
      vertex -13.5009 -4.56435 15.4396
      vertex -13.9901 -8.12599 11.9056
      vertex -13.5009 -8.39457 12.2256
    endloop
  endfacet
  facet normal 0.382626 0.593873 -0.707751
    outer loop
      vertex -18.2614 -12.6063 17.245
      vertex -17.667 -8.93432 20.6475
      vertex -17.667 -12.7645 17.4336
    endloop
  endfacet
  facet normal 0.382677 0.593854 -0.70774
    outer loop
      vertex -17.667 -8.93432 20.6475
      vertex -18.2614 -12.6063 17.245
      vertex -18.2614 -8.77606 20.4589
    endloop
  endfacet
  facet normal 0.522546 0.548044 -0.653141
    outer loop
      vertex -18.8099 -12.3902 16.9875
      vertex -18.7185 -8.596 20.2443
      vertex -18.2614 -12.6063 17.245
    endloop
  endfacet
  facet normal 0.522499 0.548063 -0.653162
    outer loop
      vertex -18.7185 -8.596 20.2443
      vertex -18.8099 -12.3902 16.9875
      vertex -18.8099 -8.55999 20.2014
    endloop
  endfacet
  facet normal 0.233438 0.625034 -0.744875
    outer loop
      vertex -17.667 -12.7645 17.4336
      vertex -17.0414 -9.03086 20.7626
      vertex -17.0414 -12.8611 17.5486
    endloop
  endfacet
  facet normal 0.233494 0.62502 -0.74487
    outer loop
      vertex -17.0414 -9.03086 20.7626
      vertex -17.667 -12.7645 17.4336
      vertex -17.667 -8.93432 20.6475
    endloop
  endfacet
  facet normal 0.996915 0.0504499 -0.0601246
    outer loop
      vertex -20.4495 -6.84015 18.1518
      vertex -20.5 -10.2581 14.4465
      vertex -20.5 -6.42788 17.6604
    endloop
  endfacet
  facet normal 0.996915 0.0504551 -0.0601293
    outer loop
      vertex -20.5 -10.2581 14.4465
      vertex -20.4495 -6.84015 18.1518
      vertex -20.4495 -10.6704 14.9378
    endloop
  endfacet
  facet normal -2.42611e-05 0.766068 0.642759
    outer loop
      vertex -15.133 -12.7645 17.4336
      vertex -12.5007 -11.0725 15.4171
      vertex -16.4 -12.8935 17.5873
    endloop
  endfacet
  facet normal 0.852671 0.335819 -0.400222
    outer loop
      vertex -19.717 -7.97694 19.5065
      vertex -20.0531 -11.4546 15.8724
      vertex -20.0531 -7.62434 19.0863
    endloop
  endfacet
  facet normal 0.852671 0.335819 -0.400222
    outer loop
      vertex -20.0531 -11.4546 15.8724
      vertex -19.717 -7.97694 19.5065
      vertex -19.717 -11.8072 16.2926
    endloop
  endfacet
  facet normal 0 0.766051 0.64278
    outer loop
      vertex -13.5009 -8.39457 12.2256
      vertex -20.2993 -11.0725 15.4171
      vertex -12.5007 -11.0725 15.4171
    endloop
  endfacet
  facet normal 0 0.766051 0.64278
    outer loop
      vertex -20.2993 -11.0725 15.4171
      vertex -13.5009 -8.39457 12.2256
      vertex -19.2991 -8.39457 12.2256
    endloop
  endfacet
  facet normal 0.0784482 0.640805 -0.763685
    outer loop
      vertex -17.0414 -12.8611 17.5486
      vertex -16.4 -9.06331 20.8012
      vertex -16.4 -12.8935 17.5873
    endloop
  endfacet
  facet normal 0.0783795 0.640816 -0.763683
    outer loop
      vertex -16.4 -9.06331 20.8012
      vertex -17.0414 -12.8611 17.5486
      vertex -17.0414 -9.03086 20.7626
    endloop
  endfacet
  facet normal -0.000193045 0.766352 0.642421
    outer loop
      vertex -17.667 -7.75166 11.4594
      vertex -18.2614 -7.90991 11.648
      vertex -18.8099 -8.12599 11.9056
    endloop
  endfacet
  facet normal 0.000284577 0.76575 0.643138
    outer loop
      vertex -17.667 -7.75166 11.4594
      vertex -18.8099 -8.12599 11.9056
      vertex -19.2991 -8.39457 12.2256
    endloop
  endfacet
  facet normal 0.000341594 0.765892 0.64297
    outer loop
      vertex -19.2991 -8.39457 12.2256
      vertex -19.717 -8.70903 12.6004
      vertex -20.0531 -9.06164 13.0206
    endloop
  endfacet
  facet normal 0.233494 -0.625016 0.744873
    outer loop
      vertex -17.667 -3.92144 14.6734
      vertex -17.0414 -7.65512 11.3444
      vertex -17.0414 -3.8249 14.5583
    endloop
  endfacet
  facet normal 0.233382 -0.625044 0.744884
    outer loop
      vertex -17.0414 -7.65512 11.3444
      vertex -17.667 -3.92144 14.6734
      vertex -17.667 -7.75166 11.4594
    endloop
  endfacet
  facet normal 0.0784249 -0.640804 0.763689
    outer loop
      vertex -16.5069 -3.79786 14.5261
      vertex -17.0414 -3.8249 14.5583
      vertex -17.0414 -7.65512 11.3444
    endloop
  endfacet
  facet normal 0 0.76627 0.642519
    outer loop
      vertex -15.7586 -7.65512 11.3444
      vertex -16.4 -7.62267 11.3057
      vertex -17.0414 -7.65512 11.3444
    endloop
  endfacet
  facet normal -0.0781528 -0.640829 0.763695
    outer loop
      vertex -16.4 -7.62267 11.3057
      vertex -16.2931 -3.79786 14.5261
      vertex -16.4 -3.79245 14.5197
    endloop
  endfacet
  facet normal -0.0784979 -0.640806 0.763679
    outer loop
      vertex -16.2931 -3.79786 14.5261
      vertex -16.4 -7.62267 11.3057
      vertex -15.7586 -7.65512 11.3444
    endloop
  endfacet
  facet normal -0.000172531 0.766234 0.642561
    outer loop
      vertex -13.5009 -12.1216 16.6674
      vertex -13.083 -11.8072 16.2926
      vertex -15.133 -12.7645 17.4336
    endloop
  endfacet
  facet normal -0.522531 -0.54806 0.65314
    outer loop
      vertex -14.5386 -7.90991 11.648
      vertex -13.9901 -4.29577 15.1195
      vertex -14.5386 -4.07969 14.862
    endloop
  endfacet
  facet normal -0.522618 -0.548016 0.653107
    outer loop
      vertex -13.9901 -4.29577 15.1195
      vertex -14.5386 -7.90991 11.648
      vertex -13.9901 -8.12599 11.9056
    endloop
  endfacet
  facet normal -0.000341594 0.765892 0.64297
    outer loop
      vertex -12.7469 -9.06164 13.0206
      vertex -13.083 -8.70903 12.6004
      vertex -13.5009 -8.39457 12.2256
    endloop
  endfacet
  facet normal -0.852707 -0.335784 0.400176
    outer loop
      vertex -13.083 -8.70903 12.6004
      vertex -12.7469 -5.23142 16.2346
      vertex -13.083 -4.87881 15.8143
    endloop
  endfacet
  facet normal -0.852674 -0.335824 0.400211
    outer loop
      vertex -12.7469 -5.23142 16.2346
      vertex -13.083 -8.70903 12.6004
      vertex -12.7469 -9.06164 13.0206
    endloop
  endfacet
  facet normal 0.522529 0.548049 -0.653151
    outer loop
      vertex -18.2614 -8.77606 20.4589
      vertex -18.2614 -12.6063 17.245
      vertex -18.7185 -8.596 20.2443
    endloop
  endfacet
  facet normal 0.923877 0.245986 -0.293158
    outer loop
      vertex -20.0531 -7.62434 19.0863
      vertex -20.2993 -11.0725 15.4171
      vertex -20.2993 -7.24227 18.631
    endloop
  endfacet
  facet normal 0.923882 0.245978 -0.293151
    outer loop
      vertex -20.2993 -11.0725 15.4171
      vertex -20.0531 -7.62434 19.0863
      vertex -20.0531 -11.4546 15.8724
    endloop
  endfacet
  facet normal 0.996914 -0.0504559 0.0601317
    outer loop
      vertex -20.5 -6.42788 17.6604
      vertex -20.4495 -9.84583 13.9552
      vertex -20.4495 -6.01561 17.1691
    endloop
  endfacet
  facet normal 0.996914 -0.0504559 0.0601317
    outer loop
      vertex -20.4495 -9.84583 13.9552
      vertex -20.5 -6.42788 17.6604
      vertex -20.5 -10.2581 14.4465
    endloop
  endfacet
  facet normal -0.000983305 0.765956 0.642893
    outer loop
      vertex -20.4495 -10.6704 14.9378
      vertex -20.2993 -11.0725 15.4171
      vertex -20.5 -10.2581 14.4465
    endloop
  endfacet
  facet normal 0.649402 0.488803 -0.582537
    outer loop
      vertex -18.8099 -12.3902 16.9875
      vertex -18.8915 -8.51522 20.148
      vertex -18.8099 -8.55999 20.2014
    endloop
  endfacet
  facet normal 0.649491 0.488756 -0.582477
    outer loop
      vertex -18.8915 -8.51522 20.148
      vertex -18.8099 -12.3902 16.9875
      vertex -19.2991 -12.1216 16.6674
    endloop
  endfacet
  facet normal 0.649494 0.488753 -0.582475
    outer loop
      vertex -19.2991 -8.29141 19.8813
      vertex -18.8915 -8.51522 20.148
      vertex -19.2991 -12.1216 16.6674
    endloop
  endfacet
  facet normal 0.760375 0.417475 -0.497538
    outer loop
      vertex -19.2991 -8.29141 19.8813
      vertex -19.717 -11.8072 16.2926
      vertex -19.717 -7.97694 19.5065
    endloop
  endfacet
  facet normal 0.760346 0.417502 -0.497561
    outer loop
      vertex -19.717 -11.8072 16.2926
      vertex -19.2991 -8.29141 19.8813
      vertex -19.2991 -12.1216 16.6674
    endloop
  endfacet
  facet normal 0.000197668 0.765846 0.643024
    outer loop
      vertex -14.5386 -12.6063 17.245
      vertex -13.5009 -12.1216 16.6674
      vertex -15.133 -12.7645 17.4336
    endloop
  endfacet
  facet normal -0.000140701 0.766145 0.642667
    outer loop
      vertex -13.9901 -12.3902 16.9875
      vertex -13.5009 -12.1216 16.6674
      vertex -14.5386 -12.6063 17.245
    endloop
  endfacet
  facet normal 0.000119636 0.765976 0.642869
    outer loop
      vertex -13.083 -11.8072 16.2926
      vertex -12.5007 -11.0725 15.4171
      vertex -15.133 -12.7645 17.4336
    endloop
  endfacet
  facet normal 0.000303443 0.765916 0.642941
    outer loop
      vertex -12.7469 -11.4546 15.8724
      vertex -12.5007 -11.0725 15.4171
      vertex -13.083 -11.8072 16.2926
    endloop
  endfacet
  facet normal 0.522531 -0.54806 0.65314
    outer loop
      vertex -18.8099 -4.29577 15.1195
      vertex -18.2614 -7.90991 11.648
      vertex -18.2614 -4.07969 14.862
    endloop
  endfacet
  facet normal 0.522618 -0.548016 0.653107
    outer loop
      vertex -18.2614 -7.90991 11.648
      vertex -18.8099 -4.29577 15.1195
      vertex -18.8099 -8.12599 11.9056
    endloop
  endfacet
  facet normal 0.649479 -0.488759 0.582487
    outer loop
      vertex -19.2991 -4.56435 15.4396
      vertex -18.8099 -8.12599 11.9056
      vertex -18.8099 -4.29577 15.1195
    endloop
  endfacet
  facet normal 0.64941 -0.488806 0.582525
    outer loop
      vertex -18.8099 -8.12599 11.9056
      vertex -19.2991 -4.56435 15.4396
      vertex -19.2991 -8.39457 12.2256
    endloop
  endfacet
  facet normal 0.382668 -0.593869 0.707732
    outer loop
      vertex -18.2614 -4.07969 14.862
      vertex -17.667 -7.75166 11.4594
      vertex -17.667 -3.92144 14.6734
    endloop
  endfacet
  facet normal 0.382668 -0.593869 0.707732
    outer loop
      vertex -17.667 -7.75166 11.4594
      vertex -18.2614 -4.07969 14.862
      vertex -18.2614 -7.90991 11.648
    endloop
  endfacet
  facet normal 0.852707 -0.335784 0.400176
    outer loop
      vertex -20.0531 -5.23142 16.2346
      vertex -19.717 -8.70903 12.6004
      vertex -19.717 -4.87881 15.8143
    endloop
  endfacet
  facet normal 0.852674 -0.335824 0.400211
    outer loop
      vertex -19.717 -8.70903 12.6004
      vertex -20.0531 -5.23142 16.2346
      vertex -20.0531 -9.06164 13.0206
    endloop
  endfacet
  facet normal 0.923877 -0.24599 0.293154
    outer loop
      vertex -20.2993 -5.61349 16.6899
      vertex -20.0531 -9.06164 13.0206
      vertex -20.0531 -5.23142 16.2346
    endloop
  endfacet
  facet normal 0.923895 -0.245959 0.293126
    outer loop
      vertex -20.0531 -9.06164 13.0206
      vertex -20.2993 -5.61349 16.6899
      vertex -20.2993 -9.44371 13.476
    endloop
  endfacet
  facet normal -0.972365 -0.150069 0.178847
    outer loop
      vertex -12.5007 -9.44371 13.476
      vertex -12.3505 -6.01561 17.1691
      vertex -12.5007 -5.61349 16.6899
    endloop
  endfacet
  facet normal -0.972365 -0.150069 0.178847
    outer loop
      vertex -12.3505 -6.01561 17.1691
      vertex -12.5007 -9.44371 13.476
      vertex -12.3505 -9.84583 13.9552
    endloop
  endfacet
  facet normal -0.000179248 0.766038 0.642795
    outer loop
      vertex -20.2993 -11.0725 15.4171
      vertex -20.4495 -9.84583 13.9552
      vertex -20.5 -10.2581 14.4465
    endloop
  endfacet
  facet normal 2.02951e-05 0.766048 0.642783
    outer loop
      vertex -20.2993 -11.0725 15.4171
      vertex -19.2991 -8.39457 12.2256
      vertex -20.4495 -9.84583 13.9552
    endloop
  endfacet
  facet normal 0.000140701 0.766145 0.642667
    outer loop
      vertex -18.8099 -12.3902 16.9875
      vertex -18.2614 -12.6063 17.245
      vertex -19.2991 -12.1216 16.6674
    endloop
  endfacet
  facet normal -0.000197668 0.765846 0.643024
    outer loop
      vertex -18.2614 -12.6063 17.245
      vertex -17.667 -12.7645 17.4336
      vertex -19.2991 -12.1216 16.6674
    endloop
  endfacet
  facet normal -0.972351 0.15011 -0.178889
    outer loop
      vertex -12.3505 -93.3971 113.528
      vertex -12.5007 -89.969 117.221
      vertex -12.3505 -89.5669 116.742
    endloop
  endfacet
  facet normal -0.972356 0.150093 -0.178874
    outer loop
      vertex -12.5007 -89.969 117.221
      vertex -12.3505 -93.3971 113.528
      vertex -12.5007 -93.7993 114.007
    endloop
  endfacet
  facet normal 0.760488 0.417325 -0.497491
    outer loop
      vertex -19.2991 -91.0182 118.471
      vertex -19.717 -94.5339 114.883
      vertex -19.717 -90.7037 118.096
    endloop
  endfacet
  facet normal 0.759986 0.41778 -0.497878
    outer loop
      vertex -19.717 -94.5339 114.883
      vertex -19.2991 -91.0182 118.471
      vertex -19.2991 -94.8484 115.257
    endloop
  endfacet
  facet normal 0.972302 -0.150238 0.179047
    outer loop
      vertex -20.3244 -88.4073 115.36
      vertex -20.2993 -92.1705 112.066
      vertex -20.2993 -88.3402 115.28
    endloop
  endfacet
  facet normal 0.972351 -0.150104 0.178894
    outer loop
      vertex -20.2993 -92.1705 112.066
      vertex -20.3244 -88.4073 115.36
      vertex -20.4495 -92.5726 112.545
    endloop
  endfacet
  facet normal 0.00344634 0.759543 0.650448
    outer loop
      vertex -15.133 -95.4913 116.023
      vertex -14.5386 -95.333 115.835
      vertex -15.7586 -95.5878 116.139
    endloop
  endfacet
  facet normal 0.00248276 0.762763 0.646673
    outer loop
      vertex -17.667 -90.4784 110.049
      vertex -18.2614 -90.6367 110.238
      vertex -18.8099 -90.8528 110.495
    endloop
  endfacet
  facet normal 0 0.766005 0.642835
    outer loop
      vertex -12.5007 -92.1705 112.066
      vertex -19.2991 -94.8484 115.257
      vertex -13.5009 -94.8484 115.257
    endloop
  endfacet
  facet normal 0 0.766005 0.642835
    outer loop
      vertex -19.2991 -94.8484 115.257
      vertex -12.5007 -92.1705 112.066
      vertex -20.2993 -92.1705 112.066
    endloop
  endfacet
  facet normal -0.923989 -0.245773 0.292984
    outer loop
      vertex -12.7469 -91.7884 111.611
      vertex -12.5007 -88.3402 115.28
      vertex -12.7469 -87.9582 114.824
    endloop
  endfacet
  facet normal -0.923829 -0.246062 0.293245
    outer loop
      vertex -12.5007 -88.3402 115.28
      vertex -12.7469 -91.7884 111.611
      vertex -12.5007 -92.1705 112.066
    endloop
  endfacet
  facet normal 0.923829 0.246062 -0.293245
    outer loop
      vertex -20.0531 -90.3511 117.676
      vertex -20.2993 -93.7993 114.007
      vertex -20.2993 -89.969 117.221
    endloop
  endfacet
  facet normal 0.923815 0.246088 -0.293269
    outer loop
      vertex -20.2993 -93.7993 114.007
      vertex -20.0531 -90.3511 117.676
      vertex -20.0531 -94.1813 114.462
    endloop
  endfacet
  facet normal -0.000346838 0.766612 0.642111
    outer loop
      vertex -14.5386 -95.333 115.835
      vertex -13.5009 -94.8484 115.257
      vertex -16.4 -95.6203 116.177
    endloop
  endfacet
  facet normal 0.972351 0.15011 -0.178889
    outer loop
      vertex -20.2993 -89.969 117.221
      vertex -20.4495 -93.3971 113.528
      vertex -20.4495 -89.5669 116.742
    endloop
  endfacet
  facet normal 0.972356 0.150093 -0.178874
    outer loop
      vertex -20.4495 -93.3971 113.528
      vertex -20.2993 -89.969 117.221
      vertex -20.2993 -93.7993 114.007
    endloop
  endfacet
  facet normal 0.0777191 -0.640853 0.763719
    outer loop
      vertex -17.0414 -86.5517 113.148
      vertex -16.4 -90.3494 109.896
      vertex -16.4 -86.5192 113.11
    endloop
  endfacet
  facet normal 0.0777191 -0.640853 0.763719
    outer loop
      vertex -16.4 -90.3494 109.896
      vertex -17.0414 -86.5517 113.148
      vertex -17.0414 -90.3819 109.934
    endloop
  endfacet
  facet normal -0.0043123 0.766744 0.641939
    outer loop
      vertex -12.3505 -93.3971 113.528
      vertex -12.3 -92.9849 113.036
      vertex -12.7469 -94.1813 114.462
    endloop
  endfacet
  facet normal -0.000936371 0.765765 0.64312
    outer loop
      vertex -12.3 -92.9849 113.036
      vertex -12.3505 -92.5726 112.545
      vertex -12.5007 -92.1705 112.066
    endloop
  endfacet
  facet normal -0.000330721 0.766325 0.642453
    outer loop
      vertex -17.667 -90.4784 110.049
      vertex -18.8099 -90.8528 110.495
      vertex -20.2993 -92.1705 112.066
    endloop
  endfacet
  facet normal 0.00834514 0.760723 0.649023
    outer loop
      vertex -18.8099 -90.8528 110.495
      vertex -19.2991 -91.1213 110.816
      vertex -19.717 -91.4358 111.19
    endloop
  endfacet
  facet normal 0.972367 -0.150066 0.178837
    outer loop
      vertex -20.3244 -88.4073 115.36
      vertex -20.4495 -88.7424 115.759
      vertex -20.4495 -92.5726 112.545
    endloop
  endfacet
  facet normal 0.852606 0.335896 -0.400295
    outer loop
      vertex -19.717 -90.7037 118.096
      vertex -20.0531 -94.1813 114.462
      vertex -20.0531 -90.3511 117.676
    endloop
  endfacet
  facet normal 0.852931 0.335494 -0.399941
    outer loop
      vertex -20.0531 -94.1813 114.462
      vertex -19.717 -90.7037 118.096
      vertex -19.717 -94.5339 114.883
    endloop
  endfacet
  facet normal 0.00102162 0.768414 0.639952
    outer loop
      vertex -17.0414 -95.5878 116.139
      vertex -16.4 -95.6203 116.177
      vertex -18.2614 -95.333 115.835
    endloop
  endfacet
  facet normal 0.000355178 0.765776 0.643107
    outer loop
      vertex -12.5007 -93.7993 114.007
      vertex -12.3505 -93.3971 113.528
      vertex -12.7469 -94.1813 114.462
    endloop
  endfacet
  facet normal -0.99692 0.0504128 -0.0600797
    outer loop
      vertex -12.3 -92.9849 113.036
      vertex -12.3505 -89.5669 116.742
      vertex -12.3 -89.1546 116.25
    endloop
  endfacet
  facet normal -0.996919 0.0504186 -0.0600851
    outer loop
      vertex -12.3505 -89.5669 116.742
      vertex -12.3 -92.9849 113.036
      vertex -12.3505 -93.3971 113.528
    endloop
  endfacet
  facet normal -0.649422 -0.488794 0.582522
    outer loop
      vertex -13.9901 -90.8528 110.495
      vertex -13.5009 -87.2911 114.029
      vertex -13.9901 -87.0225 113.709
    endloop
  endfacet
  facet normal -0.650052 -0.488366 0.582178
    outer loop
      vertex -13.5009 -87.2911 114.029
      vertex -13.9901 -90.8528 110.495
      vertex -13.5009 -91.1213 110.816
    endloop
  endfacet
  facet normal 0.000330721 0.766325 0.642453
    outer loop
      vertex -12.5007 -92.1705 112.066
      vertex -13.9901 -90.8528 110.495
      vertex -15.133 -90.4784 110.049
    endloop
  endfacet
  facet normal 0 0.766074 0.642753
    outer loop
      vertex -16.4 -95.6203 116.177
      vertex -13.5009 -94.8484 115.257
      vertex -19.2991 -94.8484 115.257
    endloop
  endfacet
  facet normal -0.00668397 0.763987 0.645198
    outer loop
      vertex -12.5007 -92.1705 112.066
      vertex -12.7469 -91.7884 111.611
      vertex -13.083 -91.4358 111.19
    endloop
  endfacet
  facet normal -0.00815403 0.769806 0.638226
    outer loop
      vertex -13.083 -94.5339 114.883
      vertex -12.7469 -94.1813 114.462
      vertex -13.5009 -94.8484 115.257
    endloop
  endfacet
  facet normal 0 0.766113 0.642706
    outer loop
      vertex -15.133 -90.4784 110.049
      vertex -20.2993 -92.1705 112.066
      vertex -12.5007 -92.1705 112.066
    endloop
  endfacet
  facet normal 0 0.766113 0.642706
    outer loop
      vertex -20.2993 -92.1705 112.066
      vertex -15.133 -90.4784 110.049
      vertex -17.667 -90.4784 110.049
    endloop
  endfacet
  facet normal -0.972367 -0.150066 0.178837
    outer loop
      vertex -12.3505 -92.5726 112.545
      vertex -12.3505 -88.7424 115.759
      vertex -12.4756 -88.4073 115.36
    endloop
  endfacet
  facet normal -0.972302 -0.150238 0.179047
    outer loop
      vertex -12.5007 -92.1705 112.066
      vertex -12.4756 -88.4073 115.36
      vertex -12.5007 -88.3402 115.28
    endloop
  endfacet
  facet normal -0.972351 -0.150104 0.178894
    outer loop
      vertex -12.4756 -88.4073 115.36
      vertex -12.5007 -92.1705 112.066
      vertex -12.3505 -92.5726 112.545
    endloop
  endfacet
  facet normal -0.000179811 0.766255 0.642537
    outer loop
      vertex -18.8099 -90.8528 110.495
      vertex -19.717 -91.4358 111.19
      vertex -20.2993 -92.1705 112.066
    endloop
  endfacet
  facet normal -0.00108445 0.768929 0.639333
    outer loop
      vertex -16.4 -90.3494 109.896
      vertex -17.0414 -90.3819 109.934
      vertex -17.667 -90.4784 110.049
    endloop
  endfacet
  facet normal 0.383117 -0.593751 0.707588
    outer loop
      vertex -18.2614 -86.8065 113.452
      vertex -17.667 -90.4784 110.049
      vertex -17.667 -86.6482 113.263
    endloop
  endfacet
  facet normal 0.383117 -0.593751 0.707588
    outer loop
      vertex -17.667 -90.4784 110.049
      vertex -18.2614 -86.8065 113.452
      vertex -18.2614 -90.6367 110.238
    endloop
  endfacet
  facet normal -0.522906 0.547914 -0.652962
    outer loop
      vertex -14.5386 -91.5028 119.049
      vertex -13.9901 -95.117 115.577
      vertex -14.5386 -95.333 115.835
    endloop
  endfacet
  facet normal -0.522978 0.547877 -0.652935
    outer loop
      vertex -13.9901 -95.117 115.577
      vertex -14.5386 -91.5028 119.049
      vertex -13.9901 -91.2867 118.791
    endloop
  endfacet
  facet normal -0.00102162 0.768414 0.639952
    outer loop
      vertex -15.7586 -95.5878 116.139
      vertex -14.5386 -95.333 115.835
      vertex -16.4 -95.6203 116.177
    endloop
  endfacet
  facet normal 0.996931 -0.0503186 0.0599675
    outer loop
      vertex -20.5 -92.9849 113.036
      vertex -20.4916 -89.0859 116.168
      vertex -20.5 -89.1546 116.25
    endloop
  endfacet
  facet normal 0.996912 -0.0504687 0.0601544
    outer loop
      vertex -20.4916 -89.0859 116.168
      vertex -20.5 -92.9849 113.036
      vertex -20.4495 -92.5726 112.545
    endloop
  endfacet
  facet normal -0.000879517 0.76595 0.6429
    outer loop
      vertex -20.0531 -94.1813 114.462
      vertex -20.2993 -92.1705 112.066
      vertex -20.5 -92.9849 113.036
    endloop
  endfacet
  facet normal 0.852606 -0.335896 0.400295
    outer loop
      vertex -20.0531 -87.9582 114.824
      vertex -19.717 -91.4358 111.19
      vertex -19.717 -87.6056 114.404
    endloop
  endfacet
  facet normal 0.852931 -0.335494 0.399941
    outer loop
      vertex -19.717 -91.4358 111.19
      vertex -20.0531 -87.9582 114.824
      vertex -20.0531 -91.7884 111.611
    endloop
  endfacet
  facet normal 0.52204 -0.548255 0.653369
    outer loop
      vertex -18.8099 -87.0225 113.709
      vertex -18.2614 -90.6367 110.238
      vertex -18.2614 -86.8065 113.452
    endloop
  endfacet
  facet normal 0.522113 -0.548218 0.653342
    outer loop
      vertex -18.2614 -90.6367 110.238
      vertex -18.8099 -87.0225 113.709
      vertex -18.8099 -90.8528 110.495
    endloop
  endfacet
  facet normal 0.649422 -0.488794 0.582522
    outer loop
      vertex -19.2991 -87.2911 114.029
      vertex -18.8099 -90.8528 110.495
      vertex -18.8099 -87.0225 113.709
    endloop
  endfacet
  facet normal 0.650052 -0.488366 0.582178
    outer loop
      vertex -18.8099 -90.8528 110.495
      vertex -19.2991 -87.2911 114.029
      vertex -19.2991 -91.1213 110.816
    endloop
  endfacet
  facet normal 0.000179811 0.766255 0.642537
    outer loop
      vertex -12.5007 -92.1705 112.066
      vertex -13.083 -91.4358 111.19
      vertex -13.9901 -90.8528 110.495
    endloop
  endfacet
  facet normal -0.852606 -0.335896 0.400295
    outer loop
      vertex -13.083 -91.4358 111.19
      vertex -12.7469 -87.9582 114.824
      vertex -13.083 -87.6056 114.404
    endloop
  endfacet
  facet normal -0.852931 -0.335494 0.399941
    outer loop
      vertex -12.7469 -87.9582 114.824
      vertex -13.083 -91.4358 111.19
      vertex -12.7469 -91.7884 111.611
    endloop
  endfacet
  facet normal 0 0.764522 0.644597
    outer loop
      vertex -15.133 -90.4784 110.049
      vertex -16.4 -90.3494 109.896
      vertex -17.667 -90.4784 110.049
    endloop
  endfacet
  facet normal -0.233344 -0.625052 0.74489
    outer loop
      vertex -15.7586 -90.3819 109.934
      vertex -15.133 -86.6482 113.263
      vertex -15.7586 -86.5517 113.148
    endloop
  endfacet
  facet normal -0.233344 -0.625052 0.74489
    outer loop
      vertex -15.133 -86.6482 113.263
      vertex -15.7586 -90.3819 109.934
      vertex -15.133 -90.4784 110.049
    endloop
  endfacet
  facet normal -0.996908 -0.0505104 0.0601944
    outer loop
      vertex -12.3084 -89.0859 116.168
      vertex -12.3505 -88.7424 115.759
      vertex -12.3505 -92.5726 112.545
    endloop
  endfacet
  facet normal -0.996912 -0.0504687 0.0601544
    outer loop
      vertex -12.3 -92.9849 113.036
      vertex -12.3084 -89.0859 116.168
      vertex -12.3505 -92.5726 112.545
    endloop
  endfacet
  facet normal -0.996931 -0.0503186 0.0599675
    outer loop
      vertex -12.3084 -89.0859 116.168
      vertex -12.3 -92.9849 113.036
      vertex -12.3 -89.1546 116.25
    endloop
  endfacet
  facet normal 0.233344 -0.625052 0.74489
    outer loop
      vertex -17.667 -86.6482 113.263
      vertex -17.0414 -90.3819 109.934
      vertex -17.0414 -86.5517 113.148
    endloop
  endfacet
  facet normal 0.233344 -0.625052 0.74489
    outer loop
      vertex -17.0414 -90.3819 109.934
      vertex -17.667 -86.6482 113.263
      vertex -17.667 -90.4784 110.049
    endloop
  endfacet
  facet normal -0.00276995 0.763848 0.64539
    outer loop
      vertex -18.8099 -95.117 115.577
      vertex -18.2614 -95.333 115.835
      vertex -19.2991 -94.8484 115.257
    endloop
  endfacet
  facet normal 0.000346838 0.766612 0.642111
    outer loop
      vertex -18.2614 -95.333 115.835
      vertex -16.4 -95.6203 116.177
      vertex -19.2991 -94.8484 115.257
    endloop
  endfacet
  facet normal 0.000936371 0.765765 0.64312
    outer loop
      vertex -20.2993 -92.1705 112.066
      vertex -20.4495 -92.5726 112.545
      vertex -20.5 -92.9849 113.036
    endloop
  endfacet
  facet normal -0.000101951 0.765989 0.642853
    outer loop
      vertex -20.0531 -94.1813 114.462
      vertex -19.2991 -94.8484 115.257
      vertex -20.2993 -92.1705 112.066
    endloop
  endfacet
  facet normal 0.00276995 0.763848 0.64539
    outer loop
      vertex -13.9901 -95.117 115.577
      vertex -13.5009 -94.8484 115.257
      vertex -14.5386 -95.333 115.835
    endloop
  endfacet
  facet normal -0.0777191 0.640853 -0.763719
    outer loop
      vertex -16.4 -91.7901 119.391
      vertex -15.7586 -95.5878 116.139
      vertex -16.4 -95.6203 116.177
    endloop
  endfacet
  facet normal -0.0789025 0.640676 -0.763746
    outer loop
      vertex -15.7586 -95.5878 116.139
      vertex -16.4 -91.7901 119.391
      vertex -15.7586 -91.7576 119.352
    endloop
  endfacet
  facet normal -0.234469 0.624764 -0.744778
    outer loop
      vertex -15.7586 -91.7576 119.352
      vertex -15.133 -95.4913 116.023
      vertex -15.7586 -95.5878 116.139
    endloop
  endfacet
  facet normal -0.233344 0.625052 -0.74489
    outer loop
      vertex -15.133 -95.4913 116.023
      vertex -15.7586 -91.7576 119.352
      vertex -15.133 -91.6611 119.237
    endloop
  endfacet
  facet normal -0.52204 -0.548255 0.653369
    outer loop
      vertex -14.5386 -90.6367 110.238
      vertex -13.9901 -87.0225 113.709
      vertex -14.5386 -86.8065 113.452
    endloop
  endfacet
  facet normal -0.522113 -0.548218 0.653342
    outer loop
      vertex -13.9901 -87.0225 113.709
      vertex -14.5386 -90.6367 110.238
      vertex -13.9901 -90.8528 110.495
    endloop
  endfacet
  facet normal 0.00815403 0.769806 0.638226
    outer loop
      vertex -19.717 -94.5339 114.883
      vertex -19.2991 -94.8484 115.257
      vertex -20.0531 -94.1813 114.462
    endloop
  endfacet
  facet normal 0.760488 -0.417325 0.497491
    outer loop
      vertex -19.717 -87.6056 114.404
      vertex -19.2991 -91.1213 110.816
      vertex -19.2991 -87.2911 114.029
    endloop
  endfacet
  facet normal 0.759986 -0.41778 0.497878
    outer loop
      vertex -19.2991 -91.1213 110.816
      vertex -19.717 -87.6056 114.404
      vertex -19.717 -91.4358 111.19
    endloop
  endfacet
  facet normal 0.234469 0.624764 -0.744778
    outer loop
      vertex -17.667 -95.4913 116.023
      vertex -17.0414 -91.7576 119.352
      vertex -17.0414 -95.5878 116.139
    endloop
  endfacet
  facet normal 0.233344 0.625052 -0.74489
    outer loop
      vertex -17.0414 -91.7576 119.352
      vertex -17.667 -95.4913 116.023
      vertex -17.667 -91.6611 119.237
    endloop
  endfacet
  facet normal 0.0777191 0.640853 -0.763719
    outer loop
      vertex -17.0414 -95.5878 116.139
      vertex -16.4 -91.7901 119.391
      vertex -16.4 -95.6203 116.177
    endloop
  endfacet
  facet normal 0.0789025 0.640676 -0.763746
    outer loop
      vertex -16.4 -91.7901 119.391
      vertex -17.0414 -95.5878 116.139
      vertex -17.0414 -91.7576 119.352
    endloop
  endfacet
  facet normal 0.522906 0.547914 -0.652962
    outer loop
      vertex -18.8099 -95.117 115.577
      vertex -18.2614 -91.5028 119.049
      vertex -18.2614 -95.333 115.835
    endloop
  endfacet
  facet normal 0.522978 0.547877 -0.652935
    outer loop
      vertex -18.2614 -91.5028 119.049
      vertex -18.8099 -95.117 115.577
      vertex -18.8099 -91.2867 118.791
    endloop
  endfacet
  facet normal -0.00834514 0.760723 0.649023
    outer loop
      vertex -13.083 -91.4358 111.19
      vertex -13.5009 -91.1213 110.816
      vertex -13.9901 -90.8528 110.495
    endloop
  endfacet
  facet normal -0.760488 -0.417325 0.497491
    outer loop
      vertex -13.5009 -91.1213 110.816
      vertex -13.083 -87.6056 114.404
      vertex -13.5009 -87.2911 114.029
    endloop
  endfacet
  facet normal -0.759986 -0.41778 0.497878
    outer loop
      vertex -13.083 -87.6056 114.404
      vertex -13.5009 -91.1213 110.816
      vertex -13.083 -91.4358 111.19
    endloop
  endfacet
  facet normal -0.00248276 0.762763 0.646673
    outer loop
      vertex -13.9901 -90.8528 110.495
      vertex -14.5386 -90.6367 110.238
      vertex -15.133 -90.4784 110.049
    endloop
  endfacet
  facet normal -0.383117 -0.593751 0.707588
    outer loop
      vertex -15.133 -90.4784 110.049
      vertex -14.5386 -86.8065 113.452
      vertex -15.133 -86.6482 113.263
    endloop
  endfacet
  facet normal -0.383117 -0.593751 0.707588
    outer loop
      vertex -14.5386 -86.8065 113.452
      vertex -15.133 -90.4784 110.049
      vertex -14.5386 -90.6367 110.238
    endloop
  endfacet
  facet normal -0.00344634 0.759543 0.650448
    outer loop
      vertex -17.667 -95.4913 116.023
      vertex -17.0414 -95.5878 116.139
      vertex -18.2614 -95.333 115.835
    endloop
  endfacet
  facet normal 0.382101 0.594022 -0.70791
    outer loop
      vertex -18.2614 -95.333 115.835
      vertex -17.667 -91.6611 119.237
      vertex -17.667 -95.4913 116.023
    endloop
  endfacet
  facet normal 0.382101 0.594022 -0.70791
    outer loop
      vertex -17.667 -91.6611 119.237
      vertex -18.2614 -95.333 115.835
      vertex -18.2614 -91.5028 119.049
    endloop
  endfacet
  facet normal 0.649364 0.488833 -0.582554
    outer loop
      vertex -18.8099 -91.2867 118.791
      vertex -19.2991 -94.8484 115.257
      vertex -19.2991 -91.0182 118.471
    endloop
  endfacet
  facet normal 0.649422 0.488794 -0.582522
    outer loop
      vertex -19.2991 -94.8484 115.257
      vertex -18.8099 -91.2867 118.791
      vertex -18.8099 -95.117 115.577
    endloop
  endfacet
  facet normal -0.760488 0.417325 -0.497491
    outer loop
      vertex -13.083 -94.5339 114.883
      vertex -13.5009 -91.0182 118.471
      vertex -13.083 -90.7037 118.096
    endloop
  endfacet
  facet normal -0.759986 0.41778 -0.497878
    outer loop
      vertex -13.5009 -91.0182 118.471
      vertex -13.083 -94.5339 114.883
      vertex -13.5009 -94.8484 115.257
    endloop
  endfacet
  facet normal -0.382101 0.594022 -0.70791
    outer loop
      vertex -15.133 -91.6611 119.237
      vertex -14.5386 -95.333 115.835
      vertex -15.133 -95.4913 116.023
    endloop
  endfacet
  facet normal -0.382101 0.594022 -0.70791
    outer loop
      vertex -14.5386 -95.333 115.835
      vertex -15.133 -91.6611 119.237
      vertex -14.5386 -91.5028 119.049
    endloop
  endfacet
  facet normal -0.649364 0.488833 -0.582554
    outer loop
      vertex -13.5009 -94.8484 115.257
      vertex -13.9901 -91.2867 118.791
      vertex -13.5009 -91.0182 118.471
    endloop
  endfacet
  facet normal -0.649422 0.488794 -0.582522
    outer loop
      vertex -13.9901 -91.2867 118.791
      vertex -13.5009 -94.8484 115.257
      vertex -13.9901 -95.117 115.577
    endloop
  endfacet
  facet normal 0.00108445 0.768929 0.639333
    outer loop
      vertex -15.133 -90.4784 110.049
      vertex -15.7586 -90.3819 109.934
      vertex -16.4 -90.3494 109.896
    endloop
  endfacet
  facet normal -0.0777191 -0.640853 0.763719
    outer loop
      vertex -16.4 -90.3494 109.896
      vertex -15.7586 -86.5517 113.148
      vertex -16.4 -86.5192 113.11
    endloop
  endfacet
  facet normal -0.0777191 -0.640853 0.763719
    outer loop
      vertex -15.7586 -86.5517 113.148
      vertex -16.4 -90.3494 109.896
      vertex -15.7586 -90.3819 109.934
    endloop
  endfacet
  facet normal 0.99692 0.0504128 -0.0600797
    outer loop
      vertex -20.4495 -89.5669 116.742
      vertex -20.5 -92.9849 113.036
      vertex -20.5 -89.1546 116.25
    endloop
  endfacet
  facet normal 0.996919 0.0504186 -0.0600851
    outer loop
      vertex -20.5 -92.9849 113.036
      vertex -20.4495 -89.5669 116.742
      vertex -20.4495 -93.3971 113.528
    endloop
  endfacet
  facet normal 0.00668397 0.763987 0.645198
    outer loop
      vertex -19.717 -91.4358 111.19
      vertex -20.0531 -91.7884 111.611
      vertex -20.2993 -92.1705 112.066
    endloop
  endfacet
  facet normal 0.923989 -0.245773 0.292984
    outer loop
      vertex -20.2993 -88.3402 115.28
      vertex -20.0531 -91.7884 111.611
      vertex -20.0531 -87.9582 114.824
    endloop
  endfacet
  facet normal 0.923829 -0.246062 0.293245
    outer loop
      vertex -20.0531 -91.7884 111.611
      vertex -20.2993 -88.3402 115.28
      vertex -20.2993 -92.1705 112.066
    endloop
  endfacet
  facet normal 0.000101951 0.765989 0.642853
    outer loop
      vertex -12.7469 -94.1813 114.462
      vertex -12.5007 -92.1705 112.066
      vertex -13.5009 -94.8484 115.257
    endloop
  endfacet
  facet normal 0.000879517 0.76595 0.6429
    outer loop
      vertex -12.3 -92.9849 113.036
      vertex -12.5007 -92.1705 112.066
      vertex -12.7469 -94.1813 114.462
    endloop
  endfacet
  facet normal 0.0043123 0.766744 0.641939
    outer loop
      vertex -20.4495 -93.3971 113.528
      vertex -20.0531 -94.1813 114.462
      vertex -20.5 -92.9849 113.036
    endloop
  endfacet
  facet normal -0.000355178 0.765776 0.643107
    outer loop
      vertex -20.2993 -93.7993 114.007
      vertex -20.0531 -94.1813 114.462
      vertex -20.4495 -93.3971 113.528
    endloop
  endfacet
  facet normal 0.996908 -0.0505104 0.0601944
    outer loop
      vertex -20.4495 -92.5726 112.545
      vertex -20.4495 -88.7424 115.759
      vertex -20.4916 -89.0859 116.168
    endloop
  endfacet
  facet normal -0.852606 0.335896 -0.400295
    outer loop
      vertex -12.7469 -94.1813 114.462
      vertex -13.083 -90.7037 118.096
      vertex -12.7469 -90.3511 117.676
    endloop
  endfacet
  facet normal -0.852931 0.335494 -0.399941
    outer loop
      vertex -13.083 -90.7037 118.096
      vertex -12.7469 -94.1813 114.462
      vertex -13.083 -94.5339 114.883
    endloop
  endfacet
  facet normal -0.923829 0.246062 -0.293245
    outer loop
      vertex -12.5007 -93.7993 114.007
      vertex -12.7469 -90.3511 117.676
      vertex -12.5007 -89.969 117.221
    endloop
  endfacet
  facet normal -0.923815 0.246088 -0.293269
    outer loop
      vertex -12.7469 -90.3511 117.676
      vertex -12.5007 -93.7993 114.007
      vertex -12.7469 -94.1813 114.462
    endloop
  endfacet
  facet normal -0.996915 0.0504499 -0.0601246
    outer loop
      vertex 20.5 -10.2581 14.4465
      vertex 20.4495 -6.84015 18.1518
      vertex 20.5 -6.42788 17.6604
    endloop
  endfacet
  facet normal -0.996915 0.0504551 -0.0601293
    outer loop
      vertex 20.4495 -6.84015 18.1518
      vertex 20.5 -10.2581 14.4465
      vertex 20.4495 -10.6704 14.9378
    endloop
  endfacet
  facet normal 0.000193045 0.766352 0.642421
    outer loop
      vertex 18.8099 -8.12599 11.9056
      vertex 18.2614 -7.90991 11.648
      vertex 17.667 -7.75166 11.4594
    endloop
  endfacet
  facet normal 0.972365 -0.150069 0.178847
    outer loop
      vertex 12.3505 -6.01561 17.1691
      vertex 12.5007 -9.44371 13.476
      vertex 12.5007 -5.61349 16.6899
    endloop
  endfacet
  facet normal 0.972365 -0.150069 0.178847
    outer loop
      vertex 12.5007 -9.44371 13.476
      vertex 12.3505 -6.01561 17.1691
      vertex 12.3505 -9.84583 13.9552
    endloop
  endfacet
  facet normal -0.233494 -0.625016 0.744873
    outer loop
      vertex 17.0414 -7.65512 11.3444
      vertex 17.667 -3.92144 14.6734
      vertex 17.0414 -3.8249 14.5583
    endloop
  endfacet
  facet normal -0.233382 -0.625044 0.744884
    outer loop
      vertex 17.667 -3.92144 14.6734
      vertex 17.0414 -7.65512 11.3444
      vertex 17.667 -7.75166 11.4594
    endloop
  endfacet
  facet normal -0.000303443 0.765916 0.642941
    outer loop
      vertex 12.7469 -11.4546 15.8724
      vertex 13.083 -11.8072 16.2926
      vertex 12.5007 -11.0725 15.4171
    endloop
  endfacet
  facet normal -0.000119636 0.765976 0.642869
    outer loop
      vertex 13.083 -11.8072 16.2926
      vertex 15.133 -12.7645 17.4336
      vertex 12.5007 -11.0725 15.4171
    endloop
  endfacet
  facet normal -0.000191798 0.765191 0.643804
    outer loop
      vertex 15.7586 -12.8611 17.5486
      vertex 16.4 -12.8935 17.5873
      vertex 15.133 -12.7645 17.4336
    endloop
  endfacet
  facet normal -0.923877 0.245986 -0.293158
    outer loop
      vertex 20.2993 -11.0725 15.4171
      vertex 20.0531 -7.62434 19.0863
      vertex 20.2993 -7.24227 18.631
    endloop
  endfacet
  facet normal -0.923882 0.245978 -0.293151
    outer loop
      vertex 20.0531 -7.62434 19.0863
      vertex 20.2993 -11.0725 15.4171
      vertex 20.0531 -11.4546 15.8724
    endloop
  endfacet
  facet normal -2.47232e-05 0.766063 0.642766
    outer loop
      vertex 13.5009 -8.39457 12.2256
      vertex 12.7469 -9.06164 13.0206
      vertex 12.3505 -9.84583 13.9552
    endloop
  endfacet
  facet normal 0.000191798 0.765191 0.643804
    outer loop
      vertex 17.0414 -12.8611 17.5486
      vertex 17.667 -12.7645 17.4336
      vertex 16.4 -12.8935 17.5873
    endloop
  endfacet
  facet normal -0.923877 -0.24599 0.293154
    outer loop
      vertex 20.0531 -9.06164 13.0206
      vertex 20.2993 -5.61349 16.6899
      vertex 20.0531 -5.23142 16.2346
    endloop
  endfacet
  facet normal -0.923895 -0.245959 0.293126
    outer loop
      vertex 20.2993 -5.61349 16.6899
      vertex 20.0531 -9.06164 13.0206
      vertex 20.2993 -9.44371 13.476
    endloop
  endfacet
  facet normal -0.522499 0.548063 -0.653162
    outer loop
      vertex 18.8099 -12.3902 16.9875
      vertex 18.7185 -8.596 20.2443
      vertex 18.8099 -8.55999 20.2014
    endloop
  endfacet
  facet normal -0.522546 0.548044 -0.653141
    outer loop
      vertex 18.7185 -8.596 20.2443
      vertex 18.8099 -12.3902 16.9875
      vertex 18.2614 -12.6063 17.245
    endloop
  endfacet
  facet normal -0.233438 0.625034 -0.744875
    outer loop
      vertex 17.0414 -9.03086 20.7626
      vertex 17.667 -12.7645 17.4336
      vertex 17.0414 -12.8611 17.5486
    endloop
  endfacet
  facet normal -0.233494 0.62502 -0.74487
    outer loop
      vertex 17.667 -12.7645 17.4336
      vertex 17.0414 -9.03086 20.7626
      vertex 17.667 -8.93432 20.6475
    endloop
  endfacet
  facet normal 0 0.766048 0.642783
    outer loop
      vertex 17.667 -7.75166 11.4594
      vertex 13.5009 -8.39457 12.2256
      vertex 19.2991 -8.39457 12.2256
    endloop
  endfacet
  facet normal 0 0.766048 0.642783
    outer loop
      vertex 13.5009 -8.39457 12.2256
      vertex 17.667 -7.75166 11.4594
      vertex 15.133 -7.75166 11.4594
    endloop
  endfacet
  facet normal 0.760321 -0.417526 0.497579
    outer loop
      vertex 13.083 -4.87881 15.8143
      vertex 13.5009 -8.39457 12.2256
      vertex 13.5009 -4.56435 15.4396
    endloop
  endfacet
  facet normal 0.760371 -0.417481 0.49754
    outer loop
      vertex 13.5009 -8.39457 12.2256
      vertex 13.083 -4.87881 15.8143
      vertex 13.083 -8.70903 12.6004
    endloop
  endfacet
  facet normal -0.382626 0.593873 -0.707751
    outer loop
      vertex 17.667 -8.93432 20.6475
      vertex 18.2614 -12.6063 17.245
      vertex 17.667 -12.7645 17.4336
    endloop
  endfacet
  facet normal -0.382677 0.593854 -0.70774
    outer loop
      vertex 18.2614 -12.6063 17.245
      vertex 17.667 -8.93432 20.6475
      vertex 18.2614 -8.77606 20.4589
    endloop
  endfacet
  facet normal -0.382668 -0.593869 0.707732
    outer loop
      vertex 17.667 -7.75166 11.4594
      vertex 18.2614 -4.07969 14.862
      vertex 17.667 -3.92144 14.6734
    endloop
  endfacet
  facet normal -0.382668 -0.593869 0.707732
    outer loop
      vertex 18.2614 -4.07969 14.862
      vertex 17.667 -7.75166 11.4594
      vertex 18.2614 -7.90991 11.648
    endloop
  endfacet
  facet normal -0.000579404 0.765936 0.642916
    outer loop
      vertex 20.4495 -9.84583 13.9552
      vertex 20.2993 -9.44371 13.476
      vertex 20.0531 -9.06164 13.0206
    endloop
  endfacet
  facet normal 0.000179248 0.766038 0.642795
    outer loop
      vertex 20.5 -10.2581 14.4465
      vertex 20.4495 -9.84583 13.9552
      vertex 20.2993 -11.0725 15.4171
    endloop
  endfacet
  facet normal 0 0.766047 0.642785
    outer loop
      vertex 16.4 -12.8935 17.5873
      vertex 20.2993 -11.0725 15.4171
      vertex 12.5007 -11.0725 15.4171
    endloop
  endfacet
  facet normal -0.852671 0.335819 -0.400222
    outer loop
      vertex 20.0531 -11.4546 15.8724
      vertex 19.717 -7.97694 19.5065
      vertex 20.0531 -7.62434 19.0863
    endloop
  endfacet
  facet normal -0.852671 0.335819 -0.400222
    outer loop
      vertex 19.717 -7.97694 19.5065
      vertex 20.0531 -11.4546 15.8724
      vertex 19.717 -11.8072 16.2926
    endloop
  endfacet
  facet normal 2.42611e-05 0.766068 0.642759
    outer loop
      vertex 15.133 -12.7645 17.4336
      vertex 16.4 -12.8935 17.5873
      vertex 12.5007 -11.0725 15.4171
    endloop
  endfacet
  facet normal -0.000284577 0.76575 0.643138
    outer loop
      vertex 19.2991 -8.39457 12.2256
      vertex 18.8099 -8.12599 11.9056
      vertex 17.667 -7.75166 11.4594
    endloop
  endfacet
  facet normal -0.522529 0.548049 -0.653151
    outer loop
      vertex 18.2614 -8.77606 20.4589
      vertex 18.7185 -8.596 20.2443
      vertex 18.2614 -12.6063 17.245
    endloop
  endfacet
  facet normal -0.760375 0.417475 -0.497538
    outer loop
      vertex 19.717 -11.8072 16.2926
      vertex 19.2991 -8.29141 19.8813
      vertex 19.717 -7.97694 19.5065
    endloop
  endfacet
  facet normal -0.760346 0.417502 -0.497561
    outer loop
      vertex 19.2991 -8.29141 19.8813
      vertex 19.717 -11.8072 16.2926
      vertex 19.2991 -12.1216 16.6674
    endloop
  endfacet
  facet normal 0.000983305 0.765956 0.642893
    outer loop
      vertex 20.4495 -10.6704 14.9378
      vertex 20.5 -10.2581 14.4465
      vertex 20.2993 -11.0725 15.4171
    endloop
  endfacet
  facet normal -0.972365 0.150071 -0.178845
    outer loop
      vertex 20.4495 -10.6704 14.9378
      vertex 20.2993 -7.24227 18.631
      vertex 20.4495 -6.84015 18.1518
    endloop
  endfacet
  facet normal -0.97237 0.150054 -0.17883
    outer loop
      vertex 20.2993 -7.24227 18.631
      vertex 20.4495 -10.6704 14.9378
      vertex 20.2993 -11.0725 15.4171
    endloop
  endfacet
  facet normal -2.02951e-05 0.766048 0.642783
    outer loop
      vertex 20.2993 -11.0725 15.4171
      vertex 20.4495 -9.84583 13.9552
      vertex 19.2991 -8.39457 12.2256
    endloop
  endfacet
  facet normal 0.000172531 0.766234 0.642561
    outer loop
      vertex 13.5009 -12.1216 16.6674
      vertex 15.133 -12.7645 17.4336
      vertex 13.083 -11.8072 16.2926
    endloop
  endfacet
  facet normal 0.972365 0.150071 -0.178845
    outer loop
      vertex 12.5007 -7.24227 18.631
      vertex 12.3505 -10.6704 14.9378
      vertex 12.3505 -6.84015 18.1518
    endloop
  endfacet
  facet normal 0.97237 0.150054 -0.17883
    outer loop
      vertex 12.3505 -10.6704 14.9378
      vertex 12.5007 -7.24227 18.631
      vertex 12.5007 -11.0725 15.4171
    endloop
  endfacet
  facet normal -0.649494 0.488753 -0.582475
    outer loop
      vertex 19.2991 -8.29141 19.8813
      vertex 19.2991 -12.1216 16.6674
      vertex 18.8915 -8.51522 20.148
    endloop
  endfacet
  facet normal -0.649491 0.488756 -0.582477
    outer loop
      vertex 18.8099 -12.3902 16.9875
      vertex 18.8915 -8.51522 20.148
      vertex 19.2991 -12.1216 16.6674
    endloop
  endfacet
  facet normal -0.649402 0.488803 -0.582537
    outer loop
      vertex 18.8915 -8.51522 20.148
      vertex 18.8099 -12.3902 16.9875
      vertex 18.8099 -8.55999 20.2014
    endloop
  endfacet
  facet normal 0.0784482 0.640805 -0.763685
    outer loop
      vertex 15.7586 -12.8611 17.5486
      vertex 16.4 -9.06331 20.8012
      vertex 16.4 -12.8935 17.5873
    endloop
  endfacet
  facet normal 0.0783795 0.640816 -0.763683
    outer loop
      vertex 16.4 -9.06331 20.8012
      vertex 15.7586 -12.8611 17.5486
      vertex 15.7586 -9.03086 20.7626
    endloop
  endfacet
  facet normal -0.0784482 0.640805 -0.763685
    outer loop
      vertex 16.4 -9.06331 20.8012
      vertex 17.0414 -12.8611 17.5486
      vertex 16.4 -12.8935 17.5873
    endloop
  endfacet
  facet normal -0.0783795 0.640816 -0.763683
    outer loop
      vertex 17.0414 -12.8611 17.5486
      vertex 16.4 -9.06331 20.8012
      vertex 17.0414 -9.03086 20.7626
    endloop
  endfacet
  facet normal 0.000579404 0.765936 0.642916
    outer loop
      vertex 12.7469 -9.06164 13.0206
      vertex 12.5007 -9.44371 13.476
      vertex 12.3505 -9.84583 13.9552
    endloop
  endfacet
  facet normal 0.0781528 -0.640829 0.763695
    outer loop
      vertex 16.2931 -3.79786 14.5261
      vertex 16.4 -7.62267 11.3057
      vertex 16.4 -3.79245 14.5197
    endloop
  endfacet
  facet normal 0.0784979 -0.640806 0.763679
    outer loop
      vertex 16.4 -7.62267 11.3057
      vertex 16.2931 -3.79786 14.5261
      vertex 15.7586 -7.65512 11.3444
    endloop
  endfacet
  facet normal 0 0.765902 0.642958
    outer loop
      vertex 17.0414 -7.65512 11.3444
      vertex 15.133 -7.75166 11.4594
      vertex 17.667 -7.75166 11.4594
    endloop
  endfacet
  facet normal 0 0.765902 0.642958
    outer loop
      vertex 15.133 -7.75166 11.4594
      vertex 17.0414 -7.65512 11.3444
      vertex 15.7586 -7.65512 11.3444
    endloop
  endfacet
  facet normal -0.0784249 -0.640804 0.763689
    outer loop
      vertex 17.0414 -7.65512 11.3444
      vertex 17.0414 -3.8249 14.5583
      vertex 16.5069 -3.79786 14.5261
    endloop
  endfacet
  facet normal -0.996914 -0.0504559 0.0601317
    outer loop
      vertex 20.4495 -9.84583 13.9552
      vertex 20.5 -6.42788 17.6604
      vertex 20.4495 -6.01561 17.1691
    endloop
  endfacet
  facet normal -0.996914 -0.0504559 0.0601317
    outer loop
      vertex 20.5 -6.42788 17.6604
      vertex 20.4495 -9.84583 13.9552
      vertex 20.5 -10.2581 14.4465
    endloop
  endfacet
  facet normal -0.760321 -0.417526 0.497579
    outer loop
      vertex 19.2991 -8.39457 12.2256
      vertex 19.717 -4.87881 15.8143
      vertex 19.2991 -4.56435 15.4396
    endloop
  endfacet
  facet normal -0.760371 -0.417481 0.49754
    outer loop
      vertex 19.717 -4.87881 15.8143
      vertex 19.2991 -8.39457 12.2256
      vertex 19.717 -8.70903 12.6004
    endloop
  endfacet
  facet normal 2.47232e-05 0.766063 0.642766
    outer loop
      vertex 20.4495 -9.84583 13.9552
      vertex 20.0531 -9.06164 13.0206
      vertex 19.2991 -8.39457 12.2256
    endloop
  endfacet
  facet normal -0.649479 -0.488759 0.582487
    outer loop
      vertex 18.8099 -8.12599 11.9056
      vertex 19.2991 -4.56435 15.4396
      vertex 18.8099 -4.29577 15.1195
    endloop
  endfacet
  facet normal -0.64941 -0.488806 0.582525
    outer loop
      vertex 19.2991 -4.56435 15.4396
      vertex 18.8099 -8.12599 11.9056
      vertex 19.2991 -8.39457 12.2256
    endloop
  endfacet
  facet normal 0.382626 0.593873 -0.707751
    outer loop
      vertex 14.5386 -12.6063 17.245
      vertex 15.133 -8.93432 20.6475
      vertex 15.133 -12.7645 17.4336
    endloop
  endfacet
  facet normal 0.382677 0.593854 -0.70774
    outer loop
      vertex 15.133 -8.93432 20.6475
      vertex 14.5386 -12.6063 17.245
      vertex 14.5386 -8.77606 20.4589
    endloop
  endfacet
  facet normal 0.522546 0.548044 -0.653141
    outer loop
      vertex 13.9901 -12.3902 16.9875
      vertex 14.0815 -8.596 20.2443
      vertex 14.5386 -12.6063 17.245
    endloop
  endfacet
  facet normal 0.522499 0.548063 -0.653162
    outer loop
      vertex 14.0815 -8.596 20.2443
      vertex 13.9901 -12.3902 16.9875
      vertex 13.9901 -8.55999 20.2014
    endloop
  endfacet
  facet normal 0.233438 0.625034 -0.744875
    outer loop
      vertex 15.133 -12.7645 17.4336
      vertex 15.7586 -9.03086 20.7626
      vertex 15.7586 -12.8611 17.5486
    endloop
  endfacet
  facet normal 0.233494 0.62502 -0.74487
    outer loop
      vertex 15.7586 -9.03086 20.7626
      vertex 15.133 -12.7645 17.4336
      vertex 15.133 -8.93432 20.6475
    endloop
  endfacet
  facet normal 0.996915 0.0504499 -0.0601246
    outer loop
      vertex 12.3505 -6.84015 18.1518
      vertex 12.3 -10.2581 14.4465
      vertex 12.3 -6.42788 17.6604
    endloop
  endfacet
  facet normal 0.996915 0.0504551 -0.0601293
    outer loop
      vertex 12.3 -10.2581 14.4465
      vertex 12.3505 -6.84015 18.1518
      vertex 12.3505 -10.6704 14.9378
    endloop
  endfacet
  facet normal -2.42611e-05 0.766068 0.642759
    outer loop
      vertex 17.667 -12.7645 17.4336
      vertex 20.2993 -11.0725 15.4171
      vertex 16.4 -12.8935 17.5873
    endloop
  endfacet
  facet normal 0.852671 0.335819 -0.400222
    outer loop
      vertex 13.083 -7.97694 19.5065
      vertex 12.7469 -11.4546 15.8724
      vertex 12.7469 -7.62434 19.0863
    endloop
  endfacet
  facet normal 0.852671 0.335819 -0.400222
    outer loop
      vertex 12.7469 -11.4546 15.8724
      vertex 13.083 -7.97694 19.5065
      vertex 13.083 -11.8072 16.2926
    endloop
  endfacet
  facet normal 0 0.766051 0.64278
    outer loop
      vertex 19.2991 -8.39457 12.2256
      vertex 12.5007 -11.0725 15.4171
      vertex 20.2993 -11.0725 15.4171
    endloop
  endfacet
  facet normal 0 0.766051 0.64278
    outer loop
      vertex 12.5007 -11.0725 15.4171
      vertex 19.2991 -8.39457 12.2256
      vertex 13.5009 -8.39457 12.2256
    endloop
  endfacet
  facet normal -0.000193045 0.766352 0.642421
    outer loop
      vertex 15.133 -7.75166 11.4594
      vertex 14.5386 -7.90991 11.648
      vertex 13.9901 -8.12599 11.9056
    endloop
  endfacet
  facet normal 0.000284577 0.76575 0.643138
    outer loop
      vertex 15.133 -7.75166 11.4594
      vertex 13.9901 -8.12599 11.9056
      vertex 13.5009 -8.39457 12.2256
    endloop
  endfacet
  facet normal 0.000341594 0.765892 0.64297
    outer loop
      vertex 13.5009 -8.39457 12.2256
      vertex 13.083 -8.70903 12.6004
      vertex 12.7469 -9.06164 13.0206
    endloop
  endfacet
  facet normal 0.233494 -0.625016 0.744873
    outer loop
      vertex 15.133 -3.92144 14.6734
      vertex 15.7586 -7.65512 11.3444
      vertex 15.7586 -3.8249 14.5583
    endloop
  endfacet
  facet normal 0.233382 -0.625044 0.744884
    outer loop
      vertex 15.7586 -7.65512 11.3444
      vertex 15.133 -3.92144 14.6734
      vertex 15.133 -7.75166 11.4594
    endloop
  endfacet
  facet normal 0.0784249 -0.640804 0.763689
    outer loop
      vertex 16.2931 -3.79786 14.5261
      vertex 15.7586 -3.8249 14.5583
      vertex 15.7586 -7.65512 11.3444
    endloop
  endfacet
  facet normal 0 0.76627 0.642519
    outer loop
      vertex 17.0414 -7.65512 11.3444
      vertex 16.4 -7.62267 11.3057
      vertex 15.7586 -7.65512 11.3444
    endloop
  endfacet
  facet normal -0.0781528 -0.640829 0.763695
    outer loop
      vertex 16.4 -7.62267 11.3057
      vertex 16.5069 -3.79786 14.5261
      vertex 16.4 -3.79245 14.5197
    endloop
  endfacet
  facet normal -0.0784979 -0.640806 0.763679
    outer loop
      vertex 16.5069 -3.79786 14.5261
      vertex 16.4 -7.62267 11.3057
      vertex 17.0414 -7.65512 11.3444
    endloop
  endfacet
  facet normal -0.000172531 0.766234 0.642561
    outer loop
      vertex 19.2991 -12.1216 16.6674
      vertex 19.717 -11.8072 16.2926
      vertex 17.667 -12.7645 17.4336
    endloop
  endfacet
  facet normal -0.522531 -0.54806 0.65314
    outer loop
      vertex 18.2614 -7.90991 11.648
      vertex 18.8099 -4.29577 15.1195
      vertex 18.2614 -4.07969 14.862
    endloop
  endfacet
  facet normal -0.522618 -0.548016 0.653107
    outer loop
      vertex 18.8099 -4.29577 15.1195
      vertex 18.2614 -7.90991 11.648
      vertex 18.8099 -8.12599 11.9056
    endloop
  endfacet
  facet normal -0.000341594 0.765892 0.64297
    outer loop
      vertex 20.0531 -9.06164 13.0206
      vertex 19.717 -8.70903 12.6004
      vertex 19.2991 -8.39457 12.2256
    endloop
  endfacet
  facet normal -0.852707 -0.335784 0.400176
    outer loop
      vertex 19.717 -8.70903 12.6004
      vertex 20.0531 -5.23142 16.2346
      vertex 19.717 -4.87881 15.8143
    endloop
  endfacet
  facet normal -0.852674 -0.335824 0.400211
    outer loop
      vertex 20.0531 -5.23142 16.2346
      vertex 19.717 -8.70903 12.6004
      vertex 20.0531 -9.06164 13.0206
    endloop
  endfacet
  facet normal 0.522529 0.548049 -0.653151
    outer loop
      vertex 14.5386 -8.77606 20.4589
      vertex 14.5386 -12.6063 17.245
      vertex 14.0815 -8.596 20.2443
    endloop
  endfacet
  facet normal 0.923877 0.245986 -0.293158
    outer loop
      vertex 12.7469 -7.62434 19.0863
      vertex 12.5007 -11.0725 15.4171
      vertex 12.5007 -7.24227 18.631
    endloop
  endfacet
  facet normal 0.923882 0.245978 -0.293151
    outer loop
      vertex 12.5007 -11.0725 15.4171
      vertex 12.7469 -7.62434 19.0863
      vertex 12.7469 -11.4546 15.8724
    endloop
  endfacet
  facet normal 0.996914 -0.0504559 0.0601317
    outer loop
      vertex 12.3 -6.42788 17.6604
      vertex 12.3505 -9.84583 13.9552
      vertex 12.3505 -6.01561 17.1691
    endloop
  endfacet
  facet normal 0.996914 -0.0504559 0.0601317
    outer loop
      vertex 12.3505 -9.84583 13.9552
      vertex 12.3 -6.42788 17.6604
      vertex 12.3 -10.2581 14.4465
    endloop
  endfacet
  facet normal -0.000983305 0.765956 0.642893
    outer loop
      vertex 12.3505 -10.6704 14.9378
      vertex 12.5007 -11.0725 15.4171
      vertex 12.3 -10.2581 14.4465
    endloop
  endfacet
  facet normal 0.649402 0.488803 -0.582537
    outer loop
      vertex 13.9901 -12.3902 16.9875
      vertex 13.9085 -8.51522 20.148
      vertex 13.9901 -8.55999 20.2014
    endloop
  endfacet
  facet normal 0.649491 0.488756 -0.582477
    outer loop
      vertex 13.9085 -8.51522 20.148
      vertex 13.9901 -12.3902 16.9875
      vertex 13.5009 -12.1216 16.6674
    endloop
  endfacet
  facet normal 0.649494 0.488753 -0.582475
    outer loop
      vertex 13.5009 -8.29141 19.8813
      vertex 13.9085 -8.51522 20.148
      vertex 13.5009 -12.1216 16.6674
    endloop
  endfacet
  facet normal 0.760375 0.417475 -0.497538
    outer loop
      vertex 13.5009 -8.29141 19.8813
      vertex 13.083 -11.8072 16.2926
      vertex 13.083 -7.97694 19.5065
    endloop
  endfacet
  facet normal 0.760346 0.417502 -0.497561
    outer loop
      vertex 13.083 -11.8072 16.2926
      vertex 13.5009 -8.29141 19.8813
      vertex 13.5009 -12.1216 16.6674
    endloop
  endfacet
  facet normal 0.000197668 0.765846 0.643024
    outer loop
      vertex 18.2614 -12.6063 17.245
      vertex 19.2991 -12.1216 16.6674
      vertex 17.667 -12.7645 17.4336
    endloop
  endfacet
  facet normal -0.000140701 0.766145 0.642667
    outer loop
      vertex 18.8099 -12.3902 16.9875
      vertex 19.2991 -12.1216 16.6674
      vertex 18.2614 -12.6063 17.245
    endloop
  endfacet
  facet normal 0.000119636 0.765976 0.642869
    outer loop
      vertex 19.717 -11.8072 16.2926
      vertex 20.2993 -11.0725 15.4171
      vertex 17.667 -12.7645 17.4336
    endloop
  endfacet
  facet normal 0.000303443 0.765916 0.642941
    outer loop
      vertex 20.0531 -11.4546 15.8724
      vertex 20.2993 -11.0725 15.4171
      vertex 19.717 -11.8072 16.2926
    endloop
  endfacet
  facet normal 0.522531 -0.54806 0.65314
    outer loop
      vertex 13.9901 -4.29577 15.1195
      vertex 14.5386 -7.90991 11.648
      vertex 14.5386 -4.07969 14.862
    endloop
  endfacet
  facet normal 0.522618 -0.548016 0.653107
    outer loop
      vertex 14.5386 -7.90991 11.648
      vertex 13.9901 -4.29577 15.1195
      vertex 13.9901 -8.12599 11.9056
    endloop
  endfacet
  facet normal 0.649479 -0.488759 0.582487
    outer loop
      vertex 13.5009 -4.56435 15.4396
      vertex 13.9901 -8.12599 11.9056
      vertex 13.9901 -4.29577 15.1195
    endloop
  endfacet
  facet normal 0.64941 -0.488806 0.582525
    outer loop
      vertex 13.9901 -8.12599 11.9056
      vertex 13.5009 -4.56435 15.4396
      vertex 13.5009 -8.39457 12.2256
    endloop
  endfacet
  facet normal 0.382668 -0.593869 0.707732
    outer loop
      vertex 14.5386 -4.07969 14.862
      vertex 15.133 -7.75166 11.4594
      vertex 15.133 -3.92144 14.6734
    endloop
  endfacet
  facet normal 0.382668 -0.593869 0.707732
    outer loop
      vertex 15.133 -7.75166 11.4594
      vertex 14.5386 -4.07969 14.862
      vertex 14.5386 -7.90991 11.648
    endloop
  endfacet
  facet normal 0.852707 -0.335784 0.400176
    outer loop
      vertex 12.7469 -5.23142 16.2346
      vertex 13.083 -8.70903 12.6004
      vertex 13.083 -4.87881 15.8143
    endloop
  endfacet
  facet normal 0.852674 -0.335824 0.400211
    outer loop
      vertex 13.083 -8.70903 12.6004
      vertex 12.7469 -5.23142 16.2346
      vertex 12.7469 -9.06164 13.0206
    endloop
  endfacet
  facet normal 0.923877 -0.24599 0.293154
    outer loop
      vertex 12.5007 -5.61349 16.6899
      vertex 12.7469 -9.06164 13.0206
      vertex 12.7469 -5.23142 16.2346
    endloop
  endfacet
  facet normal 0.923895 -0.245959 0.293126
    outer loop
      vertex 12.7469 -9.06164 13.0206
      vertex 12.5007 -5.61349 16.6899
      vertex 12.5007 -9.44371 13.476
    endloop
  endfacet
  facet normal -0.972365 -0.150069 0.178847
    outer loop
      vertex 20.2993 -9.44371 13.476
      vertex 20.4495 -6.01561 17.1691
      vertex 20.2993 -5.61349 16.6899
    endloop
  endfacet
  facet normal -0.972365 -0.150069 0.178847
    outer loop
      vertex 20.4495 -6.01561 17.1691
      vertex 20.2993 -9.44371 13.476
      vertex 20.4495 -9.84583 13.9552
    endloop
  endfacet
  facet normal -0.000179248 0.766038 0.642795
    outer loop
      vertex 12.5007 -11.0725 15.4171
      vertex 12.3505 -9.84583 13.9552
      vertex 12.3 -10.2581 14.4465
    endloop
  endfacet
  facet normal 2.02951e-05 0.766048 0.642783
    outer loop
      vertex 12.5007 -11.0725 15.4171
      vertex 13.5009 -8.39457 12.2256
      vertex 12.3505 -9.84583 13.9552
    endloop
  endfacet
  facet normal 0.000140701 0.766145 0.642667
    outer loop
      vertex 13.9901 -12.3902 16.9875
      vertex 14.5386 -12.6063 17.245
      vertex 13.5009 -12.1216 16.6674
    endloop
  endfacet
  facet normal -0.000197668 0.765846 0.643024
    outer loop
      vertex 14.5386 -12.6063 17.245
      vertex 15.133 -12.7645 17.4336
      vertex 13.5009 -12.1216 16.6674
    endloop
  endfacet
  facet normal -0.972351 0.15011 -0.178889
    outer loop
      vertex 20.4495 -93.3971 113.528
      vertex 20.2993 -89.969 117.221
      vertex 20.4495 -89.5669 116.742
    endloop
  endfacet
  facet normal -0.972356 0.150093 -0.178874
    outer loop
      vertex 20.2993 -89.969 117.221
      vertex 20.4495 -93.3971 113.528
      vertex 20.2993 -93.7993 114.007
    endloop
  endfacet
  facet normal 0.760488 0.417325 -0.497491
    outer loop
      vertex 13.5009 -91.0182 118.471
      vertex 13.083 -94.5339 114.883
      vertex 13.083 -90.7037 118.096
    endloop
  endfacet
  facet normal 0.759986 0.41778 -0.497878
    outer loop
      vertex 13.083 -94.5339 114.883
      vertex 13.5009 -91.0182 118.471
      vertex 13.5009 -94.8484 115.257
    endloop
  endfacet
  facet normal 0.972302 -0.150238 0.179047
    outer loop
      vertex 12.4756 -88.4073 115.36
      vertex 12.5007 -92.1705 112.066
      vertex 12.5007 -88.3402 115.28
    endloop
  endfacet
  facet normal 0.972351 -0.150104 0.178894
    outer loop
      vertex 12.5007 -92.1705 112.066
      vertex 12.4756 -88.4073 115.36
      vertex 12.3505 -92.5726 112.545
    endloop
  endfacet
  facet normal 0.00344634 0.759543 0.650448
    outer loop
      vertex 17.667 -95.4913 116.023
      vertex 18.2614 -95.333 115.835
      vertex 17.0414 -95.5878 116.139
    endloop
  endfacet
  facet normal 0.00248276 0.762763 0.646673
    outer loop
      vertex 15.133 -90.4784 110.049
      vertex 14.5386 -90.6367 110.238
      vertex 13.9901 -90.8528 110.495
    endloop
  endfacet
  facet normal 0 0.766005 0.642835
    outer loop
      vertex 20.2993 -92.1705 112.066
      vertex 13.5009 -94.8484 115.257
      vertex 19.2991 -94.8484 115.257
    endloop
  endfacet
  facet normal 0 0.766005 0.642835
    outer loop
      vertex 13.5009 -94.8484 115.257
      vertex 20.2993 -92.1705 112.066
      vertex 12.5007 -92.1705 112.066
    endloop
  endfacet
  facet normal -0.923989 -0.245773 0.292984
    outer loop
      vertex 20.0531 -91.7884 111.611
      vertex 20.2993 -88.3402 115.28
      vertex 20.0531 -87.9582 114.824
    endloop
  endfacet
  facet normal -0.923829 -0.246062 0.293245
    outer loop
      vertex 20.2993 -88.3402 115.28
      vertex 20.0531 -91.7884 111.611
      vertex 20.2993 -92.1705 112.066
    endloop
  endfacet
  facet normal 0.923829 0.246062 -0.293245
    outer loop
      vertex 12.7469 -90.3511 117.676
      vertex 12.5007 -93.7993 114.007
      vertex 12.5007 -89.969 117.221
    endloop
  endfacet
  facet normal 0.923815 0.246088 -0.293269
    outer loop
      vertex 12.5007 -93.7993 114.007
      vertex 12.7469 -90.3511 117.676
      vertex 12.7469 -94.1813 114.462
    endloop
  endfacet
  facet normal -0.000346838 0.766612 0.642111
    outer loop
      vertex 18.2614 -95.333 115.835
      vertex 19.2991 -94.8484 115.257
      vertex 16.4 -95.6203 116.177
    endloop
  endfacet
  facet normal 0.972351 0.15011 -0.178889
    outer loop
      vertex 12.5007 -89.969 117.221
      vertex 12.3505 -93.3971 113.528
      vertex 12.3505 -89.5669 116.742
    endloop
  endfacet
  facet normal 0.972356 0.150093 -0.178874
    outer loop
      vertex 12.3505 -93.3971 113.528
      vertex 12.5007 -89.969 117.221
      vertex 12.5007 -93.7993 114.007
    endloop
  endfacet
  facet normal 0.0777191 -0.640853 0.763719
    outer loop
      vertex 15.7586 -86.5517 113.148
      vertex 16.4 -90.3494 109.896
      vertex 16.4 -86.5192 113.11
    endloop
  endfacet
  facet normal 0.0777191 -0.640853 0.763719
    outer loop
      vertex 16.4 -90.3494 109.896
      vertex 15.7586 -86.5517 113.148
      vertex 15.7586 -90.3819 109.934
    endloop
  endfacet
  facet normal -0.0043123 0.766744 0.641939
    outer loop
      vertex 20.4495 -93.3971 113.528
      vertex 20.5 -92.9849 113.036
      vertex 20.0531 -94.1813 114.462
    endloop
  endfacet
  facet normal -0.000936371 0.765765 0.64312
    outer loop
      vertex 20.5 -92.9849 113.036
      vertex 20.4495 -92.5726 112.545
      vertex 20.2993 -92.1705 112.066
    endloop
  endfacet
  facet normal -0.000330721 0.766325 0.642453
    outer loop
      vertex 15.133 -90.4784 110.049
      vertex 13.9901 -90.8528 110.495
      vertex 12.5007 -92.1705 112.066
    endloop
  endfacet
  facet normal 0.00834514 0.760723 0.649023
    outer loop
      vertex 13.9901 -90.8528 110.495
      vertex 13.5009 -91.1213 110.816
      vertex 13.083 -91.4358 111.19
    endloop
  endfacet
  facet normal 0.972367 -0.150066 0.178837
    outer loop
      vertex 12.4756 -88.4073 115.36
      vertex 12.3505 -88.7424 115.759
      vertex 12.3505 -92.5726 112.545
    endloop
  endfacet
  facet normal 0.852606 0.335896 -0.400295
    outer loop
      vertex 13.083 -90.7037 118.096
      vertex 12.7469 -94.1813 114.462
      vertex 12.7469 -90.3511 117.676
    endloop
  endfacet
  facet normal 0.852931 0.335494 -0.399941
    outer loop
      vertex 12.7469 -94.1813 114.462
      vertex 13.083 -90.7037 118.096
      vertex 13.083 -94.5339 114.883
    endloop
  endfacet
  facet normal 0.00102162 0.768414 0.639952
    outer loop
      vertex 15.7586 -95.5878 116.139
      vertex 16.4 -95.6203 116.177
      vertex 14.5386 -95.333 115.835
    endloop
  endfacet
  facet normal 0.000355178 0.765776 0.643107
    outer loop
      vertex 20.2993 -93.7993 114.007
      vertex 20.4495 -93.3971 113.528
      vertex 20.0531 -94.1813 114.462
    endloop
  endfacet
  facet normal -0.99692 0.0504128 -0.0600797
    outer loop
      vertex 20.5 -92.9849 113.036
      vertex 20.4495 -89.5669 116.742
      vertex 20.5 -89.1546 116.25
    endloop
  endfacet
  facet normal -0.996919 0.0504186 -0.0600851
    outer loop
      vertex 20.4495 -89.5669 116.742
      vertex 20.5 -92.9849 113.036
      vertex 20.4495 -93.3971 113.528
    endloop
  endfacet
  facet normal -0.649422 -0.488794 0.582522
    outer loop
      vertex 18.8099 -90.8528 110.495
      vertex 19.2991 -87.2911 114.029
      vertex 18.8099 -87.0225 113.709
    endloop
  endfacet
  facet normal -0.650052 -0.488366 0.582178
    outer loop
      vertex 19.2991 -87.2911 114.029
      vertex 18.8099 -90.8528 110.495
      vertex 19.2991 -91.1213 110.816
    endloop
  endfacet
  facet normal 0.000330721 0.766325 0.642453
    outer loop
      vertex 20.2993 -92.1705 112.066
      vertex 18.8099 -90.8528 110.495
      vertex 17.667 -90.4784 110.049
    endloop
  endfacet
  facet normal 0 0.766074 0.642753
    outer loop
      vertex 16.4 -95.6203 116.177
      vertex 19.2991 -94.8484 115.257
      vertex 13.5009 -94.8484 115.257
    endloop
  endfacet
  facet normal -0.00668397 0.763987 0.645198
    outer loop
      vertex 20.2993 -92.1705 112.066
      vertex 20.0531 -91.7884 111.611
      vertex 19.717 -91.4358 111.19
    endloop
  endfacet
  facet normal -0.00815403 0.769806 0.638226
    outer loop
      vertex 19.717 -94.5339 114.883
      vertex 20.0531 -94.1813 114.462
      vertex 19.2991 -94.8484 115.257
    endloop
  endfacet
  facet normal -0.852606 0.335896 -0.400295
    outer loop
      vertex 20.0531 -94.1813 114.462
      vertex 19.717 -90.7037 118.096
      vertex 20.0531 -90.3511 117.676
    endloop
  endfacet
  facet normal -0.852931 0.335494 -0.399941
    outer loop
      vertex 19.717 -90.7037 118.096
      vertex 20.0531 -94.1813 114.462
      vertex 19.717 -94.5339 114.883
    endloop
  endfacet
  facet normal 0 0.766113 0.642706
    outer loop
      vertex 17.667 -90.4784 110.049
      vertex 12.5007 -92.1705 112.066
      vertex 20.2993 -92.1705 112.066
    endloop
  endfacet
  facet normal 0 0.766113 0.642706
    outer loop
      vertex 12.5007 -92.1705 112.066
      vertex 17.667 -90.4784 110.049
      vertex 15.133 -90.4784 110.049
    endloop
  endfacet
  facet normal -0.972367 -0.150066 0.178837
    outer loop
      vertex 20.4495 -92.5726 112.545
      vertex 20.4495 -88.7424 115.759
      vertex 20.3244 -88.4073 115.36
    endloop
  endfacet
  facet normal -0.972302 -0.150238 0.179047
    outer loop
      vertex 20.2993 -92.1705 112.066
      vertex 20.3244 -88.4073 115.36
      vertex 20.2993 -88.3402 115.28
    endloop
  endfacet
  facet normal -0.972351 -0.150104 0.178894
    outer loop
      vertex 20.3244 -88.4073 115.36
      vertex 20.2993 -92.1705 112.066
      vertex 20.4495 -92.5726 112.545
    endloop
  endfacet
  facet normal -0.000179811 0.766255 0.642537
    outer loop
      vertex 13.9901 -90.8528 110.495
      vertex 13.083 -91.4358 111.19
      vertex 12.5007 -92.1705 112.066
    endloop
  endfacet
  facet normal -0.00108445 0.768929 0.639333
    outer loop
      vertex 16.4 -90.3494 109.896
      vertex 15.7586 -90.3819 109.934
      vertex 15.133 -90.4784 110.049
    endloop
  endfacet
  facet normal 0.383117 -0.593751 0.707588
    outer loop
      vertex 14.5386 -86.8065 113.452
      vertex 15.133 -90.4784 110.049
      vertex 15.133 -86.6482 113.263
    endloop
  endfacet
  facet normal 0.383117 -0.593751 0.707588
    outer loop
      vertex 15.133 -90.4784 110.049
      vertex 14.5386 -86.8065 113.452
      vertex 14.5386 -90.6367 110.238
    endloop
  endfacet
  facet normal -0.382101 0.594022 -0.70791
    outer loop
      vertex 17.667 -91.6611 119.237
      vertex 18.2614 -95.333 115.835
      vertex 17.667 -95.4913 116.023
    endloop
  endfacet
  facet normal -0.382101 0.594022 -0.70791
    outer loop
      vertex 18.2614 -95.333 115.835
      vertex 17.667 -91.6611 119.237
      vertex 18.2614 -91.5028 119.049
    endloop
  endfacet
  facet normal -0.522906 0.547914 -0.652962
    outer loop
      vertex 18.2614 -91.5028 119.049
      vertex 18.8099 -95.117 115.577
      vertex 18.2614 -95.333 115.835
    endloop
  endfacet
  facet normal -0.522978 0.547877 -0.652935
    outer loop
      vertex 18.8099 -95.117 115.577
      vertex 18.2614 -91.5028 119.049
      vertex 18.8099 -91.2867 118.791
    endloop
  endfacet
  facet normal -0.00102162 0.768414 0.639952
    outer loop
      vertex 17.0414 -95.5878 116.139
      vertex 18.2614 -95.333 115.835
      vertex 16.4 -95.6203 116.177
    endloop
  endfacet
  facet normal 0.996931 -0.0503186 0.0599675
    outer loop
      vertex 12.3 -92.9849 113.036
      vertex 12.3084 -89.0859 116.168
      vertex 12.3 -89.1546 116.25
    endloop
  endfacet
  facet normal 0.996912 -0.0504687 0.0601544
    outer loop
      vertex 12.3084 -89.0859 116.168
      vertex 12.3 -92.9849 113.036
      vertex 12.3505 -92.5726 112.545
    endloop
  endfacet
  facet normal -0.000879517 0.76595 0.6429
    outer loop
      vertex 12.7469 -94.1813 114.462
      vertex 12.5007 -92.1705 112.066
      vertex 12.3 -92.9849 113.036
    endloop
  endfacet
  facet normal 0.852606 -0.335896 0.400295
    outer loop
      vertex 12.7469 -87.9582 114.824
      vertex 13.083 -91.4358 111.19
      vertex 13.083 -87.6056 114.404
    endloop
  endfacet
  facet normal 0.852931 -0.335494 0.399941
    outer loop
      vertex 13.083 -91.4358 111.19
      vertex 12.7469 -87.9582 114.824
      vertex 12.7469 -91.7884 111.611
    endloop
  endfacet
  facet normal 0.52204 -0.548255 0.653369
    outer loop
      vertex 13.9901 -87.0225 113.709
      vertex 14.5386 -90.6367 110.238
      vertex 14.5386 -86.8065 113.452
    endloop
  endfacet
  facet normal 0.522113 -0.548218 0.653342
    outer loop
      vertex 14.5386 -90.6367 110.238
      vertex 13.9901 -87.0225 113.709
      vertex 13.9901 -90.8528 110.495
    endloop
  endfacet
  facet normal 0.649422 -0.488794 0.582522
    outer loop
      vertex 13.5009 -87.2911 114.029
      vertex 13.9901 -90.8528 110.495
      vertex 13.9901 -87.0225 113.709
    endloop
  endfacet
  facet normal 0.650052 -0.488366 0.582178
    outer loop
      vertex 13.9901 -90.8528 110.495
      vertex 13.5009 -87.2911 114.029
      vertex 13.5009 -91.1213 110.816
    endloop
  endfacet
  facet normal 0.000179811 0.766255 0.642537
    outer loop
      vertex 20.2993 -92.1705 112.066
      vertex 19.717 -91.4358 111.19
      vertex 18.8099 -90.8528 110.495
    endloop
  endfacet
  facet normal -0.852606 -0.335896 0.400295
    outer loop
      vertex 19.717 -91.4358 111.19
      vertex 20.0531 -87.9582 114.824
      vertex 19.717 -87.6056 114.404
    endloop
  endfacet
  facet normal -0.852931 -0.335494 0.399941
    outer loop
      vertex 20.0531 -87.9582 114.824
      vertex 19.717 -91.4358 111.19
      vertex 20.0531 -91.7884 111.611
    endloop
  endfacet
  facet normal 0 0.764522 0.644597
    outer loop
      vertex 17.667 -90.4784 110.049
      vertex 16.4 -90.3494 109.896
      vertex 15.133 -90.4784 110.049
    endloop
  endfacet
  facet normal -0.233344 -0.625052 0.74489
    outer loop
      vertex 17.0414 -90.3819 109.934
      vertex 17.667 -86.6482 113.263
      vertex 17.0414 -86.5517 113.148
    endloop
  endfacet
  facet normal -0.233344 -0.625052 0.74489
    outer loop
      vertex 17.667 -86.6482 113.263
      vertex 17.0414 -90.3819 109.934
      vertex 17.667 -90.4784 110.049
    endloop
  endfacet
  facet normal -0.996908 -0.0505104 0.0601944
    outer loop
      vertex 20.4916 -89.0859 116.168
      vertex 20.4495 -88.7424 115.759
      vertex 20.4495 -92.5726 112.545
    endloop
  endfacet
  facet normal -0.996912 -0.0504687 0.0601544
    outer loop
      vertex 20.5 -92.9849 113.036
      vertex 20.4916 -89.0859 116.168
      vertex 20.4495 -92.5726 112.545
    endloop
  endfacet
  facet normal -0.996931 -0.0503186 0.0599675
    outer loop
      vertex 20.4916 -89.0859 116.168
      vertex 20.5 -92.9849 113.036
      vertex 20.5 -89.1546 116.25
    endloop
  endfacet
  facet normal 0.233344 -0.625052 0.74489
    outer loop
      vertex 15.133 -86.6482 113.263
      vertex 15.7586 -90.3819 109.934
      vertex 15.7586 -86.5517 113.148
    endloop
  endfacet
  facet normal 0.233344 -0.625052 0.74489
    outer loop
      vertex 15.7586 -90.3819 109.934
      vertex 15.133 -86.6482 113.263
      vertex 15.133 -90.4784 110.049
    endloop
  endfacet
  facet normal -0.00276995 0.763848 0.64539
    outer loop
      vertex 13.9901 -95.117 115.577
      vertex 14.5386 -95.333 115.835
      vertex 13.5009 -94.8484 115.257
    endloop
  endfacet
  facet normal 0.000346838 0.766612 0.642111
    outer loop
      vertex 14.5386 -95.333 115.835
      vertex 16.4 -95.6203 116.177
      vertex 13.5009 -94.8484 115.257
    endloop
  endfacet
  facet normal 0.000936371 0.765765 0.64312
    outer loop
      vertex 12.5007 -92.1705 112.066
      vertex 12.3505 -92.5726 112.545
      vertex 12.3 -92.9849 113.036
    endloop
  endfacet
  facet normal -0.000101951 0.765989 0.642853
    outer loop
      vertex 12.7469 -94.1813 114.462
      vertex 13.5009 -94.8484 115.257
      vertex 12.5007 -92.1705 112.066
    endloop
  endfacet
  facet normal 0.00276995 0.763848 0.64539
    outer loop
      vertex 18.8099 -95.117 115.577
      vertex 19.2991 -94.8484 115.257
      vertex 18.2614 -95.333 115.835
    endloop
  endfacet
  facet normal -0.0777191 0.640853 -0.763719
    outer loop
      vertex 16.4 -91.7901 119.391
      vertex 17.0414 -95.5878 116.139
      vertex 16.4 -95.6203 116.177
    endloop
  endfacet
  facet normal -0.0789025 0.640676 -0.763746
    outer loop
      vertex 17.0414 -95.5878 116.139
      vertex 16.4 -91.7901 119.391
      vertex 17.0414 -91.7576 119.352
    endloop
  endfacet
  facet normal -0.234469 0.624764 -0.744778
    outer loop
      vertex 17.0414 -91.7576 119.352
      vertex 17.667 -95.4913 116.023
      vertex 17.0414 -95.5878 116.139
    endloop
  endfacet
  facet normal -0.233344 0.625052 -0.74489
    outer loop
      vertex 17.667 -95.4913 116.023
      vertex 17.0414 -91.7576 119.352
      vertex 17.667 -91.6611 119.237
    endloop
  endfacet
  facet normal -0.52204 -0.548255 0.653369
    outer loop
      vertex 18.2614 -90.6367 110.238
      vertex 18.8099 -87.0225 113.709
      vertex 18.2614 -86.8065 113.452
    endloop
  endfacet
  facet normal -0.522113 -0.548218 0.653342
    outer loop
      vertex 18.8099 -87.0225 113.709
      vertex 18.2614 -90.6367 110.238
      vertex 18.8099 -90.8528 110.495
    endloop
  endfacet
  facet normal 0.00815403 0.769806 0.638226
    outer loop
      vertex 13.083 -94.5339 114.883
      vertex 13.5009 -94.8484 115.257
      vertex 12.7469 -94.1813 114.462
    endloop
  endfacet
  facet normal 0.760488 -0.417325 0.497491
    outer loop
      vertex 13.083 -87.6056 114.404
      vertex 13.5009 -91.1213 110.816
      vertex 13.5009 -87.2911 114.029
    endloop
  endfacet
  facet normal 0.759986 -0.41778 0.497878
    outer loop
      vertex 13.5009 -91.1213 110.816
      vertex 13.083 -87.6056 114.404
      vertex 13.083 -91.4358 111.19
    endloop
  endfacet
  facet normal 0.234469 0.624764 -0.744778
    outer loop
      vertex 15.133 -95.4913 116.023
      vertex 15.7586 -91.7576 119.352
      vertex 15.7586 -95.5878 116.139
    endloop
  endfacet
  facet normal 0.233344 0.625052 -0.74489
    outer loop
      vertex 15.7586 -91.7576 119.352
      vertex 15.133 -95.4913 116.023
      vertex 15.133 -91.6611 119.237
    endloop
  endfacet
  facet normal 0.0777191 0.640853 -0.763719
    outer loop
      vertex 15.7586 -95.5878 116.139
      vertex 16.4 -91.7901 119.391
      vertex 16.4 -95.6203 116.177
    endloop
  endfacet
  facet normal 0.0789025 0.640676 -0.763746
    outer loop
      vertex 16.4 -91.7901 119.391
      vertex 15.7586 -95.5878 116.139
      vertex 15.7586 -91.7576 119.352
    endloop
  endfacet
  facet normal 0.522906 0.547914 -0.652962
    outer loop
      vertex 13.9901 -95.117 115.577
      vertex 14.5386 -91.5028 119.049
      vertex 14.5386 -95.333 115.835
    endloop
  endfacet
  facet normal 0.522978 0.547877 -0.652935
    outer loop
      vertex 14.5386 -91.5028 119.049
      vertex 13.9901 -95.117 115.577
      vertex 13.9901 -91.2867 118.791
    endloop
  endfacet
  facet normal -0.00834514 0.760723 0.649023
    outer loop
      vertex 19.717 -91.4358 111.19
      vertex 19.2991 -91.1213 110.816
      vertex 18.8099 -90.8528 110.495
    endloop
  endfacet
  facet normal -0.760488 -0.417325 0.497491
    outer loop
      vertex 19.2991 -91.1213 110.816
      vertex 19.717 -87.6056 114.404
      vertex 19.2991 -87.2911 114.029
    endloop
  endfacet
  facet normal -0.759986 -0.41778 0.497878
    outer loop
      vertex 19.717 -87.6056 114.404
      vertex 19.2991 -91.1213 110.816
      vertex 19.717 -91.4358 111.19
    endloop
  endfacet
  facet normal -0.00248276 0.762763 0.646673
    outer loop
      vertex 18.8099 -90.8528 110.495
      vertex 18.2614 -90.6367 110.238
      vertex 17.667 -90.4784 110.049
    endloop
  endfacet
  facet normal -0.383117 -0.593751 0.707588
    outer loop
      vertex 17.667 -90.4784 110.049
      vertex 18.2614 -86.8065 113.452
      vertex 17.667 -86.6482 113.263
    endloop
  endfacet
  facet normal -0.383117 -0.593751 0.707588
    outer loop
      vertex 18.2614 -86.8065 113.452
      vertex 17.667 -90.4784 110.049
      vertex 18.2614 -90.6367 110.238
    endloop
  endfacet
  facet normal -0.00344634 0.759543 0.650448
    outer loop
      vertex 15.133 -95.4913 116.023
      vertex 15.7586 -95.5878 116.139
      vertex 14.5386 -95.333 115.835
    endloop
  endfacet
  facet normal 0.382101 0.594022 -0.70791
    outer loop
      vertex 14.5386 -95.333 115.835
      vertex 15.133 -91.6611 119.237
      vertex 15.133 -95.4913 116.023
    endloop
  endfacet
  facet normal 0.382101 0.594022 -0.70791
    outer loop
      vertex 15.133 -91.6611 119.237
      vertex 14.5386 -95.333 115.835
      vertex 14.5386 -91.5028 119.049
    endloop
  endfacet
  facet normal 0.649364 0.488833 -0.582554
    outer loop
      vertex 13.9901 -91.2867 118.791
      vertex 13.5009 -94.8484 115.257
      vertex 13.5009 -91.0182 118.471
    endloop
  endfacet
  facet normal 0.649422 0.488794 -0.582522
    outer loop
      vertex 13.5009 -94.8484 115.257
      vertex 13.9901 -91.2867 118.791
      vertex 13.9901 -95.117 115.577
    endloop
  endfacet
  facet normal -0.760488 0.417325 -0.497491
    outer loop
      vertex 19.717 -94.5339 114.883
      vertex 19.2991 -91.0182 118.471
      vertex 19.717 -90.7037 118.096
    endloop
  endfacet
  facet normal -0.759986 0.41778 -0.497878
    outer loop
      vertex 19.2991 -91.0182 118.471
      vertex 19.717 -94.5339 114.883
      vertex 19.2991 -94.8484 115.257
    endloop
  endfacet
  facet normal -0.649364 0.488833 -0.582554
    outer loop
      vertex 19.2991 -94.8484 115.257
      vertex 18.8099 -91.2867 118.791
      vertex 19.2991 -91.0182 118.471
    endloop
  endfacet
  facet normal -0.649422 0.488794 -0.582522
    outer loop
      vertex 18.8099 -91.2867 118.791
      vertex 19.2991 -94.8484 115.257
      vertex 18.8099 -95.117 115.577
    endloop
  endfacet
  facet normal 0.00108445 0.768929 0.639333
    outer loop
      vertex 17.667 -90.4784 110.049
      vertex 17.0414 -90.3819 109.934
      vertex 16.4 -90.3494 109.896
    endloop
  endfacet
  facet normal -0.0777191 -0.640853 0.763719
    outer loop
      vertex 16.4 -90.3494 109.896
      vertex 17.0414 -86.5517 113.148
      vertex 16.4 -86.5192 113.11
    endloop
  endfacet
  facet normal -0.0777191 -0.640853 0.763719
    outer loop
      vertex 17.0414 -86.5517 113.148
      vertex 16.4 -90.3494 109.896
      vertex 17.0414 -90.3819 109.934
    endloop
  endfacet
  facet normal 0.99692 0.0504128 -0.0600797
    outer loop
      vertex 12.3505 -89.5669 116.742
      vertex 12.3 -92.9849 113.036
      vertex 12.3 -89.1546 116.25
    endloop
  endfacet
  facet normal 0.996919 0.0504186 -0.0600851
    outer loop
      vertex 12.3 -92.9849 113.036
      vertex 12.3505 -89.5669 116.742
      vertex 12.3505 -93.3971 113.528
    endloop
  endfacet
  facet normal 0.00668397 0.763987 0.645198
    outer loop
      vertex 13.083 -91.4358 111.19
      vertex 12.7469 -91.7884 111.611
      vertex 12.5007 -92.1705 112.066
    endloop
  endfacet
  facet normal 0.923989 -0.245773 0.292984
    outer loop
      vertex 12.5007 -88.3402 115.28
      vertex 12.7469 -91.7884 111.611
      vertex 12.7469 -87.9582 114.824
    endloop
  endfacet
  facet normal 0.923829 -0.246062 0.293245
    outer loop
      vertex 12.7469 -91.7884 111.611
      vertex 12.5007 -88.3402 115.28
      vertex 12.5007 -92.1705 112.066
    endloop
  endfacet
  facet normal 0.000101951 0.765989 0.642853
    outer loop
      vertex 20.0531 -94.1813 114.462
      vertex 20.2993 -92.1705 112.066
      vertex 19.2991 -94.8484 115.257
    endloop
  endfacet
  facet normal 0.000879517 0.76595 0.6429
    outer loop
      vertex 20.5 -92.9849 113.036
      vertex 20.2993 -92.1705 112.066
      vertex 20.0531 -94.1813 114.462
    endloop
  endfacet
  facet normal 0.0043123 0.766744 0.641939
    outer loop
      vertex 12.3505 -93.3971 113.528
      vertex 12.7469 -94.1813 114.462
      vertex 12.3 -92.9849 113.036
    endloop
  endfacet
  facet normal -0.000355178 0.765776 0.643107
    outer loop
      vertex 12.5007 -93.7993 114.007
      vertex 12.7469 -94.1813 114.462
      vertex 12.3505 -93.3971 113.528
    endloop
  endfacet
  facet normal 0.996908 -0.0505104 0.0601944
    outer loop
      vertex 12.3505 -92.5726 112.545
      vertex 12.3505 -88.7424 115.759
      vertex 12.3084 -89.0859 116.168
    endloop
  endfacet
  facet normal -0.923829 0.246062 -0.293245
    outer loop
      vertex 20.2993 -93.7993 114.007
      vertex 20.0531 -90.3511 117.676
      vertex 20.2993 -89.969 117.221
    endloop
  endfacet
  facet normal -0.923815 0.246088 -0.293269
    outer loop
      vertex 20.0531 -90.3511 117.676
      vertex 20.2993 -93.7993 114.007
      vertex 20.0531 -94.1813 114.462
    endloop
  endfacet
  facet normal 1 -0 0
    outer loop
      vertex -74.175 -85.5471 109.151
      vertex -74.175 -11.3131 23.4824
      vertex -74.175 -84.2695 110.428
    endloop
  endfacet
  facet normal 1 0 0
    outer loop
      vertex -74.175 -11.3131 23.4824
      vertex -74.175 -85.5471 109.151
      vertex -74.175 -12.6919 22.3254
    endloop
  endfacet
  facet normal 0 0.707206 -0.707007
    outer loop
      vertex -8.4 -86.2569 108.441
      vertex -24.4 -85.5471 109.151
      vertex -8.4 -85.5471 109.151
    endloop
  endfacet
  facet normal 0 0.707206 -0.707007
    outer loop
      vertex -24.4 -85.5471 109.151
      vertex -8.4 -86.2569 108.441
      vertex -24.4 -86.2569 108.441
    endloop
  endfacet
  facet normal 0 0.707206 -0.707007
    outer loop
      vertex 24.4 -86.2569 108.441
      vertex 8.4 -85.5471 109.151
      vertex 24.4 -85.5471 109.151
    endloop
  endfacet
  facet normal 0 0.707206 -0.707007
    outer loop
      vertex 8.4 -85.5471 109.151
      vertex 24.4 -86.2569 108.441
      vertex 8.4 -86.2569 108.441
    endloop
  endfacet
  facet normal 0 0.706941 -0.707273
    outer loop
      vertex 24.4 -85.5471 109.151
      vertex 74.175 -84.2695 110.428
      vertex 74.175 -85.5471 109.151
    endloop
  endfacet
  facet normal 0 0.706941 -0.707273
    outer loop
      vertex 8.4 -85.5471 109.151
      vertex 74.175 -84.2695 110.428
      vertex 24.4 -85.5471 109.151
    endloop
  endfacet
  facet normal 0 0.706941 -0.707273
    outer loop
      vertex 74.175 -84.2695 110.428
      vertex 8.4 -85.5471 109.151
      vertex -74.175 -84.2695 110.428
    endloop
  endfacet
  facet normal 0 0.706941 -0.707273
    outer loop
      vertex -8.4 -85.5471 109.151
      vertex -74.175 -84.2695 110.428
      vertex 8.4 -85.5471 109.151
    endloop
  endfacet
  facet normal 0 0.706941 -0.707273
    outer loop
      vertex -24.4 -85.5471 109.151
      vertex -74.175 -84.2695 110.428
      vertex -8.4 -85.5471 109.151
    endloop
  endfacet
  facet normal 0 0.706941 -0.707273
    outer loop
      vertex -74.175 -84.2695 110.428
      vertex -24.4 -85.5471 109.151
      vertex -74.175 -85.5471 109.151
    endloop
  endfacet
  facet normal 0 0.766295 0.642489
    outer loop
      vertex -8.4 -85.9995 108.134
      vertex -24.4 -86.2569 108.441
      vertex -8.4 -86.2569 108.441
    endloop
  endfacet
  facet normal 0 0.766295 0.642489
    outer loop
      vertex -24.4 -86.2569 108.441
      vertex -8.4 -85.9995 108.134
      vertex -24.4 -85.9995 108.134
    endloop
  endfacet
  facet normal 0 0.766295 0.642489
    outer loop
      vertex 24.4 -85.9995 108.134
      vertex 8.4 -86.2569 108.441
      vertex 24.4 -86.2569 108.441
    endloop
  endfacet
  facet normal 0 0.766295 0.642489
    outer loop
      vertex 8.4 -86.2569 108.441
      vertex 24.4 -85.9995 108.134
      vertex 8.4 -85.9995 108.134
    endloop
  endfacet
  facet normal 0 0.766045 0.642787
    outer loop
      vertex -8.4 -13.458 21.6826
      vertex -24.4 -13.7151 21.989
      vertex -8.4 -13.7151 21.989
    endloop
  endfacet
  facet normal 0 0.766045 0.642787
    outer loop
      vertex -24.4 -13.7151 21.989
      vertex -8.4 -13.458 21.6826
      vertex -24.4 -13.458 21.6826
    endloop
  endfacet
  facet normal 0 0.766045 0.642787
    outer loop
      vertex 24.4 -13.458 21.6826
      vertex 8.4 -13.7151 21.989
      vertex 24.4 -13.7151 21.989
    endloop
  endfacet
  facet normal 0 0.766045 0.642787
    outer loop
      vertex 8.4 -13.7151 21.989
      vertex 24.4 -13.458 21.6826
      vertex 8.4 -13.458 21.6826
    endloop
  endfacet
  facet normal 0 -0.639201 0.769039
    outer loop
      vertex -24.4 -13.4503 21.689
      vertex -8.4 -13.458 21.6826
      vertex -8.4 -13.4503 21.689
    endloop
  endfacet
  facet normal 0 -0.639201 0.769039
    outer loop
      vertex -8.4 -13.458 21.6826
      vertex -24.4 -13.4503 21.689
      vertex -24.4 -13.458 21.6826
    endloop
  endfacet
  facet normal 0 -0.639201 0.769039
    outer loop
      vertex 8.4 -13.4503 21.689
      vertex 24.4 -13.458 21.6826
      vertex 24.4 -13.4503 21.689
    endloop
  endfacet
  facet normal 0 -0.639201 0.769039
    outer loop
      vertex 24.4 -13.458 21.6826
      vertex 8.4 -13.4503 21.689
      vertex 8.4 -13.458 21.6826
    endloop
  endfacet
  facet normal -1 0 0
    outer loop
      vertex 74.175 -85.5471 109.151
      vertex 74.175 -11.3131 23.4824
      vertex 74.175 -12.6919 22.3254
    endloop
  endfacet
  facet normal -1 0 0
    outer loop
      vertex 74.175 -11.3131 23.4824
      vertex 74.175 -85.5471 109.151
      vertex 74.175 -84.2695 110.428
    endloop
  endfacet
  facet normal 0 -0.642804 0.766031
    outer loop
      vertex 74.175 -11.3131 23.4824
      vertex 24.4 -12.6919 22.3254
      vertex 74.175 -12.6919 22.3254
    endloop
  endfacet
  facet normal 0 -0.642804 0.766031
    outer loop
      vertex 24.4 -12.6919 22.3254
      vertex 8.4 -12.6919 22.3254
      vertex 24.4 -13.4503 21.689
    endloop
  endfacet
  facet normal 0 -0.642804 0.766031
    outer loop
      vertex 74.175 -11.3131 23.4824
      vertex 8.4 -12.6919 22.3254
      vertex 24.4 -12.6919 22.3254
    endloop
  endfacet
  facet normal 0 -0.642804 0.766031
    outer loop
      vertex 74.175 -11.3131 23.4824
      vertex -8.4 -12.6919 22.3254
      vertex 8.4 -12.6919 22.3254
    endloop
  endfacet
  facet normal 0 -0.642804 0.766031
    outer loop
      vertex -8.4 -12.6919 22.3254
      vertex -24.4 -12.6919 22.3254
      vertex -8.4 -13.4503 21.689
    endloop
  endfacet
  facet normal 0 -0.642804 0.766031
    outer loop
      vertex -74.175 -11.3131 23.4824
      vertex -8.4 -12.6919 22.3254
      vertex 74.175 -11.3131 23.4824
    endloop
  endfacet
  facet normal 0 -0.642804 0.766031
    outer loop
      vertex -8.4 -12.6919 22.3254
      vertex -74.175 -11.3131 23.4824
      vertex -24.4 -12.6919 22.3254
    endloop
  endfacet
  facet normal 0 -0.642804 0.766031
    outer loop
      vertex -24.4 -12.6919 22.3254
      vertex -74.175 -11.3131 23.4824
      vertex -74.175 -12.6919 22.3254
    endloop
  endfacet
  facet normal 0 -0.642804 0.766031
    outer loop
      vertex 24.4 -13.4503 21.689
      vertex 8.4 -12.6919 22.3254
      vertex 8.4 -13.4503 21.689
    endloop
  endfacet
  facet normal 0 -0.642804 0.766031
    outer loop
      vertex -8.4 -13.4503 21.689
      vertex -24.4 -12.6919 22.3254
      vertex -24.4 -13.4503 21.689
    endloop
  endfacet
  facet normal -0.38267 0 0.923885
    outer loop
      vertex 3.39919 -106.683 9.53838
      vertex 4.99389 -107.583 10.1989
      vertex 4.99389 -106.683 10.1989
    endloop
  endfacet
  facet normal -0.38267 0 0.923885
    outer loop
      vertex 4.99389 -107.583 10.1989
      vertex 3.39919 -106.683 9.53838
      vertex 3.39919 -107.583 9.53838
    endloop
  endfacet
  facet normal -0.972363 0 -0.233474
    outer loop
      vertex 10.8646 -107.583 21.7208
      vertex 10.4616 -106.683 23.3992
      vertex 10.8646 -106.683 21.7208
    endloop
  endfacet
  facet normal -0.972363 -0 -0.233474
    outer loop
      vertex 10.4616 -106.683 23.3992
      vertex 10.8646 -107.583 21.7208
      vertex 10.4616 -107.583 23.3992
    endloop
  endfacet
  facet normal -0.996919 0 -0.0784419
    outer loop
      vertex 11 -107.583 20
      vertex 10.8646 -106.683 21.7208
      vertex 11 -106.683 20
    endloop
  endfacet
  facet normal -0.996919 -0 -0.0784419
    outer loop
      vertex 10.8646 -106.683 21.7208
      vertex 11 -107.583 20
      vertex 10.8646 -107.583 21.7208
    endloop
  endfacet
  facet normal 0.923883 0 -0.382675
    outer loop
      vertex -9.80107 -107.583 24.9939
      vertex -10.4616 -106.683 23.3992
      vertex -9.80107 -106.683 24.9939
    endloop
  endfacet
  facet normal 0.923883 0 -0.382675
    outer loop
      vertex -10.4616 -106.683 23.3992
      vertex -9.80107 -107.583 24.9939
      vertex -10.4616 -107.583 23.3992
    endloop
  endfacet
  facet normal 0.382661 0 -0.923889
    outer loop
      vertex -4.99389 -107.583 29.8011
      vertex -3.39919 -106.683 30.4616
      vertex -3.39919 -107.583 30.4616
    endloop
  endfacet
  facet normal 0.382661 0 -0.923889
    outer loop
      vertex -3.39919 -106.683 30.4616
      vertex -4.99389 -107.583 29.8011
      vertex -4.99389 -106.683 29.8011
    endloop
  endfacet
  facet normal -0.0784428 0 -0.996919
    outer loop
      vertex 0 -107.583 31
      vertex 1.72078 -106.683 30.8646
      vertex 1.72078 -107.583 30.8646
    endloop
  endfacet
  facet normal -0.0784428 0 -0.996919
    outer loop
      vertex 1.72078 -106.683 30.8646
      vertex 0 -107.583 31
      vertex 0 -106.683 31
    endloop
  endfacet
  facet normal 0.233445 0 0.97237
    outer loop
      vertex -3.39919 -106.683 9.53838
      vertex -1.72078 -107.583 9.13543
      vertex -1.72078 -106.683 9.13543
    endloop
  endfacet
  facet normal 0.233445 0 0.97237
    outer loop
      vertex -1.72078 -107.583 9.13543
      vertex -3.39919 -106.683 9.53838
      vertex -3.39919 -107.583 9.53838
    endloop
  endfacet
  facet normal -0.649446 0 -0.760408
    outer loop
      vertex 6.46564 -107.583 28.8992
      vertex 7.77817 -106.683 27.7782
      vertex 7.77817 -107.583 27.7782
    endloop
  endfacet
  facet normal -0.649446 0 -0.760408
    outer loop
      vertex 7.77817 -106.683 27.7782
      vertex 6.46564 -107.583 28.8992
      vertex 6.46564 -106.683 28.8992
    endloop
  endfacet
  facet normal 0.923883 -0 0.382675
    outer loop
      vertex -10.4616 -107.583 16.6008
      vertex -9.80107 -106.683 15.0061
      vertex -10.4616 -106.683 16.6008
    endloop
  endfacet
  facet normal 0.923883 0 0.382675
    outer loop
      vertex -9.80107 -106.683 15.0061
      vertex -10.4616 -107.583 16.6008
      vertex -9.80107 -107.583 15.0061
    endloop
  endfacet
  facet normal 0.233472 0 -0.972363
    outer loop
      vertex -3.39919 -107.583 30.4616
      vertex -1.72078 -106.683 30.8646
      vertex -1.72078 -107.583 30.8646
    endloop
  endfacet
  facet normal 0.233472 0 -0.972363
    outer loop
      vertex -1.72078 -106.683 30.8646
      vertex -3.39919 -107.583 30.4616
      vertex -3.39919 -106.683 30.4616
    endloop
  endfacet
  facet normal 0.649446 0 -0.760408
    outer loop
      vertex -7.77817 -107.583 27.7782
      vertex -6.46564 -106.683 28.8992
      vertex -6.46564 -107.583 28.8992
    endloop
  endfacet
  facet normal 0.649446 0 -0.760408
    outer loop
      vertex -6.46564 -106.683 28.8992
      vertex -7.77817 -107.583 27.7782
      vertex -7.77817 -106.683 27.7782
    endloop
  endfacet
  facet normal -0.923883 0 0.382675
    outer loop
      vertex 9.80107 -107.583 15.0061
      vertex 10.4616 -106.683 16.6008
      vertex 9.80107 -106.683 15.0061
    endloop
  endfacet
  facet normal -0.923883 0 0.382675
    outer loop
      vertex 10.4616 -106.683 16.6008
      vertex 9.80107 -107.583 15.0061
      vertex 10.4616 -107.583 16.6008
    endloop
  endfacet
  facet normal 0.972363 0 -0.233474
    outer loop
      vertex -10.4616 -107.583 23.3992
      vertex -10.8646 -106.683 21.7208
      vertex -10.4616 -106.683 23.3992
    endloop
  endfacet
  facet normal 0.972363 0 -0.233474
    outer loop
      vertex -10.8646 -106.683 21.7208
      vertex -10.4616 -107.583 23.3992
      vertex -10.8646 -107.583 21.7208
    endloop
  endfacet
  facet normal -0.233445 0 0.97237
    outer loop
      vertex 1.72078 -106.683 9.13543
      vertex 3.39919 -107.583 9.53838
      vertex 3.39919 -106.683 9.53838
    endloop
  endfacet
  facet normal -0.233445 0 0.97237
    outer loop
      vertex 3.39919 -107.583 9.53838
      vertex 1.72078 -106.683 9.13543
      vertex 1.72078 -107.583 9.13543
    endloop
  endfacet
  facet normal 0.760419 0 -0.649433
    outer loop
      vertex -7.77817 -107.583 27.7782
      vertex -8.89919 -106.683 26.4656
      vertex -7.77817 -106.683 27.7782
    endloop
  endfacet
  facet normal 0.760419 0 -0.649433
    outer loop
      vertex -8.89919 -106.683 26.4656
      vertex -7.77817 -107.583 27.7782
      vertex -8.89919 -107.583 26.4656
    endloop
  endfacet
  facet normal 0.852635 0 -0.522507
    outer loop
      vertex -8.89919 -107.583 26.4656
      vertex -9.80107 -106.683 24.9939
      vertex -8.89919 -106.683 26.4656
    endloop
  endfacet
  facet normal 0.852635 0 -0.522507
    outer loop
      vertex -9.80107 -106.683 24.9939
      vertex -8.89919 -107.583 26.4656
      vertex -9.80107 -107.583 24.9939
    endloop
  endfacet
  facet normal -0.522503 0 0.852637
    outer loop
      vertex 4.99389 -106.683 10.1989
      vertex 6.46564 -107.583 11.1008
      vertex 6.46564 -106.683 11.1008
    endloop
  endfacet
  facet normal -0.522503 0 0.852637
    outer loop
      vertex 6.46564 -107.583 11.1008
      vertex 4.99389 -106.683 10.1989
      vertex 4.99389 -107.583 10.1989
    endloop
  endfacet
  facet normal -0.760419 0 0.649433
    outer loop
      vertex 7.77817 -107.583 12.2218
      vertex 8.89919 -106.683 13.5344
      vertex 7.77817 -106.683 12.2218
    endloop
  endfacet
  facet normal -0.760419 0 0.649433
    outer loop
      vertex 8.89919 -106.683 13.5344
      vertex 7.77817 -107.583 12.2218
      vertex 8.89919 -107.583 13.5344
    endloop
  endfacet
  facet normal 0.522503 0 0.852637
    outer loop
      vertex -6.46564 -106.683 11.1008
      vertex -4.99389 -107.583 10.1989
      vertex -4.99389 -106.683 10.1989
    endloop
  endfacet
  facet normal 0.522503 0 0.852637
    outer loop
      vertex -4.99389 -107.583 10.1989
      vertex -6.46564 -106.683 11.1008
      vertex -6.46564 -107.583 11.1008
    endloop
  endfacet
  facet normal 0.996919 0 -0.0784419
    outer loop
      vertex -10.8646 -107.583 21.7208
      vertex -11 -106.683 20
      vertex -10.8646 -106.683 21.7208
    endloop
  endfacet
  facet normal 0.996919 0 -0.0784419
    outer loop
      vertex -11 -106.683 20
      vertex -10.8646 -107.583 21.7208
      vertex -11 -107.583 20
    endloop
  endfacet
  facet normal 0.972363 -0 0.233474
    outer loop
      vertex -10.8646 -107.583 18.2792
      vertex -10.4616 -106.683 16.6008
      vertex -10.8646 -106.683 18.2792
    endloop
  endfacet
  facet normal 0.972363 0 0.233474
    outer loop
      vertex -10.4616 -106.683 16.6008
      vertex -10.8646 -107.583 18.2792
      vertex -10.4616 -107.583 16.6008
    endloop
  endfacet
  facet normal 0.852635 -0 0.522507
    outer loop
      vertex -9.80107 -107.583 15.0061
      vertex -8.89919 -106.683 13.5344
      vertex -9.80107 -106.683 15.0061
    endloop
  endfacet
  facet normal 0.852635 0 0.522507
    outer loop
      vertex -8.89919 -106.683 13.5344
      vertex -9.80107 -107.583 15.0061
      vertex -8.89919 -107.583 13.5344
    endloop
  endfacet
  facet normal -0.233472 0 -0.972363
    outer loop
      vertex 1.72078 -107.583 30.8646
      vertex 3.39919 -106.683 30.4616
      vertex 3.39919 -107.583 30.4616
    endloop
  endfacet
  facet normal -0.233472 0 -0.972363
    outer loop
      vertex 3.39919 -106.683 30.4616
      vertex 1.72078 -107.583 30.8646
      vertex 1.72078 -106.683 30.8646
    endloop
  endfacet
  facet normal -0.760419 0 -0.649433
    outer loop
      vertex 8.89919 -107.583 26.4656
      vertex 7.77817 -106.683 27.7782
      vertex 8.89919 -106.683 26.4656
    endloop
  endfacet
  facet normal -0.760419 -0 -0.649433
    outer loop
      vertex 7.77817 -106.683 27.7782
      vertex 8.89919 -107.583 26.4656
      vertex 7.77817 -107.583 27.7782
    endloop
  endfacet
  facet normal 0.38267 0 0.923885
    outer loop
      vertex -4.99389 -106.683 10.1989
      vertex -3.39919 -107.583 9.53838
      vertex -3.39919 -106.683 9.53838
    endloop
  endfacet
  facet normal 0.38267 0 0.923885
    outer loop
      vertex -3.39919 -107.583 9.53838
      vertex -4.99389 -106.683 10.1989
      vertex -4.99389 -107.583 10.1989
    endloop
  endfacet
  facet normal -0.0784601 0 0.996917
    outer loop
      vertex 0 -106.683 9
      vertex 1.72078 -107.583 9.13543
      vertex 1.72078 -106.683 9.13543
    endloop
  endfacet
  facet normal -0.0784601 0 0.996917
    outer loop
      vertex 1.72078 -107.583 9.13543
      vertex 0 -106.683 9
      vertex 0 -107.583 9
    endloop
  endfacet
  facet normal 0.0784601 0 0.996917
    outer loop
      vertex -1.72078 -106.683 9.13543
      vertex 0 -107.583 9
      vertex 0 -106.683 9
    endloop
  endfacet
  facet normal 0.0784601 0 0.996917
    outer loop
      vertex 0 -107.583 9
      vertex -1.72078 -106.683 9.13543
      vertex -1.72078 -107.583 9.13543
    endloop
  endfacet
  facet normal -0.852635 0 0.522507
    outer loop
      vertex 8.89919 -107.583 13.5344
      vertex 9.80107 -106.683 15.0061
      vertex 8.89919 -106.683 13.5344
    endloop
  endfacet
  facet normal -0.852635 0 0.522507
    outer loop
      vertex 9.80107 -106.683 15.0061
      vertex 8.89919 -107.583 13.5344
      vertex 9.80107 -107.583 15.0061
    endloop
  endfacet
  facet normal -0.649446 0 0.760408
    outer loop
      vertex 6.46564 -106.683 11.1008
      vertex 7.77817 -107.583 12.2218
      vertex 7.77817 -106.683 12.2218
    endloop
  endfacet
  facet normal -0.649446 0 0.760408
    outer loop
      vertex 7.77817 -107.583 12.2218
      vertex 6.46564 -106.683 11.1008
      vertex 6.46564 -107.583 11.1008
    endloop
  endfacet
  facet normal -0.923883 0 -0.382675
    outer loop
      vertex 10.4616 -107.583 23.3992
      vertex 9.80107 -106.683 24.9939
      vertex 10.4616 -106.683 23.3992
    endloop
  endfacet
  facet normal -0.923883 -0 -0.382675
    outer loop
      vertex 9.80107 -106.683 24.9939
      vertex 10.4616 -107.583 23.3992
      vertex 9.80107 -107.583 24.9939
    endloop
  endfacet
  facet normal -0.972363 0 0.233474
    outer loop
      vertex 10.4616 -107.583 16.6008
      vertex 10.8646 -106.683 18.2792
      vertex 10.4616 -106.683 16.6008
    endloop
  endfacet
  facet normal -0.972363 0 0.233474
    outer loop
      vertex 10.8646 -106.683 18.2792
      vertex 10.4616 -107.583 16.6008
      vertex 10.8646 -107.583 18.2792
    endloop
  endfacet
  facet normal -0.382661 0 -0.923889
    outer loop
      vertex 3.39919 -107.583 30.4616
      vertex 4.99389 -106.683 29.8011
      vertex 4.99389 -107.583 29.8011
    endloop
  endfacet
  facet normal -0.382661 0 -0.923889
    outer loop
      vertex 4.99389 -106.683 29.8011
      vertex 3.39919 -107.583 30.4616
      vertex 3.39919 -106.683 30.4616
    endloop
  endfacet
  facet normal 0.760419 -0 0.649433
    outer loop
      vertex -8.89919 -107.583 13.5344
      vertex -7.77817 -106.683 12.2218
      vertex -8.89919 -106.683 13.5344
    endloop
  endfacet
  facet normal 0.760419 0 0.649433
    outer loop
      vertex -7.77817 -106.683 12.2218
      vertex -8.89919 -107.583 13.5344
      vertex -7.77817 -107.583 12.2218
    endloop
  endfacet
  facet normal 0.649446 0 0.760408
    outer loop
      vertex -7.77817 -106.683 12.2218
      vertex -6.46564 -107.583 11.1008
      vertex -6.46564 -106.683 11.1008
    endloop
  endfacet
  facet normal 0.649446 0 0.760408
    outer loop
      vertex -6.46564 -107.583 11.1008
      vertex -7.77817 -106.683 12.2218
      vertex -7.77817 -107.583 12.2218
    endloop
  endfacet
  facet normal -0.852635 0 -0.522507
    outer loop
      vertex 9.80107 -107.583 24.9939
      vertex 8.89919 -106.683 26.4656
      vertex 9.80107 -106.683 24.9939
    endloop
  endfacet
  facet normal -0.852635 -0 -0.522507
    outer loop
      vertex 8.89919 -106.683 26.4656
      vertex 9.80107 -107.583 24.9939
      vertex 8.89919 -107.583 26.4656
    endloop
  endfacet
  facet normal 0.522503 0 -0.852637
    outer loop
      vertex -6.46564 -107.583 28.8992
      vertex -4.99389 -106.683 29.8011
      vertex -4.99389 -107.583 29.8011
    endloop
  endfacet
  facet normal 0.522503 0 -0.852637
    outer loop
      vertex -4.99389 -106.683 29.8011
      vertex -6.46564 -107.583 28.8992
      vertex -6.46564 -106.683 28.8992
    endloop
  endfacet
  facet normal -0.522503 0 -0.852637
    outer loop
      vertex 4.99389 -107.583 29.8011
      vertex 6.46564 -106.683 28.8992
      vertex 6.46564 -107.583 28.8992
    endloop
  endfacet
  facet normal -0.522503 0 -0.852637
    outer loop
      vertex 6.46564 -106.683 28.8992
      vertex 4.99389 -107.583 29.8011
      vertex 4.99389 -106.683 29.8011
    endloop
  endfacet
  facet normal 0.0784428 0 -0.996919
    outer loop
      vertex -1.72078 -107.583 30.8646
      vertex 0 -106.683 31
      vertex 0 -107.583 31
    endloop
  endfacet
  facet normal 0.0784428 0 -0.996919
    outer loop
      vertex 0 -106.683 31
      vertex -1.72078 -107.583 30.8646
      vertex -1.72078 -106.683 30.8646
    endloop
  endfacet
  facet normal -0.996919 0 0.0784419
    outer loop
      vertex 10.8646 -107.583 18.2792
      vertex 11 -106.683 20
      vertex 10.8646 -106.683 18.2792
    endloop
  endfacet
  facet normal -0.996919 0 0.0784419
    outer loop
      vertex 11 -106.683 20
      vertex 10.8646 -107.583 18.2792
      vertex 11 -107.583 20
    endloop
  endfacet
  facet normal 0.996919 -0 0.0784419
    outer loop
      vertex -11 -107.583 20
      vertex -10.8646 -106.683 18.2792
      vertex -11 -106.683 20
    endloop
  endfacet
  facet normal 0.996919 0 0.0784419
    outer loop
      vertex -10.8646 -106.683 18.2792
      vertex -11 -107.583 20
      vertex -10.8646 -107.583 18.2792
    endloop
  endfacet
endsolid OpenSCAD_Model
