solid OpenSCAD_Model
  facet normal 0.707095 0 -0.707118
    outer loop
      vertex -104.4 -0.899994 113.299
      vertex -73.6 0 144.098
      vertex -73.6 -0.899994 144.098
    endloop
  endfacet
  facet normal 0.707095 0 -0.707118
    outer loop
      vertex -73.6 0 144.098
      vertex -104.4 -0.899994 113.299
      vertex -104.4 0 113.299
    endloop
  endfacet
  facet normal 1 -0 0
    outer loop
      vertex -104.4 -0.899994 113.299
      vertex -104.4 0 12
      vertex -104.4 0 113.299
    endloop
  endfacet
  facet normal 1 0 0
    outer loop
      vertex -104.4 0 12
      vertex -104.4 -0.899994 113.299
      vertex -104.4 -0.899994 12
    endloop
  endfacet
  facet normal -0.707095 0 -0.707118
    outer loop
      vertex -73.6 -0.899994 144.098
      vertex -42.8 0 113.299
      vertex -42.8 -0.899994 113.299
    endloop
  endfacet
  facet normal -0.707095 0 -0.707118
    outer loop
      vertex -42.8 0 113.299
      vertex -73.6 -0.899994 144.098
      vertex -73.6 0 144.098
    endloop
  endfacet
  facet normal -0 0 1
    outer loop
      vertex -104.4 0 12
      vertex -42.8 -0.899994 12
      vertex -42.8 0 12
    endloop
  endfacet
  facet normal 0 0 1
    outer loop
      vertex -42.8 -0.899994 12
      vertex -104.4 0 12
      vertex -104.4 -0.899994 12
    endloop
  endfacet
  facet normal -1 0 0
    outer loop
      vertex -42.8 -0.899994 12
      vertex -42.8 0 113.299
      vertex -42.8 0 12
    endloop
  endfacet
  facet normal -1 -0 0
    outer loop
      vertex -42.8 0 113.299
      vertex -42.8 -0.899994 12
      vertex -42.8 -0.899994 113.299
    endloop
  endfacet
  facet normal 0.707095 0 -0.707118
    outer loop
      vertex -30.8 -0.899994 113.299
      vertex -1.14441e-05 0 144.098
      vertex -1.14441e-05 -0.899994 144.098
    endloop
  endfacet
  facet normal 0.707095 0 -0.707118
    outer loop
      vertex -1.14441e-05 0 144.098
      vertex -30.8 -0.899994 113.299
      vertex -30.8 0 113.299
    endloop
  endfacet
  facet normal 1 -0 0
    outer loop
      vertex -30.8 -0.899994 113.299
      vertex -30.8 0 12
      vertex -30.8 0 113.299
    endloop
  endfacet
  facet normal 1 0 0
    outer loop
      vertex -30.8 0 12
      vertex -30.8 -0.899994 113.299
      vertex -30.8 -0.899994 12
    endloop
  endfacet
  facet normal -0.707095 0 -0.707118
    outer loop
      vertex -1.14441e-05 -0.899994 144.098
      vertex 30.8 0 113.299
      vertex 30.8 -0.899994 113.299
    endloop
  endfacet
  facet normal -0.707095 0 -0.707118
    outer loop
      vertex 30.8 0 113.299
      vertex -1.14441e-05 -0.899994 144.098
      vertex -1.14441e-05 0 144.098
    endloop
  endfacet
  facet normal -0 0 1
    outer loop
      vertex -30.8 0 12
      vertex 30.8 -0.899994 12
      vertex 30.8 0 12
    endloop
  endfacet
  facet normal 0 0 1
    outer loop
      vertex 30.8 -0.899994 12
      vertex -30.8 0 12
      vertex -30.8 -0.899994 12
    endloop
  endfacet
  facet normal -1 0 0
    outer loop
      vertex 30.8 -0.899994 12
      vertex 30.8 0 113.299
      vertex 30.8 0 12
    endloop
  endfacet
  facet normal -1 -0 0
    outer loop
      vertex 30.8 0 113.299
      vertex 30.8 -0.899994 12
      vertex 30.8 -0.899994 113.299
    endloop
  endfacet
  facet normal 0.707095 0 -0.707118
    outer loop
      vertex 42.8 -0.899994 113.299
      vertex 73.6 0 144.098
      vertex 73.6 -0.899994 144.098
    endloop
  endfacet
  facet normal 0.707095 0 -0.707118
    outer loop
      vertex 73.6 0 144.098
      vertex 42.8 -0.899994 113.299
      vertex 42.8 0 113.299
    endloop
  endfacet
  facet normal 1 -0 0
    outer loop
      vertex 42.8 -0.899994 113.299
      vertex 42.8 0 12
      vertex 42.8 0 113.299
    endloop
  endfacet
  facet normal 1 0 0
    outer loop
      vertex 42.8 0 12
      vertex 42.8 -0.899994 113.299
      vertex 42.8 -0.899994 12
    endloop
  endfacet
  facet normal -0.707095 0 -0.707118
    outer loop
      vertex 73.6 -0.899994 144.098
      vertex 104.4 0 113.299
      vertex 104.4 -0.899994 113.299
    endloop
  endfacet
  facet normal -0.707095 0 -0.707118
    outer loop
      vertex 104.4 0 113.299
      vertex 73.6 -0.899994 144.098
      vertex 73.6 0 144.098
    endloop
  endfacet
  facet normal -0 0 1
    outer loop
      vertex 42.8 0 12
      vertex 104.4 -0.899994 12
      vertex 104.4 0 12
    endloop
  endfacet
  facet normal 0 0 1
    outer loop
      vertex 104.4 -0.899994 12
      vertex 42.8 0 12
      vertex 42.8 -0.899994 12
    endloop
  endfacet
  facet normal -1 0 0
    outer loop
      vertex 104.4 -0.899994 12
      vertex 104.4 0 113.299
      vertex 104.4 0 12
    endloop
  endfacet
  facet normal -1 -0 0
    outer loop
      vertex 104.4 0 113.299
      vertex 104.4 -0.899994 12
      vertex 104.4 -0.899994 113.299
    endloop
  endfacet
  facet normal -1 0 0
    outer loop
      vertex -116.4 -84.35 10
      vertex -116.4 0 8.18239e-06
      vertex -116.4 -74.35 8.18239e-06
    endloop
  endfacet
  facet normal -1 0 0
    outer loop
      vertex -116.4 0 8.18239e-06
      vertex -116.4 -84.35 10
      vertex -116.4 0 156.098
    endloop
  endfacet
  facet normal 0 1 -0
    outer loop
      vertex -30.8 0 113.299
      vertex -73.6 0 144.098
      vertex -1.14441e-05 0 144.098
    endloop
  endfacet
  facet normal 0 1 0
    outer loop
      vertex -30.8 0 113.299
      vertex -42.8 0 113.299
      vertex -73.6 0 144.098
    endloop
  endfacet
  facet normal 0 1 -0
    outer loop
      vertex -30.8 0 12
      vertex -42.8 0 113.299
      vertex -30.8 0 113.299
    endloop
  endfacet
  facet normal 0 1 0
    outer loop
      vertex -42.8 0 113.299
      vertex -30.8 0 12
      vertex -42.8 0 12
    endloop
  endfacet
  facet normal 0 1 -0
    outer loop
      vertex 42.8 0 113.299
      vertex -1.14441e-05 0 144.098
      vertex 73.6 0 144.098
    endloop
  endfacet
  facet normal 0 1 0
    outer loop
      vertex 42.8 0 113.299
      vertex 30.8 0 113.299
      vertex -1.14441e-05 0 144.098
    endloop
  endfacet
  facet normal 0 1 -0
    outer loop
      vertex 42.8 0 12
      vertex 30.8 0 113.299
      vertex 42.8 0 113.299
    endloop
  endfacet
  facet normal 0 1 0
    outer loop
      vertex 30.8 0 113.299
      vertex 42.8 0 12
      vertex 30.8 0 12
    endloop
  endfacet
  facet normal 0 1 0
    outer loop
      vertex -1.14441e-05 0 144.098
      vertex 116.4 0 156.098
      vertex 73.6 0 144.098
    endloop
  endfacet
  facet normal 0 1 0
    outer loop
      vertex 116.4 0 156.098
      vertex 104.4 0 113.299
      vertex 73.6 0 144.098
    endloop
  endfacet
  facet normal 0 1 -0
    outer loop
      vertex 116.4 0 8.18239e-06
      vertex 104.4 0 113.299
      vertex 116.4 0 156.098
    endloop
  endfacet
  facet normal 0 1 0
    outer loop
      vertex 116.4 0 8.18239e-06
      vertex 42.8 0 12
      vertex 104.4 0 12
    endloop
  endfacet
  facet normal 0 1 0
    outer loop
      vertex 42.8 0 12
      vertex 116.4 0 8.18239e-06
      vertex 30.8 0 12
    endloop
  endfacet
  facet normal 0 1 0
    outer loop
      vertex 30.8 0 12
      vertex 116.4 0 8.18239e-06
      vertex -30.8 0 12
    endloop
  endfacet
  facet normal 0 1 0
    outer loop
      vertex -116.4 0 8.18239e-06
      vertex -30.8 0 12
      vertex 116.4 0 8.18239e-06
    endloop
  endfacet
  facet normal 0 1 0
    outer loop
      vertex -30.8 0 12
      vertex -116.4 0 8.18239e-06
      vertex -42.8 0 12
    endloop
  endfacet
  facet normal 0 1 0
    outer loop
      vertex 104.4 0 113.299
      vertex 116.4 0 8.18239e-06
      vertex 104.4 0 12
    endloop
  endfacet
  facet normal 0 1 0
    outer loop
      vertex 116.4 0 156.098
      vertex -1.14441e-05 0 144.098
      vertex -116.4 0 156.098
    endloop
  endfacet
  facet normal 0 1 -0
    outer loop
      vertex -73.6 0 144.098
      vertex -116.4 0 156.098
      vertex -1.14441e-05 0 144.098
    endloop
  endfacet
  facet normal 0 1 -0
    outer loop
      vertex -104.4 0 113.299
      vertex -116.4 0 156.098
      vertex -73.6 0 144.098
    endloop
  endfacet
  facet normal 0 1 0
    outer loop
      vertex -116.4 0 8.18239e-06
      vertex -104.4 0 113.299
      vertex -104.4 0 12
    endloop
  endfacet
  facet normal 0 1 0
    outer loop
      vertex -104.4 0 113.299
      vertex -116.4 0 8.18239e-06
      vertex -116.4 0 156.098
    endloop
  endfacet
  facet normal 0 1 0
    outer loop
      vertex -42.8 0 12
      vertex -116.4 0 8.18239e-06
      vertex -104.4 0 12
    endloop
  endfacet
  facet normal 0 -0.707106 -0.707107
    outer loop
      vertex -116.4 -74.35 8.18239e-06
      vertex 116.4 -84.35 10
      vertex -116.4 -84.35 10
    endloop
  endfacet
  facet normal 0 -0.707106 -0.707107
    outer loop
      vertex 116.4 -84.35 10
      vertex -116.4 -74.35 8.18239e-06
      vertex 116.4 -74.35 8.18239e-06
    endloop
  endfacet
  facet normal 1 -0 0
    outer loop
      vertex 116.4 -84.35 10
      vertex 116.4 0 8.18239e-06
      vertex 116.4 0 156.098
    endloop
  endfacet
  facet normal 1 0 0
    outer loop
      vertex 116.4 0 8.18239e-06
      vertex 116.4 -84.35 10
      vertex 116.4 -74.35 8.18239e-06
    endloop
  endfacet
  facet normal 0 0 -1
    outer loop
      vertex 10.8646 -21.7208 8.18239e-06
      vertex 116.4 0 8.18239e-06
      vertex 116.4 -74.35 8.18239e-06
    endloop
  endfacet
  facet normal 0 0 -1
    outer loop
      vertex 116.4 0 8.18239e-06
      vertex 10.8646 -21.7208 8.18239e-06
      vertex 11 -20 8.18239e-06
    endloop
  endfacet
  facet normal 0 0 -1
    outer loop
      vertex 116.4 -74.35 8.18239e-06
      vertex 10.4616 -23.3992 8.18239e-06
      vertex 10.8646 -21.7208 8.18239e-06
    endloop
  endfacet
  facet normal 0 0 -1
    outer loop
      vertex 116.4 -74.35 8.18239e-06
      vertex 9.80107 -24.9939 8.18239e-06
      vertex 10.4616 -23.3992 8.18239e-06
    endloop
  endfacet
  facet normal 0 0 -1
    outer loop
      vertex 116.4 -74.35 8.18239e-06
      vertex 8.89919 -26.4656 8.18239e-06
      vertex 9.80107 -24.9939 8.18239e-06
    endloop
  endfacet
  facet normal 0 0 -1
    outer loop
      vertex 116.4 -74.35 8.18239e-06
      vertex 7.77817 -27.7782 8.18239e-06
      vertex 8.89919 -26.4656 8.18239e-06
    endloop
  endfacet
  facet normal 0 0 -1
    outer loop
      vertex 116.4 -74.35 8.18239e-06
      vertex 6.46564 -28.8992 8.18239e-06
      vertex 7.77817 -27.7782 8.18239e-06
    endloop
  endfacet
  facet normal 0 0 -1
    outer loop
      vertex 116.4 -74.35 8.18239e-06
      vertex 4.99389 -29.8011 8.18239e-06
      vertex 6.46564 -28.8992 8.18239e-06
    endloop
  endfacet
  facet normal 0 0 -1
    outer loop
      vertex 116.4 -74.35 8.18239e-06
      vertex 3.39919 -30.4616 8.18239e-06
      vertex 4.99389 -29.8011 8.18239e-06
    endloop
  endfacet
  facet normal 0 0 -1
    outer loop
      vertex 116.4 -74.35 8.18239e-06
      vertex 1.72078 -30.8646 8.18239e-06
      vertex 3.39919 -30.4616 8.18239e-06
    endloop
  endfacet
  facet normal 0 0 -1
    outer loop
      vertex 116.4 -74.35 8.18239e-06
      vertex 0 -31 8.18239e-06
      vertex 1.72078 -30.8646 8.18239e-06
    endloop
  endfacet
  facet normal 0 0 -1
    outer loop
      vertex -116.4 -74.35 8.18239e-06
      vertex 0 -31 8.18239e-06
      vertex 116.4 -74.35 8.18239e-06
    endloop
  endfacet
  facet normal -0 0 -1
    outer loop
      vertex 0 -31 8.18239e-06
      vertex -116.4 -74.35 8.18239e-06
      vertex -1.72078 -30.8646 8.18239e-06
    endloop
  endfacet
  facet normal 0 0 -1
    outer loop
      vertex -116.4 0 8.18239e-06
      vertex -10.8646 -21.7208 8.18239e-06
      vertex -116.4 -74.35 8.18239e-06
    endloop
  endfacet
  facet normal -0 0 -1
    outer loop
      vertex -10.4616 -23.3992 8.18239e-06
      vertex -116.4 -74.35 8.18239e-06
      vertex -10.8646 -21.7208 8.18239e-06
    endloop
  endfacet
  facet normal -0 0 -1
    outer loop
      vertex -9.80107 -24.9939 8.18239e-06
      vertex -116.4 -74.35 8.18239e-06
      vertex -10.4616 -23.3992 8.18239e-06
    endloop
  endfacet
  facet normal -0 0 -1
    outer loop
      vertex -8.89919 -26.4656 8.18239e-06
      vertex -116.4 -74.35 8.18239e-06
      vertex -9.80107 -24.9939 8.18239e-06
    endloop
  endfacet
  facet normal -0 0 -1
    outer loop
      vertex -7.77817 -27.7782 8.18239e-06
      vertex -116.4 -74.35 8.18239e-06
      vertex -8.89919 -26.4656 8.18239e-06
    endloop
  endfacet
  facet normal -0 0 -1
    outer loop
      vertex -6.46564 -28.8992 8.18239e-06
      vertex -116.4 -74.35 8.18239e-06
      vertex -7.77817 -27.7782 8.18239e-06
    endloop
  endfacet
  facet normal -0 0 -1
    outer loop
      vertex -4.99389 -29.8011 8.18239e-06
      vertex -116.4 -74.35 8.18239e-06
      vertex -6.46564 -28.8992 8.18239e-06
    endloop
  endfacet
  facet normal -0 0 -1
    outer loop
      vertex -3.39919 -30.4616 8.18239e-06
      vertex -116.4 -74.35 8.18239e-06
      vertex -4.99389 -29.8011 8.18239e-06
    endloop
  endfacet
  facet normal -0 0 -1
    outer loop
      vertex -1.72078 -30.8646 8.18239e-06
      vertex -116.4 -74.35 8.18239e-06
      vertex -3.39919 -30.4616 8.18239e-06
    endloop
  endfacet
  facet normal 0 0 -1
    outer loop
      vertex 10.8646 -18.2792 8.18239e-06
      vertex 116.4 0 8.18239e-06
      vertex 11 -20 8.18239e-06
    endloop
  endfacet
  facet normal 0 0 -1
    outer loop
      vertex 10.4616 -16.6008 8.18239e-06
      vertex 116.4 0 8.18239e-06
      vertex 10.8646 -18.2792 8.18239e-06
    endloop
  endfacet
  facet normal 0 0 -1
    outer loop
      vertex 9.80107 -15.0061 8.18239e-06
      vertex 116.4 0 8.18239e-06
      vertex 10.4616 -16.6008 8.18239e-06
    endloop
  endfacet
  facet normal 0 0 -1
    outer loop
      vertex 8.89919 -13.5344 8.18239e-06
      vertex 116.4 0 8.18239e-06
      vertex 9.80107 -15.0061 8.18239e-06
    endloop
  endfacet
  facet normal 0 0 -1
    outer loop
      vertex 7.77817 -12.2218 8.18239e-06
      vertex 116.4 0 8.18239e-06
      vertex 8.89919 -13.5344 8.18239e-06
    endloop
  endfacet
  facet normal 0 0 -1
    outer loop
      vertex 6.46564 -11.1008 8.18239e-06
      vertex 116.4 0 8.18239e-06
      vertex 7.77817 -12.2218 8.18239e-06
    endloop
  endfacet
  facet normal 0 0 -1
    outer loop
      vertex 4.99389 -10.1989 8.18239e-06
      vertex 116.4 0 8.18239e-06
      vertex 6.46564 -11.1008 8.18239e-06
    endloop
  endfacet
  facet normal 0 0 -1
    outer loop
      vertex 3.39919 -9.53838 8.18239e-06
      vertex 116.4 0 8.18239e-06
      vertex 4.99389 -10.1989 8.18239e-06
    endloop
  endfacet
  facet normal 0 0 -1
    outer loop
      vertex 1.72078 -9.13543 8.18239e-06
      vertex 116.4 0 8.18239e-06
      vertex 3.39919 -9.53838 8.18239e-06
    endloop
  endfacet
  facet normal 0 0 -1
    outer loop
      vertex 0 -9 8.18239e-06
      vertex 116.4 0 8.18239e-06
      vertex 1.72078 -9.13543 8.18239e-06
    endloop
  endfacet
  facet normal 0 0 -1
    outer loop
      vertex -10.8646 -21.7208 8.18239e-06
      vertex -116.4 0 8.18239e-06
      vertex -11 -20 8.18239e-06
    endloop
  endfacet
  facet normal 0 0 -1
    outer loop
      vertex -11 -20 8.18239e-06
      vertex -116.4 0 8.18239e-06
      vertex -10.8646 -18.2792 8.18239e-06
    endloop
  endfacet
  facet normal 0 0 -1
    outer loop
      vertex -10.8646 -18.2792 8.18239e-06
      vertex -116.4 0 8.18239e-06
      vertex -10.4616 -16.6008 8.18239e-06
    endloop
  endfacet
  facet normal 0 0 -1
    outer loop
      vertex -10.4616 -16.6008 8.18239e-06
      vertex -116.4 0 8.18239e-06
      vertex -9.80107 -15.0061 8.18239e-06
    endloop
  endfacet
  facet normal 0 0 -1
    outer loop
      vertex -9.80107 -15.0061 8.18239e-06
      vertex -116.4 0 8.18239e-06
      vertex -8.89919 -13.5344 8.18239e-06
    endloop
  endfacet
  facet normal 0 0 -1
    outer loop
      vertex -8.89919 -13.5344 8.18239e-06
      vertex -116.4 0 8.18239e-06
      vertex -7.77817 -12.2218 8.18239e-06
    endloop
  endfacet
  facet normal 0 0 -1
    outer loop
      vertex -7.77817 -12.2218 8.18239e-06
      vertex -116.4 0 8.18239e-06
      vertex -6.46564 -11.1008 8.18239e-06
    endloop
  endfacet
  facet normal 0 0 -1
    outer loop
      vertex 0 -9 8.18239e-06
      vertex -116.4 0 8.18239e-06
      vertex 116.4 0 8.18239e-06
    endloop
  endfacet
  facet normal 0 0 -1
    outer loop
      vertex -1.72078 -9.13543 8.18239e-06
      vertex -116.4 0 8.18239e-06
      vertex 0 -9 8.18239e-06
    endloop
  endfacet
  facet normal 0 0 -1
    outer loop
      vertex -3.39919 -9.53838 8.18239e-06
      vertex -116.4 0 8.18239e-06
      vertex -1.72078 -9.13543 8.18239e-06
    endloop
  endfacet
  facet normal 0 0 -1
    outer loop
      vertex -4.99389 -10.1989 8.18239e-06
      vertex -116.4 0 8.18239e-06
      vertex -3.39919 -9.53838 8.18239e-06
    endloop
  endfacet
  facet normal 0 0 -1
    outer loop
      vertex -6.46564 -11.1008 8.18239e-06
      vertex -116.4 0 8.18239e-06
      vertex -4.99389 -10.1989 8.18239e-06
    endloop
  endfacet
  facet normal -1.31014e-05 -0.865924 0.500175
    outer loop
      vertex 17.667 -77.4003 22.0372
      vertex 74.175 -75.55 25.242
      vertex 17.0414 -77.3252 22.1672
    endloop
  endfacet
  facet normal -6.94243e-05 -0.866338 0.499457
    outer loop
      vertex 74.175 -75.55 25.242
      vertex 105.759 -77.3252 22.1672
      vertex 106.4 -77.3 22.211
    endloop
  endfacet
  facet normal -1.67089e-06 -0.866012 0.500024
    outer loop
      vertex 18.2614 -77.5234 21.824
      vertex 74.175 -75.55 25.242
      vertex 17.667 -77.4003 22.0372
    endloop
  endfacet
  facet normal 2.03148e-05 -0.865939 0.500149
    outer loop
      vertex 74.175 -75.55 25.242
      vertex 105.133 -77.4003 22.0372
      vertex 105.759 -77.3252 22.1672
    endloop
  endfacet
  facet normal 4.21083e-06 -0.866053 0.499952
    outer loop
      vertex 18.8099 -77.6915 21.5328
      vertex 74.175 -75.55 25.242
      vertex 18.2614 -77.5234 21.824
    endloop
  endfacet
  facet normal 2.74146e-06 -0.866013 0.500021
    outer loop
      vertex 74.175 -75.55 25.242
      vertex 104.539 -77.5234 21.824
      vertex 105.133 -77.4003 22.0372
    endloop
  endfacet
  facet normal -5.20742e-06 -0.865993 0.500057
    outer loop
      vertex 19.2176 -77.8656 21.2313
      vertex 74.175 -75.55 25.242
      vertex 18.8099 -77.6915 21.5328
    endloop
  endfacet
  facet normal -7.13301e-06 -0.866051 0.499956
    outer loop
      vertex 74.175 -75.55 25.242
      vertex 103.99 -77.6915 21.5328
      vertex 104.539 -77.5234 21.824
    endloop
  endfacet
  facet normal 1.38737e-05 -0.866106 0.499861
    outer loop
      vertex 19.2991 -77.9004 21.171
      vertex 74.175 -75.55 25.242
      vertex 19.2176 -77.8656 21.2313
    endloop
  endfacet
  facet normal 9.0264e-06 -0.865995 0.500053
    outer loop
      vertex 74.175 -75.55 25.242
      vertex 103.582 -77.8656 21.2313
      vertex 103.99 -77.6915 21.5328
    endloop
  endfacet
  facet normal -3.30175e-05 -0.865832 0.500335
    outer loop
      vertex 19.3688 -77.9412 21.1004
      vertex 74.175 -75.55 25.242
      vertex 19.2991 -77.9004 21.171
    endloop
  endfacet
  facet normal -2.40745e-05 -0.8661 0.499871
    outer loop
      vertex 74.175 -75.55 25.242
      vertex 103.501 -77.9004 21.171
      vertex 103.582 -77.8656 21.2313
    endloop
  endfacet
  facet normal 1.14389e-05 -0.866087 0.499894
    outer loop
      vertex 19.717 -78.145 20.7473
      vertex 74.175 -75.55 25.242
      vertex 19.3688 -77.9412 21.1004
    endloop
  endfacet
  facet normal 5.82869e-05 -0.865843 0.500316
    outer loop
      vertex 74.175 -75.55 25.242
      vertex 103.431 -77.9412 21.1004
      vertex 103.501 -77.9004 21.171
    endloop
  endfacet
  facet normal -4.8547e-06 -0.866001 0.500042
    outer loop
      vertex 19.9971 -78.3736 20.3514
      vertex 74.175 -75.55 25.242
      vertex 19.717 -78.145 20.7473
    endloop
  endfacet
  facet normal -2.02064e-05 -0.866083 0.4999
    outer loop
      vertex 74.175 -75.55 25.242
      vertex 103.083 -78.145 20.7473
      vertex 103.431 -77.9412 21.1004
    endloop
  endfacet
  facet normal 2.44202e-05 -0.866142 0.499799
    outer loop
      vertex 20.0531 -78.4193 20.2722
      vertex 74.175 -75.55 25.242
      vertex 19.9971 -78.3736 20.3514
    endloop
  endfacet
  facet normal 8.72057e-06 -0.866002 0.50004
    outer loop
      vertex 74.175 -75.55 25.242
      vertex 102.803 -78.3736 20.3514
      vertex 103.083 -78.145 20.7473
    endloop
  endfacet
  facet normal 3.23107e-05 -0.866179 0.499734
    outer loop
      vertex 20.0942 -78.4688 20.1864
      vertex 74.175 -75.55 25.242
      vertex 20.0531 -78.4193 20.2722
    endloop
  endfacet
  facet normal -4.38656e-05 -0.866136 0.499809
    outer loop
      vertex 74.175 -75.55 25.242
      vertex 102.747 -78.4193 20.2722
      vertex 102.803 -78.3736 20.3514
    endloop
  endfacet
  facet normal -1.42516e-05 -0.865963 0.500108
    outer loop
      vertex 20.2993 -78.7165 19.7575
      vertex 74.175 -75.55 25.242
      vertex 20.0942 -78.4688 20.1864
    endloop
  endfacet
  facet normal -5.89923e-05 -0.866173 0.499744
    outer loop
      vertex 74.175 -75.55 25.242
      vertex 102.706 -78.4688 20.1864
      vertex 102.747 -78.4193 20.2722
    endloop
  endfacet
  facet normal 1.67645e-06 -0.866031 0.49999
    outer loop
      vertex 20.4495 -79.0293 19.2157
      vertex 74.175 -75.55 25.242
      vertex 20.2993 -78.7165 19.7575
    endloop
  endfacet
  facet normal 2.60181e-05 -0.865966 0.500103
    outer loop
      vertex 74.175 -75.55 25.242
      vertex 102.501 -78.7165 19.7575
      vertex 102.706 -78.4688 20.1864
    endloop
  endfacet
  facet normal -6.64191e-06 -0.865999 0.500046
    outer loop
      vertex 20.5 -79.35 18.6603
      vertex 74.175 -75.55 25.242
      vertex 20.4495 -79.0293 19.2157
    endloop
  endfacet
  facet normal -3.11071e-06 -0.866031 0.499991
    outer loop
      vertex 74.175 -75.55 25.242
      vertex 102.35 -79.0293 19.2157
      vertex 102.501 -78.7165 19.7575
    endloop
  endfacet
  facet normal 4.371e-06 -0.866038 0.499979
    outer loop
      vertex 20.4495 -79.6707 18.1048
      vertex 74.175 -75.55 25.242
      vertex 20.5 -79.35 18.6603
    endloop
  endfacet
  facet normal 1.25526e-05 -0.865999 0.500046
    outer loop
      vertex 74.175 -75.55 25.242
      vertex 102.3 -79.35 18.6603
      vertex 102.35 -79.0293 19.2157
    endloop
  endfacet
  facet normal 2.44336e-06 -0.866031 0.499989
    outer loop
      vertex 20.2993 -79.9835 17.563
      vertex 74.175 -75.55 25.242
      vertex 20.4495 -79.6707 18.1048
    endloop
  endfacet
  facet normal -8.42632e-06 -0.866038 0.499978
    outer loop
      vertex 74.175 -75.55 25.242
      vertex 102.35 -79.6707 18.1048
      vertex 102.3 -79.35 18.6603
    endloop
  endfacet
  facet normal -9.2618e-06 -0.865996 0.500051
    outer loop
      vertex 20.0531 -80.2807 17.0483
      vertex 74.175 -75.55 25.242
      vertex 20.2993 -79.9835 17.563
    endloop
  endfacet
  facet normal -4.82841e-06 -0.866032 0.499989
    outer loop
      vertex 74.175 -75.55 25.242
      vertex 102.501 -79.9835 17.563
      vertex 102.35 -79.6707 18.1048
    endloop
  endfacet
  facet normal 4.96376e-05 -0.866164 0.499759
    outer loop
      vertex 19.9971 -80.3264 16.9691
      vertex 74.175 -75.55 25.242
      vertex 20.0531 -80.2807 17.0483
    endloop
  endfacet
  facet normal 1.88582e-05 -0.865994 0.500054
    outer loop
      vertex 74.175 -75.55 25.242
      vertex 102.747 -80.2807 17.0483
      vertex 102.501 -79.9835 17.563
    endloop
  endfacet
  facet normal -9.42323e-06 -0.865997 0.500049
    outer loop
      vertex 19.717 -80.555 16.5732
      vertex 74.175 -75.55 25.242
      vertex 19.9971 -80.3264 16.9691
    endloop
  endfacet
  facet normal -0.000105317 -0.866181 0.49973
    outer loop
      vertex 74.175 -75.55 25.242
      vertex 102.803 -80.3264 16.9691
      vertex 102.747 -80.2807 17.0483
    endloop
  endfacet
  facet normal 3.01367e-05 -0.866105 0.499863
    outer loop
      vertex 19.3688 -80.7588 16.2201
      vertex 74.175 -75.55 25.242
      vertex 19.717 -80.555 16.5732
    endloop
  endfacet
  facet normal 1.99927e-05 -0.865994 0.500055
    outer loop
      vertex 74.175 -75.55 25.242
      vertex 103.083 -80.555 16.5732
      vertex 102.803 -80.3264 16.9691
    endloop
  endfacet
  facet normal -9.41096e-05 -0.865778 0.500429
    outer loop
      vertex 19.2991 -80.7996 16.1495
      vertex 74.175 -75.55 25.242
      vertex 19.3688 -80.7588 16.2201
    endloop
  endfacet
  facet normal -6.79414e-05 -0.866121 0.499835
    outer loop
      vertex 74.175 -75.55 25.242
      vertex 103.431 -80.7588 16.2201
      vertex 103.083 -80.555 16.5732
    endloop
  endfacet
  facet normal -6.63134e-06 -0.866006 0.500033
    outer loop
      vertex 18.8099 -81.0085 15.7877
      vertex 74.175 -75.55 25.242
      vertex 19.2991 -80.7996 16.1495
    endloop
  endfacet
  facet normal 0.000212661 -0.865726 0.500517
    outer loop
      vertex 74.175 -75.55 25.242
      vertex 103.501 -80.7996 16.1495
      vertex 103.431 -80.7588 16.2201
    endloop
  endfacet
  facet normal 0 -0.866023 0.500004
    outer loop
      vertex 103.99 -81.0085 15.7877
      vertex 74.175 -75.55 25.242
      vertex 18.8099 -81.0085 15.7877
    endloop
  endfacet
  facet normal 1.65742e-05 -0.866 0.500043
    outer loop
      vertex 74.175 -75.55 25.242
      vertex 103.99 -81.0085 15.7877
      vertex 103.501 -80.7996 16.1495
    endloop
  endfacet
  facet normal 0 -0.865982 0.500074
    outer loop
      vertex 18.2614 -81.1766 15.4966
      vertex 103.99 -81.0085 15.7877
      vertex 18.8099 -81.0085 15.7877
    endloop
  endfacet
  facet normal 0 -0.865982 0.500074
    outer loop
      vertex 18.2614 -81.1766 15.4966
      vertex 104.539 -81.1766 15.4966
      vertex 103.99 -81.0085 15.7877
    endloop
  endfacet
  facet normal -6.28122e-05 -0.866515 0.499151
    outer loop
      vertex 116.4 -84.35 10
      vertex 18.2614 -81.1766 15.4966
      vertex 18.1623 -81.1971 15.461
    endloop
  endfacet
  facet normal 0 -0.86603 0.499992
    outer loop
      vertex 18.2614 -81.1766 15.4966
      vertex 116.4 -84.35 10
      vertex 104.539 -81.1766 15.4966
    endloop
  endfacet
  facet normal 1.2143e-06 -0.866017 0.500015
    outer loop
      vertex 116.4 -84.35 10
      vertex 18.1623 -81.1971 15.461
      vertex 17.667 -81.2997 15.2833
    endloop
  endfacet
  facet normal 0.00207487 -0.864083 0.503346
    outer loop
      vertex 104.539 -81.1766 15.4966
      vertex 116.4 -84.35 10
      vertex 104.638 -81.1971 15.461
    endloop
  endfacet
  facet normal 1.27057e-05 -0.865924 0.500176
    outer loop
      vertex 116.4 -84.35 10
      vertex 17.667 -81.2997 15.2833
      vertex 17.0414 -81.3748 15.1533
    endloop
  endfacet
  facet normal -3.99349e-05 -0.866063 0.499934
    outer loop
      vertex 104.638 -81.1971 15.461
      vertex 116.4 -84.35 10
      vertex 105.133 -81.2997 15.2833
    endloop
  endfacet
  facet normal -5.09877e-05 -0.866455 0.499255
    outer loop
      vertex 116.4 -84.35 10
      vertex 17.0414 -81.3748 15.1533
      vertex 16.4 -81.4 15.1095
    endloop
  endfacet
  facet normal -0.000111322 -0.866129 0.49982
    outer loop
      vertex 105.133 -81.2997 15.2833
      vertex 116.4 -84.35 10
      vertex 105.759 -81.3748 15.1533
    endloop
  endfacet
  facet normal 0 -0.866778 0.498694
    outer loop
      vertex -15.7586 -77.3252 22.1672
      vertex 16.4 -77.3 22.211
      vertex -16.4 -77.3 22.211
    endloop
  endfacet
  facet normal 0 -0.866778 0.498694
    outer loop
      vertex -15.7586 -77.3252 22.1672
      vertex 15.7586 -77.3252 22.1672
      vertex 16.4 -77.3 22.211
    endloop
  endfacet
  facet normal 0 -0.865897 0.500222
    outer loop
      vertex -15.133 -77.4003 22.0372
      vertex 15.7586 -77.3252 22.1672
      vertex -15.7586 -77.3252 22.1672
    endloop
  endfacet
  facet normal 0 -0.865897 0.500222
    outer loop
      vertex -15.133 -77.4003 22.0372
      vertex 15.133 -77.4003 22.0372
      vertex 15.7586 -77.3252 22.1672
    endloop
  endfacet
  facet normal 0 -0.86601 0.500027
    outer loop
      vertex -14.5386 -77.5234 21.824
      vertex 15.133 -77.4003 22.0372
      vertex -15.133 -77.4003 22.0372
    endloop
  endfacet
  facet normal 0 -0.86601 0.500027
    outer loop
      vertex -14.5386 -77.5234 21.824
      vertex 14.5386 -77.5234 21.824
      vertex 15.133 -77.4003 22.0372
    endloop
  endfacet
  facet normal 0 -0.866057 0.499946
    outer loop
      vertex -13.9901 -77.6915 21.5328
      vertex 14.5386 -77.5234 21.824
      vertex -14.5386 -77.5234 21.824
    endloop
  endfacet
  facet normal 0 -0.866057 0.499946
    outer loop
      vertex -13.9901 -77.6915 21.5328
      vertex 13.9901 -77.6915 21.5328
      vertex 14.5386 -77.5234 21.824
    endloop
  endfacet
  facet normal 0 -0.865989 0.500062
    outer loop
      vertex -13.5824 -77.8656 21.2313
      vertex 13.9901 -77.6915 21.5328
      vertex -13.9901 -77.6915 21.5328
    endloop
  endfacet
  facet normal 0 -0.865989 0.500062
    outer loop
      vertex -13.5824 -77.8656 21.2313
      vertex 13.5824 -77.8656 21.2313
      vertex 13.9901 -77.6915 21.5328
    endloop
  endfacet
  facet normal 0 -0.866114 0.499847
    outer loop
      vertex -13.5009 -77.9004 21.171
      vertex 13.5824 -77.8656 21.2313
      vertex -13.5824 -77.8656 21.2313
    endloop
  endfacet
  facet normal 0 -0.866114 0.499847
    outer loop
      vertex -13.5009 -77.9004 21.171
      vertex 13.5009 -77.9004 21.171
      vertex 13.5824 -77.8656 21.2313
    endloop
  endfacet
  facet normal 0 -0.865818 0.500359
    outer loop
      vertex -13.4312 -77.9412 21.1004
      vertex 13.5009 -77.9004 21.171
      vertex -13.5009 -77.9004 21.171
    endloop
  endfacet
  facet normal 0 -0.865818 0.500359
    outer loop
      vertex -13.4312 -77.9412 21.1004
      vertex 13.4312 -77.9412 21.1004
      vertex 13.5009 -77.9004 21.171
    endloop
  endfacet
  facet normal 0 -0.866092 0.499885
    outer loop
      vertex -13.083 -78.145 20.7473
      vertex 13.4312 -77.9412 21.1004
      vertex -13.4312 -77.9412 21.1004
    endloop
  endfacet
  facet normal 0 -0.866092 0.499885
    outer loop
      vertex -13.083 -78.145 20.7473
      vertex 13.083 -78.145 20.7473
      vertex 13.4312 -77.9412 21.1004
    endloop
  endfacet
  facet normal 0 -0.866 0.500044
    outer loop
      vertex -12.8029 -78.3736 20.3514
      vertex 13.083 -78.145 20.7473
      vertex -13.083 -78.145 20.7473
    endloop
  endfacet
  facet normal 0 -0.866 0.500044
    outer loop
      vertex -12.8029 -78.3736 20.3514
      vertex 12.8029 -78.3736 20.3514
      vertex 13.083 -78.145 20.7473
    endloop
  endfacet
  facet normal 0 -0.866149 0.499786
    outer loop
      vertex -12.7469 -78.4193 20.2722
      vertex 12.8029 -78.3736 20.3514
      vertex -12.8029 -78.3736 20.3514
    endloop
  endfacet
  facet normal 0 -0.866149 0.499786
    outer loop
      vertex -12.7469 -78.4193 20.2722
      vertex 12.7469 -78.4193 20.2722
      vertex 12.8029 -78.3736 20.3514
    endloop
  endfacet
  facet normal 0 -0.866186 0.499722
    outer loop
      vertex -12.7058 -78.4688 20.1864
      vertex 12.7469 -78.4193 20.2722
      vertex -12.7469 -78.4193 20.2722
    endloop
  endfacet
  facet normal 0 -0.866186 0.499722
    outer loop
      vertex -12.7058 -78.4688 20.1864
      vertex 12.7058 -78.4688 20.1864
      vertex 12.7469 -78.4193 20.2722
    endloop
  endfacet
  facet normal 0 -0.86596 0.500113
    outer loop
      vertex -12.5007 -78.7165 19.7575
      vertex 12.7058 -78.4688 20.1864
      vertex -12.7058 -78.4688 20.1864
    endloop
  endfacet
  facet normal 0 -0.86596 0.500113
    outer loop
      vertex -12.5007 -78.7165 19.7575
      vertex 12.5007 -78.7165 19.7575
      vertex 12.7058 -78.4688 20.1864
    endloop
  endfacet
  facet normal 0 -0.866031 0.49999
    outer loop
      vertex -12.3505 -79.0293 19.2157
      vertex 12.5007 -78.7165 19.7575
      vertex -12.5007 -78.7165 19.7575
    endloop
  endfacet
  facet normal 0 -0.866031 0.49999
    outer loop
      vertex -12.3505 -79.0293 19.2157
      vertex 12.3505 -79.0293 19.2157
      vertex 12.5007 -78.7165 19.7575
    endloop
  endfacet
  facet normal 0 -0.865999 0.500046
    outer loop
      vertex -12.3 -79.35 18.6603
      vertex 12.3505 -79.0293 19.2157
      vertex -12.3505 -79.0293 19.2157
    endloop
  endfacet
  facet normal 0 -0.865999 0.500046
    outer loop
      vertex -12.3 -79.35 18.6603
      vertex 12.3 -79.35 18.6603
      vertex 12.3505 -79.0293 19.2157
    endloop
  endfacet
  facet normal 0 -0.866038 0.499979
    outer loop
      vertex -12.3505 -79.6707 18.1048
      vertex 12.3 -79.35 18.6603
      vertex -12.3 -79.35 18.6603
    endloop
  endfacet
  facet normal 0 -0.866038 0.499979
    outer loop
      vertex -12.3505 -79.6707 18.1048
      vertex 12.3505 -79.6707 18.1048
      vertex 12.3 -79.35 18.6603
    endloop
  endfacet
  facet normal 0 -0.866031 0.49999
    outer loop
      vertex -12.5007 -79.9835 17.563
      vertex 12.3505 -79.6707 18.1048
      vertex -12.3505 -79.6707 18.1048
    endloop
  endfacet
  facet normal 0 -0.866031 0.49999
    outer loop
      vertex -12.5007 -79.9835 17.563
      vertex 12.5007 -79.9835 17.563
      vertex 12.3505 -79.6707 18.1048
    endloop
  endfacet
  facet normal 0 -0.865998 0.500048
    outer loop
      vertex -12.7469 -80.2807 17.0483
      vertex 12.5007 -79.9835 17.563
      vertex -12.5007 -79.9835 17.563
    endloop
  endfacet
  facet normal 0 -0.865998 0.500048
    outer loop
      vertex -12.7469 -80.2807 17.0483
      vertex 12.7469 -80.2807 17.0483
      vertex 12.5007 -79.9835 17.563
    endloop
  endfacet
  facet normal 0 -0.866149 0.499786
    outer loop
      vertex -12.8029 -80.3264 16.9691
      vertex 12.7469 -80.2807 17.0483
      vertex -12.7469 -80.2807 17.0483
    endloop
  endfacet
  facet normal 0 -0.866149 0.499786
    outer loop
      vertex -12.8029 -80.3264 16.9691
      vertex 12.8029 -80.3264 16.9691
      vertex 12.7469 -80.2807 17.0483
    endloop
  endfacet
  facet normal 0 -0.866 0.500044
    outer loop
      vertex -13.083 -80.555 16.5732
      vertex 12.8029 -80.3264 16.9691
      vertex -12.8029 -80.3264 16.9691
    endloop
  endfacet
  facet normal 0 -0.866 0.500044
    outer loop
      vertex -13.083 -80.555 16.5732
      vertex 13.083 -80.555 16.5732
      vertex 12.8029 -80.3264 16.9691
    endloop
  endfacet
  facet normal 0 -0.866092 0.499885
    outer loop
      vertex -13.4312 -80.7588 16.2201
      vertex 13.083 -80.555 16.5732
      vertex -13.083 -80.555 16.5732
    endloop
  endfacet
  facet normal 0 -0.866092 0.499885
    outer loop
      vertex -13.4312 -80.7588 16.2201
      vertex 13.4312 -80.7588 16.2201
      vertex 13.083 -80.555 16.5732
    endloop
  endfacet
  facet normal 0 -0.865818 0.500359
    outer loop
      vertex -13.5009 -80.7996 16.1495
      vertex 13.4312 -80.7588 16.2201
      vertex -13.4312 -80.7588 16.2201
    endloop
  endfacet
  facet normal 0 -0.865818 0.500359
    outer loop
      vertex -13.5009 -80.7996 16.1495
      vertex 13.5009 -80.7996 16.1495
      vertex 13.4312 -80.7588 16.2201
    endloop
  endfacet
  facet normal 0 -0.86601 0.500026
    outer loop
      vertex -13.9901 -81.0085 15.7877
      vertex 13.5009 -80.7996 16.1495
      vertex -13.5009 -80.7996 16.1495
    endloop
  endfacet
  facet normal 0 -0.86601 0.500026
    outer loop
      vertex -13.9901 -81.0085 15.7877
      vertex 13.9901 -81.0085 15.7877
      vertex 13.5009 -80.7996 16.1495
    endloop
  endfacet
  facet normal 0 -0.865982 0.500074
    outer loop
      vertex -14.5386 -81.1766 15.4966
      vertex 13.9901 -81.0085 15.7877
      vertex -13.9901 -81.0085 15.7877
    endloop
  endfacet
  facet normal 0 -0.865982 0.500074
    outer loop
      vertex -14.5386 -81.1766 15.4966
      vertex 14.5386 -81.1766 15.4966
      vertex 13.9901 -81.0085 15.7877
    endloop
  endfacet
  facet normal 0 -0.866591 0.49902
    outer loop
      vertex -14.6377 -81.1971 15.461
      vertex 14.5386 -81.1766 15.4966
      vertex -14.5386 -81.1766 15.4966
    endloop
  endfacet
  facet normal 0 -0.866591 0.49902
    outer loop
      vertex -14.6377 -81.1971 15.461
      vertex 14.6377 -81.1971 15.461
      vertex 14.5386 -81.1766 15.4966
    endloop
  endfacet
  facet normal 0 -0.866015 0.500018
    outer loop
      vertex -15.133 -81.2997 15.2833
      vertex 14.6377 -81.1971 15.461
      vertex -14.6377 -81.1971 15.461
    endloop
  endfacet
  facet normal 0 -0.866015 0.500018
    outer loop
      vertex -15.133 -81.2997 15.2833
      vertex 15.133 -81.2997 15.2833
      vertex 14.6377 -81.1971 15.461
    endloop
  endfacet
  facet normal 0 -0.865897 0.500222
    outer loop
      vertex -15.7586 -81.3748 15.1533
      vertex 15.133 -81.2997 15.2833
      vertex -15.133 -81.2997 15.2833
    endloop
  endfacet
  facet normal 0 -0.865897 0.500222
    outer loop
      vertex -15.7586 -81.3748 15.1533
      vertex 15.7586 -81.3748 15.1533
      vertex 15.133 -81.2997 15.2833
    endloop
  endfacet
  facet normal 0 -0.866778 0.498694
    outer loop
      vertex -16.4 -81.4 15.1095
      vertex 15.7586 -81.3748 15.1533
      vertex -15.7586 -81.3748 15.1533
    endloop
  endfacet
  facet normal 0 -0.866778 0.498694
    outer loop
      vertex 15.7586 -81.3748 15.1533
      vertex -16.4 -81.4 15.1095
      vertex 16.4 -81.4 15.1095
    endloop
  endfacet
  facet normal -2.03148e-05 -0.865939 0.500149
    outer loop
      vertex -105.133 -77.4003 22.0372
      vertex -74.175 -75.55 25.242
      vertex -105.759 -77.3252 22.1672
    endloop
  endfacet
  facet normal -5.20493e-05 -0.866448 0.499267
    outer loop
      vertex -74.175 -75.55 25.242
      vertex -17.0414 -77.3252 22.1672
      vertex -16.4 -77.3 22.211
    endloop
  endfacet
  facet normal -2.74146e-06 -0.866013 0.500021
    outer loop
      vertex -104.539 -77.5234 21.824
      vertex -74.175 -75.55 25.242
      vertex -105.133 -77.4003 22.0372
    endloop
  endfacet
  facet normal 1.31014e-05 -0.865924 0.500175
    outer loop
      vertex -74.175 -75.55 25.242
      vertex -17.667 -77.4003 22.0372
      vertex -17.0414 -77.3252 22.1672
    endloop
  endfacet
  facet normal 7.13301e-06 -0.866051 0.499956
    outer loop
      vertex -103.99 -77.6915 21.5328
      vertex -74.175 -75.55 25.242
      vertex -104.539 -77.5234 21.824
    endloop
  endfacet
  facet normal 1.67089e-06 -0.866012 0.500024
    outer loop
      vertex -74.175 -75.55 25.242
      vertex -18.2614 -77.5234 21.824
      vertex -17.667 -77.4003 22.0372
    endloop
  endfacet
  facet normal -9.0264e-06 -0.865995 0.500053
    outer loop
      vertex -103.582 -77.8656 21.2313
      vertex -74.175 -75.55 25.242
      vertex -103.99 -77.6915 21.5328
    endloop
  endfacet
  facet normal -4.21083e-06 -0.866053 0.499952
    outer loop
      vertex -74.175 -75.55 25.242
      vertex -18.8099 -77.6915 21.5328
      vertex -18.2614 -77.5234 21.824
    endloop
  endfacet
  facet normal 2.40745e-05 -0.8661 0.499871
    outer loop
      vertex -103.501 -77.9004 21.171
      vertex -74.175 -75.55 25.242
      vertex -103.582 -77.8656 21.2313
    endloop
  endfacet
  facet normal 5.20742e-06 -0.865993 0.500057
    outer loop
      vertex -74.175 -75.55 25.242
      vertex -19.2176 -77.8656 21.2313
      vertex -18.8099 -77.6915 21.5328
    endloop
  endfacet
  facet normal -5.82869e-05 -0.865843 0.500316
    outer loop
      vertex -103.431 -77.9412 21.1004
      vertex -74.175 -75.55 25.242
      vertex -103.501 -77.9004 21.171
    endloop
  endfacet
  facet normal -1.38737e-05 -0.866106 0.499861
    outer loop
      vertex -74.175 -75.55 25.242
      vertex -19.2991 -77.9004 21.171
      vertex -19.2176 -77.8656 21.2313
    endloop
  endfacet
  facet normal 2.02064e-05 -0.866083 0.4999
    outer loop
      vertex -103.083 -78.145 20.7473
      vertex -74.175 -75.55 25.242
      vertex -103.431 -77.9412 21.1004
    endloop
  endfacet
  facet normal 3.30175e-05 -0.865832 0.500335
    outer loop
      vertex -74.175 -75.55 25.242
      vertex -19.3688 -77.9412 21.1004
      vertex -19.2991 -77.9004 21.171
    endloop
  endfacet
  facet normal -8.72057e-06 -0.866002 0.50004
    outer loop
      vertex -102.803 -78.3736 20.3514
      vertex -74.175 -75.55 25.242
      vertex -103.083 -78.145 20.7473
    endloop
  endfacet
  facet normal -1.14389e-05 -0.866087 0.499894
    outer loop
      vertex -74.175 -75.55 25.242
      vertex -19.717 -78.145 20.7473
      vertex -19.3688 -77.9412 21.1004
    endloop
  endfacet
  facet normal 4.38656e-05 -0.866136 0.499809
    outer loop
      vertex -102.747 -78.4193 20.2722
      vertex -74.175 -75.55 25.242
      vertex -102.803 -78.3736 20.3514
    endloop
  endfacet
  facet normal 4.8547e-06 -0.866001 0.500042
    outer loop
      vertex -74.175 -75.55 25.242
      vertex -19.9971 -78.3736 20.3514
      vertex -19.717 -78.145 20.7473
    endloop
  endfacet
  facet normal 5.89923e-05 -0.866173 0.499744
    outer loop
      vertex -102.706 -78.4688 20.1864
      vertex -74.175 -75.55 25.242
      vertex -102.747 -78.4193 20.2722
    endloop
  endfacet
  facet normal -2.44202e-05 -0.866142 0.499799
    outer loop
      vertex -74.175 -75.55 25.242
      vertex -20.0531 -78.4193 20.2722
      vertex -19.9971 -78.3736 20.3514
    endloop
  endfacet
  facet normal -2.60181e-05 -0.865966 0.500103
    outer loop
      vertex -102.501 -78.7165 19.7575
      vertex -74.175 -75.55 25.242
      vertex -102.706 -78.4688 20.1864
    endloop
  endfacet
  facet normal -3.23107e-05 -0.866179 0.499734
    outer loop
      vertex -74.175 -75.55 25.242
      vertex -20.0942 -78.4688 20.1864
      vertex -20.0531 -78.4193 20.2722
    endloop
  endfacet
  facet normal 3.11071e-06 -0.866031 0.499991
    outer loop
      vertex -102.35 -79.0293 19.2157
      vertex -74.175 -75.55 25.242
      vertex -102.501 -78.7165 19.7575
    endloop
  endfacet
  facet normal 1.42516e-05 -0.865963 0.500108
    outer loop
      vertex -74.175 -75.55 25.242
      vertex -20.2993 -78.7165 19.7575
      vertex -20.0942 -78.4688 20.1864
    endloop
  endfacet
  facet normal -1.25526e-05 -0.865999 0.500046
    outer loop
      vertex -102.3 -79.35 18.6603
      vertex -74.175 -75.55 25.242
      vertex -102.35 -79.0293 19.2157
    endloop
  endfacet
  facet normal -1.67645e-06 -0.866031 0.49999
    outer loop
      vertex -74.175 -75.55 25.242
      vertex -20.4495 -79.0293 19.2157
      vertex -20.2993 -78.7165 19.7575
    endloop
  endfacet
  facet normal 8.42632e-06 -0.866038 0.499978
    outer loop
      vertex -102.35 -79.6707 18.1048
      vertex -74.175 -75.55 25.242
      vertex -102.3 -79.35 18.6603
    endloop
  endfacet
  facet normal 6.64191e-06 -0.865999 0.500046
    outer loop
      vertex -74.175 -75.55 25.242
      vertex -20.5 -79.35 18.6603
      vertex -20.4495 -79.0293 19.2157
    endloop
  endfacet
  facet normal 4.82841e-06 -0.866032 0.499989
    outer loop
      vertex -102.501 -79.9835 17.563
      vertex -74.175 -75.55 25.242
      vertex -102.35 -79.6707 18.1048
    endloop
  endfacet
  facet normal -4.371e-06 -0.866038 0.499979
    outer loop
      vertex -74.175 -75.55 25.242
      vertex -20.4495 -79.6707 18.1048
      vertex -20.5 -79.35 18.6603
    endloop
  endfacet
  facet normal -1.88582e-05 -0.865994 0.500054
    outer loop
      vertex -102.747 -80.2807 17.0483
      vertex -74.175 -75.55 25.242
      vertex -102.501 -79.9835 17.563
    endloop
  endfacet
  facet normal -2.44336e-06 -0.866031 0.499989
    outer loop
      vertex -74.175 -75.55 25.242
      vertex -20.2993 -79.9835 17.563
      vertex -20.4495 -79.6707 18.1048
    endloop
  endfacet
  facet normal 0.000105317 -0.866181 0.49973
    outer loop
      vertex -102.803 -80.3264 16.9691
      vertex -74.175 -75.55 25.242
      vertex -102.747 -80.2807 17.0483
    endloop
  endfacet
  facet normal 9.2618e-06 -0.865996 0.500051
    outer loop
      vertex -74.175 -75.55 25.242
      vertex -20.0531 -80.2807 17.0483
      vertex -20.2993 -79.9835 17.563
    endloop
  endfacet
  facet normal -1.99927e-05 -0.865994 0.500055
    outer loop
      vertex -103.083 -80.555 16.5732
      vertex -74.175 -75.55 25.242
      vertex -102.803 -80.3264 16.9691
    endloop
  endfacet
  facet normal -4.96376e-05 -0.866164 0.499759
    outer loop
      vertex -74.175 -75.55 25.242
      vertex -19.9971 -80.3264 16.9691
      vertex -20.0531 -80.2807 17.0483
    endloop
  endfacet
  facet normal 6.79414e-05 -0.866121 0.499835
    outer loop
      vertex -103.431 -80.7588 16.2201
      vertex -74.175 -75.55 25.242
      vertex -103.083 -80.555 16.5732
    endloop
  endfacet
  facet normal 9.42323e-06 -0.865997 0.500049
    outer loop
      vertex -74.175 -75.55 25.242
      vertex -19.717 -80.555 16.5732
      vertex -19.9971 -80.3264 16.9691
    endloop
  endfacet
  facet normal -0.000212661 -0.865726 0.500517
    outer loop
      vertex -103.501 -80.7996 16.1495
      vertex -74.175 -75.55 25.242
      vertex -103.431 -80.7588 16.2201
    endloop
  endfacet
  facet normal -3.01367e-05 -0.866105 0.499863
    outer loop
      vertex -74.175 -75.55 25.242
      vertex -19.3688 -80.7588 16.2201
      vertex -19.717 -80.555 16.5732
    endloop
  endfacet
  facet normal -1.65742e-05 -0.866 0.500043
    outer loop
      vertex -103.99 -81.0085 15.7877
      vertex -74.175 -75.55 25.242
      vertex -103.501 -80.7996 16.1495
    endloop
  endfacet
  facet normal 9.41096e-05 -0.865778 0.500429
    outer loop
      vertex -74.175 -75.55 25.242
      vertex -19.2991 -80.7996 16.1495
      vertex -19.3688 -80.7588 16.2201
    endloop
  endfacet
  facet normal 0 -0.866023 0.500004
    outer loop
      vertex -18.8099 -81.0085 15.7877
      vertex -74.175 -75.55 25.242
      vertex -103.99 -81.0085 15.7877
    endloop
  endfacet
  facet normal 6.63134e-06 -0.866006 0.500033
    outer loop
      vertex -74.175 -75.55 25.242
      vertex -18.8099 -81.0085 15.7877
      vertex -19.2991 -80.7996 16.1495
    endloop
  endfacet
  facet normal 0 -0.865982 0.500074
    outer loop
      vertex -104.539 -81.1766 15.4966
      vertex -18.8099 -81.0085 15.7877
      vertex -103.99 -81.0085 15.7877
    endloop
  endfacet
  facet normal 0 -0.865982 0.500074
    outer loop
      vertex -104.539 -81.1766 15.4966
      vertex -18.2614 -81.1766 15.4966
      vertex -18.8099 -81.0085 15.7877
    endloop
  endfacet
  facet normal -0.00207487 -0.864083 0.503346
    outer loop
      vertex -116.4 -84.35 10
      vertex -104.539 -81.1766 15.4966
      vertex -104.638 -81.1971 15.461
    endloop
  endfacet
  facet normal 0 -0.86603 0.499992
    outer loop
      vertex -104.539 -81.1766 15.4966
      vertex -116.4 -84.35 10
      vertex -18.2614 -81.1766 15.4966
    endloop
  endfacet
  facet normal 3.99349e-05 -0.866063 0.499934
    outer loop
      vertex -116.4 -84.35 10
      vertex -104.638 -81.1971 15.461
      vertex -105.133 -81.2997 15.2833
    endloop
  endfacet
  facet normal 6.28122e-05 -0.866515 0.499151
    outer loop
      vertex -18.2614 -81.1766 15.4966
      vertex -116.4 -84.35 10
      vertex -18.1623 -81.1971 15.461
    endloop
  endfacet
  facet normal 0.000111322 -0.866129 0.49982
    outer loop
      vertex -116.4 -84.35 10
      vertex -105.133 -81.2997 15.2833
      vertex -105.759 -81.3748 15.1533
    endloop
  endfacet
  facet normal -1.2143e-06 -0.866017 0.500015
    outer loop
      vertex -18.1623 -81.1971 15.461
      vertex -116.4 -84.35 10
      vertex -17.667 -81.2997 15.2833
    endloop
  endfacet
  facet normal -0.000137523 -0.865907 0.500206
    outer loop
      vertex -116.4 -84.35 10
      vertex -105.759 -81.3748 15.1533
      vertex -106.4 -81.4 15.1095
    endloop
  endfacet
  facet normal -1.27057e-05 -0.865924 0.500176
    outer loop
      vertex -17.667 -81.2997 15.2833
      vertex -116.4 -84.35 10
      vertex -17.0414 -81.3748 15.1533
    endloop
  endfacet
  facet normal -3.03776e-05 -0.86596 0.500112
    outer loop
      vertex 17.667 -13.0503 133.495
      vertex 116.4 0 156.098
      vertex 17.0414 -12.9752 133.625
    endloop
  endfacet
  facet normal 0.000520757 -0.866125 0.499827
    outer loop
      vertex 116.4 0 156.098
      vertex 105.759 -12.9752 133.625
      vertex 106.4 -12.95 133.668
    endloop
  endfacet
  facet normal 0.000116993 -0.866239 0.49963
    outer loop
      vertex 18.1623 -13.1529 133.317
      vertex 116.4 0 156.098
      vertex 17.667 -13.0503 133.495
    endloop
  endfacet
  facet normal 6.46071e-05 -0.866032 0.499989
    outer loop
      vertex 116.4 0 156.098
      vertex 105.133 -13.0503 133.495
      vertex 105.759 -12.9752 133.625
    endloop
  endfacet
  facet normal 0.000972637 -0.867831 0.496859
    outer loop
      vertex 18.2614 -13.1734 133.281
      vertex 116.4 0 156.098
      vertex 18.1623 -13.1529 133.317
    endloop
  endfacet
  facet normal -0.000366406 -0.865939 0.50015
    outer loop
      vertex 116.4 0 156.098
      vertex 104.638 -13.1529 133.317
      vertex 105.133 -13.0503 133.495
    endloop
  endfacet
  facet normal -0.000833517 -0.864469 0.502686
    outer loop
      vertex 18.3528 -13.2014 133.233
      vertex 116.4 0 156.098
      vertex 18.2614 -13.1734 133.281
    endloop
  endfacet
  facet normal -0.00306753 -0.86533 0.501193
    outer loop
      vertex 116.4 0 156.098
      vertex 104.539 -13.1734 133.281
      vertex 104.638 -13.1529 133.317
    endloop
  endfacet
  facet normal 0.000115079 -0.866234 0.499638
    outer loop
      vertex 18.8099 -13.3415 132.99
      vertex 116.4 0 156.098
      vertex 18.3528 -13.2014 133.233
    endloop
  endfacet
  facet normal 0.00371303 -0.866854 0.498548
    outer loop
      vertex 116.4 0 156.098
      vertex 104.447 -13.2014 133.233
      vertex 104.539 -13.1734 133.281
    endloop
  endfacet
  facet normal -1.76076e-06 -0.866021 0.500008
    outer loop
      vertex 74.175 -18.8 123.536
      vertex 116.4 0 156.098
      vertex 18.8099 -13.3415 132.99
    endloop
  endfacet
  facet normal -0.000522625 -0.865902 0.500213
    outer loop
      vertex 116.4 0 156.098
      vertex 103.99 -13.3415 132.99
      vertex 104.447 -13.2014 133.233
    endloop
  endfacet
  facet normal -5.82264e-05 -0.866164 0.49976
    outer loop
      vertex 74.175 -18.8 123.536
      vertex 18.8099 -13.3415 132.99
      vertex 19.2991 -13.5504 132.628
    endloop
  endfacet
  facet normal 1.19441e-05 -0.866028 0.499995
    outer loop
      vertex 103.501 -13.5504 132.628
      vertex 116.4 0 156.098
      vertex 74.175 -18.8 123.536
    endloop
  endfacet
  facet normal 0.000148146 -0.865624 0.500694
    outer loop
      vertex 74.175 -18.8 123.536
      vertex 19.2991 -13.5504 132.628
      vertex 19.717 -13.795 132.205
    endloop
  endfacet
  facet normal -0.00030044 -0.865954 0.500124
    outer loop
      vertex 116.4 0 156.098
      vertex 103.501 -13.5504 132.628
      vertex 103.99 -13.3415 132.99
    endloop
  endfacet
  facet normal 2.00592e-05 -0.865973 0.500091
    outer loop
      vertex 74.175 -18.8 123.536
      vertex 19.717 -13.795 132.205
      vertex 20.0531 -14.0693 131.73
    endloop
  endfacet
  facet normal -0.000334209 -0.865545 0.500832
    outer loop
      vertex 103.501 -13.5504 132.628
      vertex 74.175 -18.8 123.536
      vertex 103.083 -13.795 132.205
    endloop
  endfacet
  facet normal -3.52979e-05 -0.866131 0.499817
    outer loop
      vertex 74.175 -18.8 123.536
      vertex 20.0531 -14.0693 131.73
      vertex 20.2993 -14.3665 131.215
    endloop
  endfacet
  facet normal -4.25598e-05 -0.865966 0.500103
    outer loop
      vertex 103.083 -13.795 132.205
      vertex 74.175 -18.8 123.536
      vertex 102.747 -14.0693 131.73
    endloop
  endfacet
  facet normal -7.50578e-05 -0.866252 0.499607
    outer loop
      vertex 74.175 -18.8 123.536
      vertex 20.2993 -14.3665 131.215
      vertex 20.4245 -14.6272 130.763
    endloop
  endfacet
  facet normal 7.18687e-05 -0.866139 0.499803
    outer loop
      vertex 102.747 -14.0693 131.73
      vertex 74.175 -18.8 123.536
      vertex 102.501 -14.3665 131.215
    endloop
  endfacet
  facet normal 0.000181137 -0.865426 0.501036
    outer loop
      vertex 74.175 -18.8 123.536
      vertex 20.4245 -14.6272 130.763
      vertex 20.4495 -14.6793 130.673
    endloop
  endfacet
  facet normal 0.000148238 -0.866261 0.499592
    outer loop
      vertex 102.501 -14.3665 131.215
      vertex 74.175 -18.8 123.536
      vertex 102.376 -14.6272 130.763
    endloop
  endfacet
  facet normal 0.000482446 -0.86444 0.502735
    outer loop
      vertex 74.175 -18.8 123.536
      vertex 20.4495 -14.6793 130.673
      vertex 20.4579 -14.7328 130.581
    endloop
  endfacet
  facet normal -0.000358911 -0.865403 0.501076
    outer loop
      vertex 102.376 -14.6272 130.763
      vertex 74.175 -18.8 123.536
      vertex 102.35 -14.6793 130.673
    endloop
  endfacet
  facet normal -2.43047e-05 -0.866118 0.49984
    outer loop
      vertex 74.175 -18.8 123.536
      vertex 20.4579 -14.7328 130.581
      vertex 20.5 -15 130.118
    endloop
  endfacet
  facet normal -0.000929246 -0.864424 0.502762
    outer loop
      vertex 102.35 -14.6793 130.673
      vertex 74.175 -18.8 123.536
      vertex 102.342 -14.7328 130.581
    endloop
  endfacet
  facet normal -0.000330104 -0.867195 0.497968
    outer loop
      vertex 74.175 -18.8 123.536
      vertex 20.5 -15 130.118
      vertex 20.4916 -15.0534 130.025
    endloop
  endfacet
  facet normal 4.68619e-05 -0.866119 0.499838
    outer loop
      vertex 102.342 -14.7328 130.581
      vertex 74.175 -18.8 123.536
      vertex 102.3 -15 130.118
    endloop
  endfacet
  facet normal -5.7245e-06 -0.866036 0.499982
    outer loop
      vertex 74.175 -18.8 123.536
      vertex 20.4916 -15.0534 130.025
      vertex 20.4495 -15.3207 129.562
    endloop
  endfacet
  facet normal 0.000624385 -0.867185 0.497986
    outer loop
      vertex 102.3 -15 130.118
      vertex 74.175 -18.8 123.536
      vertex 102.308 -15.0534 130.025
    endloop
  endfacet
  facet normal 4.1979e-05 -0.865852 0.500301
    outer loop
      vertex 74.175 -18.8 123.536
      vertex 20.4495 -15.3207 129.562
      vertex 20.3244 -15.5813 129.111
    endloop
  endfacet
  facet normal 1.08172e-05 -0.866036 0.499982
    outer loop
      vertex 102.308 -15.0534 130.025
      vertex 74.175 -18.8 123.536
      vertex 102.35 -15.3207 129.562
    endloop
  endfacet
  facet normal -0.000324679 -0.867382 0.497643
    outer loop
      vertex 74.175 -18.8 123.536
      vertex 20.3244 -15.5813 129.111
      vertex 20.2993 -15.6335 129.02
    endloop
  endfacet
  facet normal -7.78847e-05 -0.865856 0.500293
    outer loop
      vertex 102.35 -15.3207 129.562
      vertex 74.175 -18.8 123.536
      vertex 102.476 -15.5813 129.111
    endloop
  endfacet
  facet normal 6.74813e-05 -0.865717 0.500534
    outer loop
      vertex 74.175 -18.8 123.536
      vertex 20.2993 -15.6335 129.02
      vertex 20.0531 -15.9307 128.506
    endloop
  endfacet
  facet normal 0.000602788 -0.867349 0.4977
    outer loop
      vertex 102.476 -15.5813 129.111
      vertex 74.175 -18.8 123.536
      vertex 102.501 -15.6335 129.02
    endloop
  endfacet
  facet normal 1.11813e-05 -0.865983 0.500074
    outer loop
      vertex 74.175 -18.8 123.536
      vertex 20.0531 -15.9307 128.506
      vertex 19.717 -16.205 128.031
    endloop
  endfacet
  facet normal -0.000123193 -0.865728 0.500514
    outer loop
      vertex 102.501 -15.6335 129.02
      vertex 74.175 -18.8 123.536
      vertex 102.747 -15.9307 128.506
    endloop
  endfacet
  facet normal -2.78569e-05 -0.866187 0.499719
    outer loop
      vertex 74.175 -18.8 123.536
      vertex 19.717 -16.205 128.031
      vertex 19.2991 -16.4496 127.607
    endloop
  endfacet
  facet normal -2.00849e-05 -0.865985 0.500069
    outer loop
      vertex 102.747 -15.9307 128.506
      vertex 74.175 -18.8 123.536
      vertex 103.083 -16.205 128.031
    endloop
  endfacet
  facet normal 0.00015439 -0.865122 0.501561
    outer loop
      vertex 74.175 -18.8 123.536
      vertex 19.2991 -16.4496 127.607
      vertex 19.2176 -16.4844 127.547
    endloop
  endfacet
  facet normal 4.92039e-05 -0.866178 0.499735
    outer loop
      vertex 103.083 -16.205 128.031
      vertex 74.175 -18.8 123.536
      vertex 103.501 -16.4496 127.607
    endloop
  endfacet
  facet normal -4.73301e-05 -0.86632 0.499489
    outer loop
      vertex 74.175 -18.8 123.536
      vertex 19.2176 -16.4844 127.547
      vertex 18.8099 -16.6585 127.245
    endloop
  endfacet
  facet normal -0.000267841 -0.865188 0.501447
    outer loop
      vertex 103.501 -16.4496 127.607
      vertex 74.175 -18.8 123.536
      vertex 103.582 -16.4844 127.547
    endloop
  endfacet
  facet normal 1.46216e-05 -0.86592 0.500183
    outer loop
      vertex 74.175 -18.8 123.536
      vertex 18.8099 -16.6585 127.245
      vertex 18.2614 -16.8266 126.954
    endloop
  endfacet
  facet normal 8.2047e-05 -0.8663 0.499524
    outer loop
      vertex 103.582 -16.4844 127.547
      vertex 74.175 -18.8 123.536
      vertex 103.99 -16.6585 127.245
    endloop
  endfacet
  facet normal -6.84671e-05 -0.866508 0.499163
    outer loop
      vertex 74.175 -18.8 123.536
      vertex 18.2614 -16.8266 126.954
      vertex 17.766 -16.9291 126.776
    endloop
  endfacet
  facet normal -2.47676e-05 -0.865928 0.500168
    outer loop
      vertex 103.99 -16.6585 127.245
      vertex 74.175 -18.8 123.536
      vertex 104.539 -16.8266 126.954
    endloop
  endfacet
  facet normal 0.000474395 -0.862393 0.506238
    outer loop
      vertex 74.175 -18.8 123.536
      vertex 17.766 -16.9291 126.776
      vertex 17.667 -16.9497 126.741
    endloop
  endfacet
  facet normal 0.00011235 -0.866455 0.499254
    outer loop
      vertex 104.539 -16.8266 126.954
      vertex 74.175 -18.8 123.536
      vertex 105.034 -16.9291 126.776
    endloop
  endfacet
  facet normal 1.44922e-05 -0.865927 0.50017
    outer loop
      vertex 74.175 -18.8 123.536
      vertex 17.667 -16.9497 126.741
      vertex 17.0414 -17.0248 126.611
    endloop
  endfacet
  facet normal -0.000777573 -0.862767 0.505601
    outer loop
      vertex 105.034 -16.9291 126.776
      vertex 74.175 -18.8 123.536
      vertex 105.133 -16.9497 126.741
    endloop
  endfacet
  facet normal -0.00011959 -0.867004 0.4983
    outer loop
      vertex 74.175 -18.8 123.536
      vertex 17.0414 -17.0248 126.611
      vertex 16.4 -17.05 126.567
    endloop
  endfacet
  facet normal -2.24711e-05 -0.865944 0.500141
    outer loop
      vertex 105.133 -16.9497 126.741
      vertex 74.175 -18.8 123.536
      vertex 105.759 -17.0248 126.611
    endloop
  endfacet
  facet normal 0 -0.862758 0.505617
    outer loop
      vertex -15.7586 -12.9752 133.625
      vertex 16.4 -12.95 133.668
      vertex -16.4 -12.95 133.668
    endloop
  endfacet
  facet normal 0 -0.862758 0.505617
    outer loop
      vertex -15.7586 -12.9752 133.625
      vertex 15.7586 -12.9752 133.625
      vertex 16.4 -12.95 133.668
    endloop
  endfacet
  facet normal 0 -0.865897 0.500222
    outer loop
      vertex -15.133 -13.0503 133.495
      vertex 15.7586 -12.9752 133.625
      vertex -15.7586 -12.9752 133.625
    endloop
  endfacet
  facet normal 0 -0.865897 0.500222
    outer loop
      vertex -15.133 -13.0503 133.495
      vertex 15.133 -13.0503 133.495
      vertex 15.7586 -12.9752 133.625
    endloop
  endfacet
  facet normal 0 -0.86638 0.499385
    outer loop
      vertex -14.6377 -13.1529 133.317
      vertex 15.133 -13.0503 133.495
      vertex -15.133 -13.0503 133.495
    endloop
  endfacet
  facet normal 0 -0.86638 0.499385
    outer loop
      vertex -14.6377 -13.1529 133.317
      vertex 14.6377 -13.1529 133.317
      vertex 15.133 -13.0503 133.495
    endloop
  endfacet
  facet normal 0 -0.868985 0.494839
    outer loop
      vertex -14.5386 -13.1734 133.281
      vertex 14.6377 -13.1529 133.317
      vertex -14.6377 -13.1529 133.317
    endloop
  endfacet
  facet normal 0 -0.868985 0.494839
    outer loop
      vertex -14.5386 -13.1734 133.281
      vertex 14.5386 -13.1734 133.281
      vertex 14.6377 -13.1529 133.317
    endloop
  endfacet
  facet normal 0 -0.863779 0.503871
    outer loop
      vertex -14.4472 -13.2014 133.233
      vertex 14.5386 -13.1734 133.281
      vertex -14.5386 -13.1734 133.281
    endloop
  endfacet
  facet normal 0 -0.863779 0.503871
    outer loop
      vertex -14.4472 -13.2014 133.233
      vertex 14.4472 -13.2014 133.233
      vertex 14.5386 -13.1734 133.281
    endloop
  endfacet
  facet normal 0 -0.866328 0.499476
    outer loop
      vertex -13.9901 -13.3415 132.99
      vertex 14.4472 -13.2014 133.233
      vertex -14.4472 -13.2014 133.233
    endloop
  endfacet
  facet normal 0 -0.866328 0.499476
    outer loop
      vertex -13.9901 -13.3415 132.99
      vertex 13.9901 -13.3415 132.99
      vertex 14.4472 -13.2014 133.233
    endloop
  endfacet
  facet normal 0 -0.86613 0.499819
    outer loop
      vertex -13.5009 -13.5504 132.628
      vertex 13.9901 -13.3415 132.99
      vertex -13.9901 -13.3415 132.99
    endloop
  endfacet
  facet normal 0 -0.86613 0.499819
    outer loop
      vertex -13.5009 -13.5504 132.628
      vertex 13.5009 -13.5504 132.628
      vertex 13.9901 -13.3415 132.99
    endloop
  endfacet
  facet normal 0 -0.865688 0.500584
    outer loop
      vertex -13.083 -13.795 132.205
      vertex 13.5009 -13.5504 132.628
      vertex -13.5009 -13.5504 132.628
    endloop
  endfacet
  facet normal 0 -0.865688 0.500584
    outer loop
      vertex -13.083 -13.795 132.205
      vertex 13.083 -13.795 132.205
      vertex 13.5009 -13.5504 132.628
    endloop
  endfacet
  facet normal 0 -0.865979 0.50008
    outer loop
      vertex -12.7469 -14.0693 131.73
      vertex 13.083 -13.795 132.205
      vertex -13.083 -13.795 132.205
    endloop
  endfacet
  facet normal 0 -0.865979 0.50008
    outer loop
      vertex -12.7469 -14.0693 131.73
      vertex 12.7469 -14.0693 131.73
      vertex 13.083 -13.795 132.205
    endloop
  endfacet
  facet normal 0 -0.866124 0.499829
    outer loop
      vertex -12.5007 -14.3665 131.215
      vertex 12.7469 -14.0693 131.73
      vertex -12.7469 -14.0693 131.73
    endloop
  endfacet
  facet normal 0 -0.866124 0.499829
    outer loop
      vertex -12.5007 -14.3665 131.215
      vertex 12.5007 -14.3665 131.215
      vertex 12.7469 -14.0693 131.73
    endloop
  endfacet
  facet normal 0 -0.866243 0.499623
    outer loop
      vertex -12.3755 -14.6272 130.763
      vertex 12.5007 -14.3665 131.215
      vertex -12.5007 -14.3665 131.215
    endloop
  endfacet
  facet normal 0 -0.866243 0.499623
    outer loop
      vertex -12.3755 -14.6272 130.763
      vertex 12.3755 -14.6272 130.763
      vertex 12.5007 -14.3665 131.215
    endloop
  endfacet
  facet normal 0 -0.865448 0.500998
    outer loop
      vertex -12.3505 -14.6793 130.673
      vertex 12.3755 -14.6272 130.763
      vertex -12.3755 -14.6272 130.763
    endloop
  endfacet
  facet normal 0 -0.865448 0.500998
    outer loop
      vertex -12.3505 -14.6793 130.673
      vertex 12.3505 -14.6793 130.673
      vertex 12.3755 -14.6272 130.763
    endloop
  endfacet
  facet normal 0 -0.86446 0.502702
    outer loop
      vertex -12.3421 -14.7328 130.581
      vertex 12.3505 -14.6793 130.673
      vertex -12.3505 -14.6793 130.673
    endloop
  endfacet
  facet normal 0 -0.86446 0.502702
    outer loop
      vertex -12.3421 -14.7328 130.581
      vertex 12.3421 -14.7328 130.581
      vertex 12.3505 -14.6793 130.673
    endloop
  endfacet
  facet normal 0 -0.866117 0.499841
    outer loop
      vertex -12.3 -15 130.118
      vertex 12.3421 -14.7328 130.581
      vertex -12.3421 -14.7328 130.581
    endloop
  endfacet
  facet normal 0 -0.866117 0.499841
    outer loop
      vertex -12.3 -15 130.118
      vertex 12.3 -15 130.118
      vertex 12.3421 -14.7328 130.581
    endloop
  endfacet
  facet normal 0 -0.867208 0.497945
    outer loop
      vertex -12.3084 -15.0534 130.025
      vertex 12.3 -15 130.118
      vertex -12.3 -15 130.118
    endloop
  endfacet
  facet normal 0 -0.867208 0.497945
    outer loop
      vertex -12.3084 -15.0534 130.025
      vertex 12.3084 -15.0534 130.025
      vertex 12.3 -15 130.118
    endloop
  endfacet
  facet normal 0 -0.866036 0.499982
    outer loop
      vertex -12.3505 -15.3207 129.562
      vertex 12.3084 -15.0534 130.025
      vertex -12.3084 -15.0534 130.025
    endloop
  endfacet
  facet normal 0 -0.866036 0.499982
    outer loop
      vertex -12.3505 -15.3207 129.562
      vertex 12.3505 -15.3207 129.562
      vertex 12.3084 -15.0534 130.025
    endloop
  endfacet
  facet normal 0 -0.865847 0.50031
    outer loop
      vertex -12.4756 -15.5813 129.111
      vertex 12.3505 -15.3207 129.562
      vertex -12.3505 -15.3207 129.562
    endloop
  endfacet
  facet normal 0 -0.865847 0.50031
    outer loop
      vertex -12.4756 -15.5813 129.111
      vertex 12.4756 -15.5813 129.111
      vertex 12.3505 -15.3207 129.562
    endloop
  endfacet
  facet normal 0 -0.867421 0.497575
    outer loop
      vertex -12.5007 -15.6335 129.02
      vertex 12.4756 -15.5813 129.111
      vertex -12.4756 -15.5813 129.111
    endloop
  endfacet
  facet normal 0 -0.867421 0.497575
    outer loop
      vertex -12.5007 -15.6335 129.02
      vertex 12.5007 -15.6335 129.02
      vertex 12.4756 -15.5813 129.111
    endloop
  endfacet
  facet normal 0 -0.865703 0.500558
    outer loop
      vertex -12.7469 -15.9307 128.506
      vertex 12.5007 -15.6335 129.02
      vertex -12.5007 -15.6335 129.02
    endloop
  endfacet
  facet normal 0 -0.865703 0.500558
    outer loop
      vertex -12.7469 -15.9307 128.506
      vertex 12.7469 -15.9307 128.506
      vertex 12.5007 -15.6335 129.02
    endloop
  endfacet
  facet normal 0 -0.865979 0.50008
    outer loop
      vertex -13.083 -16.205 128.031
      vertex 12.7469 -15.9307 128.506
      vertex -12.7469 -15.9307 128.506
    endloop
  endfacet
  facet normal 0 -0.865979 0.50008
    outer loop
      vertex -13.083 -16.205 128.031
      vertex 13.083 -16.205 128.031
      vertex 12.7469 -15.9307 128.506
    endloop
  endfacet
  facet normal 0 -0.866199 0.499699
    outer loop
      vertex -13.5009 -16.4496 127.607
      vertex 13.083 -16.205 128.031
      vertex -13.083 -16.205 128.031
    endloop
  endfacet
  facet normal 0 -0.866199 0.499699
    outer loop
      vertex -13.5009 -16.4496 127.607
      vertex 13.5009 -16.4496 127.607
      vertex 13.083 -16.205 128.031
    endloop
  endfacet
  facet normal 0 -0.865031 0.501718
    outer loop
      vertex -13.5824 -16.4844 127.547
      vertex 13.5009 -16.4496 127.607
      vertex -13.5009 -16.4496 127.607
    endloop
  endfacet
  facet normal 0 -0.865031 0.501718
    outer loop
      vertex -13.5824 -16.4844 127.547
      vertex 13.5824 -16.4844 127.547
      vertex 13.5009 -16.4496 127.607
    endloop
  endfacet
  facet normal 0 -0.866348 0.499441
    outer loop
      vertex -13.9901 -16.6585 127.245
      vertex 13.5824 -16.4844 127.547
      vertex -13.5824 -16.4844 127.547
    endloop
  endfacet
  facet normal 0 -0.866348 0.499441
    outer loop
      vertex -13.9901 -16.6585 127.245
      vertex 13.9901 -16.6585 127.245
      vertex 13.5824 -16.4844 127.547
    endloop
  endfacet
  facet normal 0 -0.865908 0.500203
    outer loop
      vertex -14.5386 -16.8266 126.954
      vertex 13.9901 -16.6585 127.245
      vertex -13.9901 -16.6585 127.245
    endloop
  endfacet
  facet normal 0 -0.865908 0.500203
    outer loop
      vertex -14.5386 -16.8266 126.954
      vertex 14.5386 -16.8266 126.954
      vertex 13.9901 -16.6585 127.245
    endloop
  endfacet
  facet normal 0 -0.866591 0.49902
    outer loop
      vertex -15.034 -16.9291 126.776
      vertex 14.5386 -16.8266 126.954
      vertex -14.5386 -16.8266 126.954
    endloop
  endfacet
  facet normal 0 -0.866591 0.49902
    outer loop
      vertex -15.034 -16.9291 126.776
      vertex 15.034 -16.9291 126.776
      vertex 14.5386 -16.8266 126.954
    endloop
  endfacet
  facet normal 0 -0.861808 0.507235
    outer loop
      vertex -15.133 -16.9497 126.741
      vertex 15.034 -16.9291 126.776
      vertex -15.034 -16.9291 126.776
    endloop
  endfacet
  facet normal 0 -0.861808 0.507235
    outer loop
      vertex -15.133 -16.9497 126.741
      vertex 15.133 -16.9497 126.741
      vertex 15.034 -16.9291 126.776
    endloop
  endfacet
  facet normal 0 -0.865897 0.500222
    outer loop
      vertex -15.7586 -17.0248 126.611
      vertex 15.133 -16.9497 126.741
      vertex -15.133 -16.9497 126.741
    endloop
  endfacet
  facet normal 0 -0.865897 0.500222
    outer loop
      vertex -15.7586 -17.0248 126.611
      vertex 15.7586 -17.0248 126.611
      vertex 15.133 -16.9497 126.741
    endloop
  endfacet
  facet normal 0 -0.867757 0.496988
    outer loop
      vertex -16.4 -17.05 126.567
      vertex 15.7586 -17.0248 126.611
      vertex -15.7586 -17.0248 126.611
    endloop
  endfacet
  facet normal 0 -0.867757 0.496988
    outer loop
      vertex 15.7586 -17.0248 126.611
      vertex -16.4 -17.05 126.567
      vertex 16.4 -17.05 126.567
    endloop
  endfacet
  facet normal -6.46071e-05 -0.866032 0.499989
    outer loop
      vertex -105.133 -13.0503 133.495
      vertex -116.4 0 156.098
      vertex -105.759 -12.9752 133.625
    endloop
  endfacet
  facet normal 0.00038831 -0.865274 0.501299
    outer loop
      vertex -116.4 0 156.098
      vertex -17.0414 -12.9752 133.625
      vertex -16.4 -12.95 133.668
    endloop
  endfacet
  facet normal 0.000366406 -0.865939 0.50015
    outer loop
      vertex -104.638 -13.1529 133.317
      vertex -116.4 0 156.098
      vertex -105.133 -13.0503 133.495
    endloop
  endfacet
  facet normal 3.03776e-05 -0.86596 0.500112
    outer loop
      vertex -116.4 0 156.098
      vertex -17.667 -13.0503 133.495
      vertex -17.0414 -12.9752 133.625
    endloop
  endfacet
  facet normal 0.00306753 -0.86533 0.501193
    outer loop
      vertex -104.539 -13.1734 133.281
      vertex -116.4 0 156.098
      vertex -104.638 -13.1529 133.317
    endloop
  endfacet
  facet normal -0.000116993 -0.866239 0.49963
    outer loop
      vertex -116.4 0 156.098
      vertex -18.1623 -13.1529 133.317
      vertex -17.667 -13.0503 133.495
    endloop
  endfacet
  facet normal -0.00371303 -0.866854 0.498548
    outer loop
      vertex -104.447 -13.2014 133.233
      vertex -116.4 0 156.098
      vertex -104.539 -13.1734 133.281
    endloop
  endfacet
  facet normal -0.000972637 -0.867831 0.496859
    outer loop
      vertex -116.4 0 156.098
      vertex -18.2614 -13.1734 133.281
      vertex -18.1623 -13.1529 133.317
    endloop
  endfacet
  facet normal 0.000522625 -0.865902 0.500213
    outer loop
      vertex -103.99 -13.3415 132.99
      vertex -116.4 0 156.098
      vertex -104.447 -13.2014 133.233
    endloop
  endfacet
  facet normal 0.000833517 -0.864469 0.502686
    outer loop
      vertex -116.4 0 156.098
      vertex -18.3528 -13.2014 133.233
      vertex -18.2614 -13.1734 133.281
    endloop
  endfacet
  facet normal 0.00030044 -0.865954 0.500124
    outer loop
      vertex -103.501 -13.5504 132.628
      vertex -116.4 0 156.098
      vertex -103.99 -13.3415 132.99
    endloop
  endfacet
  facet normal -0.000115079 -0.866234 0.499638
    outer loop
      vertex -116.4 0 156.098
      vertex -18.8099 -13.3415 132.99
      vertex -18.3528 -13.2014 133.233
    endloop
  endfacet
  facet normal -1.19441e-05 -0.866028 0.499995
    outer loop
      vertex -116.4 0 156.098
      vertex -103.501 -13.5504 132.628
      vertex -74.175 -18.8 123.536
    endloop
  endfacet
  facet normal 1.76076e-06 -0.866021 0.500008
    outer loop
      vertex -116.4 0 156.098
      vertex -74.175 -18.8 123.536
      vertex -18.8099 -13.3415 132.99
    endloop
  endfacet
  facet normal 0.000334209 -0.865545 0.500832
    outer loop
      vertex -74.175 -18.8 123.536
      vertex -103.501 -13.5504 132.628
      vertex -103.083 -13.795 132.205
    endloop
  endfacet
  facet normal 5.82264e-05 -0.866164 0.49976
    outer loop
      vertex -18.8099 -13.3415 132.99
      vertex -74.175 -18.8 123.536
      vertex -19.2991 -13.5504 132.628
    endloop
  endfacet
  facet normal 4.25598e-05 -0.865966 0.500103
    outer loop
      vertex -74.175 -18.8 123.536
      vertex -103.083 -13.795 132.205
      vertex -102.747 -14.0693 131.73
    endloop
  endfacet
  facet normal -0.000148146 -0.865624 0.500694
    outer loop
      vertex -19.2991 -13.5504 132.628
      vertex -74.175 -18.8 123.536
      vertex -19.717 -13.795 132.205
    endloop
  endfacet
  facet normal -7.18687e-05 -0.866139 0.499803
    outer loop
      vertex -74.175 -18.8 123.536
      vertex -102.747 -14.0693 131.73
      vertex -102.501 -14.3665 131.215
    endloop
  endfacet
  facet normal -2.00592e-05 -0.865973 0.500091
    outer loop
      vertex -19.717 -13.795 132.205
      vertex -74.175 -18.8 123.536
      vertex -20.0531 -14.0693 131.73
    endloop
  endfacet
  facet normal -0.000148238 -0.866261 0.499592
    outer loop
      vertex -74.175 -18.8 123.536
      vertex -102.501 -14.3665 131.215
      vertex -102.376 -14.6272 130.763
    endloop
  endfacet
  facet normal 3.52979e-05 -0.866131 0.499817
    outer loop
      vertex -20.0531 -14.0693 131.73
      vertex -74.175 -18.8 123.536
      vertex -20.2993 -14.3665 131.215
    endloop
  endfacet
  facet normal 0.000358911 -0.865403 0.501076
    outer loop
      vertex -74.175 -18.8 123.536
      vertex -102.376 -14.6272 130.763
      vertex -102.35 -14.6793 130.673
    endloop
  endfacet
  facet normal 7.50578e-05 -0.866252 0.499607
    outer loop
      vertex -20.2993 -14.3665 131.215
      vertex -74.175 -18.8 123.536
      vertex -20.4245 -14.6272 130.763
    endloop
  endfacet
  facet normal 0.000929246 -0.864424 0.502762
    outer loop
      vertex -74.175 -18.8 123.536
      vertex -102.35 -14.6793 130.673
      vertex -102.342 -14.7328 130.581
    endloop
  endfacet
  facet normal -0.000181137 -0.865426 0.501036
    outer loop
      vertex -20.4245 -14.6272 130.763
      vertex -74.175 -18.8 123.536
      vertex -20.4495 -14.6793 130.673
    endloop
  endfacet
  facet normal -4.68619e-05 -0.866119 0.499838
    outer loop
      vertex -74.175 -18.8 123.536
      vertex -102.342 -14.7328 130.581
      vertex -102.3 -15 130.118
    endloop
  endfacet
  facet normal -0.000482446 -0.86444 0.502735
    outer loop
      vertex -20.4495 -14.6793 130.673
      vertex -74.175 -18.8 123.536
      vertex -20.4579 -14.7328 130.581
    endloop
  endfacet
  facet normal -0.000624385 -0.867185 0.497986
    outer loop
      vertex -74.175 -18.8 123.536
      vertex -102.3 -15 130.118
      vertex -102.308 -15.0534 130.025
    endloop
  endfacet
  facet normal 2.43047e-05 -0.866118 0.49984
    outer loop
      vertex -20.4579 -14.7328 130.581
      vertex -74.175 -18.8 123.536
      vertex -20.5 -15 130.118
    endloop
  endfacet
  facet normal -1.08172e-05 -0.866036 0.499982
    outer loop
      vertex -74.175 -18.8 123.536
      vertex -102.308 -15.0534 130.025
      vertex -102.35 -15.3207 129.562
    endloop
  endfacet
  facet normal 0.000330104 -0.867195 0.497968
    outer loop
      vertex -20.5 -15 130.118
      vertex -74.175 -18.8 123.536
      vertex -20.4916 -15.0534 130.025
    endloop
  endfacet
  facet normal 7.78847e-05 -0.865856 0.500293
    outer loop
      vertex -74.175 -18.8 123.536
      vertex -102.35 -15.3207 129.562
      vertex -102.476 -15.5813 129.111
    endloop
  endfacet
  facet normal 5.7245e-06 -0.866036 0.499982
    outer loop
      vertex -20.4916 -15.0534 130.025
      vertex -74.175 -18.8 123.536
      vertex -20.4495 -15.3207 129.562
    endloop
  endfacet
  facet normal -0.000602788 -0.867349 0.4977
    outer loop
      vertex -74.175 -18.8 123.536
      vertex -102.476 -15.5813 129.111
      vertex -102.501 -15.6335 129.02
    endloop
  endfacet
  facet normal -4.1979e-05 -0.865852 0.500301
    outer loop
      vertex -20.4495 -15.3207 129.562
      vertex -74.175 -18.8 123.536
      vertex -20.3244 -15.5813 129.111
    endloop
  endfacet
  facet normal 0.000123193 -0.865728 0.500514
    outer loop
      vertex -74.175 -18.8 123.536
      vertex -102.501 -15.6335 129.02
      vertex -102.747 -15.9307 128.506
    endloop
  endfacet
  facet normal 0.000324679 -0.867382 0.497643
    outer loop
      vertex -20.3244 -15.5813 129.111
      vertex -74.175 -18.8 123.536
      vertex -20.2993 -15.6335 129.02
    endloop
  endfacet
  facet normal 2.00849e-05 -0.865985 0.500069
    outer loop
      vertex -74.175 -18.8 123.536
      vertex -102.747 -15.9307 128.506
      vertex -103.083 -16.205 128.031
    endloop
  endfacet
  facet normal -6.74813e-05 -0.865717 0.500534
    outer loop
      vertex -20.2993 -15.6335 129.02
      vertex -74.175 -18.8 123.536
      vertex -20.0531 -15.9307 128.506
    endloop
  endfacet
  facet normal -4.92039e-05 -0.866178 0.499735
    outer loop
      vertex -74.175 -18.8 123.536
      vertex -103.083 -16.205 128.031
      vertex -103.501 -16.4496 127.607
    endloop
  endfacet
  facet normal -1.11813e-05 -0.865983 0.500074
    outer loop
      vertex -20.0531 -15.9307 128.506
      vertex -74.175 -18.8 123.536
      vertex -19.717 -16.205 128.031
    endloop
  endfacet
  facet normal 0.000267841 -0.865188 0.501447
    outer loop
      vertex -74.175 -18.8 123.536
      vertex -103.501 -16.4496 127.607
      vertex -103.582 -16.4844 127.547
    endloop
  endfacet
  facet normal 2.78569e-05 -0.866187 0.499719
    outer loop
      vertex -19.717 -16.205 128.031
      vertex -74.175 -18.8 123.536
      vertex -19.2991 -16.4496 127.607
    endloop
  endfacet
  facet normal -8.2047e-05 -0.8663 0.499524
    outer loop
      vertex -74.175 -18.8 123.536
      vertex -103.582 -16.4844 127.547
      vertex -103.99 -16.6585 127.245
    endloop
  endfacet
  facet normal -0.00015439 -0.865122 0.501561
    outer loop
      vertex -19.2991 -16.4496 127.607
      vertex -74.175 -18.8 123.536
      vertex -19.2176 -16.4844 127.547
    endloop
  endfacet
  facet normal 2.47676e-05 -0.865928 0.500168
    outer loop
      vertex -74.175 -18.8 123.536
      vertex -103.99 -16.6585 127.245
      vertex -104.539 -16.8266 126.954
    endloop
  endfacet
  facet normal 4.73301e-05 -0.86632 0.499489
    outer loop
      vertex -19.2176 -16.4844 127.547
      vertex -74.175 -18.8 123.536
      vertex -18.8099 -16.6585 127.245
    endloop
  endfacet
  facet normal -0.00011235 -0.866455 0.499254
    outer loop
      vertex -74.175 -18.8 123.536
      vertex -104.539 -16.8266 126.954
      vertex -105.034 -16.9291 126.776
    endloop
  endfacet
  facet normal -1.46216e-05 -0.86592 0.500183
    outer loop
      vertex -18.8099 -16.6585 127.245
      vertex -74.175 -18.8 123.536
      vertex -18.2614 -16.8266 126.954
    endloop
  endfacet
  facet normal 0.000777573 -0.862767 0.505601
    outer loop
      vertex -74.175 -18.8 123.536
      vertex -105.034 -16.9291 126.776
      vertex -105.133 -16.9497 126.741
    endloop
  endfacet
  facet normal 6.84671e-05 -0.866508 0.499163
    outer loop
      vertex -18.2614 -16.8266 126.954
      vertex -74.175 -18.8 123.536
      vertex -17.766 -16.9291 126.776
    endloop
  endfacet
  facet normal 2.24711e-05 -0.865944 0.500141
    outer loop
      vertex -74.175 -18.8 123.536
      vertex -105.133 -16.9497 126.741
      vertex -105.759 -17.0248 126.611
    endloop
  endfacet
  facet normal -0.000474395 -0.862393 0.506238
    outer loop
      vertex -17.766 -16.9291 126.776
      vertex -74.175 -18.8 123.536
      vertex -17.667 -16.9497 126.741
    endloop
  endfacet
  facet normal -0.00027484 -0.866025 0.5
    outer loop
      vertex -106.4 -77.3 22.211
      vertex -105.759 -17.0248 126.611
      vertex -106.4 -17.05 126.567
    endloop
  endfacet
  facet normal -1.44922e-05 -0.865927 0.50017
    outer loop
      vertex -17.667 -16.9497 126.741
      vertex -74.175 -18.8 123.536
      vertex -17.0414 -17.0248 126.611
    endloop
  endfacet
  facet normal -0.000520757 -0.866125 0.499827
    outer loop
      vertex -105.759 -12.9752 133.625
      vertex -116.4 0 156.098
      vertex -106.4 -12.95 133.668
    endloop
  endfacet
  facet normal 0.000490402 -0.86593 0.500165
    outer loop
      vertex -116.4 0 156.098
      vertex -107.041 -12.9752 133.625
      vertex -106.4 -12.95 133.668
    endloop
  endfacet
  facet normal 5.36157e-05 -0.866009 0.500029
    outer loop
      vertex -116.4 0 156.098
      vertex -107.667 -13.0503 133.495
      vertex -107.041 -12.9752 133.625
    endloop
  endfacet
  facet normal -0.000264081 -0.866062 0.499936
    outer loop
      vertex -116.4 0 156.098
      vertex -108.162 -13.1529 133.317
      vertex -107.667 -13.0503 133.495
    endloop
  endfacet
  facet normal -0.00220467 -0.866364 0.499409
    outer loop
      vertex -116.4 0 156.098
      vertex -108.261 -13.1734 133.281
      vertex -108.162 -13.1529 133.317
    endloop
  endfacet
  facet normal 0.00227829 -0.865671 0.500608
    outer loop
      vertex -116.4 0 156.098
      vertex -108.353 -13.2014 133.233
      vertex -108.261 -13.1734 133.281
    endloop
  endfacet
  facet normal -0.000317929 -0.866069 0.499924
    outer loop
      vertex -116.4 0 156.098
      vertex -108.81 -13.3415 132.99
      vertex -108.353 -13.2014 133.233
    endloop
  endfacet
  facet normal -0.000145609 -0.866045 0.499967
    outer loop
      vertex -116.4 0 156.098
      vertex -109.299 -13.5504 132.628
      vertex -108.81 -13.3415 132.99
    endloop
  endfacet
  facet normal 0.000604329 -0.865946 0.500137
    outer loop
      vertex -116.4 0 156.098
      vertex -109.717 -13.795 132.205
      vertex -109.299 -13.5504 132.628
    endloop
  endfacet
  facet normal 9.4691e-05 -0.866008 0.50003
    outer loop
      vertex -116.4 0 156.098
      vertex -110.053 -14.0693 131.73
      vertex -109.717 -13.795 132.205
    endloop
  endfacet
  facet normal -0.000329089 -0.866056 0.499947
    outer loop
      vertex -116.4 0 156.098
      vertex -110.299 -14.3665 131.215
      vertex -110.053 -14.0693 131.73
    endloop
  endfacet
  facet normal -0.000983006 -0.866125 0.499827
    outer loop
      vertex -116.4 0 156.098
      vertex -110.424 -14.6272 130.763
      vertex -110.299 -14.3665 131.215
    endloop
  endfacet
  facet normal 0.0025364 -0.865763 0.500448
    outer loop
      vertex -116.4 0 156.098
      vertex -110.45 -14.6793 130.673
      vertex -110.424 -14.6272 130.763
    endloop
  endfacet
  facet normal 0.0112215 -0.864829 0.501941
    outer loop
      vertex -116.4 0 156.098
      vertex -110.458 -14.7328 130.581
      vertex -110.45 -14.6793 130.673
    endloop
  endfacet
  facet normal -0.00071229 -0.866089 0.49989
    outer loop
      vertex -116.4 0 156.098
      vertex -110.5 -15 130.118
      vertex -110.458 -14.7328 130.581
    endloop
  endfacet
  facet normal -0.0195213 -0.867767 0.496587
    outer loop
      vertex -116.4 0 156.098
      vertex -110.492 -15.0534 130.025
      vertex -110.5 -15 130.118
    endloop
  endfacet
  facet normal -0.000217153 -0.866045 0.499967
    outer loop
      vertex -116.4 0 156.098
      vertex -110.45 -15.3207 129.562
      vertex -110.492 -15.0534 130.025
    endloop
  endfacet
  facet normal -0.651278 -0.721543 0.234974
    outer loop
      vertex -110.45 -15.3207 129.562
      vertex -110.299 -15.6335 129.02
      vertex -110.324 -15.5813 129.111
    endloop
  endfacet
  facet normal 0.254686 0.953867 0.158978
    outer loop
      vertex -108.261 -16.8266 126.954
      vertex -107.667 -16.9497 126.741
      vertex -107.766 -16.9291 126.776
    endloop
  endfacet
  facet normal 0.00011959 -0.867004 0.4983
    outer loop
      vertex -17.0414 -17.0248 126.611
      vertex -74.175 -18.8 123.536
      vertex -16.4 -17.05 126.567
    endloop
  endfacet
  facet normal 0 -0.866019 0.500011
    outer loop
      vertex -16.4 -17.05 126.567
      vertex -74.175 -18.8 123.536
      vertex 16.4 -17.05 126.567
    endloop
  endfacet
  facet normal 0 -0.866019 0.500011
    outer loop
      vertex 74.175 -18.8 123.536
      vertex 16.4 -17.05 126.567
      vertex -74.175 -18.8 123.536
    endloop
  endfacet
  facet normal 0.00027484 -0.866025 0.5
    outer loop
      vertex -106.4 -77.3 22.211
      vertex -106.4 -17.05 126.567
      vertex -107.041 -17.0248 126.611
    endloop
  endfacet
  facet normal 4.11215e-06 -0.866026 0.5
    outer loop
      vertex -105.759 -17.0248 126.611
      vertex -74.175 -75.55 25.242
      vertex -74.175 -18.8 123.536
    endloop
  endfacet
  facet normal -6.19551e-05 -0.866026 0.499998
    outer loop
      vertex -107.041 -77.3252 22.1672
      vertex -107.041 -17.0248 126.611
      vertex -107.667 -16.9497 126.741
    endloop
  endfacet
  facet normal -0.000181855 -0.866026 0.499999
    outer loop
      vertex -107.667 -77.4003 22.0372
      vertex -107.667 -16.9497 126.741
      vertex -108.261 -16.8266 126.954
    endloop
  endfacet
  facet normal -0.000143809 -0.866026 0.5
    outer loop
      vertex -108.261 -77.5234 21.824
      vertex -108.261 -16.8266 126.954
      vertex -108.81 -16.6585 127.245
    endloop
  endfacet
  facet normal 0.000551614 -0.866025 0.5
    outer loop
      vertex -108.81 -77.6915 21.5328
      vertex -108.81 -16.6585 127.245
      vertex -109.218 -16.4844 127.547
    endloop
  endfacet
  facet normal -0.00170604 -0.866028 0.499993
    outer loop
      vertex -108.81 -77.6915 21.5328
      vertex -109.218 -16.4844 127.547
      vertex -109.299 -16.4496 127.607
    endloop
  endfacet
  facet normal 0.000406705 -0.866026 0.5
    outer loop
      vertex -109.299 -77.9004 21.171
      vertex -109.299 -16.4496 127.607
      vertex -109.717 -16.205 128.031
    endloop
  endfacet
  facet normal -0.000154212 -0.866026 0.499998
    outer loop
      vertex -109.717 -78.145 20.7473
      vertex -109.717 -16.205 128.031
      vertex -110.053 -15.9307 128.506
    endloop
  endfacet
  facet normal -0.0014016 -0.865993 0.500055
    outer loop
      vertex -116.4 -84.35 10
      vertex -110.053 -15.9307 128.506
      vertex -110.299 -15.6335 129.02
    endloop
  endfacet
  facet normal -7.97087e-07 -0.866026 0.499998
    outer loop
      vertex -105.759 -17.0248 126.611
      vertex -105.759 -77.3252 22.1672
      vertex -74.175 -75.55 25.242
    endloop
  endfacet
  facet normal 0.000118669 -0.866026 0.499998
    outer loop
      vertex -105.759 -77.3252 22.1672
      vertex -105.759 -17.0248 126.611
      vertex -106.4 -77.3 22.211
    endloop
  endfacet
  facet normal 0.000605895 -0.866038 0.499978
    outer loop
      vertex -116.4 -84.35 10
      vertex -110.299 -15.6335 129.02
      vertex -110.45 -15.3207 129.562
    endloop
  endfacet
  facet normal -1.19835e-05 -0.866025 0.500001
    outer loop
      vertex -116.4 -84.35 10
      vertex -110.45 -15.3207 129.562
      vertex -116.4 0 156.098
    endloop
  endfacet
  facet normal -0.000118669 -0.866026 0.499998
    outer loop
      vertex -107.041 -17.0248 126.611
      vertex -107.041 -77.3252 22.1672
      vertex -106.4 -77.3 22.211
    endloop
  endfacet
  facet normal 6.18012e-05 -0.866026 0.499999
    outer loop
      vertex -107.667 -16.9497 126.741
      vertex -107.667 -77.4003 22.0372
      vertex -107.041 -77.3252 22.1672
    endloop
  endfacet
  facet normal 1.31087e-05 -0.866026 0.5
    outer loop
      vertex -108.261 -16.8266 126.954
      vertex -108.261 -77.5234 21.824
      vertex -107.667 -77.4003 22.0372
    endloop
  endfacet
  facet normal -3.86303e-05 -0.866025 0.5
    outer loop
      vertex -108.81 -16.6585 127.245
      vertex -108.81 -77.6915 21.5328
      vertex -108.261 -77.5234 21.824
    endloop
  endfacet
  facet normal 6.15306e-05 -0.866026 0.5
    outer loop
      vertex -109.299 -16.4496 127.607
      vertex -109.218 -77.8656 21.2313
      vertex -108.81 -77.6915 21.5328
    endloop
  endfacet
  facet normal -0.000151726 -0.866026 0.5
    outer loop
      vertex -109.299 -16.4496 127.607
      vertex -109.299 -77.9004 21.171
      vertex -109.218 -77.8656 21.2313
    endloop
  endfacet
  facet normal 0.000483512 -0.866025 0.5
    outer loop
      vertex -109.717 -16.205 128.031
      vertex -109.369 -77.9412 21.1004
      vertex -109.299 -77.9004 21.171
    endloop
  endfacet
  facet normal -0.000153001 -0.866026 0.499998
    outer loop
      vertex -109.717 -16.205 128.031
      vertex -109.717 -78.145 20.7473
      vertex -109.369 -77.9412 21.1004
    endloop
  endfacet
  facet normal 8.56568e-05 -0.866026 0.499999
    outer loop
      vertex -110.053 -15.9307 128.506
      vertex -109.997 -78.3736 20.3514
      vertex -109.717 -78.145 20.7473
    endloop
  endfacet
  facet normal -0.000401852 -0.866026 0.499999
    outer loop
      vertex -110.053 -15.9307 128.506
      vertex -110.053 -78.4193 20.2722
      vertex -109.997 -78.3736 20.3514
    endloop
  endfacet
  facet normal 8.57345e-06 -0.866026 0.499999
    outer loop
      vertex -110.053 -15.9307 128.506
      vertex -116.4 -84.35 10
      vertex -110.053 -78.4193 20.2722
    endloop
  endfacet
  facet normal 0.00266989 -0.866734 0.498763
    outer loop
      vertex -110.053 -78.4193 20.2722
      vertex -116.4 -84.35 10
      vertex -110.094 -78.4688 20.1864
    endloop
  endfacet
  facet normal -0.00101767 -0.865749 0.500477
    outer loop
      vertex -110.094 -78.4688 20.1864
      vertex -116.4 -84.35 10
      vertex -110.299 -78.7165 19.7575
    endloop
  endfacet
  facet normal 3.98479e-05 -0.866036 0.499982
    outer loop
      vertex -110.299 -78.7165 19.7575
      vertex -116.4 -84.35 10
      vertex -110.45 -79.0293 19.2157
    endloop
  endfacet
  facet normal 0.000304083 -0.866225 0.499655
    outer loop
      vertex -116.4 -84.35 10
      vertex -108.162 -81.1971 15.461
      vertex -108.261 -81.1766 15.4966
    endloop
  endfacet
  facet normal 5.09877e-05 -0.866455 0.499255
    outer loop
      vertex -17.0414 -81.3748 15.1533
      vertex -116.4 -84.35 10
      vertex -16.4 -81.4 15.1095
    endloop
  endfacet
  facet normal 0 -0.866023 0.500004
    outer loop
      vertex -16.4 -81.4 15.1095
      vertex -116.4 -84.35 10
      vertex 16.4 -81.4 15.1095
    endloop
  endfacet
  facet normal 0 -0.866023 0.500004
    outer loop
      vertex 116.4 -84.35 10
      vertex 16.4 -81.4 15.1095
      vertex -116.4 -84.35 10
    endloop
  endfacet
  facet normal 0.000105104 -0.866112 0.499849
    outer loop
      vertex -107.041 -81.3748 15.1533
      vertex -116.4 -84.35 10
      vertex -106.4 -81.4 15.1095
    endloop
  endfacet
  facet normal -4.61648e-05 -0.865993 0.500055
    outer loop
      vertex -107.667 -81.2997 15.2833
      vertex -116.4 -84.35 10
      vertex -107.041 -81.3748 15.1533
    endloop
  endfacet
  facet normal -5.87519e-06 -0.866022 0.500005
    outer loop
      vertex -108.162 -81.1971 15.461
      vertex -116.4 -84.35 10
      vertex -107.667 -81.2997 15.2833
    endloop
  endfacet
  facet normal -3.24289e-05 -0.866009 0.500029
    outer loop
      vertex -108.81 -81.0085 15.7877
      vertex -116.4 -84.35 10
      vertex -108.261 -81.1766 15.4966
    endloop
  endfacet
  facet normal -1.48829e-05 -0.866019 0.500011
    outer loop
      vertex -109.299 -80.7996 16.1495
      vertex -116.4 -84.35 10
      vertex -108.81 -81.0085 15.7877
    endloop
  endfacet
  facet normal -0.000224295 -0.865914 0.500193
    outer loop
      vertex -109.369 -80.7588 16.2201
      vertex -116.4 -84.35 10
      vertex -109.299 -80.7996 16.1495
    endloop
  endfacet
  facet normal 7.38619e-05 -0.86606 0.49994
    outer loop
      vertex -109.717 -80.555 16.5732
      vertex -116.4 -84.35 10
      vertex -109.369 -80.7588 16.2201
    endloop
  endfacet
  facet normal -3.72596e-05 -0.866011 0.500025
    outer loop
      vertex -109.997 -80.3264 16.9691
      vertex -116.4 -84.35 10
      vertex -109.717 -80.555 16.5732
    endloop
  endfacet
  facet normal 0.00017493 -0.866096 0.499878
    outer loop
      vertex -110.053 -80.2807 17.0483
      vertex -116.4 -84.35 10
      vertex -109.997 -80.3264 16.9691
    endloop
  endfacet
  facet normal -4.95376e-05 -0.866008 0.50003
    outer loop
      vertex -110.299 -79.9835 17.563
      vertex -116.4 -84.35 10
      vertex -110.053 -80.2807 17.0483
    endloop
  endfacet
  facet normal 1.23259e-05 -0.86603 0.499993
    outer loop
      vertex -110.45 -79.6707 18.1048
      vertex -116.4 -84.35 10
      vertex -110.299 -79.9835 17.563
    endloop
  endfacet
  facet normal 3.30943e-05 -0.866036 0.499981
    outer loop
      vertex -110.5 -79.35 18.6603
      vertex -116.4 -84.35 10
      vertex -110.45 -79.6707 18.1048
    endloop
  endfacet
  facet normal -0.00010908 -0.865994 0.500054
    outer loop
      vertex -110.45 -79.0293 19.2157
      vertex -116.4 -84.35 10
      vertex -110.5 -79.35 18.6603
    endloop
  endfacet
  facet normal 0 -0.866025 0.500001
    outer loop
      vertex -116.4 0 156.098
      vertex -16.4 -12.95 133.668
      vertex 116.4 0 156.098
    endloop
  endfacet
  facet normal 0 -0.866025 0.500001
    outer loop
      vertex 16.4 -12.95 133.668
      vertex 116.4 0 156.098
      vertex -16.4 -12.95 133.668
    endloop
  endfacet
  facet normal -0.00038831 -0.865274 0.501299
    outer loop
      vertex 17.0414 -12.9752 133.625
      vertex 116.4 0 156.098
      vertex 16.4 -12.95 133.668
    endloop
  endfacet
  facet normal -0.000490402 -0.86593 0.500165
    outer loop
      vertex 107.041 -12.9752 133.625
      vertex 116.4 0 156.098
      vertex 106.4 -12.95 133.668
    endloop
  endfacet
  facet normal -5.36157e-05 -0.866009 0.500029
    outer loop
      vertex 107.667 -13.0503 133.495
      vertex 116.4 0 156.098
      vertex 107.041 -12.9752 133.625
    endloop
  endfacet
  facet normal 0.000264081 -0.866062 0.499936
    outer loop
      vertex 108.162 -13.1529 133.317
      vertex 116.4 0 156.098
      vertex 107.667 -13.0503 133.495
    endloop
  endfacet
  facet normal 0.00220467 -0.866364 0.499409
    outer loop
      vertex 108.261 -13.1734 133.281
      vertex 116.4 0 156.098
      vertex 108.162 -13.1529 133.317
    endloop
  endfacet
  facet normal -0.00227829 -0.865671 0.500608
    outer loop
      vertex 108.353 -13.2014 133.233
      vertex 116.4 0 156.098
      vertex 108.261 -13.1734 133.281
    endloop
  endfacet
  facet normal 0.000317929 -0.866069 0.499924
    outer loop
      vertex 108.81 -13.3415 132.99
      vertex 116.4 0 156.098
      vertex 108.353 -13.2014 133.233
    endloop
  endfacet
  facet normal 0.000145609 -0.866045 0.499967
    outer loop
      vertex 109.299 -13.5504 132.628
      vertex 116.4 0 156.098
      vertex 108.81 -13.3415 132.99
    endloop
  endfacet
  facet normal -0.000604329 -0.865946 0.500137
    outer loop
      vertex 109.717 -13.795 132.205
      vertex 116.4 0 156.098
      vertex 109.299 -13.5504 132.628
    endloop
  endfacet
  facet normal -9.4691e-05 -0.866008 0.50003
    outer loop
      vertex 110.053 -14.0693 131.73
      vertex 116.4 0 156.098
      vertex 109.717 -13.795 132.205
    endloop
  endfacet
  facet normal 0.000329089 -0.866056 0.499947
    outer loop
      vertex 110.299 -14.3665 131.215
      vertex 116.4 0 156.098
      vertex 110.053 -14.0693 131.73
    endloop
  endfacet
  facet normal 0.000983006 -0.866125 0.499827
    outer loop
      vertex 110.424 -14.6272 130.763
      vertex 116.4 0 156.098
      vertex 110.299 -14.3665 131.215
    endloop
  endfacet
  facet normal -0.0025364 -0.865763 0.500448
    outer loop
      vertex 110.45 -14.6793 130.673
      vertex 116.4 0 156.098
      vertex 110.424 -14.6272 130.763
    endloop
  endfacet
  facet normal -0.0112215 -0.864829 0.501941
    outer loop
      vertex 110.458 -14.7328 130.581
      vertex 116.4 0 156.098
      vertex 110.45 -14.6793 130.673
    endloop
  endfacet
  facet normal 0.00071229 -0.866089 0.49989
    outer loop
      vertex 110.5 -15 130.118
      vertex 116.4 0 156.098
      vertex 110.458 -14.7328 130.581
    endloop
  endfacet
  facet normal 0.0195213 -0.867767 0.496587
    outer loop
      vertex 110.492 -15.0534 130.025
      vertex 116.4 0 156.098
      vertex 110.5 -15 130.118
    endloop
  endfacet
  facet normal 0.000217153 -0.866045 0.499967
    outer loop
      vertex 110.45 -15.3207 129.562
      vertex 116.4 0 156.098
      vertex 110.492 -15.0534 130.025
    endloop
  endfacet
  facet normal 0.651278 -0.721543 0.234974
    outer loop
      vertex 110.299 -15.6335 129.02
      vertex 110.45 -15.3207 129.562
      vertex 110.324 -15.5813 129.111
    endloop
  endfacet
  facet normal -0.254686 0.953867 0.158978
    outer loop
      vertex 107.667 -16.9497 126.741
      vertex 108.261 -16.8266 126.954
      vertex 107.766 -16.9291 126.776
    endloop
  endfacet
  facet normal -4.11215e-06 -0.866026 0.5
    outer loop
      vertex 74.175 -75.55 25.242
      vertex 105.759 -17.0248 126.611
      vertex 74.175 -18.8 123.536
    endloop
  endfacet
  facet normal -1.5116e-06 -0.866026 0.499999
    outer loop
      vertex 106.4 -77.3 22.211
      vertex 105.759 -17.0248 126.611
      vertex 74.175 -75.55 25.242
    endloop
  endfacet
  facet normal 0.00027484 -0.866025 0.5
    outer loop
      vertex 105.759 -17.0248 126.611
      vertex 106.4 -77.3 22.211
      vertex 106.4 -17.05 126.567
    endloop
  endfacet
  facet normal -0.00027484 -0.866025 0.5
    outer loop
      vertex 106.4 -17.05 126.567
      vertex 106.4 -77.3 22.211
      vertex 107.041 -17.0248 126.611
    endloop
  endfacet
  facet normal 0.000118669 -0.866026 0.499998
    outer loop
      vertex 107.041 -77.3252 22.1672
      vertex 107.041 -17.0248 126.611
      vertex 106.4 -77.3 22.211
    endloop
  endfacet
  facet normal 6.19551e-05 -0.866026 0.499998
    outer loop
      vertex 107.041 -17.0248 126.611
      vertex 107.041 -77.3252 22.1672
      vertex 107.667 -16.9497 126.741
    endloop
  endfacet
  facet normal -6.18012e-05 -0.866026 0.499999
    outer loop
      vertex 107.667 -77.4003 22.0372
      vertex 107.667 -16.9497 126.741
      vertex 107.041 -77.3252 22.1672
    endloop
  endfacet
  facet normal 0.000181855 -0.866026 0.499999
    outer loop
      vertex 107.667 -16.9497 126.741
      vertex 107.667 -77.4003 22.0372
      vertex 108.261 -16.8266 126.954
    endloop
  endfacet
  facet normal -1.31087e-05 -0.866026 0.5
    outer loop
      vertex 108.261 -77.5234 21.824
      vertex 108.261 -16.8266 126.954
      vertex 107.667 -77.4003 22.0372
    endloop
  endfacet
  facet normal 0.000143809 -0.866026 0.5
    outer loop
      vertex 108.261 -16.8266 126.954
      vertex 108.261 -77.5234 21.824
      vertex 108.81 -16.6585 127.245
    endloop
  endfacet
  facet normal 3.86303e-05 -0.866025 0.5
    outer loop
      vertex 108.81 -77.6915 21.5328
      vertex 108.81 -16.6585 127.245
      vertex 108.261 -77.5234 21.824
    endloop
  endfacet
  facet normal 0 -0.866019 0.500011
    outer loop
      vertex -74.175 -75.55 25.242
      vertex -16.4 -77.3 22.211
      vertex 74.175 -75.55 25.242
    endloop
  endfacet
  facet normal 0 -0.866019 0.500011
    outer loop
      vertex 16.4 -77.3 22.211
      vertex 74.175 -75.55 25.242
      vertex -16.4 -77.3 22.211
    endloop
  endfacet
  facet normal 5.20493e-05 -0.866448 0.499267
    outer loop
      vertex 17.0414 -77.3252 22.1672
      vertex 74.175 -75.55 25.242
      vertex 16.4 -77.3 22.211
    endloop
  endfacet
  facet normal -0.000551614 -0.866025 0.5
    outer loop
      vertex 108.81 -16.6585 127.245
      vertex 108.81 -77.6915 21.5328
      vertex 109.218 -16.4844 127.547
    endloop
  endfacet
  facet normal 0.00170604 -0.866028 0.499993
    outer loop
      vertex 109.218 -16.4844 127.547
      vertex 108.81 -77.6915 21.5328
      vertex 109.299 -16.4496 127.607
    endloop
  endfacet
  facet normal -6.15306e-05 -0.866026 0.5
    outer loop
      vertex 109.218 -77.8656 21.2313
      vertex 109.299 -16.4496 127.607
      vertex 108.81 -77.6915 21.5328
    endloop
  endfacet
  facet normal 0.000151726 -0.866026 0.5
    outer loop
      vertex 109.299 -77.9004 21.171
      vertex 109.299 -16.4496 127.607
      vertex 109.218 -77.8656 21.2313
    endloop
  endfacet
  facet normal -0.000406705 -0.866026 0.5
    outer loop
      vertex 109.299 -16.4496 127.607
      vertex 109.299 -77.9004 21.171
      vertex 109.717 -16.205 128.031
    endloop
  endfacet
  facet normal -0.000483512 -0.866025 0.5
    outer loop
      vertex 109.369 -77.9412 21.1004
      vertex 109.717 -16.205 128.031
      vertex 109.299 -77.9004 21.171
    endloop
  endfacet
  facet normal 0.000153001 -0.866026 0.499998
    outer loop
      vertex 109.717 -78.145 20.7473
      vertex 109.717 -16.205 128.031
      vertex 109.369 -77.9412 21.1004
    endloop
  endfacet
  facet normal 0.000154212 -0.866026 0.499998
    outer loop
      vertex 109.717 -16.205 128.031
      vertex 109.717 -78.145 20.7473
      vertex 110.053 -15.9307 128.506
    endloop
  endfacet
  facet normal -8.56568e-05 -0.866026 0.499999
    outer loop
      vertex 109.997 -78.3736 20.3514
      vertex 110.053 -15.9307 128.506
      vertex 109.717 -78.145 20.7473
    endloop
  endfacet
  facet normal 0.000401852 -0.866026 0.499999
    outer loop
      vertex 110.053 -78.4193 20.2722
      vertex 110.053 -15.9307 128.506
      vertex 109.997 -78.3736 20.3514
    endloop
  endfacet
  facet normal -8.57345e-06 -0.866026 0.499999
    outer loop
      vertex 116.4 -84.35 10
      vertex 110.053 -15.9307 128.506
      vertex 110.053 -78.4193 20.2722
    endloop
  endfacet
  facet normal 0.0014016 -0.865993 0.500055
    outer loop
      vertex 110.053 -15.9307 128.506
      vertex 116.4 -84.35 10
      vertex 110.299 -15.6335 129.02
    endloop
  endfacet
  facet normal -0.000605895 -0.866038 0.499978
    outer loop
      vertex 110.299 -15.6335 129.02
      vertex 116.4 -84.35 10
      vertex 110.45 -15.3207 129.562
    endloop
  endfacet
  facet normal -0.00266989 -0.866734 0.498763
    outer loop
      vertex 116.4 -84.35 10
      vertex 110.053 -78.4193 20.2722
      vertex 110.094 -78.4688 20.1864
    endloop
  endfacet
  facet normal 0.00101767 -0.865749 0.500477
    outer loop
      vertex 116.4 -84.35 10
      vertex 110.094 -78.4688 20.1864
      vertex 110.299 -78.7165 19.7575
    endloop
  endfacet
  facet normal -3.98479e-05 -0.866036 0.499982
    outer loop
      vertex 116.4 -84.35 10
      vertex 110.299 -78.7165 19.7575
      vertex 110.45 -79.0293 19.2157
    endloop
  endfacet
  facet normal 0.00010908 -0.865994 0.500054
    outer loop
      vertex 116.4 -84.35 10
      vertex 110.45 -79.0293 19.2157
      vertex 110.5 -79.35 18.6603
    endloop
  endfacet
  facet normal 5.87519e-06 -0.866022 0.500005
    outer loop
      vertex 116.4 -84.35 10
      vertex 108.162 -81.1971 15.461
      vertex 107.667 -81.2997 15.2833
    endloop
  endfacet
  facet normal 1.19835e-05 -0.866025 0.500001
    outer loop
      vertex 110.45 -15.3207 129.562
      vertex 116.4 -84.35 10
      vertex 116.4 0 156.098
    endloop
  endfacet
  facet normal -3.30943e-05 -0.866036 0.499981
    outer loop
      vertex 110.45 -79.6707 18.1048
      vertex 116.4 -84.35 10
      vertex 110.5 -79.35 18.6603
    endloop
  endfacet
  facet normal -1.23259e-05 -0.86603 0.499993
    outer loop
      vertex 110.299 -79.9835 17.563
      vertex 116.4 -84.35 10
      vertex 110.45 -79.6707 18.1048
    endloop
  endfacet
  facet normal 4.95376e-05 -0.866008 0.50003
    outer loop
      vertex 110.053 -80.2807 17.0483
      vertex 116.4 -84.35 10
      vertex 110.299 -79.9835 17.563
    endloop
  endfacet
  facet normal -0.00017493 -0.866096 0.499878
    outer loop
      vertex 109.997 -80.3264 16.9691
      vertex 116.4 -84.35 10
      vertex 110.053 -80.2807 17.0483
    endloop
  endfacet
  facet normal 3.72596e-05 -0.866011 0.500025
    outer loop
      vertex 109.717 -80.555 16.5732
      vertex 116.4 -84.35 10
      vertex 109.997 -80.3264 16.9691
    endloop
  endfacet
  facet normal -7.38619e-05 -0.86606 0.49994
    outer loop
      vertex 109.369 -80.7588 16.2201
      vertex 116.4 -84.35 10
      vertex 109.717 -80.555 16.5732
    endloop
  endfacet
  facet normal 0.000224295 -0.865914 0.500193
    outer loop
      vertex 109.299 -80.7996 16.1495
      vertex 116.4 -84.35 10
      vertex 109.369 -80.7588 16.2201
    endloop
  endfacet
  facet normal 1.48829e-05 -0.866019 0.500011
    outer loop
      vertex 108.81 -81.0085 15.7877
      vertex 116.4 -84.35 10
      vertex 109.299 -80.7996 16.1495
    endloop
  endfacet
  facet normal 3.24289e-05 -0.866009 0.500029
    outer loop
      vertex 108.261 -81.1766 15.4966
      vertex 116.4 -84.35 10
      vertex 108.81 -81.0085 15.7877
    endloop
  endfacet
  facet normal -0.000304083 -0.866225 0.499655
    outer loop
      vertex 108.162 -81.1971 15.461
      vertex 116.4 -84.35 10
      vertex 108.261 -81.1766 15.4966
    endloop
  endfacet
  facet normal 4.61648e-05 -0.865993 0.500055
    outer loop
      vertex 107.041 -81.3748 15.1533
      vertex 116.4 -84.35 10
      vertex 107.667 -81.2997 15.2833
    endloop
  endfacet
  facet normal -0.000105104 -0.866112 0.499849
    outer loop
      vertex 106.4 -81.4 15.1095
      vertex 116.4 -84.35 10
      vertex 107.041 -81.3748 15.1533
    endloop
  endfacet
  facet normal 0.000137523 -0.865907 0.500206
    outer loop
      vertex 105.759 -81.3748 15.1533
      vertex 116.4 -84.35 10
      vertex 106.4 -81.4 15.1095
    endloop
  endfacet
  facet normal 0 0.86603 -0.499992
    outer loop
      vertex 115.5 -9.22058 138.328
      vertex -115.5 -0.899994 152.74
      vertex 115.5 -0.899994 152.74
    endloop
  endfacet
  facet normal 0 0.86603 -0.499992
    outer loop
      vertex -115.5 -0.899994 152.74
      vertex 115.5 -9.22058 138.328
      vertex -115.5 -9.22058 138.328
    endloop
  endfacet
  facet normal 0 0 1
    outer loop
      vertex 10.8646 -21.7208 0.900002
      vertex 115.5 -0.899994 0.900002
      vertex 11 -20 0.900002
    endloop
  endfacet
  facet normal 0 0 1
    outer loop
      vertex 115.5 -0.899994 0.900002
      vertex 10.8646 -18.2792 0.900002
      vertex 11 -20 0.900002
    endloop
  endfacet
  facet normal 0 0 1
    outer loop
      vertex 115.5 -0.899994 0.900002
      vertex 10.4616 -16.6008 0.900002
      vertex 10.8646 -18.2792 0.900002
    endloop
  endfacet
  facet normal 0 0 1
    outer loop
      vertex 115.5 -0.899994 0.900002
      vertex 9.80107 -15.0061 0.900002
      vertex 10.4616 -16.6008 0.900002
    endloop
  endfacet
  facet normal 0 0 1
    outer loop
      vertex 115.5 -0.899994 0.900002
      vertex 8.89919 -13.5344 0.900002
      vertex 9.80107 -15.0061 0.900002
    endloop
  endfacet
  facet normal 0 0 1
    outer loop
      vertex 115.5 -0.899994 0.900002
      vertex 7.77817 -12.2218 0.900002
      vertex 8.89919 -13.5344 0.900002
    endloop
  endfacet
  facet normal 0 0 1
    outer loop
      vertex 115.5 -0.899994 0.900002
      vertex 6.46564 -11.1008 0.900002
      vertex 7.77817 -12.2218 0.900002
    endloop
  endfacet
  facet normal 0 0 1
    outer loop
      vertex 115.5 -0.899994 0.900002
      vertex 4.99389 -10.1989 0.900002
      vertex 6.46564 -11.1008 0.900002
    endloop
  endfacet
  facet normal 0 0 1
    outer loop
      vertex 115.5 -0.899994 0.900002
      vertex 3.39919 -9.53838 0.900002
      vertex 4.99389 -10.1989 0.900002
    endloop
  endfacet
  facet normal 0 0 1
    outer loop
      vertex 115.5 -0.899994 0.900002
      vertex 1.72078 -9.13543 0.900002
      vertex 3.39919 -9.53838 0.900002
    endloop
  endfacet
  facet normal 0 0 1
    outer loop
      vertex 115.5 -0.899994 0.900002
      vertex 0 -9 0.900002
      vertex 1.72078 -9.13543 0.900002
    endloop
  endfacet
  facet normal 0 0 1
    outer loop
      vertex -10.8646 -18.2792 0.900002
      vertex -115.5 -0.899994 0.900002
      vertex -11 -20 0.900002
    endloop
  endfacet
  facet normal 0 0 1
    outer loop
      vertex -10.4616 -16.6008 0.900002
      vertex -115.5 -0.899994 0.900002
      vertex -10.8646 -18.2792 0.900002
    endloop
  endfacet
  facet normal 0 0 1
    outer loop
      vertex -9.80107 -15.0061 0.900002
      vertex -115.5 -0.899994 0.900002
      vertex -10.4616 -16.6008 0.900002
    endloop
  endfacet
  facet normal 0 0 1
    outer loop
      vertex -8.89919 -13.5344 0.900002
      vertex -115.5 -0.899994 0.900002
      vertex -9.80107 -15.0061 0.900002
    endloop
  endfacet
  facet normal 0 0 1
    outer loop
      vertex -7.77817 -12.2218 0.900002
      vertex -115.5 -0.899994 0.900002
      vertex -8.89919 -13.5344 0.900002
    endloop
  endfacet
  facet normal 0 0 1
    outer loop
      vertex -6.46564 -11.1008 0.900002
      vertex -115.5 -0.899994 0.900002
      vertex -7.77817 -12.2218 0.900002
    endloop
  endfacet
  facet normal 0 0 1
    outer loop
      vertex -4.99389 -10.1989 0.900002
      vertex -115.5 -0.899994 0.900002
      vertex -6.46564 -11.1008 0.900002
    endloop
  endfacet
  facet normal 0 0 1
    outer loop
      vertex -3.39919 -9.53838 0.900002
      vertex -115.5 -0.899994 0.900002
      vertex -4.99389 -10.1989 0.900002
    endloop
  endfacet
  facet normal 0 0 1
    outer loop
      vertex -1.72078 -9.13543 0.900002
      vertex -115.5 -0.899994 0.900002
      vertex -3.39919 -9.53838 0.900002
    endloop
  endfacet
  facet normal 0 0 1
    outer loop
      vertex 0 -9 0.900002
      vertex -115.5 -0.899994 0.900002
      vertex -1.72078 -9.13543 0.900002
    endloop
  endfacet
  facet normal -0 0 1
    outer loop
      vertex -115.5 -0.899994 0.900002
      vertex 0 -9 0.900002
      vertex 115.5 -0.899994 0.900002
    endloop
  endfacet
  facet normal 0 0 1
    outer loop
      vertex 10.4616 -23.3992 0.900002
      vertex 115.5 -0.899994 0.900002
      vertex 10.8646 -21.7208 0.900002
    endloop
  endfacet
  facet normal 0 0 1
    outer loop
      vertex 115.5 -0.899994 0.900002
      vertex 10.4616 -23.3992 0.900002
      vertex 115.5 -73.9772 0.900002
    endloop
  endfacet
  facet normal -0 0 1
    outer loop
      vertex 9.80107 -24.9939 0.900002
      vertex 115.5 -73.9772 0.900002
      vertex 10.4616 -23.3992 0.900002
    endloop
  endfacet
  facet normal -0 0 1
    outer loop
      vertex 8.89919 -26.4656 0.900002
      vertex 115.5 -73.9772 0.900002
      vertex 9.80107 -24.9939 0.900002
    endloop
  endfacet
  facet normal -0 0 1
    outer loop
      vertex 7.77817 -27.7782 0.900002
      vertex 115.5 -73.9772 0.900002
      vertex 8.89919 -26.4656 0.900002
    endloop
  endfacet
  facet normal -0 0 1
    outer loop
      vertex 6.46564 -28.8992 0.900002
      vertex 115.5 -73.9772 0.900002
      vertex 7.77817 -27.7782 0.900002
    endloop
  endfacet
  facet normal -0 0 1
    outer loop
      vertex 4.99389 -29.8011 0.900002
      vertex 115.5 -73.9772 0.900002
      vertex 6.46564 -28.8992 0.900002
    endloop
  endfacet
  facet normal -0 0 1
    outer loop
      vertex 3.39919 -30.4616 0.900002
      vertex 115.5 -73.9772 0.900002
      vertex 4.99389 -29.8011 0.900002
    endloop
  endfacet
  facet normal -0 0 1
    outer loop
      vertex 1.72078 -30.8646 0.900002
      vertex 115.5 -73.9772 0.900002
      vertex 3.39919 -30.4616 0.900002
    endloop
  endfacet
  facet normal -0 0 1
    outer loop
      vertex 0 -31 0.900002
      vertex 115.5 -73.9772 0.900002
      vertex 1.72078 -30.8646 0.900002
    endloop
  endfacet
  facet normal 0 0 1
    outer loop
      vertex -115.5 -73.9772 0.900002
      vertex 0 -31 0.900002
      vertex -1.72078 -30.8646 0.900002
    endloop
  endfacet
  facet normal 0 0 1
    outer loop
      vertex -115.5 -73.9772 0.900002
      vertex -1.72078 -30.8646 0.900002
      vertex -3.39919 -30.4616 0.900002
    endloop
  endfacet
  facet normal 0 0 1
    outer loop
      vertex -115.5 -0.899994 0.900002
      vertex -10.8646 -21.7208 0.900002
      vertex -11 -20 0.900002
    endloop
  endfacet
  facet normal 0 0 1
    outer loop
      vertex -115.5 -0.899994 0.900002
      vertex -10.4616 -23.3992 0.900002
      vertex -10.8646 -21.7208 0.900002
    endloop
  endfacet
  facet normal 0 0 1
    outer loop
      vertex -115.5 -73.9772 0.900002
      vertex -10.4616 -23.3992 0.900002
      vertex -115.5 -0.899994 0.900002
    endloop
  endfacet
  facet normal 0 0 1
    outer loop
      vertex -10.4616 -23.3992 0.900002
      vertex -115.5 -73.9772 0.900002
      vertex -9.80107 -24.9939 0.900002
    endloop
  endfacet
  facet normal 0 0 1
    outer loop
      vertex -9.80107 -24.9939 0.900002
      vertex -115.5 -73.9772 0.900002
      vertex -8.89919 -26.4656 0.900002
    endloop
  endfacet
  facet normal 0 0 1
    outer loop
      vertex -8.89919 -26.4656 0.900002
      vertex -115.5 -73.9772 0.900002
      vertex -7.77817 -27.7782 0.900002
    endloop
  endfacet
  facet normal 0 0 1
    outer loop
      vertex -7.77817 -27.7782 0.900002
      vertex -115.5 -73.9772 0.900002
      vertex -6.46564 -28.8992 0.900002
    endloop
  endfacet
  facet normal 0 0 1
    outer loop
      vertex -6.46564 -28.8992 0.900002
      vertex -115.5 -73.9772 0.900002
      vertex -4.99389 -29.8011 0.900002
    endloop
  endfacet
  facet normal 0 0 1
    outer loop
      vertex -4.99389 -29.8011 0.900002
      vertex -115.5 -73.9772 0.900002
      vertex -3.39919 -30.4616 0.900002
    endloop
  endfacet
  facet normal 0 0 1
    outer loop
      vertex 0 -31 0.900002
      vertex -115.5 -73.9772 0.900002
      vertex 115.5 -73.9772 0.900002
    endloop
  endfacet
  facet normal 0 -1 0
    outer loop
      vertex 30.8 -0.899994 113.299
      vertex 73.6 -0.899994 144.098
      vertex -1.14441e-05 -0.899994 144.098
    endloop
  endfacet
  facet normal 0 -1 0
    outer loop
      vertex 30.8 -0.899994 113.299
      vertex 42.8 -0.899994 113.299
      vertex 73.6 -0.899994 144.098
    endloop
  endfacet
  facet normal 0 -1 0
    outer loop
      vertex 30.8 -0.899994 12
      vertex 42.8 -0.899994 113.299
      vertex 30.8 -0.899994 113.299
    endloop
  endfacet
  facet normal 0 -1 -0
    outer loop
      vertex 42.8 -0.899994 113.299
      vertex 30.8 -0.899994 12
      vertex 42.8 -0.899994 12
    endloop
  endfacet
  facet normal 0 -1 0
    outer loop
      vertex -42.8 -0.899994 113.299
      vertex -1.14441e-05 -0.899994 144.098
      vertex -73.6 -0.899994 144.098
    endloop
  endfacet
  facet normal 0 -1 0
    outer loop
      vertex -42.8 -0.899994 113.299
      vertex -30.8 -0.899994 113.299
      vertex -1.14441e-05 -0.899994 144.098
    endloop
  endfacet
  facet normal 0 -1 0
    outer loop
      vertex -42.8 -0.899994 12
      vertex -30.8 -0.899994 113.299
      vertex -42.8 -0.899994 113.299
    endloop
  endfacet
  facet normal 0 -1 -0
    outer loop
      vertex -30.8 -0.899994 113.299
      vertex -42.8 -0.899994 12
      vertex -30.8 -0.899994 12
    endloop
  endfacet
  facet normal 0 -1 0
    outer loop
      vertex -1.14441e-05 -0.899994 144.098
      vertex -115.5 -0.899994 152.74
      vertex -73.6 -0.899994 144.098
    endloop
  endfacet
  facet normal 0 -1 0
    outer loop
      vertex -115.5 -0.899994 152.74
      vertex -104.4 -0.899994 113.299
      vertex -73.6 -0.899994 144.098
    endloop
  endfacet
  facet normal 0 -1 0
    outer loop
      vertex -115.5 -0.899994 0.900002
      vertex -104.4 -0.899994 113.299
      vertex -115.5 -0.899994 152.74
    endloop
  endfacet
  facet normal 0 -1 0
    outer loop
      vertex -115.5 -0.899994 0.900002
      vertex -42.8 -0.899994 12
      vertex -104.4 -0.899994 12
    endloop
  endfacet
  facet normal 0 -1 -0
    outer loop
      vertex -42.8 -0.899994 12
      vertex -115.5 -0.899994 0.900002
      vertex -30.8 -0.899994 12
    endloop
  endfacet
  facet normal 0 -1 -0
    outer loop
      vertex -30.8 -0.899994 12
      vertex -115.5 -0.899994 0.900002
      vertex 30.8 -0.899994 12
    endloop
  endfacet
  facet normal 0 -1 0
    outer loop
      vertex 115.5 -0.899994 0.900002
      vertex 30.8 -0.899994 12
      vertex -115.5 -0.899994 0.900002
    endloop
  endfacet
  facet normal 0 -1 0
    outer loop
      vertex 30.8 -0.899994 12
      vertex 115.5 -0.899994 0.900002
      vertex 42.8 -0.899994 12
    endloop
  endfacet
  facet normal 0 -1 -0
    outer loop
      vertex -104.4 -0.899994 113.299
      vertex -115.5 -0.899994 0.900002
      vertex -104.4 -0.899994 12
    endloop
  endfacet
  facet normal 0 -1 0
    outer loop
      vertex -115.5 -0.899994 152.74
      vertex -1.14441e-05 -0.899994 144.098
      vertex 115.5 -0.899994 152.74
    endloop
  endfacet
  facet normal 0 -1 0
    outer loop
      vertex 73.6 -0.899994 144.098
      vertex 115.5 -0.899994 152.74
      vertex -1.14441e-05 -0.899994 144.098
    endloop
  endfacet
  facet normal 0 -1 0
    outer loop
      vertex 104.4 -0.899994 113.299
      vertex 115.5 -0.899994 152.74
      vertex 73.6 -0.899994 144.098
    endloop
  endfacet
  facet normal 0 -1 0
    outer loop
      vertex 115.5 -0.899994 0.900002
      vertex 104.4 -0.899994 113.299
      vertex 104.4 -0.899994 12
    endloop
  endfacet
  facet normal 0 -1 0
    outer loop
      vertex 104.4 -0.899994 113.299
      vertex 115.5 -0.899994 0.900002
      vertex 115.5 -0.899994 152.74
    endloop
  endfacet
  facet normal 0 -1 0
    outer loop
      vertex 42.8 -0.899994 12
      vertex 115.5 -0.899994 0.900002
      vertex 104.4 -0.899994 12
    endloop
  endfacet
  facet normal -1 0 0
    outer loop
      vertex 115.5 -0.899994 0.900002
      vertex 115.5 -8.44115 137.878
      vertex 115.5 -0.899994 152.74
    endloop
  endfacet
  facet normal -1 0 0
    outer loop
      vertex 115.5 -82.5664 9.48924
      vertex 115.5 -0.899994 0.900002
      vertex 115.5 -73.9772 0.900002
    endloop
  endfacet
  facet normal -1 0 0
    outer loop
      vertex 115.5 -0.899994 0.900002
      vertex 115.5 -82.5664 9.48924
      vertex 115.5 -8.44115 137.878
    endloop
  endfacet
  facet normal -1 0 0
    outer loop
      vertex 115.5 -0.899994 152.74
      vertex 115.5 -8.44115 137.878
      vertex 115.5 -9.22058 138.328
    endloop
  endfacet
  facet normal -0 0.707108 0.707105
    outer loop
      vertex -115.5 -73.9772 0.900002
      vertex 115.5 -82.5664 9.48924
      vertex 115.5 -73.9772 0.900002
    endloop
  endfacet
  facet normal 0 0.707108 0.707105
    outer loop
      vertex 115.5 -82.5664 9.48924
      vertex -115.5 -73.9772 0.900002
      vertex -115.5 -82.5664 9.48924
    endloop
  endfacet
  facet normal 1 0 0
    outer loop
      vertex -115.5 -0.899994 152.74
      vertex -115.5 -8.44115 137.878
      vertex -115.5 -0.899994 0.900002
    endloop
  endfacet
  facet normal 1 0 -0
    outer loop
      vertex -115.5 -8.44115 137.878
      vertex -115.5 -0.899994 152.74
      vertex -115.5 -9.22058 138.328
    endloop
  endfacet
  facet normal 1 -0 0
    outer loop
      vertex -115.5 -82.5664 9.48924
      vertex -115.5 -0.899994 0.900002
      vertex -115.5 -8.44115 137.878
    endloop
  endfacet
  facet normal 1 0 0
    outer loop
      vertex -115.5 -0.899994 0.900002
      vertex -115.5 -82.5664 9.48924
      vertex -115.5 -73.9772 0.900002
    endloop
  endfacet
  facet normal 0 0.86603 -0.499991
    outer loop
      vertex -74.175 -17.4823 122.218
      vertex -24.4 -9.44115 136.146
      vertex -24.4 -17.4823 122.218
    endloop
  endfacet
  facet normal 0 0.86603 -0.499991
    outer loop
      vertex -24.4 -9.44115 136.146
      vertex -74.175 -17.4823 122.218
      vertex -98.4 -9.44115 136.146
    endloop
  endfacet
  facet normal -2.23424e-06 0.866029 -0.499994
    outer loop
      vertex -74.175 -17.4823 122.218
      vertex -98.4 -17.6827 121.871
      vertex -98.4 -9.44115 136.146
    endloop
  endfacet
  facet normal 0 0.866025 -0.500001
    outer loop
      vertex -98.4 -17.6827 121.871
      vertex -98.4 -73.7912 24.6885
      vertex -114.4 -17.6827 121.871
    endloop
  endfacet
  facet normal -2.10543e-06 0.866025 -0.500001
    outer loop
      vertex -74.175 -17.4823 122.218
      vertex -98.4 -73.7912 24.6885
      vertex -98.4 -17.6827 121.871
    endloop
  endfacet
  facet normal -1.87514e-06 0.866025 -0.500001
    outer loop
      vertex -74.175 -73.9912 24.342
      vertex -98.4 -73.7912 24.6885
      vertex -74.175 -17.4823 122.218
    endloop
  endfacet
  facet normal 0 0.866026 -0.5
    outer loop
      vertex -98.4 -82.0327 10.4137
      vertex -74.175 -73.9912 24.342
      vertex -24.4 -82.0327 10.4137
    endloop
  endfacet
  facet normal -1.80252e-06 0.866027 -0.499997
    outer loop
      vertex -74.175 -73.9912 24.342
      vertex -98.4 -82.0327 10.4137
      vertex -98.4 -73.7912 24.6885
    endloop
  endfacet
  facet normal 0 0.86603 -0.499991
    outer loop
      vertex 8.4 -17.4823 122.218
      vertex -8.4 -9.44115 136.146
      vertex 8.4 -9.44115 136.146
    endloop
  endfacet
  facet normal 0 0.86603 -0.499991
    outer loop
      vertex -8.4 -9.44115 136.146
      vertex 8.4 -17.4823 122.218
      vertex -8.4 -17.4823 122.218
    endloop
  endfacet
  facet normal 0 0.86603 -0.499991
    outer loop
      vertex 98.4 -9.44115 136.146
      vertex 74.175 -17.4823 122.218
      vertex 24.4 -9.44115 136.146
    endloop
  endfacet
  facet normal 2.23424e-06 0.866029 -0.499994
    outer loop
      vertex 98.4 -17.6827 121.871
      vertex 74.175 -17.4823 122.218
      vertex 98.4 -9.44115 136.146
    endloop
  endfacet
  facet normal 0 0.866025 -0.500001
    outer loop
      vertex 98.4 -73.7912 24.6885
      vertex 98.4 -17.6827 121.871
      vertex 114.4 -73.7912 24.6885
    endloop
  endfacet
  facet normal 2.10543e-06 0.866025 -0.500001
    outer loop
      vertex 98.4 -17.6827 121.871
      vertex 98.4 -73.7912 24.6885
      vertex 74.175 -17.4823 122.218
    endloop
  endfacet
  facet normal 1.87514e-06 0.866025 -0.500001
    outer loop
      vertex 98.4 -73.7912 24.6885
      vertex 74.175 -73.9912 24.342
      vertex 74.175 -17.4823 122.218
    endloop
  endfacet
  facet normal 1.80252e-06 0.866027 -0.499997
    outer loop
      vertex 98.4 -82.0327 10.4137
      vertex 74.175 -73.9912 24.342
      vertex 98.4 -73.7912 24.6885
    endloop
  endfacet
  facet normal 0 0.866026 -0.5
    outer loop
      vertex 24.4 -82.0327 10.4137
      vertex 74.175 -73.9912 24.342
      vertex 98.4 -82.0327 10.4137
    endloop
  endfacet
  facet normal 0 0.866026 -0.5
    outer loop
      vertex 74.175 -73.9912 24.342
      vertex 24.4 -82.0327 10.4137
      vertex 24.4 -73.9912 24.342
    endloop
  endfacet
  facet normal 0 0.866019 -0.500011
    outer loop
      vertex 98.4 -9.44115 136.146
      vertex 115.5 -8.44115 137.878
      vertex 114.4 -9.44115 136.146
    endloop
  endfacet
  facet normal -3.50438e-05 0.866029 -0.499994
    outer loop
      vertex 115.5 -8.44115 137.878
      vertex 114.4 -17.6827 121.871
      vertex 114.4 -9.44115 136.146
    endloop
  endfacet
  facet normal 0 0.866025 -0.500001
    outer loop
      vertex 114.4 -17.6827 121.871
      vertex 114.4 -73.7912 24.6885
      vertex 98.4 -17.6827 121.871
    endloop
  endfacet
  facet normal 9.58099e-05 0.866025 -0.500001
    outer loop
      vertex 115.5 -8.44115 137.878
      vertex 114.4 -73.7912 24.6885
      vertex 114.4 -17.6827 121.871
    endloop
  endfacet
  facet normal -7.29757e-05 0.866026 -0.5
    outer loop
      vertex 115.5 -82.5664 9.48924
      vertex 114.4 -73.7912 24.6885
      vertex 115.5 -8.44115 137.878
    endloop
  endfacet
  facet normal 0 0.866041 -0.499974
    outer loop
      vertex 115.5 -82.5664 9.48924
      vertex 98.4 -82.0327 10.4137
      vertex 114.4 -82.0327 10.4137
    endloop
  endfacet
  facet normal 0 0.866041 -0.499974
    outer loop
      vertex 98.4 -82.0327 10.4137
      vertex 115.5 -82.5664 9.48924
      vertex 24.4 -82.0327 10.4137
    endloop
  endfacet
  facet normal 0 0.866041 -0.499974
    outer loop
      vertex 24.4 -82.0327 10.4137
      vertex 115.5 -82.5664 9.48924
      vertex 8.4 -82.0327 10.4137
    endloop
  endfacet
  facet normal 0 0.866041 -0.499974
    outer loop
      vertex 8.4 -82.0327 10.4137
      vertex 115.5 -82.5664 9.48924
      vertex -8.4 -82.0327 10.4137
    endloop
  endfacet
  facet normal 0 0.866041 -0.499974
    outer loop
      vertex -8.4 -82.0327 10.4137
      vertex 115.5 -82.5664 9.48924
      vertex -24.4 -82.0327 10.4137
    endloop
  endfacet
  facet normal 0 0.866041 -0.499974
    outer loop
      vertex -115.5 -82.5664 9.48924
      vertex -24.4 -82.0327 10.4137
      vertex 115.5 -82.5664 9.48924
    endloop
  endfacet
  facet normal 0 0.866041 -0.499974
    outer loop
      vertex -24.4 -82.0327 10.4137
      vertex -115.5 -82.5664 9.48924
      vertex -98.4 -82.0327 10.4137
    endloop
  endfacet
  facet normal -2.6271e-05 0.866027 -0.499997
    outer loop
      vertex 114.4 -73.7912 24.6885
      vertex 115.5 -82.5664 9.48924
      vertex 114.4 -82.0327 10.4137
    endloop
  endfacet
  facet normal 0 0.866019 -0.500011
    outer loop
      vertex 24.4 -9.44115 136.146
      vertex 115.5 -8.44115 137.878
      vertex 98.4 -9.44115 136.146
    endloop
  endfacet
  facet normal 0 0.866019 -0.500011
    outer loop
      vertex 115.5 -8.44115 137.878
      vertex 24.4 -9.44115 136.146
      vertex -115.5 -8.44115 137.878
    endloop
  endfacet
  facet normal 0 0.866019 -0.500011
    outer loop
      vertex 8.4 -9.44115 136.146
      vertex -115.5 -8.44115 137.878
      vertex 24.4 -9.44115 136.146
    endloop
  endfacet
  facet normal 0 0.866019 -0.500011
    outer loop
      vertex -8.4 -9.44115 136.146
      vertex -115.5 -8.44115 137.878
      vertex 8.4 -9.44115 136.146
    endloop
  endfacet
  facet normal 0 0.866019 -0.500011
    outer loop
      vertex -24.4 -9.44115 136.146
      vertex -115.5 -8.44115 137.878
      vertex -8.4 -9.44115 136.146
    endloop
  endfacet
  facet normal 0 0.866019 -0.500011
    outer loop
      vertex -98.4 -9.44115 136.146
      vertex -115.5 -8.44115 137.878
      vertex -24.4 -9.44115 136.146
    endloop
  endfacet
  facet normal 0 0.866019 -0.500011
    outer loop
      vertex -114.4 -9.44115 136.146
      vertex -115.5 -8.44115 137.878
      vertex -98.4 -9.44115 136.146
    endloop
  endfacet
  facet normal 3.50438e-05 0.866029 -0.499994
    outer loop
      vertex -114.4 -17.6827 121.871
      vertex -115.5 -8.44115 137.878
      vertex -114.4 -9.44115 136.146
    endloop
  endfacet
  facet normal 0 0.866025 -0.500001
    outer loop
      vertex -114.4 -73.7912 24.6885
      vertex -114.4 -17.6827 121.871
      vertex -98.4 -73.7912 24.6885
    endloop
  endfacet
  facet normal -9.58099e-05 0.866025 -0.500001
    outer loop
      vertex -114.4 -73.7912 24.6885
      vertex -115.5 -8.44115 137.878
      vertex -114.4 -17.6827 121.871
    endloop
  endfacet
  facet normal 2.6271e-05 0.866027 -0.499997
    outer loop
      vertex -115.5 -82.5664 9.48924
      vertex -114.4 -73.7912 24.6885
      vertex -114.4 -82.0327 10.4137
    endloop
  endfacet
  facet normal 7.29757e-05 0.866026 -0.5
    outer loop
      vertex -114.4 -73.7912 24.6885
      vertex -115.5 -82.5664 9.48924
      vertex -115.5 -8.44115 137.878
    endloop
  endfacet
  facet normal 0 0.866041 -0.499974
    outer loop
      vertex -98.4 -82.0327 10.4137
      vertex -115.5 -82.5664 9.48924
      vertex -114.4 -82.0327 10.4137
    endloop
  endfacet
  facet normal 0 0.86603 -0.499991
    outer loop
      vertex 24.4 -9.44115 136.146
      vertex 74.175 -17.4823 122.218
      vertex 24.4 -17.4823 122.218
    endloop
  endfacet
  facet normal 0 0.866026 -0.5
    outer loop
      vertex -24.4 -73.9912 24.342
      vertex -24.4 -82.0327 10.4137
      vertex -74.175 -73.9912 24.342
    endloop
  endfacet
  facet normal 0 0.866026 -0.5
    outer loop
      vertex 8.4 -82.0327 10.4137
      vertex -8.4 -73.9912 24.342
      vertex 8.4 -73.9912 24.342
    endloop
  endfacet
  facet normal 0 0.866026 -0.5
    outer loop
      vertex -8.4 -73.9912 24.342
      vertex 8.4 -82.0327 10.4137
      vertex -8.4 -82.0327 10.4137
    endloop
  endfacet
  facet normal -0 0.499997 0.866027
    outer loop
      vertex -115.5 -8.44115 137.878
      vertex 115.5 -9.22058 138.328
      vertex 115.5 -8.44115 137.878
    endloop
  endfacet
  facet normal 0 0.499997 0.866027
    outer loop
      vertex 115.5 -9.22058 138.328
      vertex -115.5 -8.44115 137.878
      vertex -115.5 -9.22058 138.328
    endloop
  endfacet
  facet normal 0 -0.707418 -0.706796
    outer loop
      vertex -114.4 -14.6164 118.802
      vertex -98.4 -17.6827 121.871
      vertex -114.4 -17.6827 121.871
    endloop
  endfacet
  facet normal 0 -0.707418 -0.706796
    outer loop
      vertex -98.4 -17.6827 121.871
      vertex -114.4 -14.6164 118.802
      vertex -98.4 -14.6164 118.802
    endloop
  endfacet
  facet normal 0 -0.498284 -0.867014
    outer loop
      vertex -114.4 -14.6164 118.802
      vertex -98.4 -14.6077 118.797
      vertex -98.4 -14.6164 118.802
    endloop
  endfacet
  facet normal -0 -0.498284 -0.867014
    outer loop
      vertex -98.4 -14.6077 118.797
      vertex -114.4 -14.6164 118.802
      vertex -114.4 -14.6077 118.797
    endloop
  endfacet
  facet normal -0 0.500001 0.866025
    outer loop
      vertex -114.4 -5.80385 134.046
      vertex -98.4 -9.44115 136.146
      vertex -98.4 -5.80385 134.046
    endloop
  endfacet
  facet normal 0 0.500001 0.866025
    outer loop
      vertex -98.4 -9.44115 136.146
      vertex -114.4 -5.80385 134.046
      vertex -114.4 -9.44115 136.146
    endloop
  endfacet
  facet normal 0 0.866029 -0.499993
    outer loop
      vertex -98.4 -14.6077 118.797
      vertex -114.4 -5.80385 134.046
      vertex -98.4 -5.80385 134.046
    endloop
  endfacet
  facet normal 0 0.866029 -0.499993
    outer loop
      vertex -114.4 -5.80385 134.046
      vertex -98.4 -14.6077 118.797
      vertex -114.4 -14.6077 118.797
    endloop
  endfacet
  facet normal -1 0 0
    outer loop
      vertex -114.4 -17.6827 121.871
      vertex -114.4 -5.80385 134.046
      vertex -114.4 -14.6077 118.797
    endloop
  endfacet
  facet normal -1 0 0
    outer loop
      vertex -114.4 -17.6827 121.871
      vertex -114.4 -14.6077 118.797
      vertex -114.4 -14.6164 118.802
    endloop
  endfacet
  facet normal -1 -0 0
    outer loop
      vertex -114.4 -5.80385 134.046
      vertex -114.4 -17.6827 121.871
      vertex -114.4 -9.44115 136.146
    endloop
  endfacet
  facet normal 1 0 0
    outer loop
      vertex -98.4 -17.6827 121.871
      vertex -98.4 -5.80385 134.046
      vertex -98.4 -9.44115 136.146
    endloop
  endfacet
  facet normal 1 0 0
    outer loop
      vertex -98.4 -5.80385 134.046
      vertex -98.4 -17.6827 121.871
      vertex -98.4 -14.6077 118.797
    endloop
  endfacet
  facet normal 1 0 0
    outer loop
      vertex -98.4 -14.6077 118.797
      vertex -98.4 -17.6827 121.871
      vertex -98.4 -14.6164 118.802
    endloop
  endfacet
  facet normal 0 -0.498284 -0.867014
    outer loop
      vertex -114.4 -78.9664 7.34475
      vertex -98.4 -78.9577 7.33975
      vertex -98.4 -78.9664 7.34475
    endloop
  endfacet
  facet normal -0 -0.498284 -0.867014
    outer loop
      vertex -98.4 -78.9577 7.33975
      vertex -114.4 -78.9664 7.34475
      vertex -114.4 -78.9577 7.33975
    endloop
  endfacet
  facet normal -0 0.49999 0.866031
    outer loop
      vertex -114.4 -70.1538 22.5885
      vertex -98.4 -73.7912 24.6885
      vertex -98.4 -70.1538 22.5885
    endloop
  endfacet
  facet normal 0 0.49999 0.866031
    outer loop
      vertex -98.4 -73.7912 24.6885
      vertex -114.4 -70.1538 22.5885
      vertex -114.4 -73.7912 24.6885
    endloop
  endfacet
  facet normal 0 0.866025 -0.500001
    outer loop
      vertex -98.4 -78.9577 7.33975
      vertex -114.4 -70.1538 22.5885
      vertex -98.4 -70.1538 22.5885
    endloop
  endfacet
  facet normal 0 0.866025 -0.500001
    outer loop
      vertex -114.4 -70.1538 22.5885
      vertex -98.4 -78.9577 7.33975
      vertex -114.4 -78.9577 7.33975
    endloop
  endfacet
  facet normal -1 0 0
    outer loop
      vertex -114.4 -82.0327 10.4137
      vertex -114.4 -70.1538 22.5885
      vertex -114.4 -78.9577 7.33975
    endloop
  endfacet
  facet normal -1 0 0
    outer loop
      vertex -114.4 -82.0327 10.4137
      vertex -114.4 -78.9577 7.33975
      vertex -114.4 -78.9664 7.34475
    endloop
  endfacet
  facet normal -1 -0 0
    outer loop
      vertex -114.4 -70.1538 22.5885
      vertex -114.4 -82.0327 10.4137
      vertex -114.4 -73.7912 24.6885
    endloop
  endfacet
  facet normal 1 0 0
    outer loop
      vertex -98.4 -82.0327 10.4137
      vertex -98.4 -70.1538 22.5885
      vertex -98.4 -73.7912 24.6885
    endloop
  endfacet
  facet normal 1 0 0
    outer loop
      vertex -98.4 -70.1538 22.5885
      vertex -98.4 -82.0327 10.4137
      vertex -98.4 -78.9577 7.33975
    endloop
  endfacet
  facet normal 1 0 0
    outer loop
      vertex -98.4 -78.9577 7.33975
      vertex -98.4 -82.0327 10.4137
      vertex -98.4 -78.9664 7.34475
    endloop
  endfacet
  facet normal 0 -0.707412 -0.706801
    outer loop
      vertex -114.4 -78.9664 7.34475
      vertex -98.4 -82.0327 10.4137
      vertex -114.4 -82.0327 10.4137
    endloop
  endfacet
  facet normal 0 -0.707412 -0.706801
    outer loop
      vertex -98.4 -82.0327 10.4137
      vertex -114.4 -78.9664 7.34475
      vertex -98.4 -78.9664 7.34475
    endloop
  endfacet
  facet normal 0 -0.707418 -0.706796
    outer loop
      vertex 98.4 -14.6164 118.802
      vertex 114.4 -17.6827 121.871
      vertex 98.4 -17.6827 121.871
    endloop
  endfacet
  facet normal 0 -0.707418 -0.706796
    outer loop
      vertex 114.4 -17.6827 121.871
      vertex 98.4 -14.6164 118.802
      vertex 114.4 -14.6164 118.802
    endloop
  endfacet
  facet normal 0 -0.498284 -0.867014
    outer loop
      vertex 98.4 -14.6164 118.802
      vertex 114.4 -14.6077 118.797
      vertex 114.4 -14.6164 118.802
    endloop
  endfacet
  facet normal -0 -0.498284 -0.867014
    outer loop
      vertex 114.4 -14.6077 118.797
      vertex 98.4 -14.6164 118.802
      vertex 98.4 -14.6077 118.797
    endloop
  endfacet
  facet normal -0 0.500001 0.866025
    outer loop
      vertex 98.4 -5.80385 134.046
      vertex 114.4 -9.44115 136.146
      vertex 114.4 -5.80385 134.046
    endloop
  endfacet
  facet normal 0 0.500001 0.866025
    outer loop
      vertex 114.4 -9.44115 136.146
      vertex 98.4 -5.80385 134.046
      vertex 98.4 -9.44115 136.146
    endloop
  endfacet
  facet normal 0 0.866029 -0.499993
    outer loop
      vertex 114.4 -14.6077 118.797
      vertex 98.4 -5.80385 134.046
      vertex 114.4 -5.80385 134.046
    endloop
  endfacet
  facet normal 0 0.866029 -0.499993
    outer loop
      vertex 98.4 -5.80385 134.046
      vertex 114.4 -14.6077 118.797
      vertex 98.4 -14.6077 118.797
    endloop
  endfacet
  facet normal -1 0 0
    outer loop
      vertex 98.4 -17.6827 121.871
      vertex 98.4 -5.80385 134.046
      vertex 98.4 -14.6077 118.797
    endloop
  endfacet
  facet normal -1 0 0
    outer loop
      vertex 98.4 -17.6827 121.871
      vertex 98.4 -14.6077 118.797
      vertex 98.4 -14.6164 118.802
    endloop
  endfacet
  facet normal -1 -0 0
    outer loop
      vertex 98.4 -5.80385 134.046
      vertex 98.4 -17.6827 121.871
      vertex 98.4 -9.44115 136.146
    endloop
  endfacet
  facet normal 1 0 0
    outer loop
      vertex 114.4 -17.6827 121.871
      vertex 114.4 -5.80385 134.046
      vertex 114.4 -9.44115 136.146
    endloop
  endfacet
  facet normal 1 0 0
    outer loop
      vertex 114.4 -5.80385 134.046
      vertex 114.4 -17.6827 121.871
      vertex 114.4 -14.6077 118.797
    endloop
  endfacet
  facet normal 1 0 0
    outer loop
      vertex 114.4 -14.6077 118.797
      vertex 114.4 -17.6827 121.871
      vertex 114.4 -14.6164 118.802
    endloop
  endfacet
  facet normal 0 -0.707412 -0.706801
    outer loop
      vertex 98.4 -78.9664 7.34475
      vertex 114.4 -82.0327 10.4137
      vertex 98.4 -82.0327 10.4137
    endloop
  endfacet
  facet normal 0 -0.707412 -0.706801
    outer loop
      vertex 114.4 -82.0327 10.4137
      vertex 98.4 -78.9664 7.34475
      vertex 114.4 -78.9664 7.34475
    endloop
  endfacet
  facet normal 0 -0.498284 -0.867014
    outer loop
      vertex 98.4 -78.9664 7.34475
      vertex 114.4 -78.9577 7.33975
      vertex 114.4 -78.9664 7.34475
    endloop
  endfacet
  facet normal -0 -0.498284 -0.867014
    outer loop
      vertex 114.4 -78.9577 7.33975
      vertex 98.4 -78.9664 7.34475
      vertex 98.4 -78.9577 7.33975
    endloop
  endfacet
  facet normal -0 0.49999 0.866031
    outer loop
      vertex 98.4 -70.1538 22.5885
      vertex 114.4 -73.7912 24.6885
      vertex 114.4 -70.1538 22.5885
    endloop
  endfacet
  facet normal 0 0.49999 0.866031
    outer loop
      vertex 114.4 -73.7912 24.6885
      vertex 98.4 -70.1538 22.5885
      vertex 98.4 -73.7912 24.6885
    endloop
  endfacet
  facet normal 0 0.866025 -0.500001
    outer loop
      vertex 114.4 -78.9577 7.33975
      vertex 98.4 -70.1538 22.5885
      vertex 114.4 -70.1538 22.5885
    endloop
  endfacet
  facet normal 0 0.866025 -0.500001
    outer loop
      vertex 98.4 -70.1538 22.5885
      vertex 114.4 -78.9577 7.33975
      vertex 98.4 -78.9577 7.33975
    endloop
  endfacet
  facet normal -1 0 0
    outer loop
      vertex 98.4 -82.0327 10.4137
      vertex 98.4 -70.1538 22.5885
      vertex 98.4 -78.9577 7.33975
    endloop
  endfacet
  facet normal -1 0 0
    outer loop
      vertex 98.4 -82.0327 10.4137
      vertex 98.4 -78.9577 7.33975
      vertex 98.4 -78.9664 7.34475
    endloop
  endfacet
  facet normal -1 -0 0
    outer loop
      vertex 98.4 -70.1538 22.5885
      vertex 98.4 -82.0327 10.4137
      vertex 98.4 -73.7912 24.6885
    endloop
  endfacet
  facet normal 1 0 0
    outer loop
      vertex 114.4 -82.0327 10.4137
      vertex 114.4 -70.1538 22.5885
      vertex 114.4 -73.7912 24.6885
    endloop
  endfacet
  facet normal 1 0 0
    outer loop
      vertex 114.4 -70.1538 22.5885
      vertex 114.4 -82.0327 10.4137
      vertex 114.4 -78.9577 7.33975
    endloop
  endfacet
  facet normal 1 0 0
    outer loop
      vertex 114.4 -78.9577 7.33975
      vertex 114.4 -82.0327 10.4137
      vertex 114.4 -78.9664 7.34475
    endloop
  endfacet
  facet normal 0 -0.498284 -0.867014
    outer loop
      vertex -24.4 -14.6164 118.802
      vertex -8.4 -14.6077 118.797
      vertex -8.4 -14.6164 118.802
    endloop
  endfacet
  facet normal -0 -0.498284 -0.867014
    outer loop
      vertex -8.4 -14.6077 118.797
      vertex -24.4 -14.6164 118.802
      vertex -24.4 -14.6077 118.797
    endloop
  endfacet
  facet normal -0 0.500001 0.866025
    outer loop
      vertex -24.4 -5.80385 134.046
      vertex -8.4 -9.44115 136.146
      vertex -8.4 -5.80385 134.046
    endloop
  endfacet
  facet normal 0 0.500001 0.866025
    outer loop
      vertex -8.4 -9.44115 136.146
      vertex -24.4 -5.80385 134.046
      vertex -24.4 -9.44115 136.146
    endloop
  endfacet
  facet normal 0 0.866029 -0.499993
    outer loop
      vertex -8.4 -14.6077 118.797
      vertex -24.4 -5.80385 134.046
      vertex -8.4 -5.80385 134.046
    endloop
  endfacet
  facet normal 0 0.866029 -0.499993
    outer loop
      vertex -24.4 -5.80385 134.046
      vertex -8.4 -14.6077 118.797
      vertex -24.4 -14.6077 118.797
    endloop
  endfacet
  facet normal -1 0 0
    outer loop
      vertex -24.4 -14.6164 118.802
      vertex -24.4 -16.9509 121.139
      vertex -24.4 -16.7503 121.486
    endloop
  endfacet
  facet normal -1 0 0
    outer loop
      vertex -24.4 -16.7503 121.486
      vertex -24.4 -5.80385 134.046
      vertex -24.4 -14.6077 118.797
    endloop
  endfacet
  facet normal -1 0 0
    outer loop
      vertex -24.4 -16.7503 121.486
      vertex -24.4 -14.6077 118.797
      vertex -24.4 -14.6164 118.802
    endloop
  endfacet
  facet normal -1 0 0
    outer loop
      vertex -24.4 -17.4823 122.218
      vertex -24.4 -5.80385 134.046
      vertex -24.4 -16.7503 121.486
    endloop
  endfacet
  facet normal -1 -0 0
    outer loop
      vertex -24.4 -5.80385 134.046
      vertex -24.4 -17.4823 122.218
      vertex -24.4 -9.44115 136.146
    endloop
  endfacet
  facet normal 1 0 0
    outer loop
      vertex -8.4 -17.4823 122.218
      vertex -8.4 -5.80385 134.046
      vertex -8.4 -9.44115 136.146
    endloop
  endfacet
  facet normal 1 0 0
    outer loop
      vertex -8.4 -5.80385 134.046
      vertex -8.4 -16.7503 121.486
      vertex -8.4 -14.6077 118.797
    endloop
  endfacet
  facet normal 1 0 0
    outer loop
      vertex -8.4 -14.6077 118.797
      vertex -8.4 -16.7503 121.486
      vertex -8.4 -14.6164 118.802
    endloop
  endfacet
  facet normal 1 0 0
    outer loop
      vertex -8.4 -5.80385 134.046
      vertex -8.4 -17.4823 122.218
      vertex -8.4 -16.7503 121.486
    endloop
  endfacet
  facet normal 1 0 0
    outer loop
      vertex -8.4 -14.6164 118.802
      vertex -8.4 -16.7503 121.486
      vertex -8.4 -16.9509 121.139
    endloop
  endfacet
  facet normal 0 -0.707485 -0.706728
    outer loop
      vertex -24.4 -14.6164 118.802
      vertex -8.4 -16.9509 121.139
      vertex -24.4 -16.9509 121.139
    endloop
  endfacet
  facet normal 0 -0.707485 -0.706728
    outer loop
      vertex -8.4 -16.9509 121.139
      vertex -24.4 -14.6164 118.802
      vertex -8.4 -14.6164 118.802
    endloop
  endfacet
  facet normal 0 -0.498284 -0.867014
    outer loop
      vertex -24.4 -78.9664 7.34475
      vertex -8.4 -78.9577 7.33975
      vertex -8.4 -78.9664 7.34475
    endloop
  endfacet
  facet normal -0 -0.498284 -0.867014
    outer loop
      vertex -8.4 -78.9577 7.33975
      vertex -24.4 -78.9664 7.34475
      vertex -24.4 -78.9577 7.33975
    endloop
  endfacet
  facet normal -0 0.499997 0.866027
    outer loop
      vertex -24.4 -70.1538 22.5885
      vertex -8.4 -72.9251 24.1885
      vertex -8.4 -70.1538 22.5885
    endloop
  endfacet
  facet normal 0 0.499997 0.866027
    outer loop
      vertex -8.4 -72.9251 24.1885
      vertex -24.4 -70.1538 22.5885
      vertex -24.4 -72.9251 24.1885
    endloop
  endfacet
  facet normal 0 0.866025 -0.500001
    outer loop
      vertex -8.4 -78.9577 7.33975
      vertex -24.4 -70.1538 22.5885
      vertex -8.4 -70.1538 22.5885
    endloop
  endfacet
  facet normal 0 0.866025 -0.500001
    outer loop
      vertex -24.4 -70.1538 22.5885
      vertex -8.4 -78.9577 7.33975
      vertex -24.4 -78.9577 7.33975
    endloop
  endfacet
  facet normal -1 0 0
    outer loop
      vertex -24.4 -70.1538 22.5885
      vertex -24.4 -73.1251 23.842
      vertex -24.4 -72.9251 24.1885
    endloop
  endfacet
  facet normal -1 0 0
    outer loop
      vertex -24.4 -82.0327 10.4137
      vertex -24.4 -70.1538 22.5885
      vertex -24.4 -78.9577 7.33975
    endloop
  endfacet
  facet normal -1 -0 0
    outer loop
      vertex -24.4 -70.1538 22.5885
      vertex -24.4 -82.0327 10.4137
      vertex -24.4 -73.1251 23.842
    endloop
  endfacet
  facet normal -1 0 0
    outer loop
      vertex -24.4 -82.0327 10.4137
      vertex -24.4 -78.9577 7.33975
      vertex -24.4 -78.9664 7.34475
    endloop
  endfacet
  facet normal -1 -0 0
    outer loop
      vertex -24.4 -73.1251 23.842
      vertex -24.4 -82.0327 10.4137
      vertex -24.4 -73.9912 24.342
    endloop
  endfacet
  facet normal 1 -0 0
    outer loop
      vertex -8.4 -73.1251 23.842
      vertex -8.4 -70.1538 22.5885
      vertex -8.4 -72.9251 24.1885
    endloop
  endfacet
  facet normal 1 0 0
    outer loop
      vertex -8.4 -82.0327 10.4137
      vertex -8.4 -70.1538 22.5885
      vertex -8.4 -73.1251 23.842
    endloop
  endfacet
  facet normal 1 0 0
    outer loop
      vertex -8.4 -82.0327 10.4137
      vertex -8.4 -73.1251 23.842
      vertex -8.4 -73.9912 24.342
    endloop
  endfacet
  facet normal 1 0 0
    outer loop
      vertex -8.4 -70.1538 22.5885
      vertex -8.4 -82.0327 10.4137
      vertex -8.4 -78.9577 7.33975
    endloop
  endfacet
  facet normal 1 0 0
    outer loop
      vertex -8.4 -78.9577 7.33975
      vertex -8.4 -82.0327 10.4137
      vertex -8.4 -78.9664 7.34475
    endloop
  endfacet
  facet normal 0 -0.707412 -0.706801
    outer loop
      vertex -24.4 -78.9664 7.34475
      vertex -8.4 -82.0327 10.4137
      vertex -24.4 -82.0327 10.4137
    endloop
  endfacet
  facet normal 0 -0.707412 -0.706801
    outer loop
      vertex -8.4 -82.0327 10.4137
      vertex -24.4 -78.9664 7.34475
      vertex -8.4 -78.9664 7.34475
    endloop
  endfacet
  facet normal 0 -0.498284 -0.867014
    outer loop
      vertex 8.4 -14.6164 118.802
      vertex 24.4 -14.6077 118.797
      vertex 24.4 -14.6164 118.802
    endloop
  endfacet
  facet normal -0 -0.498284 -0.867014
    outer loop
      vertex 24.4 -14.6077 118.797
      vertex 8.4 -14.6164 118.802
      vertex 8.4 -14.6077 118.797
    endloop
  endfacet
  facet normal -0 0.500001 0.866025
    outer loop
      vertex 8.4 -5.80385 134.046
      vertex 24.4 -9.44115 136.146
      vertex 24.4 -5.80385 134.046
    endloop
  endfacet
  facet normal 0 0.500001 0.866025
    outer loop
      vertex 24.4 -9.44115 136.146
      vertex 8.4 -5.80385 134.046
      vertex 8.4 -9.44115 136.146
    endloop
  endfacet
  facet normal 0 0.866029 -0.499993
    outer loop
      vertex 24.4 -14.6077 118.797
      vertex 8.4 -5.80385 134.046
      vertex 24.4 -5.80385 134.046
    endloop
  endfacet
  facet normal 0 0.866029 -0.499993
    outer loop
      vertex 8.4 -5.80385 134.046
      vertex 24.4 -14.6077 118.797
      vertex 8.4 -14.6077 118.797
    endloop
  endfacet
  facet normal -1 0 0
    outer loop
      vertex 8.4 -14.6164 118.802
      vertex 8.4 -16.9509 121.139
      vertex 8.4 -16.7503 121.486
    endloop
  endfacet
  facet normal -1 0 0
    outer loop
      vertex 8.4 -16.7503 121.486
      vertex 8.4 -5.80385 134.046
      vertex 8.4 -14.6077 118.797
    endloop
  endfacet
  facet normal -1 0 0
    outer loop
      vertex 8.4 -16.7503 121.486
      vertex 8.4 -14.6077 118.797
      vertex 8.4 -14.6164 118.802
    endloop
  endfacet
  facet normal -1 0 0
    outer loop
      vertex 8.4 -17.4823 122.218
      vertex 8.4 -5.80385 134.046
      vertex 8.4 -16.7503 121.486
    endloop
  endfacet
  facet normal -1 -0 0
    outer loop
      vertex 8.4 -5.80385 134.046
      vertex 8.4 -17.4823 122.218
      vertex 8.4 -9.44115 136.146
    endloop
  endfacet
  facet normal 1 0 0
    outer loop
      vertex 24.4 -17.4823 122.218
      vertex 24.4 -5.80385 134.046
      vertex 24.4 -9.44115 136.146
    endloop
  endfacet
  facet normal 1 0 0
    outer loop
      vertex 24.4 -5.80385 134.046
      vertex 24.4 -16.7503 121.486
      vertex 24.4 -14.6077 118.797
    endloop
  endfacet
  facet normal 1 0 0
    outer loop
      vertex 24.4 -14.6077 118.797
      vertex 24.4 -16.7503 121.486
      vertex 24.4 -14.6164 118.802
    endloop
  endfacet
  facet normal 1 0 0
    outer loop
      vertex 24.4 -5.80385 134.046
      vertex 24.4 -17.4823 122.218
      vertex 24.4 -16.7503 121.486
    endloop
  endfacet
  facet normal 1 0 0
    outer loop
      vertex 24.4 -14.6164 118.802
      vertex 24.4 -16.7503 121.486
      vertex 24.4 -16.9509 121.139
    endloop
  endfacet
  facet normal 0 -0.707485 -0.706728
    outer loop
      vertex 8.4 -14.6164 118.802
      vertex 24.4 -16.9509 121.139
      vertex 8.4 -16.9509 121.139
    endloop
  endfacet
  facet normal 0 -0.707485 -0.706728
    outer loop
      vertex 24.4 -16.9509 121.139
      vertex 8.4 -14.6164 118.802
      vertex 24.4 -14.6164 118.802
    endloop
  endfacet
  facet normal 0 -0.498284 -0.867014
    outer loop
      vertex 8.4 -78.9664 7.34475
      vertex 24.4 -78.9577 7.33975
      vertex 24.4 -78.9664 7.34475
    endloop
  endfacet
  facet normal -0 -0.498284 -0.867014
    outer loop
      vertex 24.4 -78.9577 7.33975
      vertex 8.4 -78.9664 7.34475
      vertex 8.4 -78.9577 7.33975
    endloop
  endfacet
  facet normal -0 0.499997 0.866027
    outer loop
      vertex 8.4 -70.1538 22.5885
      vertex 24.4 -72.9251 24.1885
      vertex 24.4 -70.1538 22.5885
    endloop
  endfacet
  facet normal 0 0.499997 0.866027
    outer loop
      vertex 24.4 -72.9251 24.1885
      vertex 8.4 -70.1538 22.5885
      vertex 8.4 -72.9251 24.1885
    endloop
  endfacet
  facet normal 0 0.866025 -0.500001
    outer loop
      vertex 24.4 -78.9577 7.33975
      vertex 8.4 -70.1538 22.5885
      vertex 24.4 -70.1538 22.5885
    endloop
  endfacet
  facet normal 0 0.866025 -0.500001
    outer loop
      vertex 8.4 -70.1538 22.5885
      vertex 24.4 -78.9577 7.33975
      vertex 8.4 -78.9577 7.33975
    endloop
  endfacet
  facet normal -1 0 0
    outer loop
      vertex 8.4 -70.1538 22.5885
      vertex 8.4 -73.1251 23.842
      vertex 8.4 -72.9251 24.1885
    endloop
  endfacet
  facet normal -1 0 0
    outer loop
      vertex 8.4 -82.0327 10.4137
      vertex 8.4 -70.1538 22.5885
      vertex 8.4 -78.9577 7.33975
    endloop
  endfacet
  facet normal -1 -0 0
    outer loop
      vertex 8.4 -70.1538 22.5885
      vertex 8.4 -82.0327 10.4137
      vertex 8.4 -73.1251 23.842
    endloop
  endfacet
  facet normal -1 0 0
    outer loop
      vertex 8.4 -82.0327 10.4137
      vertex 8.4 -78.9577 7.33975
      vertex 8.4 -78.9664 7.34475
    endloop
  endfacet
  facet normal -1 -0 0
    outer loop
      vertex 8.4 -73.1251 23.842
      vertex 8.4 -82.0327 10.4137
      vertex 8.4 -73.9912 24.342
    endloop
  endfacet
  facet normal 1 -0 0
    outer loop
      vertex 24.4 -73.1251 23.842
      vertex 24.4 -70.1538 22.5885
      vertex 24.4 -72.9251 24.1885
    endloop
  endfacet
  facet normal 1 0 0
    outer loop
      vertex 24.4 -82.0327 10.4137
      vertex 24.4 -70.1538 22.5885
      vertex 24.4 -73.1251 23.842
    endloop
  endfacet
  facet normal 1 0 0
    outer loop
      vertex 24.4 -82.0327 10.4137
      vertex 24.4 -73.1251 23.842
      vertex 24.4 -73.9912 24.342
    endloop
  endfacet
  facet normal 1 0 0
    outer loop
      vertex 24.4 -70.1538 22.5885
      vertex 24.4 -82.0327 10.4137
      vertex 24.4 -78.9577 7.33975
    endloop
  endfacet
  facet normal 1 0 0
    outer loop
      vertex 24.4 -78.9577 7.33975
      vertex 24.4 -82.0327 10.4137
      vertex 24.4 -78.9664 7.34475
    endloop
  endfacet
  facet normal 0 -0.707412 -0.706801
    outer loop
      vertex 8.4 -78.9664 7.34475
      vertex 24.4 -82.0327 10.4137
      vertex 8.4 -82.0327 10.4137
    endloop
  endfacet
  facet normal 0 -0.707412 -0.706801
    outer loop
      vertex 24.4 -82.0327 10.4137
      vertex 8.4 -78.9664 7.34475
      vertex 24.4 -78.9664 7.34475
    endloop
  endfacet
  facet normal -0.99698 0.0387707 0.0672936
    outer loop
      vertex -102.308 -15.0534 130.025
      vertex -102.3 -10.6699 127.618
      vertex -102.35 -10.9906 127.062
    endloop
  endfacet
  facet normal -0.997229 0.0371962 0.0644253
    outer loop
      vertex -102.3 -10.6699 127.618
      vertex -102.308 -15.0534 130.025
      vertex -102.3 -15 130.118
    endloop
  endfacet
  facet normal 0.972101 -0.11713 -0.203227
    outer loop
      vertex -110.424 -14.6272 130.763
      vertex -110.45 -10.3492 128.173
      vertex -110.299 -10.0364 128.715
    endloop
  endfacet
  facet normal 0.970138 -0.121277 -0.210056
    outer loop
      vertex -110.45 -10.3492 128.173
      vertex -110.424 -14.6272 130.763
      vertex -110.45 -14.6793 130.673
    endloop
  endfacet
  facet normal -0.759893 -0.325025 -0.562957
    outer loop
      vertex -103.083 -9.46491 129.705
      vertex -103.501 -13.5504 132.628
      vertex -103.501 -9.2203 130.128
    endloop
  endfacet
  facet normal -0.75989 -0.325028 -0.56296
    outer loop
      vertex -103.501 -13.5504 132.628
      vertex -103.083 -9.46491 129.705
      vertex -103.083 -13.795 132.205
    endloop
  endfacet
  facet normal -0.996928 0.0391598 0.0678263
    outer loop
      vertex -102.35 -10.9906 127.062
      vertex -102.35 -15.3207 129.562
      vertex -102.308 -15.0534 130.025
    endloop
  endfacet
  facet normal -0.649768 0.380062 0.658297
    outer loop
      vertex -103.99 -12.3284 124.745
      vertex -103.501 -16.4496 127.607
      vertex -103.501 -12.1194 125.107
    endloop
  endfacet
  facet normal -0.650429 0.379682 0.657863
    outer loop
      vertex -103.501 -16.4496 127.607
      vertex -103.99 -12.3284 124.745
      vertex -103.582 -16.4844 127.547
    endloop
  endfacet
  facet normal 0.000409886 -0.866331 0.49947
    outer loop
      vertex -109.717 -9.46491 129.705
      vertex -106.4 -8.61987 131.168
      vertex -107.667 -8.72021 130.995
    endloop
  endfacet
  facet normal -0.852725 -0.261182 -0.452376
    outer loop
      vertex -102.747 -9.73919 129.23
      vertex -103.083 -13.795 132.205
      vertex -103.083 -9.46491 129.705
    endloop
  endfacet
  facet normal -0.852729 -0.261177 -0.452371
    outer loop
      vertex -103.083 -13.795 132.205
      vertex -102.747 -9.73919 129.23
      vertex -102.747 -14.0693 131.73
    endloop
  endfacet
  facet normal -6.19423e-05 -0.866026 0.499998
    outer loop
      vertex -109.299 -12.1194 125.107
      vertex -107.667 -12.6195 124.241
      vertex -107.041 -12.6946 124.111
    endloop
  endfacet
  facet normal 0 -0.866041 0.499973
    outer loop
      vertex -107.041 -12.6946 124.111
      vertex -102.747 -11.6006 126.006
      vertex -110.053 -11.6006 126.006
    endloop
  endfacet
  facet normal 0 -0.866041 0.499973
    outer loop
      vertex -102.747 -11.6006 126.006
      vertex -107.041 -12.6946 124.111
      vertex -105.759 -12.6946 124.111
    endloop
  endfacet
  facet normal -0.382644 0.461879 0.800157
    outer loop
      vertex -105.133 -12.6195 124.241
      vertex -105.034 -16.9291 126.776
      vertex -104.539 -12.4964 124.454
    endloop
  endfacet
  facet normal -0.37952 0.462586 0.801236
    outer loop
      vertex -105.034 -16.9291 126.776
      vertex -105.133 -12.6195 124.241
      vertex -105.133 -16.9497 126.741
    endloop
  endfacet
  facet normal 0.852725 -0.261182 -0.452376
    outer loop
      vertex -109.717 -13.795 132.205
      vertex -110.053 -9.73919 129.23
      vertex -109.717 -9.46491 129.705
    endloop
  endfacet
  facet normal 0.852729 -0.261177 -0.452371
    outer loop
      vertex -110.053 -9.73919 129.23
      vertex -109.717 -13.795 132.205
      vertex -110.053 -14.0693 131.73
    endloop
  endfacet
  facet normal 0.972485 -0.116484 -0.201755
    outer loop
      vertex -110.424 -14.6272 130.763
      vertex -110.299 -10.0364 128.715
      vertex -110.299 -14.3665 131.215
    endloop
  endfacet
  facet normal -0.972485 -0.116484 -0.201755
    outer loop
      vertex -102.501 -10.0364 128.715
      vertex -102.376 -14.6272 130.763
      vertex -102.501 -14.3665 131.215
    endloop
  endfacet
  facet normal -0.000409886 -0.866331 0.49947
    outer loop
      vertex -106.4 -8.61987 131.168
      vertex -103.083 -9.46491 129.705
      vertex -105.133 -8.72021 130.995
    endloop
  endfacet
  facet normal 0.00148404 -0.866289 0.499541
    outer loop
      vertex -102.501 -11.3034 126.52
      vertex -102.35 -10.9906 127.062
      vertex -102.3 -10.6699 127.618
    endloop
  endfacet
  facet normal -0.971967 0.11756 0.203618
    outer loop
      vertex -102.476 -15.5813 129.111
      vertex -102.35 -15.3207 129.562
      vertex -102.35 -10.9906 127.062
    endloop
  endfacet
  facet normal 0.996928 -0.0391634 -0.0678326
    outer loop
      vertex -110.5 -10.6699 127.618
      vertex -110.458 -14.7328 130.581
      vertex -110.5 -15 130.118
    endloop
  endfacet
  facet normal 0.759893 -0.325025 -0.562957
    outer loop
      vertex -109.299 -13.5504 132.628
      vertex -109.717 -9.46491 129.705
      vertex -109.299 -9.2203 130.128
    endloop
  endfacet
  facet normal 0.75989 -0.325028 -0.56296
    outer loop
      vertex -109.717 -9.46491 129.705
      vertex -109.299 -13.5504 132.628
      vertex -109.717 -13.795 132.205
    endloop
  endfacet
  facet normal -0.523101 -0.426137 -0.738088
    outer loop
      vertex -104.447 -13.2014 133.233
      vertex -103.99 -9.01139 130.49
      vertex -103.99 -13.3415 132.99
    endloop
  endfacet
  facet normal 2.87925e-05 -0.866019 0.500011
    outer loop
      vertex -110.5 -10.6699 127.618
      vertex -110.053 -11.6006 126.006
      vertex -109.717 -9.46491 129.705
    endloop
  endfacet
  facet normal -0.38602 -0.461248 -0.798899
    outer loop
      vertex -104.638 -13.1529 133.317
      vertex -104.539 -8.84331 130.781
      vertex -104.539 -13.1734 133.281
    endloop
  endfacet
  facet normal -0.383793 -0.461757 -0.799677
    outer loop
      vertex -104.539 -8.84331 130.781
      vertex -104.638 -13.1529 133.317
      vertex -105.133 -8.72021 130.995
    endloop
  endfacet
  facet normal 0.000889239 -0.865436 0.501018
    outer loop
      vertex -105.133 -8.72021 130.995
      vertex -103.083 -9.46491 129.705
      vertex -103.99 -9.01139 130.49
    endloop
  endfacet
  facet normal -0.996928 -0.0391634 -0.0678326
    outer loop
      vertex -102.342 -14.7328 130.581
      vertex -102.3 -10.6699 127.618
      vertex -102.3 -15 130.118
    endloop
  endfacet
  facet normal -0.00122501 -0.866369 0.499402
    outer loop
      vertex -103.083 -9.46491 129.705
      vertex -102.501 -10.0364 128.715
      vertex -102.747 -9.73919 129.23
    endloop
  endfacet
  facet normal 0.000432676 -0.866329 0.499474
    outer loop
      vertex -105.133 -12.6195 124.241
      vertex -104.539 -12.4964 124.454
      vertex -103.501 -12.1194 125.107
    endloop
  endfacet
  facet normal -0.972101 0.117336 0.203108
    outer loop
      vertex -102.501 -11.3034 126.52
      vertex -102.476 -15.5813 129.111
      vertex -102.35 -10.9906 127.062
    endloop
  endfacet
  facet normal -0.972761 0.115907 0.200755
    outer loop
      vertex -102.476 -15.5813 129.111
      vertex -102.501 -11.3034 126.52
      vertex -102.501 -15.6335 129.02
    endloop
  endfacet
  facet normal -0.760458 0.324689 0.562388
    outer loop
      vertex -103.501 -12.1194 125.107
      vertex -103.083 -16.205 128.031
      vertex -103.083 -11.8748 125.531
    endloop
  endfacet
  facet normal -0.760458 0.324689 0.562388
    outer loop
      vertex -103.083 -16.205 128.031
      vertex -103.501 -12.1194 125.107
      vertex -103.501 -16.4496 127.607
    endloop
  endfacet
  facet normal 0.00122501 -0.866369 0.499402
    outer loop
      vertex -110.299 -10.0364 128.715
      vertex -109.717 -9.46491 129.705
      vertex -110.053 -9.73919 129.23
    endloop
  endfacet
  facet normal -0.00367063 -0.866457 0.499238
    outer loop
      vertex -110.5 -10.6699 127.618
      vertex -110.299 -11.3034 126.52
      vertex -110.053 -11.6006 126.006
    endloop
  endfacet
  facet normal 0.0789341 0.498434 0.863327
    outer loop
      vertex -107.041 -17.0248 126.611
      vertex -106.4 -12.7199 124.067
      vertex -107.041 -12.6946 124.111
    endloop
  endfacet
  facet normal 0.0788568 0.498445 0.863327
    outer loop
      vertex -106.4 -12.7199 124.067
      vertex -107.041 -17.0248 126.611
      vertex -106.4 -17.05 126.567
    endloop
  endfacet
  facet normal 0.924041 -0.191147 -0.331075
    outer loop
      vertex -110.053 -14.0693 131.73
      vertex -110.299 -10.0364 128.715
      vertex -110.053 -9.73919 129.23
    endloop
  endfacet
  facet normal 0.92404 -0.191148 -0.331077
    outer loop
      vertex -110.299 -10.0364 128.715
      vertex -110.053 -14.0693 131.73
      vertex -110.299 -14.3665 131.215
    endloop
  endfacet
  facet normal 0.649723 -0.380087 -0.658327
    outer loop
      vertex -109.299 -9.2203 130.128
      vertex -108.81 -13.3415 132.99
      vertex -109.299 -13.5504 132.628
    endloop
  endfacet
  facet normal 0.649727 -0.380085 -0.658324
    outer loop
      vertex -108.81 -13.3415 132.99
      vertex -109.299 -9.2203 130.128
      vertex -108.81 -9.01139 130.49
    endloop
  endfacet
  facet normal 0.000798167 -0.867557 0.497337
    outer loop
      vertex -107.667 -8.72021 130.995
      vertex -106.4 -8.61987 131.168
      vertex -107.041 -8.64511 131.125
    endloop
  endfacet
  facet normal -2.87925e-05 -0.866019 0.500011
    outer loop
      vertex -103.083 -9.46491 129.705
      vertex -102.747 -11.6006 126.006
      vertex -102.3 -10.6699 127.618
    endloop
  endfacet
  facet normal 0.000473832 -0.865938 0.500152
    outer loop
      vertex -103.083 -9.46491 129.705
      vertex -102.3 -10.6699 127.618
      vertex -102.501 -10.0364 128.715
    endloop
  endfacet
  facet normal -0.996972 -0.0388319 -0.0673787
    outer loop
      vertex -102.342 -14.7328 130.581
      vertex -102.35 -10.3492 128.173
      vertex -102.3 -10.6699 127.618
    endloop
  endfacet
  facet normal -0.997187 -0.0374798 -0.0649165
    outer loop
      vertex -102.35 -10.3492 128.173
      vertex -102.342 -14.7328 130.581
      vertex -102.35 -14.6793 130.673
    endloop
  endfacet
  facet normal -4.6032e-05 -0.865999 0.500045
    outer loop
      vertex -104.539 -12.4964 124.454
      vertex -103.99 -12.3284 124.745
      vertex -103.501 -12.1194 125.107
    endloop
  endfacet
  facet normal -0.522031 0.426465 0.738655
    outer loop
      vertex -104.539 -12.4964 124.454
      vertex -103.99 -16.6585 127.245
      vertex -103.99 -12.3284 124.745
    endloop
  endfacet
  facet normal -0.522087 0.426441 0.738629
    outer loop
      vertex -103.99 -16.6585 127.245
      vertex -104.539 -12.4964 124.454
      vertex -104.539 -16.8266 126.954
    endloop
  endfacet
  facet normal 0.00367063 -0.866457 0.499238
    outer loop
      vertex -102.747 -11.6006 126.006
      vertex -102.501 -11.3034 126.52
      vertex -102.3 -10.6699 127.618
    endloop
  endfacet
  facet normal -0.00116999 -0.865699 0.500564
    outer loop
      vertex -103.501 -12.1194 125.107
      vertex -103.083 -11.8748 125.531
      vertex -102.747 -11.6006 126.006
    endloop
  endfacet
  facet normal 0.972101 0.117336 0.203108
    outer loop
      vertex -110.324 -15.5813 129.111
      vertex -110.299 -11.3034 126.52
      vertex -110.45 -10.9906 127.062
    endloop
  endfacet
  facet normal 0.972761 0.115907 0.200755
    outer loop
      vertex -110.299 -11.3034 126.52
      vertex -110.324 -15.5813 129.111
      vertex -110.299 -15.6335 129.02
    endloop
  endfacet
  facet normal -0.000432676 -0.866329 0.499474
    outer loop
      vertex -109.299 -12.1194 125.107
      vertex -108.261 -12.4964 124.454
      vertex -107.667 -12.6195 124.241
    endloop
  endfacet
  facet normal -0.923843 0.191386 0.331489
    outer loop
      vertex -102.747 -11.6006 126.006
      vertex -102.501 -15.6335 129.02
      vertex -102.501 -11.3034 126.52
    endloop
  endfacet
  facet normal -0.923843 0.191386 0.331489
    outer loop
      vertex -102.501 -15.6335 129.02
      vertex -102.747 -11.6006 126.006
      vertex -102.747 -15.9307 128.506
    endloop
  endfacet
  facet normal -0.852708 0.261195 0.4524
    outer loop
      vertex -103.083 -11.8748 125.531
      vertex -102.747 -15.9307 128.506
      vertex -102.747 -11.6006 126.006
    endloop
  endfacet
  facet normal -0.852729 0.261173 0.452373
    outer loop
      vertex -102.747 -15.9307 128.506
      vertex -103.083 -11.8748 125.531
      vertex -103.083 -16.205 128.031
    endloop
  endfacet
  facet normal -9.4741e-05 -0.866022 0.500006
    outer loop
      vertex -106.4 -8.61987 131.168
      vertex -102.747 -11.6006 126.006
      vertex -103.083 -9.46491 129.705
    endloop
  endfacet
  facet normal -0.0775181 -0.498499 -0.863418
    outer loop
      vertex -106.4 -12.95 133.668
      vertex -105.759 -8.64511 131.125
      vertex -105.759 -12.9752 133.625
    endloop
  endfacet
  facet normal -0.0775491 -0.498494 -0.863418
    outer loop
      vertex -105.759 -8.64511 131.125
      vertex -106.4 -12.95 133.668
      vertex -106.4 -8.61987 131.168
    endloop
  endfacet
  facet normal -0.000889239 -0.865436 0.501018
    outer loop
      vertex -109.717 -9.46491 129.705
      vertex -107.667 -8.72021 130.995
      vertex -108.81 -9.01139 130.49
    endloop
  endfacet
  facet normal 0 -0.865993 0.500056
    outer loop
      vertex -110.053 -11.6006 126.006
      vertex -102.747 -11.6006 126.006
      vertex -106.4 -8.61987 131.168
    endloop
  endfacet
  facet normal 0.233216 -0.486216 -0.842143
    outer loop
      vertex -107.667 -8.72021 130.995
      vertex -107.041 -12.9752 133.625
      vertex -107.667 -13.0503 133.495
    endloop
  endfacet
  facet normal 0.233216 -0.486216 -0.842143
    outer loop
      vertex -107.041 -12.9752 133.625
      vertex -107.667 -8.72021 130.995
      vertex -107.041 -8.64511 131.125
    endloop
  endfacet
  facet normal -0.924041 -0.191147 -0.331075
    outer loop
      vertex -102.501 -10.0364 128.715
      vertex -102.747 -14.0693 131.73
      vertex -102.747 -9.73919 129.23
    endloop
  endfacet
  facet normal -0.92404 -0.191148 -0.331077
    outer loop
      vertex -102.747 -14.0693 131.73
      vertex -102.501 -10.0364 128.715
      vertex -102.501 -14.3665 131.215
    endloop
  endfacet
  facet normal -0.383347 -0.461805 -0.799863
    outer loop
      vertex -105.133 -8.72021 130.995
      vertex -104.638 -13.1529 133.317
      vertex -105.133 -13.0503 133.495
    endloop
  endfacet
  facet normal -0.649582 0.380147 0.65843
    outer loop
      vertex -103.99 -12.3284 124.745
      vertex -103.99 -16.6585 127.245
      vertex -103.582 -16.4844 127.547
    endloop
  endfacet
  facet normal -0.000257368 -0.866218 0.499666
    outer loop
      vertex -110.053 -11.6006 126.006
      vertex -109.299 -12.1194 125.107
      vertex -107.041 -12.6946 124.111
    endloop
  endfacet
  facet normal 0.000257368 -0.866218 0.499666
    outer loop
      vertex -105.759 -12.6946 124.111
      vertex -103.501 -12.1194 125.107
      vertex -102.747 -11.6006 126.006
    endloop
  endfacet
  facet normal 0.760458 0.324689 0.562388
    outer loop
      vertex -109.717 -16.205 128.031
      vertex -109.299 -12.1194 125.107
      vertex -109.717 -11.8748 125.531
    endloop
  endfacet
  facet normal 0.760458 0.324689 0.562388
    outer loop
      vertex -109.299 -12.1194 125.107
      vertex -109.717 -16.205 128.031
      vertex -109.299 -16.4496 127.607
    endloop
  endfacet
  facet normal 0.923843 0.191386 0.331489
    outer loop
      vertex -110.299 -15.6335 129.02
      vertex -110.053 -11.6006 126.006
      vertex -110.299 -11.3034 126.52
    endloop
  endfacet
  facet normal 0.923843 0.191386 0.331489
    outer loop
      vertex -110.053 -11.6006 126.006
      vertex -110.299 -15.6335 129.02
      vertex -110.053 -15.9307 128.506
    endloop
  endfacet
  facet normal 0.997187 -0.0374798 -0.0649165
    outer loop
      vertex -110.458 -14.7328 130.581
      vertex -110.45 -10.3492 128.173
      vertex -110.45 -14.6793 130.673
    endloop
  endfacet
  facet normal 0.996972 -0.0388319 -0.0673787
    outer loop
      vertex -110.45 -10.3492 128.173
      vertex -110.458 -14.7328 130.581
      vertex -110.5 -10.6699 127.618
    endloop
  endfacet
  facet normal -0.00328849 -0.865709 0.500536
    outer loop
      vertex -110.5 -10.6699 127.618
      vertex -110.299 -10.0364 128.715
      vertex -110.45 -10.3492 128.173
    endloop
  endfacet
  facet normal 0.00229434 -0.864051 0.503399
    outer loop
      vertex -105.133 -8.72021 130.995
      vertex -103.99 -9.01139 130.49
      vertex -104.539 -8.84331 130.781
    endloop
  endfacet
  facet normal -0.517021 -0.428649 -0.740912
    outer loop
      vertex -104.539 -13.1734 133.281
      vertex -103.99 -9.01139 130.49
      vertex -104.447 -13.2014 133.233
    endloop
  endfacet
  facet normal -0.522076 -0.426452 -0.738631
    outer loop
      vertex -103.99 -9.01139 130.49
      vertex -104.539 -13.1734 133.281
      vertex -104.539 -8.84331 130.781
    endloop
  endfacet
  facet normal -0.00280042 -0.864474 0.50267
    outer loop
      vertex -109.717 -9.46491 129.705
      vertex -108.81 -9.01139 130.49
      vertex -109.299 -9.2203 130.128
    endloop
  endfacet
  facet normal 0.383347 -0.461805 -0.799863
    outer loop
      vertex -108.162 -13.1529 133.317
      vertex -107.667 -8.72021 130.995
      vertex -107.667 -13.0503 133.495
    endloop
  endfacet
  facet normal 0.0775181 -0.498499 -0.863418
    outer loop
      vertex -107.041 -8.64511 131.125
      vertex -106.4 -12.95 133.668
      vertex -107.041 -12.9752 133.625
    endloop
  endfacet
  facet normal 0.0775491 -0.498494 -0.863418
    outer loop
      vertex -106.4 -12.95 133.668
      vertex -107.041 -8.64511 131.125
      vertex -106.4 -8.61987 131.168
    endloop
  endfacet
  facet normal 0.00328849 -0.865709 0.500536
    outer loop
      vertex -102.501 -10.0364 128.715
      vertex -102.3 -10.6699 127.618
      vertex -102.35 -10.3492 128.173
    endloop
  endfacet
  facet normal -0.972101 -0.11713 -0.203227
    outer loop
      vertex -102.35 -10.3492 128.173
      vertex -102.376 -14.6272 130.763
      vertex -102.501 -10.0364 128.715
    endloop
  endfacet
  facet normal -0.970138 -0.121277 -0.210056
    outer loop
      vertex -102.376 -14.6272 130.763
      vertex -102.35 -10.3492 128.173
      vertex -102.35 -14.6793 130.673
    endloop
  endfacet
  facet normal -0.233216 -0.486216 -0.842143
    outer loop
      vertex -105.759 -12.9752 133.625
      vertex -105.133 -8.72021 130.995
      vertex -105.133 -13.0503 133.495
    endloop
  endfacet
  facet normal -0.233216 -0.486216 -0.842143
    outer loop
      vertex -105.133 -8.72021 130.995
      vertex -105.759 -12.9752 133.625
      vertex -105.759 -8.64511 131.125
    endloop
  endfacet
  facet normal -0.000798167 -0.867557 0.497337
    outer loop
      vertex -106.4 -8.61987 131.168
      vertex -105.133 -8.72021 130.995
      vertex -105.759 -8.64511 131.125
    endloop
  endfacet
  facet normal -0.383268 0.461813 0.799897
    outer loop
      vertex -105.034 -16.9291 126.776
      vertex -104.539 -16.8266 126.954
      vertex -104.539 -12.4964 124.454
    endloop
  endfacet
  facet normal 0 -0.866906 0.498471
    outer loop
      vertex -107.041 -12.6946 124.111
      vertex -106.4 -12.7199 124.067
      vertex -105.759 -12.6946 124.111
    endloop
  endfacet
  facet normal 6.19423e-05 -0.866026 0.499998
    outer loop
      vertex -105.759 -12.6946 124.111
      vertex -105.133 -12.6195 124.241
      vertex -103.501 -12.1194 125.107
    endloop
  endfacet
  facet normal -0.233216 0.486206 0.842148
    outer loop
      vertex -105.759 -12.6946 124.111
      vertex -105.133 -16.9497 126.741
      vertex -105.133 -12.6195 124.241
    endloop
  endfacet
  facet normal -0.233216 0.486206 0.842148
    outer loop
      vertex -105.133 -16.9497 126.741
      vertex -105.759 -12.6946 124.111
      vertex -105.759 -17.0248 126.611
    endloop
  endfacet
  facet normal -0.0789341 0.498434 0.863327
    outer loop
      vertex -106.4 -12.7199 124.067
      vertex -105.759 -17.0248 126.611
      vertex -105.759 -12.6946 124.111
    endloop
  endfacet
  facet normal -0.0788568 0.498445 0.863327
    outer loop
      vertex -105.759 -17.0248 126.611
      vertex -106.4 -12.7199 124.067
      vertex -106.4 -17.05 126.567
    endloop
  endfacet
  facet normal 0.649768 0.380062 0.658297
    outer loop
      vertex -109.299 -16.4496 127.607
      vertex -108.81 -12.3284 124.745
      vertex -109.299 -12.1194 125.107
    endloop
  endfacet
  facet normal 0.650429 0.379682 0.657863
    outer loop
      vertex -108.81 -12.3284 124.745
      vertex -109.299 -16.4496 127.607
      vertex -109.218 -16.4844 127.547
    endloop
  endfacet
  facet normal 0.37952 0.462586 0.801236
    outer loop
      vertex -107.667 -12.6195 124.241
      vertex -107.766 -16.9291 126.776
      vertex -107.667 -16.9497 126.741
    endloop
  endfacet
  facet normal 0.382644 0.461879 0.800157
    outer loop
      vertex -107.766 -16.9291 126.776
      vertex -107.667 -12.6195 124.241
      vertex -108.261 -12.4964 124.454
    endloop
  endfacet
  facet normal 0.852708 0.261195 0.4524
    outer loop
      vertex -110.053 -15.9307 128.506
      vertex -109.717 -11.8748 125.531
      vertex -110.053 -11.6006 126.006
    endloop
  endfacet
  facet normal 0.852729 0.261173 0.452373
    outer loop
      vertex -109.717 -11.8748 125.531
      vertex -110.053 -15.9307 128.506
      vertex -109.717 -16.205 128.031
    endloop
  endfacet
  facet normal 9.4741e-05 -0.866022 0.500006
    outer loop
      vertex -110.053 -11.6006 126.006
      vertex -106.4 -8.61987 131.168
      vertex -109.717 -9.46491 129.705
    endloop
  endfacet
  facet normal -0.000473832 -0.865938 0.500152
    outer loop
      vertex -110.5 -10.6699 127.618
      vertex -109.717 -9.46491 129.705
      vertex -110.299 -10.0364 128.715
    endloop
  endfacet
  facet normal 0.997229 0.0371962 0.0644253
    outer loop
      vertex -110.492 -15.0534 130.025
      vertex -110.5 -10.6699 127.618
      vertex -110.5 -15 130.118
    endloop
  endfacet
  facet normal 0.99698 0.0387707 0.0672936
    outer loop
      vertex -110.5 -10.6699 127.618
      vertex -110.492 -15.0534 130.025
      vertex -110.45 -10.9906 127.062
    endloop
  endfacet
  facet normal -0.00148404 -0.866289 0.499541
    outer loop
      vertex -110.5 -10.6699 127.618
      vertex -110.45 -10.9906 127.062
      vertex -110.299 -11.3034 126.52
    endloop
  endfacet
  facet normal 0.00280042 -0.864474 0.50267
    outer loop
      vertex -103.99 -9.01139 130.49
      vertex -103.083 -9.46491 129.705
      vertex -103.501 -9.2203 130.128
    endloop
  endfacet
  facet normal -0.649723 -0.380087 -0.658327
    outer loop
      vertex -103.99 -13.3415 132.99
      vertex -103.501 -9.2203 130.128
      vertex -103.501 -13.5504 132.628
    endloop
  endfacet
  facet normal -0.649727 -0.380085 -0.658324
    outer loop
      vertex -103.501 -9.2203 130.128
      vertex -103.99 -13.3415 132.99
      vertex -103.99 -9.01139 130.49
    endloop
  endfacet
  facet normal -0.00229434 -0.864051 0.503399
    outer loop
      vertex -108.81 -9.01139 130.49
      vertex -107.667 -8.72021 130.995
      vertex -108.261 -8.84331 130.781
    endloop
  endfacet
  facet normal 0.523101 -0.426137 -0.738088
    outer loop
      vertex -108.81 -9.01139 130.49
      vertex -108.353 -13.2014 133.233
      vertex -108.81 -13.3415 132.99
    endloop
  endfacet
  facet normal 0.383268 0.461813 0.799897
    outer loop
      vertex -108.261 -12.4964 124.454
      vertex -108.261 -16.8266 126.954
      vertex -107.766 -16.9291 126.776
    endloop
  endfacet
  facet normal 4.6032e-05 -0.865999 0.500045
    outer loop
      vertex -109.299 -12.1194 125.107
      vertex -108.81 -12.3284 124.745
      vertex -108.261 -12.4964 124.454
    endloop
  endfacet
  facet normal 0.00116999 -0.865699 0.500564
    outer loop
      vertex -110.053 -11.6006 126.006
      vertex -109.717 -11.8748 125.531
      vertex -109.299 -12.1194 125.107
    endloop
  endfacet
  facet normal 0.996928 0.0391598 0.0678263
    outer loop
      vertex -110.492 -15.0534 130.025
      vertex -110.45 -15.3207 129.562
      vertex -110.45 -10.9906 127.062
    endloop
  endfacet
  facet normal 0.971967 0.11756 0.203618
    outer loop
      vertex -110.45 -10.9906 127.062
      vertex -110.45 -15.3207 129.562
      vertex -110.324 -15.5813 129.111
    endloop
  endfacet
  facet normal 0.517021 -0.428649 -0.740912
    outer loop
      vertex -108.81 -9.01139 130.49
      vertex -108.261 -13.1734 133.281
      vertex -108.353 -13.2014 133.233
    endloop
  endfacet
  facet normal 0.522076 -0.426452 -0.738631
    outer loop
      vertex -108.261 -13.1734 133.281
      vertex -108.81 -9.01139 130.49
      vertex -108.261 -8.84331 130.781
    endloop
  endfacet
  facet normal 0.38602 -0.461248 -0.798899
    outer loop
      vertex -108.261 -8.84331 130.781
      vertex -108.162 -13.1529 133.317
      vertex -108.261 -13.1734 133.281
    endloop
  endfacet
  facet normal 0.383793 -0.461757 -0.799677
    outer loop
      vertex -108.162 -13.1529 133.317
      vertex -108.261 -8.84331 130.781
      vertex -107.667 -8.72021 130.995
    endloop
  endfacet
  facet normal 0.522031 0.426465 0.738655
    outer loop
      vertex -108.81 -16.6585 127.245
      vertex -108.261 -12.4964 124.454
      vertex -108.81 -12.3284 124.745
    endloop
  endfacet
  facet normal 0.522087 0.426441 0.738629
    outer loop
      vertex -108.261 -12.4964 124.454
      vertex -108.81 -16.6585 127.245
      vertex -108.261 -16.8266 126.954
    endloop
  endfacet
  facet normal 0.649582 0.380147 0.65843
    outer loop
      vertex -109.218 -16.4844 127.547
      vertex -108.81 -16.6585 127.245
      vertex -108.81 -12.3284 124.745
    endloop
  endfacet
  facet normal 0.233216 0.486206 0.842148
    outer loop
      vertex -107.667 -16.9497 126.741
      vertex -107.041 -12.6946 124.111
      vertex -107.667 -12.6195 124.241
    endloop
  endfacet
  facet normal 0.233216 0.486206 0.842148
    outer loop
      vertex -107.041 -12.6946 124.111
      vertex -107.667 -16.9497 126.741
      vertex -107.041 -17.0248 126.611
    endloop
  endfacet
  facet normal 0.000386565 -0.866078 0.499909
    outer loop
      vertex -102.747 -75.9506 14.5483
      vertex -102.501 -75.6534 15.063
      vertex -102.35 -75.3406 15.6048
    endloop
  endfacet
  facet normal -0.522283 -0.426388 -0.738521
    outer loop
      vertex -104.539 -77.5234 21.824
      vertex -103.99 -73.3614 19.0328
      vertex -103.99 -77.6915 21.5328
    endloop
  endfacet
  facet normal -0.522283 -0.426388 -0.738521
    outer loop
      vertex -103.99 -73.3614 19.0328
      vertex -104.539 -77.5234 21.824
      vertex -104.539 -73.1933 19.324
    endloop
  endfacet
  facet normal -0.000306786 -0.865965 0.500105
    outer loop
      vertex -103.501 -76.4694 13.6495
      vertex -102.747 -75.9506 14.5483
      vertex -102.35 -75.3406 15.6048
    endloop
  endfacet
  facet normal 0.233216 -0.486215 -0.842143
    outer loop
      vertex -107.667 -73.0702 19.5372
      vertex -107.041 -77.3252 22.1672
      vertex -107.667 -77.4003 22.0372
    endloop
  endfacet
  facet normal 0.233216 -0.486215 -0.842143
    outer loop
      vertex -107.041 -77.3252 22.1672
      vertex -107.667 -73.0702 19.5372
      vertex -107.041 -72.9951 19.6672
    endloop
  endfacet
  facet normal -7.65577e-05 -0.865991 0.500059
    outer loop
      vertex -110.299 -74.3864 17.2575
      vertex -108.81 -73.3614 19.0328
      vertex -109.717 -73.8149 18.2473
    endloop
  endfacet
  facet normal 0.852766 -0.261148 -0.452318
    outer loop
      vertex -109.997 -78.3736 20.3514
      vertex -110.053 -74.0892 17.7722
      vertex -109.717 -73.8149 18.2473
    endloop
  endfacet
  facet normal 0.852781 -0.261135 -0.452297
    outer loop
      vertex -110.053 -74.0892 17.7722
      vertex -109.997 -78.3736 20.3514
      vertex -110.053 -78.4193 20.2722
    endloop
  endfacet
  facet normal -0.649116 -0.380347 -0.658776
    outer loop
      vertex -103.99 -73.3614 19.0328
      vertex -103.582 -77.8656 21.2313
      vertex -103.99 -77.6915 21.5328
    endloop
  endfacet
  facet normal 0.996976 0.0388579 0.0673034
    outer loop
      vertex -110.5 -79.35 18.6603
      vertex -110.45 -75.3406 15.6048
      vertex -110.5 -75.0199 16.1603
    endloop
  endfacet
  facet normal 0.996976 0.0388579 0.0673034
    outer loop
      vertex -110.45 -75.3406 15.6048
      vertex -110.5 -79.35 18.6603
      vertex -110.45 -79.6707 18.1048
    endloop
  endfacet
  facet normal -0.923982 -0.191219 -0.331199
    outer loop
      vertex -102.706 -78.4688 20.1864
      vertex -102.501 -74.3864 17.2575
      vertex -102.501 -78.7165 19.7575
    endloop
  endfacet
  facet normal -0.852763 0.261146 0.452325
    outer loop
      vertex -103.083 -76.2248 14.0732
      vertex -103.083 -80.555 16.5732
      vertex -102.803 -80.3264 16.9691
    endloop
  endfacet
  facet normal -0.972086 0.117314 0.203192
    outer loop
      vertex -102.501 -75.6534 15.063
      vertex -102.35 -79.6707 18.1048
      vertex -102.35 -75.3406 15.6048
    endloop
  endfacet
  facet normal -0.972086 0.117314 0.203192
    outer loop
      vertex -102.35 -79.6707 18.1048
      vertex -102.501 -75.6534 15.063
      vertex -102.501 -79.9835 17.563
    endloop
  endfacet
  facet normal -0.522128 0.426435 0.738603
    outer loop
      vertex -104.539 -76.8464 12.9966
      vertex -103.99 -81.0085 15.7877
      vertex -103.99 -76.6784 13.2877
    endloop
  endfacet
  facet normal -0.522185 0.426411 0.738578
    outer loop
      vertex -103.99 -81.0085 15.7877
      vertex -104.539 -76.8464 12.9966
      vertex -104.539 -81.1766 15.4966
    endloop
  endfacet
  facet normal 0 -0.866021 0.500008
    outer loop
      vertex -110.45 -75.3406 15.6048
      vertex -103.99 -73.3614 19.0328
      vertex -108.81 -73.3614 19.0328
    endloop
  endfacet
  facet normal 0 -0.866021 0.500008
    outer loop
      vertex -103.99 -73.3614 19.0328
      vertex -110.45 -75.3406 15.6048
      vertex -102.35 -75.3406 15.6048
    endloop
  endfacet
  facet normal 0.000500013 -0.866018 0.500013
    outer loop
      vertex -110.5 -75.0199 16.1603
      vertex -110.45 -75.3406 15.6048
      vertex -110.45 -74.6992 16.7157
    endloop
  endfacet
  facet normal -0.000108416 -0.866018 0.500013
    outer loop
      vertex -110.45 -75.3406 15.6048
      vertex -110.299 -74.3864 17.2575
      vertex -110.45 -74.6992 16.7157
    endloop
  endfacet
  facet normal -0.000500013 -0.866018 0.500013
    outer loop
      vertex -102.35 -75.3406 15.6048
      vertex -102.3 -75.0199 16.1603
      vertex -102.35 -74.6992 16.7157
    endloop
  endfacet
  facet normal -0.760288 -0.324838 -0.562532
    outer loop
      vertex -103.431 -77.9412 21.1004
      vertex -103.501 -73.5703 18.671
      vertex -103.083 -73.8149 18.2473
    endloop
  endfacet
  facet normal -0.758763 -0.325685 -0.5641
    outer loop
      vertex -103.501 -73.5703 18.671
      vertex -103.431 -77.9412 21.1004
      vertex -103.501 -77.9004 21.171
    endloop
  endfacet
  facet normal 0.382874 -0.461902 -0.800033
    outer loop
      vertex -108.261 -73.1933 19.324
      vertex -107.667 -77.4003 22.0372
      vertex -108.261 -77.5234 21.824
    endloop
  endfacet
  facet normal 0.382874 -0.461902 -0.800033
    outer loop
      vertex -107.667 -77.4003 22.0372
      vertex -108.261 -73.1933 19.324
      vertex -107.667 -73.0702 19.5372
    endloop
  endfacet
  facet normal -0.382874 -0.461902 -0.800033
    outer loop
      vertex -105.133 -77.4003 22.0372
      vertex -104.539 -73.1933 19.324
      vertex -104.539 -77.5234 21.824
    endloop
  endfacet
  facet normal -0.382874 -0.461902 -0.800033
    outer loop
      vertex -104.539 -73.1933 19.324
      vertex -105.133 -77.4003 22.0372
      vertex -105.133 -73.0702 19.5372
    endloop
  endfacet
  facet normal 0.000476349 -0.866249 0.499612
    outer loop
      vertex -103.501 -76.4694 13.6495
      vertex -103.083 -76.2248 14.0732
      vertex -102.747 -75.9506 14.5483
    endloop
  endfacet
  facet normal -0.996976 0.0388579 0.0673034
    outer loop
      vertex -102.35 -75.3406 15.6048
      vertex -102.3 -79.35 18.6603
      vertex -102.3 -75.0199 16.1603
    endloop
  endfacet
  facet normal -0.996976 0.0388579 0.0673034
    outer loop
      vertex -102.3 -79.35 18.6603
      vertex -102.35 -75.3406 15.6048
      vertex -102.35 -79.6707 18.1048
    endloop
  endfacet
  facet normal -0.760593 -0.324616 -0.562248
    outer loop
      vertex -103.431 -77.9412 21.1004
      vertex -103.083 -73.8149 18.2473
      vertex -103.083 -78.145 20.7473
    endloop
  endfacet
  facet normal 0 -0.866032 0.499989
    outer loop
      vertex -108.261 -76.8464 12.9966
      vertex -102.35 -75.3406 15.6048
      vertex -110.45 -75.3406 15.6048
    endloop
  endfacet
  facet normal 0 -0.866032 0.499989
    outer loop
      vertex -102.35 -75.3406 15.6048
      vertex -108.261 -76.8464 12.9966
      vertex -104.539 -76.8464 12.9966
    endloop
  endfacet
  facet normal 0.000104746 -0.86607 0.499923
    outer loop
      vertex -104.539 -76.8464 12.9966
      vertex -103.501 -76.4694 13.6495
      vertex -102.35 -75.3406 15.6048
    endloop
  endfacet
  facet normal 0.000884143 -0.865388 0.501101
    outer loop
      vertex -109.299 -76.4694 13.6495
      vertex -108.81 -76.6784 13.2877
      vertex -108.261 -76.8464 12.9966
    endloop
  endfacet
  facet normal 0.923978 -0.191224 -0.331207
    outer loop
      vertex -110.094 -78.4688 20.1864
      vertex -110.053 -74.0892 17.7722
      vertex -110.053 -78.4193 20.2722
    endloop
  endfacet
  facet normal 0.923981 -0.19122 -0.3312
    outer loop
      vertex -110.053 -74.0892 17.7722
      vertex -110.094 -78.4688 20.1864
      vertex -110.299 -74.3864 17.2575
    endloop
  endfacet
  facet normal 1.03632e-05 -0.866023 0.500004
    outer loop
      vertex -110.45 -75.3406 15.6048
      vertex -108.81 -73.3614 19.0328
      vertex -110.299 -74.3864 17.2575
    endloop
  endfacet
  facet normal 0.649116 -0.380347 -0.658776
    outer loop
      vertex -109.218 -77.8656 21.2313
      vertex -108.81 -73.3614 19.0328
      vertex -108.81 -77.6915 21.5328
    endloop
  endfacet
  facet normal 0.760593 -0.324616 -0.562248
    outer loop
      vertex -109.717 -73.8149 18.2473
      vertex -109.369 -77.9412 21.1004
      vertex -109.717 -78.145 20.7473
    endloop
  endfacet
  facet normal -0.000270449 -0.865942 0.500145
    outer loop
      vertex -110.299 -74.3864 17.2575
      vertex -109.717 -73.8149 18.2473
      vertex -110.053 -74.0892 17.7722
    endloop
  endfacet
  facet normal -1.03632e-05 -0.866023 0.500004
    outer loop
      vertex -103.99 -73.3614 19.0328
      vertex -102.35 -75.3406 15.6048
      vertex -102.501 -74.3864 17.2575
    endloop
  endfacet
  facet normal 0 -0.866057 0.499946
    outer loop
      vertex -108.81 -73.3614 19.0328
      vertex -104.539 -73.1933 19.324
      vertex -108.261 -73.1933 19.324
    endloop
  endfacet
  facet normal 0 -0.866057 0.499946
    outer loop
      vertex -104.539 -73.1933 19.324
      vertex -108.81 -73.3614 19.0328
      vertex -103.99 -73.3614 19.0328
    endloop
  endfacet
  facet normal -0.852766 -0.261148 -0.452318
    outer loop
      vertex -102.747 -74.0892 17.7722
      vertex -102.803 -78.3736 20.3514
      vertex -103.083 -73.8149 18.2473
    endloop
  endfacet
  facet normal -0.852781 -0.261135 -0.452297
    outer loop
      vertex -102.803 -78.3736 20.3514
      vertex -102.747 -74.0892 17.7722
      vertex -102.747 -78.4193 20.2722
    endloop
  endfacet
  facet normal 7.65577e-05 -0.865991 0.500059
    outer loop
      vertex -103.99 -73.3614 19.0328
      vertex -102.501 -74.3864 17.2575
      vertex -103.083 -73.8149 18.2473
    endloop
  endfacet
  facet normal -0.649612 0.380128 0.658412
    outer loop
      vertex -103.99 -76.6784 13.2877
      vertex -103.501 -80.7996 16.1495
      vertex -103.501 -76.4694 13.6495
    endloop
  endfacet
  facet normal -0.649567 0.380154 0.658442
    outer loop
      vertex -103.501 -80.7996 16.1495
      vertex -103.99 -76.6784 13.2877
      vertex -103.99 -81.0085 15.7877
    endloop
  endfacet
  facet normal -0.760288 0.324745 0.562586
    outer loop
      vertex -103.501 -76.4694 13.6495
      vertex -103.431 -80.7588 16.2201
      vertex -103.083 -76.2248 14.0732
    endloop
  endfacet
  facet normal -0.758763 0.325679 0.564103
    outer loop
      vertex -103.431 -80.7588 16.2201
      vertex -103.501 -76.4694 13.6495
      vertex -103.501 -80.7996 16.1495
    endloop
  endfacet
  facet normal -0.923981 0.19122 0.3312
    outer loop
      vertex -102.747 -75.9506 14.5483
      vertex -102.501 -79.9835 17.563
      vertex -102.501 -75.6534 15.063
    endloop
  endfacet
  facet normal -0.923981 0.19122 0.3312
    outer loop
      vertex -102.501 -79.9835 17.563
      vertex -102.747 -75.9506 14.5483
      vertex -102.747 -80.2807 17.0483
    endloop
  endfacet
  facet normal -0.852745 0.261164 0.452349
    outer loop
      vertex -102.803 -80.3264 16.9691
      vertex -102.747 -75.9506 14.5483
      vertex -103.083 -76.2248 14.0732
    endloop
  endfacet
  facet normal -0.852781 0.261135 0.452297
    outer loop
      vertex -102.747 -75.9506 14.5483
      vertex -102.803 -80.3264 16.9691
      vertex -102.747 -80.2807 17.0483
    endloop
  endfacet
  facet normal -0.233216 0.486206 0.842148
    outer loop
      vertex -105.759 -77.0446 12.6533
      vertex -105.133 -81.2997 15.2833
      vertex -105.133 -76.9695 12.7833
    endloop
  endfacet
  facet normal -0.233216 0.486206 0.842148
    outer loop
      vertex -105.133 -81.2997 15.2833
      vertex -105.759 -77.0446 12.6533
      vertex -105.759 -81.3748 15.1533
    endloop
  endfacet
  facet normal 0.522128 0.426435 0.738603
    outer loop
      vertex -108.81 -81.0085 15.7877
      vertex -108.261 -76.8464 12.9966
      vertex -108.81 -76.6784 13.2877
    endloop
  endfacet
  facet normal 0.522185 0.426411 0.738578
    outer loop
      vertex -108.261 -76.8464 12.9966
      vertex -108.81 -81.0085 15.7877
      vertex -108.261 -81.1766 15.4966
    endloop
  endfacet
  facet normal -0.382989 0.461871 0.799997
    outer loop
      vertex -105.133 -76.9695 12.7833
      vertex -104.539 -81.1766 15.4966
      vertex -104.539 -76.8464 12.9966
    endloop
  endfacet
  facet normal -0.383268 0.461779 0.799916
    outer loop
      vertex -104.539 -81.1766 15.4966
      vertex -105.133 -76.9695 12.7833
      vertex -104.638 -81.1971 15.461
    endloop
  endfacet
  facet normal 0.972086 0.117314 0.203192
    outer loop
      vertex -110.45 -79.6707 18.1048
      vertex -110.299 -75.6534 15.063
      vertex -110.45 -75.3406 15.6048
    endloop
  endfacet
  facet normal 0.972086 0.117314 0.203192
    outer loop
      vertex -110.299 -75.6534 15.063
      vertex -110.45 -79.6707 18.1048
      vertex -110.299 -79.9835 17.563
    endloop
  endfacet
  facet normal 0.000128131 -0.866164 0.499759
    outer loop
      vertex -108.261 -73.1933 19.324
      vertex -107.041 -72.9951 19.6672
      vertex -107.667 -73.0702 19.5372
    endloop
  endfacet
  facet normal 0.852763 -0.26115 -0.452323
    outer loop
      vertex -109.997 -78.3736 20.3514
      vertex -109.717 -73.8149 18.2473
      vertex -109.717 -78.145 20.7473
    endloop
  endfacet
  facet normal 0.651831 -0.379184 -0.656762
    outer loop
      vertex -109.299 -73.5703 18.671
      vertex -109.218 -77.8656 21.2313
      vertex -109.299 -77.9004 21.171
    endloop
  endfacet
  facet normal 0.649567 -0.380209 -0.65841
    outer loop
      vertex -109.218 -77.8656 21.2313
      vertex -109.299 -73.5703 18.671
      vertex -108.81 -73.3614 19.0328
    endloop
  endfacet
  facet normal 0.972086 -0.117314 -0.203192
    outer loop
      vertex -110.299 -78.7165 19.7575
      vertex -110.45 -74.6992 16.7157
      vertex -110.299 -74.3864 17.2575
    endloop
  endfacet
  facet normal 0.972086 -0.117314 -0.203192
    outer loop
      vertex -110.45 -74.6992 16.7157
      vertex -110.299 -78.7165 19.7575
      vertex -110.45 -79.0293 19.2157
    endloop
  endfacet
  facet normal 0.923982 -0.191219 -0.331199
    outer loop
      vertex -110.299 -74.3864 17.2575
      vertex -110.094 -78.4688 20.1864
      vertex -110.299 -78.7165 19.7575
    endloop
  endfacet
  facet normal -0.972086 -0.117314 -0.203192
    outer loop
      vertex -102.35 -74.6992 16.7157
      vertex -102.501 -78.7165 19.7575
      vertex -102.501 -74.3864 17.2575
    endloop
  endfacet
  facet normal -0.972086 -0.117314 -0.203192
    outer loop
      vertex -102.501 -78.7165 19.7575
      vertex -102.35 -74.6992 16.7157
      vertex -102.35 -79.0293 19.2157
    endloop
  endfacet
  facet normal 0.000108416 -0.866018 0.500013
    outer loop
      vertex -102.501 -74.3864 17.2575
      vertex -102.35 -75.3406 15.6048
      vertex -102.35 -74.6992 16.7157
    endloop
  endfacet
  facet normal -0.000226764 -0.866143 0.499796
    outer loop
      vertex -103.99 -73.3614 19.0328
      vertex -103.083 -73.8149 18.2473
      vertex -103.501 -73.5703 18.671
    endloop
  endfacet
  facet normal -0.651831 -0.379184 -0.656762
    outer loop
      vertex -103.582 -77.8656 21.2313
      vertex -103.501 -73.5703 18.671
      vertex -103.501 -77.9004 21.171
    endloop
  endfacet
  facet normal -0.649567 -0.380209 -0.65841
    outer loop
      vertex -103.501 -73.5703 18.671
      vertex -103.582 -77.8656 21.2313
      vertex -103.99 -73.3614 19.0328
    endloop
  endfacet
  facet normal 0.522283 -0.426388 -0.738521
    outer loop
      vertex -108.81 -73.3614 19.0328
      vertex -108.261 -77.5234 21.824
      vertex -108.81 -77.6915 21.5328
    endloop
  endfacet
  facet normal 0.522283 -0.426388 -0.738521
    outer loop
      vertex -108.261 -77.5234 21.824
      vertex -108.81 -73.3614 19.0328
      vertex -108.261 -73.1933 19.324
    endloop
  endfacet
  facet normal 0 -0.865967 0.500101
    outer loop
      vertex -108.261 -73.1933 19.324
      vertex -105.759 -72.9951 19.6672
      vertex -107.041 -72.9951 19.6672
    endloop
  endfacet
  facet normal 0 -0.865967 0.500101
    outer loop
      vertex -105.759 -72.9951 19.6672
      vertex -108.261 -73.1933 19.324
      vertex -104.539 -73.1933 19.324
    endloop
  endfacet
  facet normal -0.000128131 -0.866164 0.499759
    outer loop
      vertex -105.759 -72.9951 19.6672
      vertex -104.539 -73.1933 19.324
      vertex -105.133 -73.0702 19.5372
    endloop
  endfacet
  facet normal -0.000884143 -0.865388 0.501101
    outer loop
      vertex -104.539 -76.8464 12.9966
      vertex -103.99 -76.6784 13.2877
      vertex -103.501 -76.4694 13.6495
    endloop
  endfacet
  facet normal -0.760593 0.32461 0.562251
    outer loop
      vertex -103.431 -80.7588 16.2201
      vertex -103.083 -80.555 16.5732
      vertex -103.083 -76.2248 14.0732
    endloop
  endfacet
  facet normal 0.382989 0.461871 0.799997
    outer loop
      vertex -108.261 -81.1766 15.4966
      vertex -107.667 -76.9695 12.7833
      vertex -108.261 -76.8464 12.9966
    endloop
  endfacet
  facet normal 0.383268 0.461779 0.799916
    outer loop
      vertex -107.667 -76.9695 12.7833
      vertex -108.261 -81.1766 15.4966
      vertex -108.162 -81.1971 15.461
    endloop
  endfacet
  facet normal 0.760288 0.324745 0.562586
    outer loop
      vertex -109.369 -80.7588 16.2201
      vertex -109.299 -76.4694 13.6495
      vertex -109.717 -76.2248 14.0732
    endloop
  endfacet
  facet normal 0.758763 0.325679 0.564103
    outer loop
      vertex -109.299 -76.4694 13.6495
      vertex -109.369 -80.7588 16.2201
      vertex -109.299 -80.7996 16.1495
    endloop
  endfacet
  facet normal -0.382934 0.461882 0.800017
    outer loop
      vertex -105.133 -76.9695 12.7833
      vertex -105.133 -81.2997 15.2833
      vertex -104.638 -81.1971 15.461
    endloop
  endfacet
  facet normal 0.852781 0.261135 0.452297
    outer loop
      vertex -109.997 -80.3264 16.9691
      vertex -110.053 -75.9506 14.5483
      vertex -110.053 -80.2807 17.0483
    endloop
  endfacet
  facet normal 0.852745 0.261164 0.452349
    outer loop
      vertex -110.053 -75.9506 14.5483
      vertex -109.997 -80.3264 16.9691
      vertex -109.717 -76.2248 14.0732
    endloop
  endfacet
  facet normal -0.000386565 -0.866078 0.499909
    outer loop
      vertex -110.45 -75.3406 15.6048
      vertex -110.299 -75.6534 15.063
      vertex -110.053 -75.9506 14.5483
    endloop
  endfacet
  facet normal -0.000243584 -0.866405 0.499342
    outer loop
      vertex -108.261 -76.8464 12.9966
      vertex -107.667 -76.9695 12.7833
      vertex -107.041 -77.0446 12.6533
    endloop
  endfacet
  facet normal 0.758763 -0.325685 -0.5641
    outer loop
      vertex -109.369 -77.9412 21.1004
      vertex -109.299 -73.5703 18.671
      vertex -109.299 -77.9004 21.171
    endloop
  endfacet
  facet normal 0.760288 -0.324838 -0.562532
    outer loop
      vertex -109.299 -73.5703 18.671
      vertex -109.369 -77.9412 21.1004
      vertex -109.717 -73.8149 18.2473
    endloop
  endfacet
  facet normal 0.000226764 -0.866143 0.499796
    outer loop
      vertex -109.717 -73.8149 18.2473
      vertex -108.81 -73.3614 19.0328
      vertex -109.299 -73.5703 18.671
    endloop
  endfacet
  facet normal 0.996975 -0.0388631 -0.0673125
    outer loop
      vertex -110.45 -79.0293 19.2157
      vertex -110.5 -75.0199 16.1603
      vertex -110.45 -74.6992 16.7157
    endloop
  endfacet
  facet normal 0.996975 -0.0388631 -0.0673125
    outer loop
      vertex -110.5 -75.0199 16.1603
      vertex -110.45 -79.0293 19.2157
      vertex -110.5 -79.35 18.6603
    endloop
  endfacet
  facet normal -0.996975 -0.0388631 -0.0673125
    outer loop
      vertex -102.3 -75.0199 16.1603
      vertex -102.35 -79.0293 19.2157
      vertex -102.35 -74.6992 16.7157
    endloop
  endfacet
  facet normal -0.996975 -0.0388631 -0.0673125
    outer loop
      vertex -102.35 -79.0293 19.2157
      vertex -102.3 -75.0199 16.1603
      vertex -102.3 -79.35 18.6603
    endloop
  endfacet
  facet normal -0.852763 -0.26115 -0.452323
    outer loop
      vertex -103.083 -73.8149 18.2473
      vertex -102.803 -78.3736 20.3514
      vertex -103.083 -78.145 20.7473
    endloop
  endfacet
  facet normal 0 -0.866778 0.498694
    outer loop
      vertex -107.041 -72.9951 19.6672
      vertex -105.759 -72.9951 19.6672
      vertex -106.4 -72.9699 19.711
    endloop
  endfacet
  facet normal -0.233216 -0.486215 -0.842143
    outer loop
      vertex -105.759 -77.3252 22.1672
      vertex -105.133 -73.0702 19.5372
      vertex -105.133 -77.4003 22.0372
    endloop
  endfacet
  facet normal -0.233216 -0.486215 -0.842143
    outer loop
      vertex -105.133 -73.0702 19.5372
      vertex -105.759 -77.3252 22.1672
      vertex -105.759 -72.9951 19.6672
    endloop
  endfacet
  facet normal 0.649612 0.380128 0.658412
    outer loop
      vertex -109.299 -80.7996 16.1495
      vertex -108.81 -76.6784 13.2877
      vertex -109.299 -76.4694 13.6495
    endloop
  endfacet
  facet normal 0.649567 0.380154 0.658442
    outer loop
      vertex -108.81 -76.6784 13.2877
      vertex -109.299 -80.7996 16.1495
      vertex -108.81 -81.0085 15.7877
    endloop
  endfacet
  facet normal -0.000104746 -0.86607 0.499923
    outer loop
      vertex -110.45 -75.3406 15.6048
      vertex -109.299 -76.4694 13.6495
      vertex -108.261 -76.8464 12.9966
    endloop
  endfacet
  facet normal 0.760593 0.32461 0.562251
    outer loop
      vertex -109.717 -76.2248 14.0732
      vertex -109.717 -80.555 16.5732
      vertex -109.369 -80.7588 16.2201
    endloop
  endfacet
  facet normal 0.852763 0.261146 0.452325
    outer loop
      vertex -109.997 -80.3264 16.9691
      vertex -109.717 -80.555 16.5732
      vertex -109.717 -76.2248 14.0732
    endloop
  endfacet
  facet normal 0.923981 0.19122 0.3312
    outer loop
      vertex -110.299 -79.9835 17.563
      vertex -110.053 -75.9506 14.5483
      vertex -110.299 -75.6534 15.063
    endloop
  endfacet
  facet normal 0.923981 0.19122 0.3312
    outer loop
      vertex -110.053 -75.9506 14.5483
      vertex -110.299 -79.9835 17.563
      vertex -110.053 -80.2807 17.0483
    endloop
  endfacet
  facet normal 0.0785325 0.498449 0.863354
    outer loop
      vertex -107.041 -81.3748 15.1533
      vertex -106.4 -77.0699 12.6096
      vertex -107.041 -77.0446 12.6533
    endloop
  endfacet
  facet normal 0.0785891 0.498441 0.863354
    outer loop
      vertex -106.4 -77.0699 12.6096
      vertex -107.041 -81.3748 15.1533
      vertex -106.4 -81.4 15.1095
    endloop
  endfacet
  facet normal 0 -0.865962 0.50011
    outer loop
      vertex -108.261 -76.8464 12.9966
      vertex -106.4 -77.0699 12.6096
      vertex -104.539 -76.8464 12.9966
    endloop
  endfacet
  facet normal -0.923981 -0.19122 -0.3312
    outer loop
      vertex -102.706 -78.4688 20.1864
      vertex -102.747 -74.0892 17.7722
      vertex -102.501 -74.3864 17.2575
    endloop
  endfacet
  facet normal -0.923978 -0.191224 -0.331207
    outer loop
      vertex -102.747 -74.0892 17.7722
      vertex -102.706 -78.4688 20.1864
      vertex -102.747 -78.4193 20.2722
    endloop
  endfacet
  facet normal 0.000270449 -0.865942 0.500145
    outer loop
      vertex -103.083 -73.8149 18.2473
      vertex -102.501 -74.3864 17.2575
      vertex -102.747 -74.0892 17.7722
    endloop
  endfacet
  facet normal -0.0785891 -0.498456 -0.863346
    outer loop
      vertex -106.4 -77.3 22.211
      vertex -105.759 -72.9951 19.6672
      vertex -105.759 -77.3252 22.1672
    endloop
  endfacet
  facet normal -0.0785891 -0.498456 -0.863346
    outer loop
      vertex -105.759 -72.9951 19.6672
      vertex -106.4 -77.3 22.211
      vertex -106.4 -72.9699 19.711
    endloop
  endfacet
  facet normal 0.0785891 -0.498456 -0.863346
    outer loop
      vertex -107.041 -72.9951 19.6672
      vertex -106.4 -77.3 22.211
      vertex -107.041 -77.3252 22.1672
    endloop
  endfacet
  facet normal 0.0785891 -0.498456 -0.863346
    outer loop
      vertex -106.4 -77.3 22.211
      vertex -107.041 -72.9951 19.6672
      vertex -106.4 -72.9699 19.711
    endloop
  endfacet
  facet normal 0.000243584 -0.866405 0.499342
    outer loop
      vertex -105.759 -77.0446 12.6533
      vertex -105.133 -76.9695 12.7833
      vertex -104.539 -76.8464 12.9966
    endloop
  endfacet
  facet normal 0.233216 0.486206 0.842148
    outer loop
      vertex -107.667 -81.2997 15.2833
      vertex -107.041 -77.0446 12.6533
      vertex -107.667 -76.9695 12.7833
    endloop
  endfacet
  facet normal 0.233216 0.486206 0.842148
    outer loop
      vertex -107.041 -77.0446 12.6533
      vertex -107.667 -81.2997 15.2833
      vertex -107.041 -81.3748 15.1533
    endloop
  endfacet
  facet normal 0.382934 0.461882 0.800017
    outer loop
      vertex -108.162 -81.1971 15.461
      vertex -107.667 -81.2997 15.2833
      vertex -107.667 -76.9695 12.7833
    endloop
  endfacet
  facet normal -0.000476349 -0.866249 0.499612
    outer loop
      vertex -110.053 -75.9506 14.5483
      vertex -109.717 -76.2248 14.0732
      vertex -109.299 -76.4694 13.6495
    endloop
  endfacet
  facet normal 0.000306786 -0.865965 0.500105
    outer loop
      vertex -110.45 -75.3406 15.6048
      vertex -110.053 -75.9506 14.5483
      vertex -109.299 -76.4694 13.6495
    endloop
  endfacet
  facet normal -0.0785325 0.498449 0.863354
    outer loop
      vertex -106.4 -77.0699 12.6096
      vertex -105.759 -81.3748 15.1533
      vertex -105.759 -77.0446 12.6533
    endloop
  endfacet
  facet normal -0.0785891 0.498441 0.863354
    outer loop
      vertex -105.759 -81.3748 15.1533
      vertex -106.4 -77.0699 12.6096
      vertex -106.4 -81.4 15.1095
    endloop
  endfacet
  facet normal 0.00012546 -0.866223 0.499657
    outer loop
      vertex -106.4 -77.0699 12.6096
      vertex -105.759 -77.0446 12.6533
      vertex -104.539 -76.8464 12.9966
    endloop
  endfacet
  facet normal -0.00012546 -0.866223 0.499657
    outer loop
      vertex -108.261 -76.8464 12.9966
      vertex -107.041 -77.0446 12.6533
      vertex -106.4 -77.0699 12.6096
    endloop
  endfacet
  facet normal -0.99698 0.0387707 0.0672936
    outer loop
      vertex 110.492 -15.0534 130.025
      vertex 110.5 -10.6699 127.618
      vertex 110.45 -10.9906 127.062
    endloop
  endfacet
  facet normal -0.997229 0.0371962 0.0644253
    outer loop
      vertex 110.5 -10.6699 127.618
      vertex 110.492 -15.0534 130.025
      vertex 110.5 -15 130.118
    endloop
  endfacet
  facet normal 0.00280042 -0.864474 0.50267
    outer loop
      vertex 108.81 -9.01139 130.49
      vertex 109.717 -9.46491 129.705
      vertex 109.299 -9.2203 130.128
    endloop
  endfacet
  facet normal -0.996928 0.0391598 0.0678263
    outer loop
      vertex 110.45 -10.9906 127.062
      vertex 110.45 -15.3207 129.562
      vertex 110.492 -15.0534 130.025
    endloop
  endfacet
  facet normal -0.972101 0.117336 0.203108
    outer loop
      vertex 110.299 -11.3034 126.52
      vertex 110.324 -15.5813 129.111
      vertex 110.45 -10.9906 127.062
    endloop
  endfacet
  facet normal -0.972761 0.115907 0.200755
    outer loop
      vertex 110.324 -15.5813 129.111
      vertex 110.299 -11.3034 126.52
      vertex 110.299 -15.6335 129.02
    endloop
  endfacet
  facet normal 0.00148404 -0.866289 0.499541
    outer loop
      vertex 110.299 -11.3034 126.52
      vertex 110.45 -10.9906 127.062
      vertex 110.5 -10.6699 127.618
    endloop
  endfacet
  facet normal -0.000473832 -0.865938 0.500152
    outer loop
      vertex 102.3 -10.6699 127.618
      vertex 103.083 -9.46491 129.705
      vertex 102.501 -10.0364 128.715
    endloop
  endfacet
  facet normal -2.87925e-05 -0.866019 0.500011
    outer loop
      vertex 109.717 -9.46491 129.705
      vertex 110.053 -11.6006 126.006
      vertex 110.5 -10.6699 127.618
    endloop
  endfacet
  facet normal -0.649723 -0.380087 -0.658327
    outer loop
      vertex 108.81 -13.3415 132.99
      vertex 109.299 -9.2203 130.128
      vertex 109.299 -13.5504 132.628
    endloop
  endfacet
  facet normal -0.649727 -0.380085 -0.658324
    outer loop
      vertex 109.299 -9.2203 130.128
      vertex 108.81 -13.3415 132.99
      vertex 108.81 -9.01139 130.49
    endloop
  endfacet
  facet normal -0.00229434 -0.864051 0.503399
    outer loop
      vertex 103.99 -9.01139 130.49
      vertex 105.133 -8.72021 130.995
      vertex 104.539 -8.84331 130.781
    endloop
  endfacet
  facet normal -0.852725 -0.261182 -0.452376
    outer loop
      vertex 110.053 -9.73919 129.23
      vertex 109.717 -13.795 132.205
      vertex 109.717 -9.46491 129.705
    endloop
  endfacet
  facet normal -0.852729 -0.261177 -0.452371
    outer loop
      vertex 109.717 -13.795 132.205
      vertex 110.053 -9.73919 129.23
      vertex 110.053 -14.0693 131.73
    endloop
  endfacet
  facet normal -0.000889239 -0.865436 0.501018
    outer loop
      vertex 103.083 -9.46491 129.705
      vertex 105.133 -8.72021 130.995
      vertex 103.99 -9.01139 130.49
    endloop
  endfacet
  facet normal -0.00328849 -0.865709 0.500536
    outer loop
      vertex 102.3 -10.6699 127.618
      vertex 102.501 -10.0364 128.715
      vertex 102.35 -10.3492 128.173
    endloop
  endfacet
  facet normal 2.87925e-05 -0.866019 0.500011
    outer loop
      vertex 102.3 -10.6699 127.618
      vertex 102.747 -11.6006 126.006
      vertex 103.083 -9.46491 129.705
    endloop
  endfacet
  facet normal -0.649582 0.380147 0.65843
    outer loop
      vertex 108.81 -12.3284 124.745
      vertex 108.81 -16.6585 127.245
      vertex 109.218 -16.4844 127.547
    endloop
  endfacet
  facet normal 0.000257368 -0.866218 0.499666
    outer loop
      vertex 107.041 -12.6946 124.111
      vertex 109.299 -12.1194 125.107
      vertex 110.053 -11.6006 126.006
    endloop
  endfacet
  facet normal 0.38602 -0.461248 -0.798899
    outer loop
      vertex 104.539 -8.84331 130.781
      vertex 104.638 -13.1529 133.317
      vertex 104.539 -13.1734 133.281
    endloop
  endfacet
  facet normal 0.383793 -0.461757 -0.799677
    outer loop
      vertex 104.638 -13.1529 133.317
      vertex 104.539 -8.84331 130.781
      vertex 105.133 -8.72021 130.995
    endloop
  endfacet
  facet normal -0.924041 -0.191147 -0.331075
    outer loop
      vertex 110.299 -10.0364 128.715
      vertex 110.053 -14.0693 131.73
      vertex 110.053 -9.73919 129.23
    endloop
  endfacet
  facet normal -0.92404 -0.191148 -0.331077
    outer loop
      vertex 110.053 -14.0693 131.73
      vertex 110.299 -10.0364 128.715
      vertex 110.299 -14.3665 131.215
    endloop
  endfacet
  facet normal -0.760458 0.324689 0.562388
    outer loop
      vertex 109.299 -12.1194 125.107
      vertex 109.717 -16.205 128.031
      vertex 109.717 -11.8748 125.531
    endloop
  endfacet
  facet normal -0.760458 0.324689 0.562388
    outer loop
      vertex 109.717 -16.205 128.031
      vertex 109.299 -12.1194 125.107
      vertex 109.299 -16.4496 127.607
    endloop
  endfacet
  facet normal 0.924041 -0.191147 -0.331075
    outer loop
      vertex 102.747 -14.0693 131.73
      vertex 102.501 -10.0364 128.715
      vertex 102.747 -9.73919 129.23
    endloop
  endfacet
  facet normal 0.92404 -0.191148 -0.331077
    outer loop
      vertex 102.501 -10.0364 128.715
      vertex 102.747 -14.0693 131.73
      vertex 102.501 -14.3665 131.215
    endloop
  endfacet
  facet normal -0.00116999 -0.865699 0.500564
    outer loop
      vertex 109.299 -12.1194 125.107
      vertex 109.717 -11.8748 125.531
      vertex 110.053 -11.6006 126.006
    endloop
  endfacet
  facet normal 0.997187 -0.0374798 -0.0649165
    outer loop
      vertex 102.342 -14.7328 130.581
      vertex 102.35 -10.3492 128.173
      vertex 102.35 -14.6793 130.673
    endloop
  endfacet
  facet normal 0.996972 -0.0388319 -0.0673787
    outer loop
      vertex 102.35 -10.3492 128.173
      vertex 102.342 -14.7328 130.581
      vertex 102.3 -10.6699 127.618
    endloop
  endfacet
  facet normal 0.972101 -0.11713 -0.203227
    outer loop
      vertex 102.376 -14.6272 130.763
      vertex 102.35 -10.3492 128.173
      vertex 102.501 -10.0364 128.715
    endloop
  endfacet
  facet normal 0.970138 -0.121277 -0.210056
    outer loop
      vertex 102.35 -10.3492 128.173
      vertex 102.376 -14.6272 130.763
      vertex 102.35 -14.6793 130.673
    endloop
  endfacet
  facet normal 0.383347 -0.461805 -0.799863
    outer loop
      vertex 104.638 -13.1529 133.317
      vertex 105.133 -8.72021 130.995
      vertex 105.133 -13.0503 133.495
    endloop
  endfacet
  facet normal -0.523101 -0.426137 -0.738088
    outer loop
      vertex 108.353 -13.2014 133.233
      vertex 108.81 -9.01139 130.49
      vertex 108.81 -13.3415 132.99
    endloop
  endfacet
  facet normal -0.000409886 -0.866331 0.49947
    outer loop
      vertex 106.4 -8.61987 131.168
      vertex 109.717 -9.46491 129.705
      vertex 107.667 -8.72021 130.995
    endloop
  endfacet
  facet normal -0.996928 -0.0391634 -0.0678326
    outer loop
      vertex 110.458 -14.7328 130.581
      vertex 110.5 -10.6699 127.618
      vertex 110.5 -15 130.118
    endloop
  endfacet
  facet normal -0.971967 0.11756 0.203618
    outer loop
      vertex 110.324 -15.5813 129.111
      vertex 110.45 -15.3207 129.562
      vertex 110.45 -10.9906 127.062
    endloop
  endfacet
  facet normal 0.00116999 -0.865699 0.500564
    outer loop
      vertex 102.747 -11.6006 126.006
      vertex 103.083 -11.8748 125.531
      vertex 103.501 -12.1194 125.107
    endloop
  endfacet
  facet normal 0.000432676 -0.866329 0.499474
    outer loop
      vertex 107.667 -12.6195 124.241
      vertex 108.261 -12.4964 124.454
      vertex 109.299 -12.1194 125.107
    endloop
  endfacet
  facet normal 0 -0.865993 0.500056
    outer loop
      vertex 102.747 -11.6006 126.006
      vertex 110.053 -11.6006 126.006
      vertex 106.4 -8.61987 131.168
    endloop
  endfacet
  facet normal 0.000409886 -0.866331 0.49947
    outer loop
      vertex 103.083 -9.46491 129.705
      vertex 106.4 -8.61987 131.168
      vertex 105.133 -8.72021 130.995
    endloop
  endfacet
  facet normal 0.523101 -0.426137 -0.738088
    outer loop
      vertex 103.99 -9.01139 130.49
      vertex 104.447 -13.2014 133.233
      vertex 103.99 -13.3415 132.99
    endloop
  endfacet
  facet normal 0.00229434 -0.864051 0.503399
    outer loop
      vertex 107.667 -8.72021 130.995
      vertex 108.81 -9.01139 130.49
      vertex 108.261 -8.84331 130.781
    endloop
  endfacet
  facet normal -0.38602 -0.461248 -0.798899
    outer loop
      vertex 108.162 -13.1529 133.317
      vertex 108.261 -8.84331 130.781
      vertex 108.261 -13.1734 133.281
    endloop
  endfacet
  facet normal -0.383793 -0.461757 -0.799677
    outer loop
      vertex 108.261 -8.84331 130.781
      vertex 108.162 -13.1529 133.317
      vertex 107.667 -8.72021 130.995
    endloop
  endfacet
  facet normal -0.972485 -0.116484 -0.201755
    outer loop
      vertex 110.299 -10.0364 128.715
      vertex 110.424 -14.6272 130.763
      vertex 110.299 -14.3665 131.215
    endloop
  endfacet
  facet normal -0.923843 0.191386 0.331489
    outer loop
      vertex 110.053 -11.6006 126.006
      vertex 110.299 -15.6335 129.02
      vertex 110.299 -11.3034 126.52
    endloop
  endfacet
  facet normal -0.923843 0.191386 0.331489
    outer loop
      vertex 110.299 -15.6335 129.02
      vertex 110.053 -11.6006 126.006
      vertex 110.053 -15.9307 128.506
    endloop
  endfacet
  facet normal 0.00367063 -0.866457 0.499238
    outer loop
      vertex 110.053 -11.6006 126.006
      vertex 110.299 -11.3034 126.52
      vertex 110.5 -10.6699 127.618
    endloop
  endfacet
  facet normal -0.852708 0.261195 0.4524
    outer loop
      vertex 109.717 -11.8748 125.531
      vertex 110.053 -15.9307 128.506
      vertex 110.053 -11.6006 126.006
    endloop
  endfacet
  facet normal -0.852729 0.261173 0.452373
    outer loop
      vertex 110.053 -15.9307 128.506
      vertex 109.717 -11.8748 125.531
      vertex 109.717 -16.205 128.031
    endloop
  endfacet
  facet normal -9.4741e-05 -0.866022 0.500006
    outer loop
      vertex 106.4 -8.61987 131.168
      vertex 110.053 -11.6006 126.006
      vertex 109.717 -9.46491 129.705
    endloop
  endfacet
  facet normal 6.19423e-05 -0.866026 0.499998
    outer loop
      vertex 107.041 -12.6946 124.111
      vertex 107.667 -12.6195 124.241
      vertex 109.299 -12.1194 125.107
    endloop
  endfacet
  facet normal -4.6032e-05 -0.865999 0.500045
    outer loop
      vertex 108.261 -12.4964 124.454
      vertex 108.81 -12.3284 124.745
      vertex 109.299 -12.1194 125.107
    endloop
  endfacet
  facet normal -0.649768 0.380062 0.658297
    outer loop
      vertex 108.81 -12.3284 124.745
      vertex 109.299 -16.4496 127.607
      vertex 109.299 -12.1194 125.107
    endloop
  endfacet
  facet normal -0.650429 0.379682 0.657863
    outer loop
      vertex 109.299 -16.4496 127.607
      vertex 108.81 -12.3284 124.745
      vertex 109.218 -16.4844 127.547
    endloop
  endfacet
  facet normal -0.383268 0.461813 0.799897
    outer loop
      vertex 107.766 -16.9291 126.776
      vertex 108.261 -16.8266 126.954
      vertex 108.261 -12.4964 124.454
    endloop
  endfacet
  facet normal -0.522031 0.426465 0.738655
    outer loop
      vertex 108.261 -12.4964 124.454
      vertex 108.81 -16.6585 127.245
      vertex 108.81 -12.3284 124.745
    endloop
  endfacet
  facet normal -0.522087 0.426441 0.738629
    outer loop
      vertex 108.81 -16.6585 127.245
      vertex 108.261 -12.4964 124.454
      vertex 108.261 -16.8266 126.954
    endloop
  endfacet
  facet normal 0.997229 0.0371962 0.0644253
    outer loop
      vertex 102.308 -15.0534 130.025
      vertex 102.3 -10.6699 127.618
      vertex 102.3 -15 130.118
    endloop
  endfacet
  facet normal 0.99698 0.0387707 0.0672936
    outer loop
      vertex 102.3 -10.6699 127.618
      vertex 102.308 -15.0534 130.025
      vertex 102.35 -10.9906 127.062
    endloop
  endfacet
  facet normal 0.923843 0.191386 0.331489
    outer loop
      vertex 102.501 -15.6335 129.02
      vertex 102.747 -11.6006 126.006
      vertex 102.501 -11.3034 126.52
    endloop
  endfacet
  facet normal 0.923843 0.191386 0.331489
    outer loop
      vertex 102.747 -11.6006 126.006
      vertex 102.501 -15.6335 129.02
      vertex 102.747 -15.9307 128.506
    endloop
  endfacet
  facet normal 0.760458 0.324689 0.562388
    outer loop
      vertex 103.083 -16.205 128.031
      vertex 103.501 -12.1194 125.107
      vertex 103.083 -11.8748 125.531
    endloop
  endfacet
  facet normal 0.760458 0.324689 0.562388
    outer loop
      vertex 103.501 -12.1194 125.107
      vertex 103.083 -16.205 128.031
      vertex 103.501 -16.4496 127.607
    endloop
  endfacet
  facet normal 0.522031 0.426465 0.738655
    outer loop
      vertex 103.99 -16.6585 127.245
      vertex 104.539 -12.4964 124.454
      vertex 103.99 -12.3284 124.745
    endloop
  endfacet
  facet normal 0.522087 0.426441 0.738629
    outer loop
      vertex 104.539 -12.4964 124.454
      vertex 103.99 -16.6585 127.245
      vertex 104.539 -16.8266 126.954
    endloop
  endfacet
  facet normal 0.37952 0.462586 0.801236
    outer loop
      vertex 105.133 -12.6195 124.241
      vertex 105.034 -16.9291 126.776
      vertex 105.133 -16.9497 126.741
    endloop
  endfacet
  facet normal 0.382644 0.461879 0.800157
    outer loop
      vertex 105.034 -16.9291 126.776
      vertex 105.133 -12.6195 124.241
      vertex 104.539 -12.4964 124.454
    endloop
  endfacet
  facet normal 0.0789341 0.498434 0.863327
    outer loop
      vertex 105.759 -17.0248 126.611
      vertex 106.4 -12.7199 124.067
      vertex 105.759 -12.6946 124.111
    endloop
  endfacet
  facet normal 0.0788568 0.498445 0.863327
    outer loop
      vertex 106.4 -12.7199 124.067
      vertex 105.759 -17.0248 126.611
      vertex 106.4 -17.05 126.567
    endloop
  endfacet
  facet normal 0.972485 -0.116484 -0.201755
    outer loop
      vertex 102.376 -14.6272 130.763
      vertex 102.501 -10.0364 128.715
      vertex 102.501 -14.3665 131.215
    endloop
  endfacet
  facet normal -0.00280042 -0.864474 0.50267
    outer loop
      vertex 103.083 -9.46491 129.705
      vertex 103.99 -9.01139 130.49
      vertex 103.501 -9.2203 130.128
    endloop
  endfacet
  facet normal -0.000257368 -0.866218 0.499666
    outer loop
      vertex 102.747 -11.6006 126.006
      vertex 103.501 -12.1194 125.107
      vertex 105.759 -12.6946 124.111
    endloop
  endfacet
  facet normal 0.517021 -0.428649 -0.740912
    outer loop
      vertex 103.99 -9.01139 130.49
      vertex 104.539 -13.1734 133.281
      vertex 104.447 -13.2014 133.233
    endloop
  endfacet
  facet normal 0.522076 -0.426452 -0.738631
    outer loop
      vertex 104.539 -13.1734 133.281
      vertex 103.99 -9.01139 130.49
      vertex 104.539 -8.84331 130.781
    endloop
  endfacet
  facet normal -0.996972 -0.0388319 -0.0673787
    outer loop
      vertex 110.458 -14.7328 130.581
      vertex 110.45 -10.3492 128.173
      vertex 110.5 -10.6699 127.618
    endloop
  endfacet
  facet normal -0.997187 -0.0374798 -0.0649165
    outer loop
      vertex 110.45 -10.3492 128.173
      vertex 110.458 -14.7328 130.581
      vertex 110.45 -14.6793 130.673
    endloop
  endfacet
  facet normal 0.000473832 -0.865938 0.500152
    outer loop
      vertex 109.717 -9.46491 129.705
      vertex 110.5 -10.6699 127.618
      vertex 110.299 -10.0364 128.715
    endloop
  endfacet
  facet normal -0.00122501 -0.866369 0.499402
    outer loop
      vertex 109.717 -9.46491 129.705
      vertex 110.299 -10.0364 128.715
      vertex 110.053 -9.73919 129.23
    endloop
  endfacet
  facet normal -0.383347 -0.461805 -0.799863
    outer loop
      vertex 107.667 -8.72021 130.995
      vertex 108.162 -13.1529 133.317
      vertex 107.667 -13.0503 133.495
    endloop
  endfacet
  facet normal -0.0775181 -0.498499 -0.863418
    outer loop
      vertex 106.4 -12.95 133.668
      vertex 107.041 -8.64511 131.125
      vertex 107.041 -12.9752 133.625
    endloop
  endfacet
  facet normal -0.0775491 -0.498494 -0.863418
    outer loop
      vertex 107.041 -8.64511 131.125
      vertex 106.4 -12.95 133.668
      vertex 106.4 -8.61987 131.168
    endloop
  endfacet
  facet normal 0 -0.866906 0.498471
    outer loop
      vertex 105.759 -12.6946 124.111
      vertex 106.4 -12.7199 124.067
      vertex 107.041 -12.6946 124.111
    endloop
  endfacet
  facet normal -0.233216 0.486206 0.842148
    outer loop
      vertex 107.041 -12.6946 124.111
      vertex 107.667 -16.9497 126.741
      vertex 107.667 -12.6195 124.241
    endloop
  endfacet
  facet normal -0.233216 0.486206 0.842148
    outer loop
      vertex 107.667 -16.9497 126.741
      vertex 107.041 -12.6946 124.111
      vertex 107.041 -17.0248 126.611
    endloop
  endfacet
  facet normal -0.382644 0.461879 0.800157
    outer loop
      vertex 107.667 -12.6195 124.241
      vertex 107.766 -16.9291 126.776
      vertex 108.261 -12.4964 124.454
    endloop
  endfacet
  facet normal -0.37952 0.462586 0.801236
    outer loop
      vertex 107.766 -16.9291 126.776
      vertex 107.667 -12.6195 124.241
      vertex 107.667 -16.9497 126.741
    endloop
  endfacet
  facet normal -0.0789341 0.498434 0.863327
    outer loop
      vertex 106.4 -12.7199 124.067
      vertex 107.041 -17.0248 126.611
      vertex 107.041 -12.6946 124.111
    endloop
  endfacet
  facet normal -0.0788568 0.498445 0.863327
    outer loop
      vertex 107.041 -17.0248 126.611
      vertex 106.4 -12.7199 124.067
      vertex 106.4 -17.05 126.567
    endloop
  endfacet
  facet normal -0.00148404 -0.866289 0.499541
    outer loop
      vertex 102.3 -10.6699 127.618
      vertex 102.35 -10.9906 127.062
      vertex 102.501 -11.3034 126.52
    endloop
  endfacet
  facet normal 0.996928 -0.0391634 -0.0678326
    outer loop
      vertex 102.3 -10.6699 127.618
      vertex 102.342 -14.7328 130.581
      vertex 102.3 -15 130.118
    endloop
  endfacet
  facet normal 9.4741e-05 -0.866022 0.500006
    outer loop
      vertex 102.747 -11.6006 126.006
      vertex 106.4 -8.61987 131.168
      vertex 103.083 -9.46491 129.705
    endloop
  endfacet
  facet normal 0.0775181 -0.498499 -0.863418
    outer loop
      vertex 105.759 -8.64511 131.125
      vertex 106.4 -12.95 133.668
      vertex 105.759 -12.9752 133.625
    endloop
  endfacet
  facet normal 0.0775491 -0.498494 -0.863418
    outer loop
      vertex 106.4 -12.95 133.668
      vertex 105.759 -8.64511 131.125
      vertex 106.4 -8.61987 131.168
    endloop
  endfacet
  facet normal 0.759893 -0.325025 -0.562957
    outer loop
      vertex 103.501 -13.5504 132.628
      vertex 103.083 -9.46491 129.705
      vertex 103.501 -9.2203 130.128
    endloop
  endfacet
  facet normal 0.75989 -0.325028 -0.56296
    outer loop
      vertex 103.083 -9.46491 129.705
      vertex 103.501 -13.5504 132.628
      vertex 103.083 -13.795 132.205
    endloop
  endfacet
  facet normal 0.000889239 -0.865436 0.501018
    outer loop
      vertex 107.667 -8.72021 130.995
      vertex 109.717 -9.46491 129.705
      vertex 108.81 -9.01139 130.49
    endloop
  endfacet
  facet normal -0.517021 -0.428649 -0.740912
    outer loop
      vertex 108.261 -13.1734 133.281
      vertex 108.81 -9.01139 130.49
      vertex 108.353 -13.2014 133.233
    endloop
  endfacet
  facet normal -0.522076 -0.426452 -0.738631
    outer loop
      vertex 108.81 -9.01139 130.49
      vertex 108.261 -13.1734 133.281
      vertex 108.261 -8.84331 130.781
    endloop
  endfacet
  facet normal -0.972101 -0.11713 -0.203227
    outer loop
      vertex 110.45 -10.3492 128.173
      vertex 110.424 -14.6272 130.763
      vertex 110.299 -10.0364 128.715
    endloop
  endfacet
  facet normal -0.970138 -0.121277 -0.210056
    outer loop
      vertex 110.424 -14.6272 130.763
      vertex 110.45 -10.3492 128.173
      vertex 110.45 -14.6793 130.673
    endloop
  endfacet
  facet normal 0.00328849 -0.865709 0.500536
    outer loop
      vertex 110.299 -10.0364 128.715
      vertex 110.5 -10.6699 127.618
      vertex 110.45 -10.3492 128.173
    endloop
  endfacet
  facet normal 0.000798167 -0.867557 0.497337
    outer loop
      vertex 105.133 -8.72021 130.995
      vertex 106.4 -8.61987 131.168
      vertex 105.759 -8.64511 131.125
    endloop
  endfacet
  facet normal 0.233216 -0.486216 -0.842143
    outer loop
      vertex 105.133 -8.72021 130.995
      vertex 105.759 -12.9752 133.625
      vertex 105.133 -13.0503 133.495
    endloop
  endfacet
  facet normal 0.233216 -0.486216 -0.842143
    outer loop
      vertex 105.759 -12.9752 133.625
      vertex 105.133 -8.72021 130.995
      vertex 105.759 -8.64511 131.125
    endloop
  endfacet
  facet normal -0.000798167 -0.867557 0.497337
    outer loop
      vertex 106.4 -8.61987 131.168
      vertex 107.667 -8.72021 130.995
      vertex 107.041 -8.64511 131.125
    endloop
  endfacet
  facet normal -0.233216 -0.486216 -0.842143
    outer loop
      vertex 107.041 -12.9752 133.625
      vertex 107.667 -8.72021 130.995
      vertex 107.667 -13.0503 133.495
    endloop
  endfacet
  facet normal -0.233216 -0.486216 -0.842143
    outer loop
      vertex 107.667 -8.72021 130.995
      vertex 107.041 -12.9752 133.625
      vertex 107.041 -8.64511 131.125
    endloop
  endfacet
  facet normal 0.649768 0.380062 0.658297
    outer loop
      vertex 103.501 -16.4496 127.607
      vertex 103.99 -12.3284 124.745
      vertex 103.501 -12.1194 125.107
    endloop
  endfacet
  facet normal 0.650429 0.379682 0.657863
    outer loop
      vertex 103.99 -12.3284 124.745
      vertex 103.501 -16.4496 127.607
      vertex 103.582 -16.4844 127.547
    endloop
  endfacet
  facet normal 0.233216 0.486206 0.842148
    outer loop
      vertex 105.133 -16.9497 126.741
      vertex 105.759 -12.6946 124.111
      vertex 105.133 -12.6195 124.241
    endloop
  endfacet
  facet normal 0.233216 0.486206 0.842148
    outer loop
      vertex 105.759 -12.6946 124.111
      vertex 105.133 -16.9497 126.741
      vertex 105.759 -17.0248 126.611
    endloop
  endfacet
  facet normal -0.00367063 -0.866457 0.499238
    outer loop
      vertex 102.3 -10.6699 127.618
      vertex 102.501 -11.3034 126.52
      vertex 102.747 -11.6006 126.006
    endloop
  endfacet
  facet normal 0.972101 0.117336 0.203108
    outer loop
      vertex 102.476 -15.5813 129.111
      vertex 102.501 -11.3034 126.52
      vertex 102.35 -10.9906 127.062
    endloop
  endfacet
  facet normal 0.972761 0.115907 0.200755
    outer loop
      vertex 102.501 -11.3034 126.52
      vertex 102.476 -15.5813 129.111
      vertex 102.501 -15.6335 129.02
    endloop
  endfacet
  facet normal 0.996928 0.0391598 0.0678263
    outer loop
      vertex 102.308 -15.0534 130.025
      vertex 102.35 -15.3207 129.562
      vertex 102.35 -10.9906 127.062
    endloop
  endfacet
  facet normal 0 -0.866041 0.499973
    outer loop
      vertex 105.759 -12.6946 124.111
      vertex 110.053 -11.6006 126.006
      vertex 102.747 -11.6006 126.006
    endloop
  endfacet
  facet normal 0 -0.866041 0.499973
    outer loop
      vertex 110.053 -11.6006 126.006
      vertex 105.759 -12.6946 124.111
      vertex 107.041 -12.6946 124.111
    endloop
  endfacet
  facet normal 0.852725 -0.261182 -0.452376
    outer loop
      vertex 103.083 -13.795 132.205
      vertex 102.747 -9.73919 129.23
      vertex 103.083 -9.46491 129.705
    endloop
  endfacet
  facet normal 0.852729 -0.261177 -0.452371
    outer loop
      vertex 102.747 -9.73919 129.23
      vertex 103.083 -13.795 132.205
      vertex 102.747 -14.0693 131.73
    endloop
  endfacet
  facet normal 0.00122501 -0.866369 0.499402
    outer loop
      vertex 102.501 -10.0364 128.715
      vertex 103.083 -9.46491 129.705
      vertex 102.747 -9.73919 129.23
    endloop
  endfacet
  facet normal 0.649723 -0.380087 -0.658327
    outer loop
      vertex 103.501 -9.2203 130.128
      vertex 103.99 -13.3415 132.99
      vertex 103.501 -13.5504 132.628
    endloop
  endfacet
  facet normal 0.649727 -0.380085 -0.658324
    outer loop
      vertex 103.99 -13.3415 132.99
      vertex 103.501 -9.2203 130.128
      vertex 103.99 -9.01139 130.49
    endloop
  endfacet
  facet normal -0.759893 -0.325025 -0.562957
    outer loop
      vertex 109.717 -9.46491 129.705
      vertex 109.299 -13.5504 132.628
      vertex 109.299 -9.2203 130.128
    endloop
  endfacet
  facet normal -0.75989 -0.325028 -0.56296
    outer loop
      vertex 109.299 -13.5504 132.628
      vertex 109.717 -9.46491 129.705
      vertex 109.717 -13.795 132.205
    endloop
  endfacet
  facet normal -0.000432676 -0.866329 0.499474
    outer loop
      vertex 103.501 -12.1194 125.107
      vertex 104.539 -12.4964 124.454
      vertex 105.133 -12.6195 124.241
    endloop
  endfacet
  facet normal -6.19423e-05 -0.866026 0.499998
    outer loop
      vertex 103.501 -12.1194 125.107
      vertex 105.133 -12.6195 124.241
      vertex 105.759 -12.6946 124.111
    endloop
  endfacet
  facet normal 4.6032e-05 -0.865999 0.500045
    outer loop
      vertex 103.501 -12.1194 125.107
      vertex 103.99 -12.3284 124.745
      vertex 104.539 -12.4964 124.454
    endloop
  endfacet
  facet normal 0.383268 0.461813 0.799897
    outer loop
      vertex 104.539 -12.4964 124.454
      vertex 104.539 -16.8266 126.954
      vertex 105.034 -16.9291 126.776
    endloop
  endfacet
  facet normal 0.649582 0.380147 0.65843
    outer loop
      vertex 103.582 -16.4844 127.547
      vertex 103.99 -16.6585 127.245
      vertex 103.99 -12.3284 124.745
    endloop
  endfacet
  facet normal 0.971967 0.11756 0.203618
    outer loop
      vertex 102.35 -10.9906 127.062
      vertex 102.35 -15.3207 129.562
      vertex 102.476 -15.5813 129.111
    endloop
  endfacet
  facet normal 0.852708 0.261195 0.4524
    outer loop
      vertex 102.747 -15.9307 128.506
      vertex 103.083 -11.8748 125.531
      vertex 102.747 -11.6006 126.006
    endloop
  endfacet
  facet normal 0.852729 0.261173 0.452373
    outer loop
      vertex 103.083 -11.8748 125.531
      vertex 102.747 -15.9307 128.506
      vertex 103.083 -16.205 128.031
    endloop
  endfacet
  facet normal 0.000386565 -0.866078 0.499909
    outer loop
      vertex 110.053 -75.9506 14.5483
      vertex 110.299 -75.6534 15.063
      vertex 110.45 -75.3406 15.6048
    endloop
  endfacet
  facet normal -0.852763 0.261146 0.452325
    outer loop
      vertex 109.717 -76.2248 14.0732
      vertex 109.717 -80.555 16.5732
      vertex 109.997 -80.3264 16.9691
    endloop
  endfacet
  facet normal 0.760593 0.32461 0.562251
    outer loop
      vertex 103.083 -76.2248 14.0732
      vertex 103.083 -80.555 16.5732
      vertex 103.431 -80.7588 16.2201
    endloop
  endfacet
  facet normal -0.000306786 -0.865965 0.500105
    outer loop
      vertex 109.299 -76.4694 13.6495
      vertex 110.053 -75.9506 14.5483
      vertex 110.45 -75.3406 15.6048
    endloop
  endfacet
  facet normal 0.233216 -0.486215 -0.842143
    outer loop
      vertex 105.133 -73.0702 19.5372
      vertex 105.759 -77.3252 22.1672
      vertex 105.133 -77.4003 22.0372
    endloop
  endfacet
  facet normal 0.233216 -0.486215 -0.842143
    outer loop
      vertex 105.759 -77.3252 22.1672
      vertex 105.133 -73.0702 19.5372
      vertex 105.759 -72.9951 19.6672
    endloop
  endfacet
  facet normal -7.65577e-05 -0.865991 0.500059
    outer loop
      vertex 102.501 -74.3864 17.2575
      vertex 103.99 -73.3614 19.0328
      vertex 103.083 -73.8149 18.2473
    endloop
  endfacet
  facet normal 0.852766 -0.261148 -0.452318
    outer loop
      vertex 102.803 -78.3736 20.3514
      vertex 102.747 -74.0892 17.7722
      vertex 103.083 -73.8149 18.2473
    endloop
  endfacet
  facet normal 0.852781 -0.261135 -0.452297
    outer loop
      vertex 102.747 -74.0892 17.7722
      vertex 102.803 -78.3736 20.3514
      vertex 102.747 -78.4193 20.2722
    endloop
  endfacet
  facet normal -0.649116 -0.380347 -0.658776
    outer loop
      vertex 108.81 -73.3614 19.0328
      vertex 109.218 -77.8656 21.2313
      vertex 108.81 -77.6915 21.5328
    endloop
  endfacet
  facet normal 0.996976 0.0388579 0.0673034
    outer loop
      vertex 102.3 -79.35 18.6603
      vertex 102.35 -75.3406 15.6048
      vertex 102.3 -75.0199 16.1603
    endloop
  endfacet
  facet normal 0.996976 0.0388579 0.0673034
    outer loop
      vertex 102.35 -75.3406 15.6048
      vertex 102.3 -79.35 18.6603
      vertex 102.35 -79.6707 18.1048
    endloop
  endfacet
  facet normal -0.923982 -0.191219 -0.331199
    outer loop
      vertex 110.094 -78.4688 20.1864
      vertex 110.299 -74.3864 17.2575
      vertex 110.299 -78.7165 19.7575
    endloop
  endfacet
  facet normal -0.972086 0.117314 0.203192
    outer loop
      vertex 110.299 -75.6534 15.063
      vertex 110.45 -79.6707 18.1048
      vertex 110.45 -75.3406 15.6048
    endloop
  endfacet
  facet normal -0.972086 0.117314 0.203192
    outer loop
      vertex 110.45 -79.6707 18.1048
      vertex 110.299 -75.6534 15.063
      vertex 110.299 -79.9835 17.563
    endloop
  endfacet
  facet normal 0 -0.866021 0.500008
    outer loop
      vertex 102.35 -75.3406 15.6048
      vertex 108.81 -73.3614 19.0328
      vertex 103.99 -73.3614 19.0328
    endloop
  endfacet
  facet normal 0 -0.866021 0.500008
    outer loop
      vertex 108.81 -73.3614 19.0328
      vertex 102.35 -75.3406 15.6048
      vertex 110.45 -75.3406 15.6048
    endloop
  endfacet
  facet normal 0.000500013 -0.866018 0.500013
    outer loop
      vertex 102.3 -75.0199 16.1603
      vertex 102.35 -75.3406 15.6048
      vertex 102.35 -74.6992 16.7157
    endloop
  endfacet
  facet normal -0.000108416 -0.866018 0.500013
    outer loop
      vertex 102.35 -75.3406 15.6048
      vertex 102.501 -74.3864 17.2575
      vertex 102.35 -74.6992 16.7157
    endloop
  endfacet
  facet normal -0.000500013 -0.866018 0.500013
    outer loop
      vertex 110.45 -75.3406 15.6048
      vertex 110.5 -75.0199 16.1603
      vertex 110.45 -74.6992 16.7157
    endloop
  endfacet
  facet normal -0.760288 -0.324838 -0.562532
    outer loop
      vertex 109.369 -77.9412 21.1004
      vertex 109.299 -73.5703 18.671
      vertex 109.717 -73.8149 18.2473
    endloop
  endfacet
  facet normal -0.758763 -0.325685 -0.5641
    outer loop
      vertex 109.299 -73.5703 18.671
      vertex 109.369 -77.9412 21.1004
      vertex 109.299 -77.9004 21.171
    endloop
  endfacet
  facet normal 0 -0.865967 0.500101
    outer loop
      vertex 104.539 -73.1933 19.324
      vertex 107.041 -72.9951 19.6672
      vertex 105.759 -72.9951 19.6672
    endloop
  endfacet
  facet normal 0 -0.865967 0.500101
    outer loop
      vertex 107.041 -72.9951 19.6672
      vertex 104.539 -73.1933 19.324
      vertex 108.261 -73.1933 19.324
    endloop
  endfacet
  facet normal -0.760593 -0.324616 -0.562248
    outer loop
      vertex 109.369 -77.9412 21.1004
      vertex 109.717 -73.8149 18.2473
      vertex 109.717 -78.145 20.7473
    endloop
  endfacet
  facet normal 0.000476349 -0.866249 0.499612
    outer loop
      vertex 109.299 -76.4694 13.6495
      vertex 109.717 -76.2248 14.0732
      vertex 110.053 -75.9506 14.5483
    endloop
  endfacet
  facet normal -0.996976 0.0388579 0.0673034
    outer loop
      vertex 110.45 -75.3406 15.6048
      vertex 110.5 -79.35 18.6603
      vertex 110.5 -75.0199 16.1603
    endloop
  endfacet
  facet normal -0.996976 0.0388579 0.0673034
    outer loop
      vertex 110.5 -79.35 18.6603
      vertex 110.45 -75.3406 15.6048
      vertex 110.45 -79.6707 18.1048
    endloop
  endfacet
  facet normal 0.000270449 -0.865942 0.500145
    outer loop
      vertex 109.717 -73.8149 18.2473
      vertex 110.299 -74.3864 17.2575
      vertex 110.053 -74.0892 17.7722
    endloop
  endfacet
  facet normal 0.000104746 -0.86607 0.499923
    outer loop
      vertex 108.261 -76.8464 12.9966
      vertex 109.299 -76.4694 13.6495
      vertex 110.45 -75.3406 15.6048
    endloop
  endfacet
  facet normal 0 -0.866032 0.499989
    outer loop
      vertex 104.539 -76.8464 12.9966
      vertex 110.45 -75.3406 15.6048
      vertex 102.35 -75.3406 15.6048
    endloop
  endfacet
  facet normal 0 -0.866032 0.499989
    outer loop
      vertex 110.45 -75.3406 15.6048
      vertex 104.539 -76.8464 12.9966
      vertex 108.261 -76.8464 12.9966
    endloop
  endfacet
  facet normal 1.03632e-05 -0.866023 0.500004
    outer loop
      vertex 102.35 -75.3406 15.6048
      vertex 103.99 -73.3614 19.0328
      vertex 102.501 -74.3864 17.2575
    endloop
  endfacet
  facet normal 0.649116 -0.380347 -0.658776
    outer loop
      vertex 103.582 -77.8656 21.2313
      vertex 103.99 -73.3614 19.0328
      vertex 103.99 -77.6915 21.5328
    endloop
  endfacet
  facet normal 0.923982 -0.191219 -0.331199
    outer loop
      vertex 102.501 -74.3864 17.2575
      vertex 102.706 -78.4688 20.1864
      vertex 102.501 -78.7165 19.7575
    endloop
  endfacet
  facet normal -0.000270449 -0.865942 0.500145
    outer loop
      vertex 102.501 -74.3864 17.2575
      vertex 103.083 -73.8149 18.2473
      vertex 102.747 -74.0892 17.7722
    endloop
  endfacet
  facet normal -1.03632e-05 -0.866023 0.500004
    outer loop
      vertex 108.81 -73.3614 19.0328
      vertex 110.45 -75.3406 15.6048
      vertex 110.299 -74.3864 17.2575
    endloop
  endfacet
  facet normal 0 -0.866057 0.499946
    outer loop
      vertex 103.99 -73.3614 19.0328
      vertex 108.261 -73.1933 19.324
      vertex 104.539 -73.1933 19.324
    endloop
  endfacet
  facet normal 0 -0.866057 0.499946
    outer loop
      vertex 108.261 -73.1933 19.324
      vertex 103.99 -73.3614 19.0328
      vertex 108.81 -73.3614 19.0328
    endloop
  endfacet
  facet normal -0.382874 -0.461902 -0.800033
    outer loop
      vertex 107.667 -77.4003 22.0372
      vertex 108.261 -73.1933 19.324
      vertex 108.261 -77.5234 21.824
    endloop
  endfacet
  facet normal -0.382874 -0.461902 -0.800033
    outer loop
      vertex 108.261 -73.1933 19.324
      vertex 107.667 -77.4003 22.0372
      vertex 107.667 -73.0702 19.5372
    endloop
  endfacet
  facet normal 0.382874 -0.461902 -0.800033
    outer loop
      vertex 104.539 -73.1933 19.324
      vertex 105.133 -77.4003 22.0372
      vertex 104.539 -77.5234 21.824
    endloop
  endfacet
  facet normal 0.382874 -0.461902 -0.800033
    outer loop
      vertex 105.133 -77.4003 22.0372
      vertex 104.539 -73.1933 19.324
      vertex 105.133 -73.0702 19.5372
    endloop
  endfacet
  facet normal 7.65577e-05 -0.865991 0.500059
    outer loop
      vertex 108.81 -73.3614 19.0328
      vertex 110.299 -74.3864 17.2575
      vertex 109.717 -73.8149 18.2473
    endloop
  endfacet
  facet normal -0.649612 0.380128 0.658412
    outer loop
      vertex 108.81 -76.6784 13.2877
      vertex 109.299 -80.7996 16.1495
      vertex 109.299 -76.4694 13.6495
    endloop
  endfacet
  facet normal -0.649567 0.380154 0.658442
    outer loop
      vertex 109.299 -80.7996 16.1495
      vertex 108.81 -76.6784 13.2877
      vertex 108.81 -81.0085 15.7877
    endloop
  endfacet
  facet normal -0.760288 0.324745 0.562586
    outer loop
      vertex 109.299 -76.4694 13.6495
      vertex 109.369 -80.7588 16.2201
      vertex 109.717 -76.2248 14.0732
    endloop
  endfacet
  facet normal -0.758763 0.325679 0.564103
    outer loop
      vertex 109.369 -80.7588 16.2201
      vertex 109.299 -76.4694 13.6495
      vertex 109.299 -80.7996 16.1495
    endloop
  endfacet
  facet normal -0.923981 0.19122 0.3312
    outer loop
      vertex 110.053 -75.9506 14.5483
      vertex 110.299 -79.9835 17.563
      vertex 110.299 -75.6534 15.063
    endloop
  endfacet
  facet normal -0.923981 0.19122 0.3312
    outer loop
      vertex 110.299 -79.9835 17.563
      vertex 110.053 -75.9506 14.5483
      vertex 110.053 -80.2807 17.0483
    endloop
  endfacet
  facet normal -0.852745 0.261164 0.452349
    outer loop
      vertex 109.997 -80.3264 16.9691
      vertex 110.053 -75.9506 14.5483
      vertex 109.717 -76.2248 14.0732
    endloop
  endfacet
  facet normal -0.852781 0.261135 0.452297
    outer loop
      vertex 110.053 -75.9506 14.5483
      vertex 109.997 -80.3264 16.9691
      vertex 110.053 -80.2807 17.0483
    endloop
  endfacet
  facet normal -0.382989 0.461871 0.799997
    outer loop
      vertex 107.667 -76.9695 12.7833
      vertex 108.261 -81.1766 15.4966
      vertex 108.261 -76.8464 12.9966
    endloop
  endfacet
  facet normal -0.383268 0.461779 0.799916
    outer loop
      vertex 108.261 -81.1766 15.4966
      vertex 107.667 -76.9695 12.7833
      vertex 108.162 -81.1971 15.461
    endloop
  endfacet
  facet normal -0.233216 0.486206 0.842148
    outer loop
      vertex 107.041 -77.0446 12.6533
      vertex 107.667 -81.2997 15.2833
      vertex 107.667 -76.9695 12.7833
    endloop
  endfacet
  facet normal -0.233216 0.486206 0.842148
    outer loop
      vertex 107.667 -81.2997 15.2833
      vertex 107.041 -77.0446 12.6533
      vertex 107.041 -81.3748 15.1533
    endloop
  endfacet
  facet normal -0.382934 0.461882 0.800017
    outer loop
      vertex 107.667 -76.9695 12.7833
      vertex 107.667 -81.2997 15.2833
      vertex 108.162 -81.1971 15.461
    endloop
  endfacet
  facet normal 0.972086 0.117314 0.203192
    outer loop
      vertex 102.35 -79.6707 18.1048
      vertex 102.501 -75.6534 15.063
      vertex 102.35 -75.3406 15.6048
    endloop
  endfacet
  facet normal 0.972086 0.117314 0.203192
    outer loop
      vertex 102.501 -75.6534 15.063
      vertex 102.35 -79.6707 18.1048
      vertex 102.501 -79.9835 17.563
    endloop
  endfacet
  facet normal 0.000128131 -0.866164 0.499759
    outer loop
      vertex 104.539 -73.1933 19.324
      vertex 105.759 -72.9951 19.6672
      vertex 105.133 -73.0702 19.5372
    endloop
  endfacet
  facet normal 0.852763 -0.26115 -0.452323
    outer loop
      vertex 102.803 -78.3736 20.3514
      vertex 103.083 -73.8149 18.2473
      vertex 103.083 -78.145 20.7473
    endloop
  endfacet
  facet normal 0.651831 -0.379184 -0.656762
    outer loop
      vertex 103.501 -73.5703 18.671
      vertex 103.582 -77.8656 21.2313
      vertex 103.501 -77.9004 21.171
    endloop
  endfacet
  facet normal 0.649567 -0.380209 -0.65841
    outer loop
      vertex 103.582 -77.8656 21.2313
      vertex 103.501 -73.5703 18.671
      vertex 103.99 -73.3614 19.0328
    endloop
  endfacet
  facet normal 0.972086 -0.117314 -0.203192
    outer loop
      vertex 102.501 -78.7165 19.7575
      vertex 102.35 -74.6992 16.7157
      vertex 102.501 -74.3864 17.2575
    endloop
  endfacet
  facet normal 0.972086 -0.117314 -0.203192
    outer loop
      vertex 102.35 -74.6992 16.7157
      vertex 102.501 -78.7165 19.7575
      vertex 102.35 -79.0293 19.2157
    endloop
  endfacet
  facet normal 0.760593 -0.324616 -0.562248
    outer loop
      vertex 103.083 -73.8149 18.2473
      vertex 103.431 -77.9412 21.1004
      vertex 103.083 -78.145 20.7473
    endloop
  endfacet
  facet normal 0.923978 -0.191224 -0.331207
    outer loop
      vertex 102.706 -78.4688 20.1864
      vertex 102.747 -74.0892 17.7722
      vertex 102.747 -78.4193 20.2722
    endloop
  endfacet
  facet normal 0.923981 -0.19122 -0.3312
    outer loop
      vertex 102.747 -74.0892 17.7722
      vertex 102.706 -78.4688 20.1864
      vertex 102.501 -74.3864 17.2575
    endloop
  endfacet
  facet normal -0.972086 -0.117314 -0.203192
    outer loop
      vertex 110.45 -74.6992 16.7157
      vertex 110.299 -78.7165 19.7575
      vertex 110.299 -74.3864 17.2575
    endloop
  endfacet
  facet normal -0.972086 -0.117314 -0.203192
    outer loop
      vertex 110.299 -78.7165 19.7575
      vertex 110.45 -74.6992 16.7157
      vertex 110.45 -79.0293 19.2157
    endloop
  endfacet
  facet normal 0.000108416 -0.866018 0.500013
    outer loop
      vertex 110.299 -74.3864 17.2575
      vertex 110.45 -75.3406 15.6048
      vertex 110.45 -74.6992 16.7157
    endloop
  endfacet
  facet normal -0.000226764 -0.866143 0.499796
    outer loop
      vertex 108.81 -73.3614 19.0328
      vertex 109.717 -73.8149 18.2473
      vertex 109.299 -73.5703 18.671
    endloop
  endfacet
  facet normal -0.651831 -0.379184 -0.656762
    outer loop
      vertex 109.218 -77.8656 21.2313
      vertex 109.299 -73.5703 18.671
      vertex 109.299 -77.9004 21.171
    endloop
  endfacet
  facet normal -0.649567 -0.380209 -0.65841
    outer loop
      vertex 109.299 -73.5703 18.671
      vertex 109.218 -77.8656 21.2313
      vertex 108.81 -73.3614 19.0328
    endloop
  endfacet
  facet normal 0.522283 -0.426388 -0.738521
    outer loop
      vertex 103.99 -73.3614 19.0328
      vertex 104.539 -77.5234 21.824
      vertex 103.99 -77.6915 21.5328
    endloop
  endfacet
  facet normal 0.522283 -0.426388 -0.738521
    outer loop
      vertex 104.539 -77.5234 21.824
      vertex 103.99 -73.3614 19.0328
      vertex 104.539 -73.1933 19.324
    endloop
  endfacet
  facet normal -0.000128131 -0.866164 0.499759
    outer loop
      vertex 107.041 -72.9951 19.6672
      vertex 108.261 -73.1933 19.324
      vertex 107.667 -73.0702 19.5372
    endloop
  endfacet
  facet normal -0.522283 -0.426388 -0.738521
    outer loop
      vertex 108.261 -77.5234 21.824
      vertex 108.81 -73.3614 19.0328
      vertex 108.81 -77.6915 21.5328
    endloop
  endfacet
  facet normal -0.522283 -0.426388 -0.738521
    outer loop
      vertex 108.81 -73.3614 19.0328
      vertex 108.261 -77.5234 21.824
      vertex 108.261 -73.1933 19.324
    endloop
  endfacet
  facet normal 0 -0.866778 0.498694
    outer loop
      vertex 105.759 -72.9951 19.6672
      vertex 107.041 -72.9951 19.6672
      vertex 106.4 -72.9699 19.711
    endloop
  endfacet
  facet normal -0.233216 -0.486215 -0.842143
    outer loop
      vertex 107.041 -77.3252 22.1672
      vertex 107.667 -73.0702 19.5372
      vertex 107.667 -77.4003 22.0372
    endloop
  endfacet
  facet normal -0.233216 -0.486215 -0.842143
    outer loop
      vertex 107.667 -73.0702 19.5372
      vertex 107.041 -77.3252 22.1672
      vertex 107.041 -72.9951 19.6672
    endloop
  endfacet
  facet normal -0.000884143 -0.865388 0.501101
    outer loop
      vertex 108.261 -76.8464 12.9966
      vertex 108.81 -76.6784 13.2877
      vertex 109.299 -76.4694 13.6495
    endloop
  endfacet
  facet normal -0.760593 0.32461 0.562251
    outer loop
      vertex 109.369 -80.7588 16.2201
      vertex 109.717 -80.555 16.5732
      vertex 109.717 -76.2248 14.0732
    endloop
  endfacet
  facet normal -0.522128 0.426435 0.738603
    outer loop
      vertex 108.261 -76.8464 12.9966
      vertex 108.81 -81.0085 15.7877
      vertex 108.81 -76.6784 13.2877
    endloop
  endfacet
  facet normal -0.522185 0.426411 0.738578
    outer loop
      vertex 108.81 -81.0085 15.7877
      vertex 108.261 -76.8464 12.9966
      vertex 108.261 -81.1766 15.4966
    endloop
  endfacet
  facet normal -0.000243584 -0.866405 0.499342
    outer loop
      vertex 104.539 -76.8464 12.9966
      vertex 105.133 -76.9695 12.7833
      vertex 105.759 -77.0446 12.6533
    endloop
  endfacet
  facet normal -0.000476349 -0.866249 0.499612
    outer loop
      vertex 102.747 -75.9506 14.5483
      vertex 103.083 -76.2248 14.0732
      vertex 103.501 -76.4694 13.6495
    endloop
  endfacet
  facet normal 0.923981 0.19122 0.3312
    outer loop
      vertex 102.501 -79.9835 17.563
      vertex 102.747 -75.9506 14.5483
      vertex 102.501 -75.6534 15.063
    endloop
  endfacet
  facet normal 0.923981 0.19122 0.3312
    outer loop
      vertex 102.747 -75.9506 14.5483
      vertex 102.501 -79.9835 17.563
      vertex 102.747 -80.2807 17.0483
    endloop
  endfacet
  facet normal 0.852781 0.261135 0.452297
    outer loop
      vertex 102.803 -80.3264 16.9691
      vertex 102.747 -75.9506 14.5483
      vertex 102.747 -80.2807 17.0483
    endloop
  endfacet
  facet normal 0.852745 0.261164 0.452349
    outer loop
      vertex 102.747 -75.9506 14.5483
      vertex 102.803 -80.3264 16.9691
      vertex 103.083 -76.2248 14.0732
    endloop
  endfacet
  facet normal -0.000386565 -0.866078 0.499909
    outer loop
      vertex 102.35 -75.3406 15.6048
      vertex 102.501 -75.6534 15.063
      vertex 102.747 -75.9506 14.5483
    endloop
  endfacet
  facet normal -0.00012546 -0.866223 0.499657
    outer loop
      vertex 104.539 -76.8464 12.9966
      vertex 105.759 -77.0446 12.6533
      vertex 106.4 -77.0699 12.6096
    endloop
  endfacet
  facet normal 0.758763 -0.325685 -0.5641
    outer loop
      vertex 103.431 -77.9412 21.1004
      vertex 103.501 -73.5703 18.671
      vertex 103.501 -77.9004 21.171
    endloop
  endfacet
  facet normal 0.760288 -0.324838 -0.562532
    outer loop
      vertex 103.501 -73.5703 18.671
      vertex 103.431 -77.9412 21.1004
      vertex 103.083 -73.8149 18.2473
    endloop
  endfacet
  facet normal 0.000226764 -0.866143 0.499796
    outer loop
      vertex 103.083 -73.8149 18.2473
      vertex 103.99 -73.3614 19.0328
      vertex 103.501 -73.5703 18.671
    endloop
  endfacet
  facet normal 0.996975 -0.0388631 -0.0673125
    outer loop
      vertex 102.35 -79.0293 19.2157
      vertex 102.3 -75.0199 16.1603
      vertex 102.35 -74.6992 16.7157
    endloop
  endfacet
  facet normal 0.996975 -0.0388631 -0.0673125
    outer loop
      vertex 102.3 -75.0199 16.1603
      vertex 102.35 -79.0293 19.2157
      vertex 102.3 -79.35 18.6603
    endloop
  endfacet
  facet normal -0.996975 -0.0388631 -0.0673125
    outer loop
      vertex 110.5 -75.0199 16.1603
      vertex 110.45 -79.0293 19.2157
      vertex 110.45 -74.6992 16.7157
    endloop
  endfacet
  facet normal -0.996975 -0.0388631 -0.0673125
    outer loop
      vertex 110.45 -79.0293 19.2157
      vertex 110.5 -75.0199 16.1603
      vertex 110.5 -79.35 18.6603
    endloop
  endfacet
  facet normal -0.852763 -0.26115 -0.452323
    outer loop
      vertex 109.717 -73.8149 18.2473
      vertex 109.997 -78.3736 20.3514
      vertex 109.717 -78.145 20.7473
    endloop
  endfacet
  facet normal -0.0785891 -0.498456 -0.863346
    outer loop
      vertex 106.4 -77.3 22.211
      vertex 107.041 -72.9951 19.6672
      vertex 107.041 -77.3252 22.1672
    endloop
  endfacet
  facet normal -0.0785891 -0.498456 -0.863346
    outer loop
      vertex 107.041 -72.9951 19.6672
      vertex 106.4 -77.3 22.211
      vertex 106.4 -72.9699 19.711
    endloop
  endfacet
  facet normal 0.0785891 -0.498456 -0.863346
    outer loop
      vertex 105.759 -72.9951 19.6672
      vertex 106.4 -77.3 22.211
      vertex 105.759 -77.3252 22.1672
    endloop
  endfacet
  facet normal 0.0785891 -0.498456 -0.863346
    outer loop
      vertex 106.4 -77.3 22.211
      vertex 105.759 -72.9951 19.6672
      vertex 106.4 -72.9699 19.711
    endloop
  endfacet
  facet normal 0.852763 0.261146 0.452325
    outer loop
      vertex 102.803 -80.3264 16.9691
      vertex 103.083 -80.555 16.5732
      vertex 103.083 -76.2248 14.0732
    endloop
  endfacet
  facet normal 0.382989 0.461871 0.799997
    outer loop
      vertex 104.539 -81.1766 15.4966
      vertex 105.133 -76.9695 12.7833
      vertex 104.539 -76.8464 12.9966
    endloop
  endfacet
  facet normal 0.383268 0.461779 0.799916
    outer loop
      vertex 105.133 -76.9695 12.7833
      vertex 104.539 -81.1766 15.4966
      vertex 104.638 -81.1971 15.461
    endloop
  endfacet
  facet normal 0 -0.865962 0.50011
    outer loop
      vertex 104.539 -76.8464 12.9966
      vertex 106.4 -77.0699 12.6096
      vertex 108.261 -76.8464 12.9966
    endloop
  endfacet
  facet normal -0.852766 -0.261148 -0.452318
    outer loop
      vertex 110.053 -74.0892 17.7722
      vertex 109.997 -78.3736 20.3514
      vertex 109.717 -73.8149 18.2473
    endloop
  endfacet
  facet normal -0.852781 -0.261135 -0.452297
    outer loop
      vertex 109.997 -78.3736 20.3514
      vertex 110.053 -74.0892 17.7722
      vertex 110.053 -78.4193 20.2722
    endloop
  endfacet
  facet normal -0.923981 -0.19122 -0.3312
    outer loop
      vertex 110.094 -78.4688 20.1864
      vertex 110.053 -74.0892 17.7722
      vertex 110.299 -74.3864 17.2575
    endloop
  endfacet
  facet normal -0.923978 -0.191224 -0.331207
    outer loop
      vertex 110.053 -74.0892 17.7722
      vertex 110.094 -78.4688 20.1864
      vertex 110.053 -78.4193 20.2722
    endloop
  endfacet
  facet normal 0.649612 0.380128 0.658412
    outer loop
      vertex 103.501 -80.7996 16.1495
      vertex 103.99 -76.6784 13.2877
      vertex 103.501 -76.4694 13.6495
    endloop
  endfacet
  facet normal 0.649567 0.380154 0.658442
    outer loop
      vertex 103.99 -76.6784 13.2877
      vertex 103.501 -80.7996 16.1495
      vertex 103.99 -81.0085 15.7877
    endloop
  endfacet
  facet normal 0.000884143 -0.865388 0.501101
    outer loop
      vertex 103.501 -76.4694 13.6495
      vertex 103.99 -76.6784 13.2877
      vertex 104.539 -76.8464 12.9966
    endloop
  endfacet
  facet normal 0.000243584 -0.866405 0.499342
    outer loop
      vertex 107.041 -77.0446 12.6533
      vertex 107.667 -76.9695 12.7833
      vertex 108.261 -76.8464 12.9966
    endloop
  endfacet
  facet normal 0.0785325 0.498449 0.863354
    outer loop
      vertex 105.759 -81.3748 15.1533
      vertex 106.4 -77.0699 12.6096
      vertex 105.759 -77.0446 12.6533
    endloop
  endfacet
  facet normal 0.0785891 0.498441 0.863354
    outer loop
      vertex 106.4 -77.0699 12.6096
      vertex 105.759 -81.3748 15.1533
      vertex 106.4 -81.4 15.1095
    endloop
  endfacet
  facet normal 0.760288 0.324745 0.562586
    outer loop
      vertex 103.431 -80.7588 16.2201
      vertex 103.501 -76.4694 13.6495
      vertex 103.083 -76.2248 14.0732
    endloop
  endfacet
  facet normal 0.758763 0.325679 0.564103
    outer loop
      vertex 103.501 -76.4694 13.6495
      vertex 103.431 -80.7588 16.2201
      vertex 103.501 -80.7996 16.1495
    endloop
  endfacet
  facet normal 0.522128 0.426435 0.738603
    outer loop
      vertex 103.99 -81.0085 15.7877
      vertex 104.539 -76.8464 12.9966
      vertex 103.99 -76.6784 13.2877
    endloop
  endfacet
  facet normal 0.522185 0.426411 0.738578
    outer loop
      vertex 104.539 -76.8464 12.9966
      vertex 103.99 -81.0085 15.7877
      vertex 104.539 -81.1766 15.4966
    endloop
  endfacet
  facet normal -0.0785325 0.498449 0.863354
    outer loop
      vertex 106.4 -77.0699 12.6096
      vertex 107.041 -81.3748 15.1533
      vertex 107.041 -77.0446 12.6533
    endloop
  endfacet
  facet normal -0.0785891 0.498441 0.863354
    outer loop
      vertex 107.041 -81.3748 15.1533
      vertex 106.4 -77.0699 12.6096
      vertex 106.4 -81.4 15.1095
    endloop
  endfacet
  facet normal 0.00012546 -0.866223 0.499657
    outer loop
      vertex 106.4 -77.0699 12.6096
      vertex 107.041 -77.0446 12.6533
      vertex 108.261 -76.8464 12.9966
    endloop
  endfacet
  facet normal 0.233216 0.486206 0.842148
    outer loop
      vertex 105.133 -81.2997 15.2833
      vertex 105.759 -77.0446 12.6533
      vertex 105.133 -76.9695 12.7833
    endloop
  endfacet
  facet normal 0.233216 0.486206 0.842148
    outer loop
      vertex 105.759 -77.0446 12.6533
      vertex 105.133 -81.2997 15.2833
      vertex 105.759 -81.3748 15.1533
    endloop
  endfacet
  facet normal 0.382934 0.461882 0.800017
    outer loop
      vertex 104.638 -81.1971 15.461
      vertex 105.133 -81.2997 15.2833
      vertex 105.133 -76.9695 12.7833
    endloop
  endfacet
  facet normal 0.000306786 -0.865965 0.500105
    outer loop
      vertex 102.35 -75.3406 15.6048
      vertex 102.747 -75.9506 14.5483
      vertex 103.501 -76.4694 13.6495
    endloop
  endfacet
  facet normal -0.000104746 -0.86607 0.499923
    outer loop
      vertex 102.35 -75.3406 15.6048
      vertex 103.501 -76.4694 13.6495
      vertex 104.539 -76.8464 12.9966
    endloop
  endfacet
  facet normal -0.996919 0.0392113 0.0679305
    outer loop
      vertex -12.3084 -15.0534 130.025
      vertex -12.3 -10.6699 127.618
      vertex -12.3505 -10.9906 127.062
    endloop
  endfacet
  facet normal -0.996946 0.0390449 0.0676274
    outer loop
      vertex -12.3 -10.6699 127.618
      vertex -12.3084 -15.0534 130.025
      vertex -12.3 -15 130.118
    endloop
  endfacet
  facet normal 0.972383 -0.116689 -0.202125
    outer loop
      vertex -20.4245 -14.6272 130.763
      vertex -20.4495 -10.3492 128.173
      vertex -20.2993 -10.0364 128.715
    endloop
  endfacet
  facet normal 0.972298 -0.116872 -0.202427
    outer loop
      vertex -20.4495 -10.3492 128.173
      vertex -20.4245 -14.6272 130.763
      vertex -20.4495 -14.6793 130.673
    endloop
  endfacet
  facet normal -0.75997 -0.324981 -0.562879
    outer loop
      vertex -13.083 -9.46491 129.705
      vertex -13.5009 -13.5504 132.628
      vertex -13.5009 -9.2203 130.128
    endloop
  endfacet
  facet normal -0.759967 -0.324983 -0.562882
    outer loop
      vertex -13.5009 -13.5504 132.628
      vertex -13.083 -9.46491 129.705
      vertex -13.083 -13.795 132.205
    endloop
  endfacet
  facet normal -0.996914 0.0392524 0.0679868
    outer loop
      vertex -12.3505 -10.9906 127.062
      vertex -12.3505 -15.3207 129.562
      vertex -12.3084 -15.0534 130.025
    endloop
  endfacet
  facet normal -0.649614 0.380127 0.658411
    outer loop
      vertex -13.9901 -12.3284 124.745
      vertex -13.5009 -16.4496 127.607
      vertex -13.5009 -12.1194 125.107
    endloop
  endfacet
  facet normal -0.648118 0.380984 0.659389
    outer loop
      vertex -13.5009 -16.4496 127.607
      vertex -13.9901 -12.3284 124.745
      vertex -13.5824 -16.4844 127.547
    endloop
  endfacet
  facet normal 0.000409886 -0.866331 0.49947
    outer loop
      vertex -19.717 -9.46491 129.705
      vertex -16.4 -8.61987 131.168
      vertex -17.667 -8.72021 130.995
    endloop
  endfacet
  facet normal 0.996914 0.0392524 0.0679868
    outer loop
      vertex -20.4916 -15.0534 130.025
      vertex -20.4495 -15.3207 129.562
      vertex -20.4495 -10.9906 127.062
    endloop
  endfacet
  facet normal -0.852656 -0.261238 -0.452474
    outer loop
      vertex -12.7469 -9.73919 129.23
      vertex -13.083 -13.795 132.205
      vertex -13.083 -9.46491 129.705
    endloop
  endfacet
  facet normal -0.85266 -0.261234 -0.452469
    outer loop
      vertex -13.083 -13.795 132.205
      vertex -12.7469 -9.73919 129.23
      vertex -12.7469 -14.0693 131.73
    endloop
  endfacet
  facet normal -6.20098e-05 -0.866026 0.499998
    outer loop
      vertex -19.2991 -12.1194 125.107
      vertex -17.667 -12.6195 124.241
      vertex -17.0414 -12.6946 124.111
    endloop
  endfacet
  facet normal 0 -0.866041 0.499973
    outer loop
      vertex -17.0414 -12.6946 124.111
      vertex -12.7469 -11.6006 126.006
      vertex -20.0531 -11.6006 126.006
    endloop
  endfacet
  facet normal 0 -0.866041 0.499973
    outer loop
      vertex -12.7469 -11.6006 126.006
      vertex -17.0414 -12.6946 124.111
      vertex -15.7586 -12.6946 124.111
    endloop
  endfacet
  facet normal -0.382424 0.461929 0.800233
    outer loop
      vertex -15.133 -12.6195 124.241
      vertex -15.034 -16.9291 126.776
      vertex -14.5386 -12.4964 124.454
    endloop
  endfacet
  facet normal -0.37952 0.462586 0.801236
    outer loop
      vertex -15.034 -16.9291 126.776
      vertex -15.133 -12.6195 124.241
      vertex -15.133 -16.9497 126.741
    endloop
  endfacet
  facet normal 0.852656 -0.261238 -0.452474
    outer loop
      vertex -19.717 -13.795 132.205
      vertex -20.0531 -9.73919 129.23
      vertex -19.717 -9.46491 129.705
    endloop
  endfacet
  facet normal 0.85266 -0.261234 -0.452469
    outer loop
      vertex -20.0531 -9.73919 129.23
      vertex -19.717 -13.795 132.205
      vertex -20.0531 -14.0693 131.73
    endloop
  endfacet
  facet normal 0.9724 -0.11666 -0.20206
    outer loop
      vertex -20.4245 -14.6272 130.763
      vertex -20.2993 -10.0364 128.715
      vertex -20.2993 -14.3665 131.215
    endloop
  endfacet
  facet normal -0.9724 -0.11666 -0.20206
    outer loop
      vertex -12.5007 -10.0364 128.715
      vertex -12.3755 -14.6272 130.763
      vertex -12.5007 -14.3665 131.215
    endloop
  endfacet
  facet normal -0.000409886 -0.866331 0.49947
    outer loop
      vertex -16.4 -8.61987 131.168
      vertex -13.083 -9.46491 129.705
      vertex -15.133 -8.72021 130.995
    endloop
  endfacet
  facet normal 0.00150296 -0.86629 0.499539
    outer loop
      vertex -12.5007 -11.3034 126.52
      vertex -12.3505 -10.9906 127.062
      vertex -12.3 -10.6699 127.618
    endloop
  endfacet
  facet normal -0.972349 0.116766 0.202243
    outer loop
      vertex -12.4756 -15.5813 129.111
      vertex -12.3505 -15.3207 129.562
      vertex -12.3505 -10.9906 127.062
    endloop
  endfacet
  facet normal 0.996913 -0.0392561 -0.0679931
    outer loop
      vertex -20.5 -10.6699 127.618
      vertex -20.4579 -14.7328 130.581
      vertex -20.5 -15 130.118
    endloop
  endfacet
  facet normal 0.75997 -0.324981 -0.562879
    outer loop
      vertex -19.2991 -13.5504 132.628
      vertex -19.717 -9.46491 129.705
      vertex -19.2991 -9.2203 130.128
    endloop
  endfacet
  facet normal 0.759967 -0.324983 -0.562882
    outer loop
      vertex -19.717 -9.46491 129.705
      vertex -19.2991 -13.5504 132.628
      vertex -19.717 -13.795 132.205
    endloop
  endfacet
  facet normal -0.523018 -0.426162 -0.738132
    outer loop
      vertex -14.4472 -13.2014 133.233
      vertex -13.9901 -9.01139 130.49
      vertex -13.9901 -13.3415 132.99
    endloop
  endfacet
  facet normal 2.87953e-05 -0.866019 0.500011
    outer loop
      vertex -20.5 -10.6699 127.618
      vertex -20.0531 -11.6006 126.006
      vertex -19.717 -9.46491 129.705
    endloop
  endfacet
  facet normal -0.385688 -0.461318 -0.799019
    outer loop
      vertex -14.6377 -13.1529 133.317
      vertex -14.5386 -8.84331 130.781
      vertex -14.5386 -13.1734 133.281
    endloop
  endfacet
  facet normal -0.383573 -0.461801 -0.799757
    outer loop
      vertex -14.5386 -8.84331 130.781
      vertex -14.6377 -13.1529 133.317
      vertex -15.133 -8.72021 130.995
    endloop
  endfacet
  facet normal 0.0008895 -0.865436 0.501018
    outer loop
      vertex -15.133 -8.72021 130.995
      vertex -13.083 -9.46491 129.705
      vertex -13.9901 -9.01139 130.49
    endloop
  endfacet
  facet normal -0.996913 -0.0392561 -0.0679931
    outer loop
      vertex -12.3421 -14.7328 130.581
      vertex -12.3 -10.6699 127.618
      vertex -12.3 -15 130.118
    endloop
  endfacet
  facet normal -0.00122595 -0.86637 0.499402
    outer loop
      vertex -13.083 -9.46491 129.705
      vertex -12.5007 -10.0364 128.715
      vertex -12.7469 -9.73919 129.23
    endloop
  endfacet
  facet normal 0.000431834 -0.866328 0.499476
    outer loop
      vertex -15.133 -12.6195 124.241
      vertex -14.5386 -12.4964 124.454
      vertex -13.5009 -12.1194 125.107
    endloop
  endfacet
  facet normal -0.972383 0.116709 0.202113
    outer loop
      vertex -12.5007 -11.3034 126.52
      vertex -12.4756 -15.5813 129.111
      vertex -12.3505 -10.9906 127.062
    endloop
  endfacet
  facet normal -0.972551 0.116345 0.201514
    outer loop
      vertex -12.4756 -15.5813 129.111
      vertex -12.5007 -11.3034 126.52
      vertex -12.5007 -15.6335 129.02
    endloop
  endfacet
  facet normal -0.760535 0.324644 0.56231
    outer loop
      vertex -13.5009 -12.1194 125.107
      vertex -13.083 -16.205 128.031
      vertex -13.083 -11.8748 125.531
    endloop
  endfacet
  facet normal -0.760535 0.324644 0.56231
    outer loop
      vertex -13.083 -16.205 128.031
      vertex -13.5009 -12.1194 125.107
      vertex -13.5009 -16.4496 127.607
    endloop
  endfacet
  facet normal 0.00122595 -0.86637 0.499402
    outer loop
      vertex -20.2993 -10.0364 128.715
      vertex -19.717 -9.46491 129.705
      vertex -20.0531 -9.73919 129.23
    endloop
  endfacet
  facet normal -0.00366242 -0.866456 0.49924
    outer loop
      vertex -20.5 -10.6699 127.618
      vertex -20.2993 -11.3034 126.52
      vertex -20.0531 -11.6006 126.006
    endloop
  endfacet
  facet normal 0.0788852 0.498436 0.86333
    outer loop
      vertex -17.0414 -17.0248 126.611
      vertex -16.4 -12.7199 124.067
      vertex -17.0414 -12.6946 124.111
    endloop
  endfacet
  facet normal 0.0788079 0.498447 0.863331
    outer loop
      vertex -16.4 -12.7199 124.067
      vertex -17.0414 -17.0248 126.611
      vertex -16.4 -17.05 126.567
    endloop
  endfacet
  facet normal 0.923932 -0.191279 -0.331304
    outer loop
      vertex -20.0531 -14.0693 131.73
      vertex -20.2993 -10.0364 128.715
      vertex -20.0531 -9.73919 129.23
    endloop
  endfacet
  facet normal 0.92393 -0.191281 -0.331307
    outer loop
      vertex -20.2993 -10.0364 128.715
      vertex -20.0531 -14.0693 131.73
      vertex -20.2993 -14.3665 131.215
    endloop
  endfacet
  facet normal 0.649569 -0.380153 -0.65844
    outer loop
      vertex -19.2991 -9.2203 130.128
      vertex -18.8099 -13.3415 132.99
      vertex -19.2991 -13.5504 132.628
    endloop
  endfacet
  facet normal 0.649574 -0.38015 -0.658437
    outer loop
      vertex -18.8099 -13.3415 132.99
      vertex -19.2991 -9.2203 130.128
      vertex -18.8099 -9.01139 130.49
    endloop
  endfacet
  facet normal 0.000797186 -0.867554 0.497343
    outer loop
      vertex -17.667 -8.72021 130.995
      vertex -16.4 -8.61987 131.168
      vertex -17.0414 -8.64511 131.125
    endloop
  endfacet
  facet normal -2.87953e-05 -0.866019 0.500011
    outer loop
      vertex -13.083 -9.46491 129.705
      vertex -12.7469 -11.6006 126.006
      vertex -12.3 -10.6699 127.618
    endloop
  endfacet
  facet normal 0.000473158 -0.865938 0.500152
    outer loop
      vertex -13.083 -9.46491 129.705
      vertex -12.3 -10.6699 127.618
      vertex -12.5007 -10.0364 128.715
    endloop
  endfacet
  facet normal -0.996911 -0.0392731 -0.0680164
    outer loop
      vertex -12.3421 -14.7328 130.581
      vertex -12.3505 -10.3492 128.173
      vertex -12.3 -10.6699 127.618
    endloop
  endfacet
  facet normal -0.9969 -0.0393425 -0.0681428
    outer loop
      vertex -12.3505 -10.3492 128.173
      vertex -12.3421 -14.7328 130.581
      vertex -12.3505 -14.6793 130.673
    endloop
  endfacet
  facet normal -4.62279e-05 -0.865999 0.500045
    outer loop
      vertex -14.5386 -12.4964 124.454
      vertex -13.9901 -12.3284 124.745
      vertex -13.5009 -12.1194 125.107
    endloop
  endfacet
  facet normal -0.522377 0.426359 0.738472
    outer loop
      vertex -14.5386 -12.4964 124.454
      vertex -13.9901 -16.6585 127.245
      vertex -13.9901 -12.3284 124.745
    endloop
  endfacet
  facet normal -0.522433 0.426335 0.738446
    outer loop
      vertex -13.9901 -16.6585 127.245
      vertex -14.5386 -12.4964 124.454
      vertex -14.5386 -16.8266 126.954
    endloop
  endfacet
  facet normal 0.00366242 -0.866456 0.49924
    outer loop
      vertex -12.7469 -11.6006 126.006
      vertex -12.5007 -11.3034 126.52
      vertex -12.3 -10.6699 127.618
    endloop
  endfacet
  facet normal -0.00117187 -0.865698 0.500565
    outer loop
      vertex -13.5009 -12.1194 125.107
      vertex -13.083 -11.8748 125.531
      vertex -12.7469 -11.6006 126.006
    endloop
  endfacet
  facet normal 0.972383 0.116709 0.202113
    outer loop
      vertex -20.3244 -15.5813 129.111
      vertex -20.2993 -11.3034 126.52
      vertex -20.4495 -10.9906 127.062
    endloop
  endfacet
  facet normal 0.972551 0.116345 0.201514
    outer loop
      vertex -20.2993 -11.3034 126.52
      vertex -20.3244 -15.5813 129.111
      vertex -20.2993 -15.6335 129.02
    endloop
  endfacet
  facet normal -0.000431834 -0.866328 0.499476
    outer loop
      vertex -19.2991 -12.1194 125.107
      vertex -18.2614 -12.4964 124.454
      vertex -17.667 -12.6195 124.241
    endloop
  endfacet
  facet normal -0.0788852 0.498436 0.86333
    outer loop
      vertex -16.4 -12.7199 124.067
      vertex -15.7586 -17.0248 126.611
      vertex -15.7586 -12.6946 124.111
    endloop
  endfacet
  facet normal -0.0788079 0.498447 0.863331
    outer loop
      vertex -15.7586 -17.0248 126.611
      vertex -16.4 -12.7199 124.067
      vertex -16.4 -17.05 126.567
    endloop
  endfacet
  facet normal -0.923733 0.191519 0.331719
    outer loop
      vertex -12.7469 -11.6006 126.006
      vertex -12.5007 -15.6335 129.02
      vertex -12.5007 -11.3034 126.52
    endloop
  endfacet
  facet normal -0.923733 0.191519 0.331719
    outer loop
      vertex -12.5007 -15.6335 129.02
      vertex -12.7469 -11.6006 126.006
      vertex -12.7469 -15.9307 128.506
    endloop
  endfacet
  facet normal -0.852639 0.261252 0.452498
    outer loop
      vertex -13.083 -11.8748 125.531
      vertex -12.7469 -15.9307 128.506
      vertex -12.7469 -11.6006 126.006
    endloop
  endfacet
  facet normal -0.85266 0.26123 0.452471
    outer loop
      vertex -12.7469 -15.9307 128.506
      vertex -13.083 -11.8748 125.531
      vertex -13.083 -16.205 128.031
    endloop
  endfacet
  facet normal -9.47421e-05 -0.866022 0.500006
    outer loop
      vertex -16.4 -8.61987 131.168
      vertex -12.7469 -11.6006 126.006
      vertex -13.083 -9.46491 129.705
    endloop
  endfacet
  facet normal -0.0774701 -0.498501 -0.863421
    outer loop
      vertex -16.4 -12.95 133.668
      vertex -15.7586 -8.64511 131.125
      vertex -15.7586 -12.9752 133.625
    endloop
  endfacet
  facet normal -0.077501 -0.498496 -0.863421
    outer loop
      vertex -15.7586 -8.64511 131.125
      vertex -16.4 -12.95 133.668
      vertex -16.4 -8.61987 131.168
    endloop
  endfacet
  facet normal -0.0008895 -0.865436 0.501018
    outer loop
      vertex -19.717 -9.46491 129.705
      vertex -17.667 -8.72021 130.995
      vertex -18.8099 -9.01139 130.49
    endloop
  endfacet
  facet normal 0 -0.865993 0.500056
    outer loop
      vertex -20.0531 -11.6006 126.006
      vertex -12.7469 -11.6006 126.006
      vertex -16.4 -8.61987 131.168
    endloop
  endfacet
  facet normal 0.233357 -0.486199 -0.842114
    outer loop
      vertex -17.667 -8.72021 130.995
      vertex -17.0414 -12.9752 133.625
      vertex -17.667 -13.0503 133.495
    endloop
  endfacet
  facet normal 0.233357 -0.486199 -0.842114
    outer loop
      vertex -17.0414 -12.9752 133.625
      vertex -17.667 -8.72021 130.995
      vertex -17.0414 -8.64511 131.125
    endloop
  endfacet
  facet normal -0.923932 -0.191279 -0.331304
    outer loop
      vertex -12.5007 -10.0364 128.715
      vertex -12.7469 -14.0693 131.73
      vertex -12.7469 -9.73919 129.23
    endloop
  endfacet
  facet normal -0.92393 -0.191281 -0.331307
    outer loop
      vertex -12.7469 -14.0693 131.73
      vertex -12.5007 -10.0364 128.715
      vertex -12.5007 -14.3665 131.215
    endloop
  endfacet
  facet normal -0.383149 -0.461846 -0.799934
    outer loop
      vertex -15.133 -8.72021 130.995
      vertex -14.6377 -13.1529 133.317
      vertex -15.133 -13.0503 133.495
    endloop
  endfacet
  facet normal -0.649859 0.380029 0.658226
    outer loop
      vertex -13.9901 -12.3284 124.745
      vertex -13.9901 -16.6585 127.245
      vertex -13.5824 -16.4844 127.547
    endloop
  endfacet
  facet normal -0.000257422 -0.866218 0.499666
    outer loop
      vertex -20.0531 -11.6006 126.006
      vertex -19.2991 -12.1194 125.107
      vertex -17.0414 -12.6946 124.111
    endloop
  endfacet
  facet normal 0.000257422 -0.866218 0.499666
    outer loop
      vertex -15.7586 -12.6946 124.111
      vertex -13.5009 -12.1194 125.107
      vertex -12.7469 -11.6006 126.006
    endloop
  endfacet
  facet normal 0.760535 0.324644 0.56231
    outer loop
      vertex -19.717 -16.205 128.031
      vertex -19.2991 -12.1194 125.107
      vertex -19.717 -11.8748 125.531
    endloop
  endfacet
  facet normal 0.760535 0.324644 0.56231
    outer loop
      vertex -19.2991 -12.1194 125.107
      vertex -19.717 -16.205 128.031
      vertex -19.2991 -16.4496 127.607
    endloop
  endfacet
  facet normal 0.923733 0.191519 0.331719
    outer loop
      vertex -20.2993 -15.6335 129.02
      vertex -20.0531 -11.6006 126.006
      vertex -20.2993 -11.3034 126.52
    endloop
  endfacet
  facet normal 0.923733 0.191519 0.331719
    outer loop
      vertex -20.0531 -11.6006 126.006
      vertex -20.2993 -15.6335 129.02
      vertex -20.0531 -15.9307 128.506
    endloop
  endfacet
  facet normal 0.9969 -0.0393425 -0.0681428
    outer loop
      vertex -20.4579 -14.7328 130.581
      vertex -20.4495 -10.3492 128.173
      vertex -20.4495 -14.6793 130.673
    endloop
  endfacet
  facet normal 0.996911 -0.0392731 -0.0680164
    outer loop
      vertex -20.4495 -10.3492 128.173
      vertex -20.4579 -14.7328 130.581
      vertex -20.5 -10.6699 127.618
    endloop
  endfacet
  facet normal -0.00333047 -0.865706 0.500541
    outer loop
      vertex -20.5 -10.6699 127.618
      vertex -20.2993 -10.0364 128.715
      vertex -20.4495 -10.3492 128.173
    endloop
  endfacet
  facet normal 0.00228514 -0.86406 0.503384
    outer loop
      vertex -15.133 -8.72021 130.995
      vertex -13.9901 -9.01139 130.49
      vertex -14.5386 -8.84331 130.781
    endloop
  endfacet
  facet normal -0.5195 -0.427619 -0.739771
    outer loop
      vertex -14.5386 -13.1734 133.281
      vertex -13.9901 -9.01139 130.49
      vertex -14.4472 -13.2014 133.233
    endloop
  endfacet
  facet normal -0.522422 -0.426346 -0.738447
    outer loop
      vertex -13.9901 -9.01139 130.49
      vertex -14.5386 -13.1734 133.281
      vertex -14.5386 -8.84331 130.781
    endloop
  endfacet
  facet normal -0.00279435 -0.864477 0.502665
    outer loop
      vertex -19.717 -9.46491 129.705
      vertex -18.8099 -9.01139 130.49
      vertex -19.2991 -9.2203 130.128
    endloop
  endfacet
  facet normal 0.383149 -0.461846 -0.799934
    outer loop
      vertex -18.1623 -13.1529 133.317
      vertex -17.667 -8.72021 130.995
      vertex -17.667 -13.0503 133.495
    endloop
  endfacet
  facet normal 0.0774701 -0.498501 -0.863421
    outer loop
      vertex -17.0414 -8.64511 131.125
      vertex -16.4 -12.95 133.668
      vertex -17.0414 -12.9752 133.625
    endloop
  endfacet
  facet normal 0.077501 -0.498496 -0.863421
    outer loop
      vertex -16.4 -12.95 133.668
      vertex -17.0414 -8.64511 131.125
      vertex -16.4 -8.61987 131.168
    endloop
  endfacet
  facet normal 0.00333047 -0.865706 0.500541
    outer loop
      vertex -12.5007 -10.0364 128.715
      vertex -12.3 -10.6699 127.618
      vertex -12.3505 -10.3492 128.173
    endloop
  endfacet
  facet normal -0.972383 -0.116689 -0.202125
    outer loop
      vertex -12.3505 -10.3492 128.173
      vertex -12.3755 -14.6272 130.763
      vertex -12.5007 -10.0364 128.715
    endloop
  endfacet
  facet normal -0.972298 -0.116872 -0.202427
    outer loop
      vertex -12.3755 -14.6272 130.763
      vertex -12.3505 -10.3492 128.173
      vertex -12.3505 -14.6793 130.673
    endloop
  endfacet
  facet normal -0.233357 -0.486199 -0.842114
    outer loop
      vertex -15.7586 -12.9752 133.625
      vertex -15.133 -8.72021 130.995
      vertex -15.133 -13.0503 133.495
    endloop
  endfacet
  facet normal -0.233357 -0.486199 -0.842114
    outer loop
      vertex -15.133 -8.72021 130.995
      vertex -15.7586 -12.9752 133.625
      vertex -15.7586 -8.64511 131.125
    endloop
  endfacet
  facet normal -0.000797186 -0.867554 0.497343
    outer loop
      vertex -16.4 -8.61987 131.168
      vertex -15.133 -8.72021 130.995
      vertex -15.7586 -8.64511 131.125
    endloop
  endfacet
  facet normal -0.383004 0.461868 0.799992
    outer loop
      vertex -15.034 -16.9291 126.776
      vertex -14.5386 -16.8266 126.954
      vertex -14.5386 -12.4964 124.454
    endloop
  endfacet
  facet normal 0 -0.866906 0.498471
    outer loop
      vertex -17.0414 -12.6946 124.111
      vertex -16.4 -12.7199 124.067
      vertex -15.7586 -12.6946 124.111
    endloop
  endfacet
  facet normal 6.20098e-05 -0.866026 0.499998
    outer loop
      vertex -15.7586 -12.6946 124.111
      vertex -15.133 -12.6195 124.241
      vertex -13.5009 -12.1194 125.107
    endloop
  endfacet
  facet normal -0.233357 0.486189 0.842119
    outer loop
      vertex -15.7586 -12.6946 124.111
      vertex -15.133 -16.9497 126.741
      vertex -15.133 -12.6195 124.241
    endloop
  endfacet
  facet normal -0.233357 0.486189 0.842119
    outer loop
      vertex -15.133 -16.9497 126.741
      vertex -15.7586 -12.6946 124.111
      vertex -15.7586 -17.0248 126.611
    endloop
  endfacet
  facet normal 0.649614 0.380127 0.658411
    outer loop
      vertex -19.2991 -16.4496 127.607
      vertex -18.8099 -12.3284 124.745
      vertex -19.2991 -12.1194 125.107
    endloop
  endfacet
  facet normal 0.648118 0.380984 0.659389
    outer loop
      vertex -18.8099 -12.3284 124.745
      vertex -19.2991 -16.4496 127.607
      vertex -19.2176 -16.4844 127.547
    endloop
  endfacet
  facet normal 0.37952 0.462586 0.801236
    outer loop
      vertex -17.667 -12.6195 124.241
      vertex -17.766 -16.9291 126.776
      vertex -17.667 -16.9497 126.741
    endloop
  endfacet
  facet normal 0.382424 0.461929 0.800233
    outer loop
      vertex -17.766 -16.9291 126.776
      vertex -17.667 -12.6195 124.241
      vertex -18.2614 -12.4964 124.454
    endloop
  endfacet
  facet normal 0.852639 0.261252 0.452498
    outer loop
      vertex -20.0531 -15.9307 128.506
      vertex -19.717 -11.8748 125.531
      vertex -20.0531 -11.6006 126.006
    endloop
  endfacet
  facet normal 0.85266 0.26123 0.452471
    outer loop
      vertex -19.717 -11.8748 125.531
      vertex -20.0531 -15.9307 128.506
      vertex -19.717 -16.205 128.031
    endloop
  endfacet
  facet normal 9.47421e-05 -0.866022 0.500006
    outer loop
      vertex -20.0531 -11.6006 126.006
      vertex -16.4 -8.61987 131.168
      vertex -19.717 -9.46491 129.705
    endloop
  endfacet
  facet normal -0.000473158 -0.865938 0.500152
    outer loop
      vertex -20.5 -10.6699 127.618
      vertex -19.717 -9.46491 129.705
      vertex -20.2993 -10.0364 128.715
    endloop
  endfacet
  facet normal 0.996946 0.0390449 0.0676274
    outer loop
      vertex -20.4916 -15.0534 130.025
      vertex -20.5 -10.6699 127.618
      vertex -20.5 -15 130.118
    endloop
  endfacet
  facet normal 0.996919 0.0392113 0.0679305
    outer loop
      vertex -20.5 -10.6699 127.618
      vertex -20.4916 -15.0534 130.025
      vertex -20.4495 -10.9906 127.062
    endloop
  endfacet
  facet normal -0.00150296 -0.86629 0.499539
    outer loop
      vertex -20.5 -10.6699 127.618
      vertex -20.4495 -10.9906 127.062
      vertex -20.2993 -11.3034 126.52
    endloop
  endfacet
  facet normal 0.00279435 -0.864477 0.502665
    outer loop
      vertex -13.9901 -9.01139 130.49
      vertex -13.083 -9.46491 129.705
      vertex -13.5009 -9.2203 130.128
    endloop
  endfacet
  facet normal -0.649569 -0.380153 -0.65844
    outer loop
      vertex -13.9901 -13.3415 132.99
      vertex -13.5009 -9.2203 130.128
      vertex -13.5009 -13.5504 132.628
    endloop
  endfacet
  facet normal -0.649574 -0.38015 -0.658437
    outer loop
      vertex -13.5009 -9.2203 130.128
      vertex -13.9901 -13.3415 132.99
      vertex -13.9901 -9.01139 130.49
    endloop
  endfacet
  facet normal 0.5195 -0.427619 -0.739771
    outer loop
      vertex -18.8099 -9.01139 130.49
      vertex -18.2614 -13.1734 133.281
      vertex -18.3528 -13.2014 133.233
    endloop
  endfacet
  facet normal 0.522422 -0.426346 -0.738447
    outer loop
      vertex -18.2614 -13.1734 133.281
      vertex -18.8099 -9.01139 130.49
      vertex -18.2614 -8.84331 130.781
    endloop
  endfacet
  facet normal 0.523018 -0.426162 -0.738132
    outer loop
      vertex -18.8099 -9.01139 130.49
      vertex -18.3528 -13.2014 133.233
      vertex -18.8099 -13.3415 132.99
    endloop
  endfacet
  facet normal 0.383004 0.461868 0.799992
    outer loop
      vertex -18.2614 -12.4964 124.454
      vertex -18.2614 -16.8266 126.954
      vertex -17.766 -16.9291 126.776
    endloop
  endfacet
  facet normal 4.62279e-05 -0.865999 0.500045
    outer loop
      vertex -19.2991 -12.1194 125.107
      vertex -18.8099 -12.3284 124.745
      vertex -18.2614 -12.4964 124.454
    endloop
  endfacet
  facet normal 0.00117187 -0.865698 0.500565
    outer loop
      vertex -20.0531 -11.6006 126.006
      vertex -19.717 -11.8748 125.531
      vertex -19.2991 -12.1194 125.107
    endloop
  endfacet
  facet normal 0.972349 0.116766 0.202243
    outer loop
      vertex -20.4495 -10.9906 127.062
      vertex -20.4495 -15.3207 129.562
      vertex -20.3244 -15.5813 129.111
    endloop
  endfacet
  facet normal 0.385688 -0.461318 -0.799019
    outer loop
      vertex -18.2614 -8.84331 130.781
      vertex -18.1623 -13.1529 133.317
      vertex -18.2614 -13.1734 133.281
    endloop
  endfacet
  facet normal 0.383573 -0.461801 -0.799757
    outer loop
      vertex -18.1623 -13.1529 133.317
      vertex -18.2614 -8.84331 130.781
      vertex -17.667 -8.72021 130.995
    endloop
  endfacet
  facet normal -0.00228514 -0.86406 0.503384
    outer loop
      vertex -18.8099 -9.01139 130.49
      vertex -17.667 -8.72021 130.995
      vertex -18.2614 -8.84331 130.781
    endloop
  endfacet
  facet normal 0.522377 0.426359 0.738472
    outer loop
      vertex -18.8099 -16.6585 127.245
      vertex -18.2614 -12.4964 124.454
      vertex -18.8099 -12.3284 124.745
    endloop
  endfacet
  facet normal 0.522433 0.426335 0.738446
    outer loop
      vertex -18.2614 -12.4964 124.454
      vertex -18.8099 -16.6585 127.245
      vertex -18.2614 -16.8266 126.954
    endloop
  endfacet
  facet normal 0.649859 0.380029 0.658226
    outer loop
      vertex -19.2176 -16.4844 127.547
      vertex -18.8099 -16.6585 127.245
      vertex -18.8099 -12.3284 124.745
    endloop
  endfacet
  facet normal 0.233357 0.486189 0.842119
    outer loop
      vertex -17.667 -16.9497 126.741
      vertex -17.0414 -12.6946 124.111
      vertex -17.667 -12.6195 124.241
    endloop
  endfacet
  facet normal 0.233357 0.486189 0.842119
    outer loop
      vertex -17.0414 -12.6946 124.111
      vertex -17.667 -16.9497 126.741
      vertex -17.0414 -17.0248 126.611
    endloop
  endfacet
  facet normal 0.000382979 -0.866077 0.49991
    outer loop
      vertex -12.7469 -75.9506 14.5483
      vertex -12.5007 -75.6534 15.063
      vertex -12.3505 -75.3406 15.6048
    endloop
  endfacet
  facet normal -0.522629 -0.426282 -0.738338
    outer loop
      vertex -14.5386 -77.5234 21.824
      vertex -13.9901 -73.3614 19.0328
      vertex -13.9901 -77.6915 21.5328
    endloop
  endfacet
  facet normal -0.522629 -0.426282 -0.738338
    outer loop
      vertex -13.9901 -73.3614 19.0328
      vertex -14.5386 -77.5234 21.824
      vertex -14.5386 -73.1933 19.324
    endloop
  endfacet
  facet normal -0.00030641 -0.865965 0.500104
    outer loop
      vertex -13.5009 -76.4694 13.6495
      vertex -12.7469 -75.9506 14.5483
      vertex -12.3505 -75.3406 15.6048
    endloop
  endfacet
  facet normal 0.233357 -0.486198 -0.842114
    outer loop
      vertex -17.667 -73.0702 19.5372
      vertex -17.0414 -77.3252 22.1672
      vertex -17.667 -77.4003 22.0372
    endloop
  endfacet
  facet normal 0.233357 -0.486198 -0.842114
    outer loop
      vertex -17.0414 -77.3252 22.1672
      vertex -17.667 -73.0702 19.5372
      vertex -17.0414 -72.9951 19.6672
    endloop
  endfacet
  facet normal -7.65814e-05 -0.865991 0.500059
    outer loop
      vertex -20.2993 -74.3864 17.2575
      vertex -18.8099 -73.3614 19.0328
      vertex -19.717 -73.8149 18.2473
    endloop
  endfacet
  facet normal 0.852697 -0.261207 -0.452415
    outer loop
      vertex -19.9971 -78.3736 20.3514
      vertex -20.0531 -74.0892 17.7722
      vertex -19.717 -73.8149 18.2473
    endloop
  endfacet
  facet normal 0.852781 -0.261135 -0.452297
    outer loop
      vertex -20.0531 -74.0892 17.7722
      vertex -19.9971 -78.3736 20.3514
      vertex -20.0531 -78.4193 20.2722
    endloop
  endfacet
  facet normal -0.649392 -0.380229 -0.658571
    outer loop
      vertex -13.9901 -73.3614 19.0328
      vertex -13.5824 -77.8656 21.2313
      vertex -13.9901 -77.6915 21.5328
    endloop
  endfacet
  facet normal 0.996915 0.0392441 0.0679723
    outer loop
      vertex -20.5 -79.35 18.6603
      vertex -20.4495 -75.3406 15.6048
      vertex -20.5 -75.0199 16.1603
    endloop
  endfacet
  facet normal 0.996915 0.0392441 0.0679723
    outer loop
      vertex -20.4495 -75.3406 15.6048
      vertex -20.5 -79.35 18.6603
      vertex -20.4495 -79.6707 18.1048
    endloop
  endfacet
  facet normal -0.923916 -0.191299 -0.331337
    outer loop
      vertex -12.7058 -78.4688 20.1864
      vertex -12.5007 -74.3864 17.2575
      vertex -12.5007 -78.7165 19.7575
    endloop
  endfacet
  facet normal -0.85268 0.261214 0.452443
    outer loop
      vertex -13.083 -76.2248 14.0732
      vertex -13.083 -80.555 16.5732
      vertex -12.8029 -80.3264 16.9691
    endloop
  endfacet
  facet normal -0.972369 0.116726 0.202174
    outer loop
      vertex -12.5007 -75.6534 15.063
      vertex -12.3505 -79.6707 18.1048
      vertex -12.3505 -75.3406 15.6048
    endloop
  endfacet
  facet normal -0.972369 0.116726 0.202174
    outer loop
      vertex -12.3505 -79.6707 18.1048
      vertex -12.5007 -75.6534 15.063
      vertex -12.5007 -79.9835 17.563
    endloop
  endfacet
  facet normal -0.522475 0.426329 0.73842
    outer loop
      vertex -14.5386 -76.8464 12.9966
      vertex -13.9901 -81.0085 15.7877
      vertex -13.9901 -76.6784 13.2877
    endloop
  endfacet
  facet normal -0.522531 0.426305 0.738394
    outer loop
      vertex -13.9901 -81.0085 15.7877
      vertex -14.5386 -76.8464 12.9966
      vertex -14.5386 -81.1766 15.4966
    endloop
  endfacet
  facet normal 0 -0.866021 0.500008
    outer loop
      vertex -20.4495 -75.3406 15.6048
      vertex -13.9901 -73.3614 19.0328
      vertex -18.8099 -73.3614 19.0328
    endloop
  endfacet
  facet normal 0 -0.866021 0.500008
    outer loop
      vertex -13.9901 -73.3614 19.0328
      vertex -20.4495 -75.3406 15.6048
      vertex -12.3505 -75.3406 15.6048
    endloop
  endfacet
  facet normal 0.000495062 -0.866018 0.500013
    outer loop
      vertex -20.5 -75.0199 16.1603
      vertex -20.4495 -75.3406 15.6048
      vertex -20.4495 -74.6992 16.7157
    endloop
  endfacet
  facet normal -0.000108994 -0.866018 0.500013
    outer loop
      vertex -20.4495 -75.3406 15.6048
      vertex -20.2993 -74.3864 17.2575
      vertex -20.4495 -74.6992 16.7157
    endloop
  endfacet
  facet normal -0.000495062 -0.866018 0.500013
    outer loop
      vertex -12.3505 -75.3406 15.6048
      vertex -12.3 -75.0199 16.1603
      vertex -12.3505 -74.6992 16.7157
    endloop
  endfacet
  facet normal -0.760365 -0.324756 -0.562476
    outer loop
      vertex -13.4312 -77.9412 21.1004
      vertex -13.5009 -73.5703 18.671
      vertex -13.083 -73.8149 18.2473
    endloop
  endfacet
  facet normal -0.760143 -0.324879 -0.562704
    outer loop
      vertex -13.5009 -73.5703 18.671
      vertex -13.4312 -77.9412 21.1004
      vertex -13.5009 -77.9004 21.171
    endloop
  endfacet
  facet normal 0.382654 -0.461948 -0.800112
    outer loop
      vertex -18.2614 -73.1933 19.324
      vertex -17.667 -77.4003 22.0372
      vertex -18.2614 -77.5234 21.824
    endloop
  endfacet
  facet normal 0.382654 -0.461948 -0.800112
    outer loop
      vertex -17.667 -77.4003 22.0372
      vertex -18.2614 -73.1933 19.324
      vertex -17.667 -73.0702 19.5372
    endloop
  endfacet
  facet normal -0.382654 -0.461948 -0.800112
    outer loop
      vertex -15.133 -77.4003 22.0372
      vertex -14.5386 -73.1933 19.324
      vertex -14.5386 -77.5234 21.824
    endloop
  endfacet
  facet normal -0.382654 -0.461948 -0.800112
    outer loop
      vertex -14.5386 -73.1933 19.324
      vertex -15.133 -77.4003 22.0372
      vertex -15.133 -73.0702 19.5372
    endloop
  endfacet
  facet normal 0.000477112 -0.86625 0.499611
    outer loop
      vertex -13.5009 -76.4694 13.6495
      vertex -13.083 -76.2248 14.0732
      vertex -12.7469 -75.9506 14.5483
    endloop
  endfacet
  facet normal -0.996915 0.0392441 0.0679723
    outer loop
      vertex -12.3505 -75.3406 15.6048
      vertex -12.3 -79.35 18.6603
      vertex -12.3 -75.0199 16.1603
    endloop
  endfacet
  facet normal -0.996915 0.0392441 0.0679723
    outer loop
      vertex -12.3 -79.35 18.6603
      vertex -12.3505 -75.3406 15.6048
      vertex -12.3505 -79.6707 18.1048
    endloop
  endfacet
  facet normal -0.760409 -0.324724 -0.562435
    outer loop
      vertex -13.4312 -77.9412 21.1004
      vertex -13.083 -73.8149 18.2473
      vertex -13.083 -78.145 20.7473
    endloop
  endfacet
  facet normal 0 -0.866032 0.499989
    outer loop
      vertex -18.2614 -76.8464 12.9966
      vertex -12.3505 -75.3406 15.6048
      vertex -20.4495 -75.3406 15.6048
    endloop
  endfacet
  facet normal 0 -0.866032 0.499989
    outer loop
      vertex -12.3505 -75.3406 15.6048
      vertex -18.2614 -76.8464 12.9966
      vertex -14.5386 -76.8464 12.9966
    endloop
  endfacet
  facet normal 0.000104762 -0.86607 0.499923
    outer loop
      vertex -14.5386 -76.8464 12.9966
      vertex -13.5009 -76.4694 13.6495
      vertex -12.3505 -75.3406 15.6048
    endloop
  endfacet
  facet normal 0.000887913 -0.865386 0.501106
    outer loop
      vertex -19.2991 -76.4694 13.6495
      vertex -18.8099 -76.6784 13.2877
      vertex -18.2614 -76.8464 12.9966
    endloop
  endfacet
  facet normal 0.923648 -0.191621 -0.331896
    outer loop
      vertex -20.0942 -78.4688 20.1864
      vertex -20.0531 -74.0892 17.7722
      vertex -20.0531 -78.4193 20.2722
    endloop
  endfacet
  facet normal 0.923871 -0.191363 -0.331424
    outer loop
      vertex -20.0531 -74.0892 17.7722
      vertex -20.0942 -78.4688 20.1864
      vertex -20.2993 -74.3864 17.2575
    endloop
  endfacet
  facet normal 1.03534e-05 -0.866023 0.500004
    outer loop
      vertex -20.4495 -75.3406 15.6048
      vertex -18.8099 -73.3614 19.0328
      vertex -20.2993 -74.3864 17.2575
    endloop
  endfacet
  facet normal 0.649392 -0.380229 -0.658571
    outer loop
      vertex -19.2176 -77.8656 21.2313
      vertex -18.8099 -73.3614 19.0328
      vertex -18.8099 -77.6915 21.5328
    endloop
  endfacet
  facet normal 0.760409 -0.324724 -0.562435
    outer loop
      vertex -19.717 -73.8149 18.2473
      vertex -19.3688 -77.9412 21.1004
      vertex -19.717 -78.145 20.7473
    endloop
  endfacet
  facet normal -0.00027066 -0.865942 0.500145
    outer loop
      vertex -20.2993 -74.3864 17.2575
      vertex -19.717 -73.8149 18.2473
      vertex -20.0531 -74.0892 17.7722
    endloop
  endfacet
  facet normal -1.03534e-05 -0.866023 0.500004
    outer loop
      vertex -13.9901 -73.3614 19.0328
      vertex -12.3505 -75.3406 15.6048
      vertex -12.5007 -74.3864 17.2575
    endloop
  endfacet
  facet normal 0 -0.866057 0.499946
    outer loop
      vertex -18.8099 -73.3614 19.0328
      vertex -14.5386 -73.1933 19.324
      vertex -18.2614 -73.1933 19.324
    endloop
  endfacet
  facet normal 0 -0.866057 0.499946
    outer loop
      vertex -14.5386 -73.1933 19.324
      vertex -18.8099 -73.3614 19.0328
      vertex -13.9901 -73.3614 19.0328
    endloop
  endfacet
  facet normal -0.852697 -0.261207 -0.452415
    outer loop
      vertex -12.7469 -74.0892 17.7722
      vertex -12.8029 -78.3736 20.3514
      vertex -13.083 -73.8149 18.2473
    endloop
  endfacet
  facet normal -0.852781 -0.261135 -0.452297
    outer loop
      vertex -12.8029 -78.3736 20.3514
      vertex -12.7469 -74.0892 17.7722
      vertex -12.7469 -78.4193 20.2722
    endloop
  endfacet
  facet normal 7.65814e-05 -0.865991 0.500059
    outer loop
      vertex -13.9901 -73.3614 19.0328
      vertex -12.5007 -74.3864 17.2575
      vertex -13.083 -73.8149 18.2473
    endloop
  endfacet
  facet normal -0.649459 0.380194 0.658526
    outer loop
      vertex -13.9901 -76.6784 13.2877
      vertex -13.5009 -80.7996 16.1495
      vertex -13.5009 -76.4694 13.6495
    endloop
  endfacet
  facet normal -0.649414 0.380219 0.658555
    outer loop
      vertex -13.5009 -80.7996 16.1495
      vertex -13.9901 -76.6784 13.2877
      vertex -13.9901 -81.0085 15.7877
    endloop
  endfacet
  facet normal -0.760365 0.324738 0.562486
    outer loop
      vertex -13.5009 -76.4694 13.6495
      vertex -13.4312 -80.7588 16.2201
      vertex -13.083 -76.2248 14.0732
    endloop
  endfacet
  facet normal -0.760143 0.324874 0.562707
    outer loop
      vertex -13.4312 -80.7588 16.2201
      vertex -13.5009 -76.4694 13.6495
      vertex -13.5009 -80.7996 16.1495
    endloop
  endfacet
  facet normal -0.923871 0.191353 0.33143
    outer loop
      vertex -12.7469 -75.9506 14.5483
      vertex -12.5007 -79.9835 17.563
      vertex -12.5007 -75.6534 15.063
    endloop
  endfacet
  facet normal -0.923871 0.191353 0.33143
    outer loop
      vertex -12.5007 -79.9835 17.563
      vertex -12.7469 -75.9506 14.5483
      vertex -12.7469 -80.2807 17.0483
    endloop
  endfacet
  facet normal -0.852676 0.261218 0.452449
    outer loop
      vertex -12.8029 -80.3264 16.9691
      vertex -12.7469 -75.9506 14.5483
      vertex -13.083 -76.2248 14.0732
    endloop
  endfacet
  facet normal -0.852781 0.261135 0.452297
    outer loop
      vertex -12.7469 -75.9506 14.5483
      vertex -12.8029 -80.3264 16.9691
      vertex -12.7469 -80.2807 17.0483
    endloop
  endfacet
  facet normal -0.233357 0.486189 0.842119
    outer loop
      vertex -15.7586 -77.0446 12.6533
      vertex -15.133 -81.2997 15.2833
      vertex -15.133 -76.9695 12.7833
    endloop
  endfacet
  facet normal -0.233357 0.486189 0.842119
    outer loop
      vertex -15.133 -81.2997 15.2833
      vertex -15.7586 -77.0446 12.6533
      vertex -15.7586 -81.3748 15.1533
    endloop
  endfacet
  facet normal -0.382769 0.461916 0.800076
    outer loop
      vertex -15.133 -76.9695 12.7833
      vertex -14.5386 -81.1766 15.4966
      vertex -14.5386 -76.8464 12.9966
    endloop
  endfacet
  facet normal -0.382938 0.461861 0.800027
    outer loop
      vertex -14.5386 -81.1766 15.4966
      vertex -15.133 -76.9695 12.7833
      vertex -14.6377 -81.1971 15.461
    endloop
  endfacet
  facet normal 0.972369 0.116726 0.202174
    outer loop
      vertex -20.4495 -79.6707 18.1048
      vertex -20.2993 -75.6534 15.063
      vertex -20.4495 -75.3406 15.6048
    endloop
  endfacet
  facet normal 0.972369 0.116726 0.202174
    outer loop
      vertex -20.2993 -75.6534 15.063
      vertex -20.4495 -79.6707 18.1048
      vertex -20.2993 -79.9835 17.563
    endloop
  endfacet
  facet normal 0.000128444 -0.866165 0.499759
    outer loop
      vertex -18.2614 -73.1933 19.324
      vertex -17.0414 -72.9951 19.6672
      vertex -17.667 -73.0702 19.5372
    endloop
  endfacet
  facet normal 0.85268 -0.261218 -0.45244
    outer loop
      vertex -19.9971 -78.3736 20.3514
      vertex -19.717 -73.8149 18.2473
      vertex -19.717 -78.145 20.7473
    endloop
  endfacet
  facet normal 0.649522 -0.380173 -0.658475
    outer loop
      vertex -19.2991 -73.5703 18.671
      vertex -19.2176 -77.8656 21.2313
      vertex -19.2991 -77.9004 21.171
    endloop
  endfacet
  facet normal 0.649414 -0.380222 -0.658554
    outer loop
      vertex -19.2176 -77.8656 21.2313
      vertex -19.2991 -73.5703 18.671
      vertex -18.8099 -73.3614 19.0328
    endloop
  endfacet
  facet normal 0.972369 -0.116726 -0.202174
    outer loop
      vertex -20.2993 -78.7165 19.7575
      vertex -20.4495 -74.6992 16.7157
      vertex -20.2993 -74.3864 17.2575
    endloop
  endfacet
  facet normal 0.972369 -0.116726 -0.202174
    outer loop
      vertex -20.4495 -74.6992 16.7157
      vertex -20.2993 -78.7165 19.7575
      vertex -20.4495 -79.0293 19.2157
    endloop
  endfacet
  facet normal 0.923916 -0.191299 -0.331337
    outer loop
      vertex -20.2993 -74.3864 17.2575
      vertex -20.0942 -78.4688 20.1864
      vertex -20.2993 -78.7165 19.7575
    endloop
  endfacet
  facet normal -0.972369 -0.116726 -0.202174
    outer loop
      vertex -12.3505 -74.6992 16.7157
      vertex -12.5007 -78.7165 19.7575
      vertex -12.5007 -74.3864 17.2575
    endloop
  endfacet
  facet normal -0.972369 -0.116726 -0.202174
    outer loop
      vertex -12.5007 -78.7165 19.7575
      vertex -12.3505 -74.6992 16.7157
      vertex -12.3505 -79.0293 19.2157
    endloop
  endfacet
  facet normal 0.000108994 -0.866018 0.500013
    outer loop
      vertex -12.5007 -74.3864 17.2575
      vertex -12.3505 -75.3406 15.6048
      vertex -12.3505 -74.6992 16.7157
    endloop
  endfacet
  facet normal -0.000226275 -0.866143 0.499797
    outer loop
      vertex -13.9901 -73.3614 19.0328
      vertex -13.083 -73.8149 18.2473
      vertex -13.5009 -73.5703 18.671
    endloop
  endfacet
  facet normal -0.649522 -0.380173 -0.658475
    outer loop
      vertex -13.5824 -77.8656 21.2313
      vertex -13.5009 -73.5703 18.671
      vertex -13.5009 -77.9004 21.171
    endloop
  endfacet
  facet normal -0.649414 -0.380222 -0.658554
    outer loop
      vertex -13.5009 -73.5703 18.671
      vertex -13.5824 -77.8656 21.2313
      vertex -13.9901 -73.3614 19.0328
    endloop
  endfacet
  facet normal 0.522629 -0.426282 -0.738338
    outer loop
      vertex -18.8099 -73.3614 19.0328
      vertex -18.2614 -77.5234 21.824
      vertex -18.8099 -77.6915 21.5328
    endloop
  endfacet
  facet normal 0.522629 -0.426282 -0.738338
    outer loop
      vertex -18.2614 -77.5234 21.824
      vertex -18.8099 -73.3614 19.0328
      vertex -18.2614 -73.1933 19.324
    endloop
  endfacet
  facet normal 0 -0.865967 0.500101
    outer loop
      vertex -18.2614 -73.1933 19.324
      vertex -15.7586 -72.9951 19.6672
      vertex -17.0414 -72.9951 19.6672
    endloop
  endfacet
  facet normal 0 -0.865967 0.500101
    outer loop
      vertex -15.7586 -72.9951 19.6672
      vertex -18.2614 -73.1933 19.324
      vertex -14.5386 -73.1933 19.324
    endloop
  endfacet
  facet normal -0.000128444 -0.866165 0.499759
    outer loop
      vertex -15.7586 -72.9951 19.6672
      vertex -14.5386 -73.1933 19.324
      vertex -15.133 -73.0702 19.5372
    endloop
  endfacet
  facet normal -0.000887913 -0.865386 0.501106
    outer loop
      vertex -14.5386 -76.8464 12.9966
      vertex -13.9901 -76.6784 13.2877
      vertex -13.5009 -76.4694 13.6495
    endloop
  endfacet
  facet normal -0.760409 0.324718 0.562438
    outer loop
      vertex -13.4312 -80.7588 16.2201
      vertex -13.083 -80.555 16.5732
      vertex -13.083 -76.2248 14.0732
    endloop
  endfacet
  facet normal 0.382769 0.461916 0.800076
    outer loop
      vertex -18.2614 -81.1766 15.4966
      vertex -17.667 -76.9695 12.7833
      vertex -18.2614 -76.8464 12.9966
    endloop
  endfacet
  facet normal 0.382938 0.461861 0.800027
    outer loop
      vertex -17.667 -76.9695 12.7833
      vertex -18.2614 -81.1766 15.4966
      vertex -18.1623 -81.1971 15.461
    endloop
  endfacet
  facet normal 0.760365 0.324738 0.562486
    outer loop
      vertex -19.3688 -80.7588 16.2201
      vertex -19.2991 -76.4694 13.6495
      vertex -19.717 -76.2248 14.0732
    endloop
  endfacet
  facet normal 0.760143 0.324874 0.562707
    outer loop
      vertex -19.2991 -76.4694 13.6495
      vertex -19.3688 -80.7588 16.2201
      vertex -19.2991 -80.7996 16.1495
    endloop
  endfacet
  facet normal -0.382736 0.461923 0.800088
    outer loop
      vertex -15.133 -76.9695 12.7833
      vertex -15.133 -81.2997 15.2833
      vertex -14.6377 -81.1971 15.461
    endloop
  endfacet
  facet normal 0.852781 0.261135 0.452297
    outer loop
      vertex -19.9971 -80.3264 16.9691
      vertex -20.0531 -75.9506 14.5483
      vertex -20.0531 -80.2807 17.0483
    endloop
  endfacet
  facet normal 0.852676 0.261218 0.452449
    outer loop
      vertex -20.0531 -75.9506 14.5483
      vertex -19.9971 -80.3264 16.9691
      vertex -19.717 -76.2248 14.0732
    endloop
  endfacet
  facet normal -0.000382979 -0.866077 0.49991
    outer loop
      vertex -20.4495 -75.3406 15.6048
      vertex -20.2993 -75.6534 15.063
      vertex -20.0531 -75.9506 14.5483
    endloop
  endfacet
  facet normal -0.00024418 -0.866406 0.499341
    outer loop
      vertex -18.2614 -76.8464 12.9966
      vertex -17.667 -76.9695 12.7833
      vertex -17.0414 -77.0446 12.6533
    endloop
  endfacet
  facet normal 0.760143 -0.324879 -0.562704
    outer loop
      vertex -19.3688 -77.9412 21.1004
      vertex -19.2991 -73.5703 18.671
      vertex -19.2991 -77.9004 21.171
    endloop
  endfacet
  facet normal 0.760365 -0.324756 -0.562476
    outer loop
      vertex -19.2991 -73.5703 18.671
      vertex -19.3688 -77.9412 21.1004
      vertex -19.717 -73.8149 18.2473
    endloop
  endfacet
  facet normal 0.000226275 -0.866143 0.499797
    outer loop
      vertex -19.717 -73.8149 18.2473
      vertex -18.8099 -73.3614 19.0328
      vertex -19.2991 -73.5703 18.671
    endloop
  endfacet
  facet normal 0.996914 -0.0392494 -0.0679815
    outer loop
      vertex -20.4495 -79.0293 19.2157
      vertex -20.5 -75.0199 16.1603
      vertex -20.4495 -74.6992 16.7157
    endloop
  endfacet
  facet normal 0.996914 -0.0392494 -0.0679815
    outer loop
      vertex -20.5 -75.0199 16.1603
      vertex -20.4495 -79.0293 19.2157
      vertex -20.5 -79.35 18.6603
    endloop
  endfacet
  facet normal -0.996914 -0.0392494 -0.0679815
    outer loop
      vertex -12.3 -75.0199 16.1603
      vertex -12.3505 -79.0293 19.2157
      vertex -12.3505 -74.6992 16.7157
    endloop
  endfacet
  facet normal -0.996914 -0.0392494 -0.0679815
    outer loop
      vertex -12.3505 -79.0293 19.2157
      vertex -12.3 -75.0199 16.1603
      vertex -12.3 -79.35 18.6603
    endloop
  endfacet
  facet normal -0.85268 -0.261218 -0.45244
    outer loop
      vertex -13.083 -73.8149 18.2473
      vertex -12.8029 -78.3736 20.3514
      vertex -13.083 -78.145 20.7473
    endloop
  endfacet
  facet normal 0 -0.866778 0.498694
    outer loop
      vertex -17.0414 -72.9951 19.6672
      vertex -15.7586 -72.9951 19.6672
      vertex -16.4 -72.9699 19.711
    endloop
  endfacet
  facet normal -0.233357 -0.486198 -0.842114
    outer loop
      vertex -15.7586 -77.3252 22.1672
      vertex -15.133 -73.0702 19.5372
      vertex -15.133 -77.4003 22.0372
    endloop
  endfacet
  facet normal -0.233357 -0.486198 -0.842114
    outer loop
      vertex -15.133 -73.0702 19.5372
      vertex -15.7586 -77.3252 22.1672
      vertex -15.7586 -72.9951 19.6672
    endloop
  endfacet
  facet normal 0.649459 0.380194 0.658526
    outer loop
      vertex -19.2991 -80.7996 16.1495
      vertex -18.8099 -76.6784 13.2877
      vertex -19.2991 -76.4694 13.6495
    endloop
  endfacet
  facet normal 0.649414 0.380219 0.658555
    outer loop
      vertex -18.8099 -76.6784 13.2877
      vertex -19.2991 -80.7996 16.1495
      vertex -18.8099 -81.0085 15.7877
    endloop
  endfacet
  facet normal -0.000104762 -0.86607 0.499923
    outer loop
      vertex -20.4495 -75.3406 15.6048
      vertex -19.2991 -76.4694 13.6495
      vertex -18.2614 -76.8464 12.9966
    endloop
  endfacet
  facet normal 0.760409 0.324718 0.562438
    outer loop
      vertex -19.717 -76.2248 14.0732
      vertex -19.717 -80.555 16.5732
      vertex -19.3688 -80.7588 16.2201
    endloop
  endfacet
  facet normal 0.85268 0.261214 0.452443
    outer loop
      vertex -19.9971 -80.3264 16.9691
      vertex -19.717 -80.555 16.5732
      vertex -19.717 -76.2248 14.0732
    endloop
  endfacet
  facet normal 0.923871 0.191353 0.33143
    outer loop
      vertex -20.2993 -79.9835 17.563
      vertex -20.0531 -75.9506 14.5483
      vertex -20.2993 -75.6534 15.063
    endloop
  endfacet
  facet normal 0.923871 0.191353 0.33143
    outer loop
      vertex -20.0531 -75.9506 14.5483
      vertex -20.2993 -79.9835 17.563
      vertex -20.0531 -80.2807 17.0483
    endloop
  endfacet
  facet normal 0.0784839 0.498451 0.863358
    outer loop
      vertex -17.0414 -81.3748 15.1533
      vertex -16.4 -77.0699 12.6096
      vertex -17.0414 -77.0446 12.6533
    endloop
  endfacet
  facet normal 0.0785404 0.498443 0.863357
    outer loop
      vertex -16.4 -77.0699 12.6096
      vertex -17.0414 -81.3748 15.1533
      vertex -16.4 -81.4 15.1095
    endloop
  endfacet
  facet normal 0 -0.865962 0.50011
    outer loop
      vertex -18.2614 -76.8464 12.9966
      vertex -16.4 -77.0699 12.6096
      vertex -14.5386 -76.8464 12.9966
    endloop
  endfacet
  facet normal -0.923871 -0.191363 -0.331424
    outer loop
      vertex -12.7058 -78.4688 20.1864
      vertex -12.7469 -74.0892 17.7722
      vertex -12.5007 -74.3864 17.2575
    endloop
  endfacet
  facet normal -0.923648 -0.191621 -0.331896
    outer loop
      vertex -12.7469 -74.0892 17.7722
      vertex -12.7058 -78.4688 20.1864
      vertex -12.7469 -78.4193 20.2722
    endloop
  endfacet
  facet normal 0.00027066 -0.865942 0.500145
    outer loop
      vertex -13.083 -73.8149 18.2473
      vertex -12.5007 -74.3864 17.2575
      vertex -12.7469 -74.0892 17.7722
    endloop
  endfacet
  facet normal -0.0785404 -0.498458 -0.863349
    outer loop
      vertex -16.4 -77.3 22.211
      vertex -15.7586 -72.9951 19.6672
      vertex -15.7586 -77.3252 22.1672
    endloop
  endfacet
  facet normal -0.0785404 -0.498458 -0.863349
    outer loop
      vertex -15.7586 -72.9951 19.6672
      vertex -16.4 -77.3 22.211
      vertex -16.4 -72.9699 19.711
    endloop
  endfacet
  facet normal 0.0785404 -0.498458 -0.863349
    outer loop
      vertex -17.0414 -72.9951 19.6672
      vertex -16.4 -77.3 22.211
      vertex -17.0414 -77.3252 22.1672
    endloop
  endfacet
  facet normal 0.0785404 -0.498458 -0.863349
    outer loop
      vertex -16.4 -77.3 22.211
      vertex -17.0414 -72.9951 19.6672
      vertex -16.4 -72.9699 19.711
    endloop
  endfacet
  facet normal 0.522475 0.426329 0.73842
    outer loop
      vertex -18.8099 -81.0085 15.7877
      vertex -18.2614 -76.8464 12.9966
      vertex -18.8099 -76.6784 13.2877
    endloop
  endfacet
  facet normal 0.522531 0.426305 0.738394
    outer loop
      vertex -18.2614 -76.8464 12.9966
      vertex -18.8099 -81.0085 15.7877
      vertex -18.2614 -81.1766 15.4966
    endloop
  endfacet
  facet normal 0.00024418 -0.866406 0.499341
    outer loop
      vertex -15.7586 -77.0446 12.6533
      vertex -15.133 -76.9695 12.7833
      vertex -14.5386 -76.8464 12.9966
    endloop
  endfacet
  facet normal 0.233357 0.486189 0.842119
    outer loop
      vertex -17.667 -81.2997 15.2833
      vertex -17.0414 -77.0446 12.6533
      vertex -17.667 -76.9695 12.7833
    endloop
  endfacet
  facet normal 0.233357 0.486189 0.842119
    outer loop
      vertex -17.0414 -77.0446 12.6533
      vertex -17.667 -81.2997 15.2833
      vertex -17.0414 -81.3748 15.1533
    endloop
  endfacet
  facet normal 0.382736 0.461923 0.800088
    outer loop
      vertex -18.1623 -81.1971 15.461
      vertex -17.667 -81.2997 15.2833
      vertex -17.667 -76.9695 12.7833
    endloop
  endfacet
  facet normal -0.000477112 -0.86625 0.499611
    outer loop
      vertex -20.0531 -75.9506 14.5483
      vertex -19.717 -76.2248 14.0732
      vertex -19.2991 -76.4694 13.6495
    endloop
  endfacet
  facet normal 0.00030641 -0.865965 0.500104
    outer loop
      vertex -20.4495 -75.3406 15.6048
      vertex -20.0531 -75.9506 14.5483
      vertex -19.2991 -76.4694 13.6495
    endloop
  endfacet
  facet normal -0.0784839 0.498451 0.863358
    outer loop
      vertex -16.4 -77.0699 12.6096
      vertex -15.7586 -81.3748 15.1533
      vertex -15.7586 -77.0446 12.6533
    endloop
  endfacet
  facet normal -0.0785404 0.498443 0.863357
    outer loop
      vertex -15.7586 -81.3748 15.1533
      vertex -16.4 -77.0699 12.6096
      vertex -16.4 -81.4 15.1095
    endloop
  endfacet
  facet normal 0.000125356 -0.866223 0.499658
    outer loop
      vertex -16.4 -77.0699 12.6096
      vertex -15.7586 -77.0446 12.6533
      vertex -14.5386 -76.8464 12.9966
    endloop
  endfacet
  facet normal -0.000125356 -0.866223 0.499658
    outer loop
      vertex -18.2614 -76.8464 12.9966
      vertex -17.0414 -77.0446 12.6533
      vertex -16.4 -77.0699 12.6096
    endloop
  endfacet
  facet normal -0.996919 0.0392113 0.0679305
    outer loop
      vertex 20.4916 -15.0534 130.025
      vertex 20.5 -10.6699 127.618
      vertex 20.4495 -10.9906 127.062
    endloop
  endfacet
  facet normal -0.996946 0.0390449 0.0676274
    outer loop
      vertex 20.5 -10.6699 127.618
      vertex 20.4916 -15.0534 130.025
      vertex 20.5 -15 130.118
    endloop
  endfacet
  facet normal 0.00279435 -0.864477 0.502665
    outer loop
      vertex 18.8099 -9.01139 130.49
      vertex 19.717 -9.46491 129.705
      vertex 19.2991 -9.2203 130.128
    endloop
  endfacet
  facet normal -0.996914 0.0392524 0.0679868
    outer loop
      vertex 20.4495 -10.9906 127.062
      vertex 20.4495 -15.3207 129.562
      vertex 20.4916 -15.0534 130.025
    endloop
  endfacet
  facet normal -0.972383 0.116709 0.202113
    outer loop
      vertex 20.2993 -11.3034 126.52
      vertex 20.3244 -15.5813 129.111
      vertex 20.4495 -10.9906 127.062
    endloop
  endfacet
  facet normal -0.972551 0.116345 0.201514
    outer loop
      vertex 20.3244 -15.5813 129.111
      vertex 20.2993 -11.3034 126.52
      vertex 20.2993 -15.6335 129.02
    endloop
  endfacet
  facet normal 0.00150296 -0.86629 0.499539
    outer loop
      vertex 20.2993 -11.3034 126.52
      vertex 20.4495 -10.9906 127.062
      vertex 20.5 -10.6699 127.618
    endloop
  endfacet
  facet normal -0.000473158 -0.865938 0.500152
    outer loop
      vertex 12.3 -10.6699 127.618
      vertex 13.083 -9.46491 129.705
      vertex 12.5007 -10.0364 128.715
    endloop
  endfacet
  facet normal -2.87953e-05 -0.866019 0.500011
    outer loop
      vertex 19.717 -9.46491 129.705
      vertex 20.0531 -11.6006 126.006
      vertex 20.5 -10.6699 127.618
    endloop
  endfacet
  facet normal -0.649569 -0.380153 -0.65844
    outer loop
      vertex 18.8099 -13.3415 132.99
      vertex 19.2991 -9.2203 130.128
      vertex 19.2991 -13.5504 132.628
    endloop
  endfacet
  facet normal -0.649574 -0.38015 -0.658437
    outer loop
      vertex 19.2991 -9.2203 130.128
      vertex 18.8099 -13.3415 132.99
      vertex 18.8099 -9.01139 130.49
    endloop
  endfacet
  facet normal -0.00228514 -0.86406 0.503384
    outer loop
      vertex 13.9901 -9.01139 130.49
      vertex 15.133 -8.72021 130.995
      vertex 14.5386 -8.84331 130.781
    endloop
  endfacet
  facet normal -0.852656 -0.261238 -0.452474
    outer loop
      vertex 20.0531 -9.73919 129.23
      vertex 19.717 -13.795 132.205
      vertex 19.717 -9.46491 129.705
    endloop
  endfacet
  facet normal -0.85266 -0.261234 -0.452469
    outer loop
      vertex 19.717 -13.795 132.205
      vertex 20.0531 -9.73919 129.23
      vertex 20.0531 -14.0693 131.73
    endloop
  endfacet
  facet normal -0.0008895 -0.865436 0.501018
    outer loop
      vertex 13.083 -9.46491 129.705
      vertex 15.133 -8.72021 130.995
      vertex 13.9901 -9.01139 130.49
    endloop
  endfacet
  facet normal -0.00333047 -0.865706 0.500541
    outer loop
      vertex 12.3 -10.6699 127.618
      vertex 12.5007 -10.0364 128.715
      vertex 12.3505 -10.3492 128.173
    endloop
  endfacet
  facet normal 2.87953e-05 -0.866019 0.500011
    outer loop
      vertex 12.3 -10.6699 127.618
      vertex 12.7469 -11.6006 126.006
      vertex 13.083 -9.46491 129.705
    endloop
  endfacet
  facet normal -0.649859 0.380029 0.658226
    outer loop
      vertex 18.8099 -12.3284 124.745
      vertex 18.8099 -16.6585 127.245
      vertex 19.2176 -16.4844 127.547
    endloop
  endfacet
  facet normal 0.000257422 -0.866218 0.499666
    outer loop
      vertex 17.0414 -12.6946 124.111
      vertex 19.2991 -12.1194 125.107
      vertex 20.0531 -11.6006 126.006
    endloop
  endfacet
  facet normal 0.385688 -0.461318 -0.799019
    outer loop
      vertex 14.5386 -8.84331 130.781
      vertex 14.6377 -13.1529 133.317
      vertex 14.5386 -13.1734 133.281
    endloop
  endfacet
  facet normal 0.383573 -0.461801 -0.799757
    outer loop
      vertex 14.6377 -13.1529 133.317
      vertex 14.5386 -8.84331 130.781
      vertex 15.133 -8.72021 130.995
    endloop
  endfacet
  facet normal -0.923932 -0.191279 -0.331304
    outer loop
      vertex 20.2993 -10.0364 128.715
      vertex 20.0531 -14.0693 131.73
      vertex 20.0531 -9.73919 129.23
    endloop
  endfacet
  facet normal -0.92393 -0.191281 -0.331307
    outer loop
      vertex 20.0531 -14.0693 131.73
      vertex 20.2993 -10.0364 128.715
      vertex 20.2993 -14.3665 131.215
    endloop
  endfacet
  facet normal -0.760535 0.324644 0.56231
    outer loop
      vertex 19.2991 -12.1194 125.107
      vertex 19.717 -16.205 128.031
      vertex 19.717 -11.8748 125.531
    endloop
  endfacet
  facet normal -0.760535 0.324644 0.56231
    outer loop
      vertex 19.717 -16.205 128.031
      vertex 19.2991 -12.1194 125.107
      vertex 19.2991 -16.4496 127.607
    endloop
  endfacet
  facet normal 0.923932 -0.191279 -0.331304
    outer loop
      vertex 12.7469 -14.0693 131.73
      vertex 12.5007 -10.0364 128.715
      vertex 12.7469 -9.73919 129.23
    endloop
  endfacet
  facet normal 0.92393 -0.191281 -0.331307
    outer loop
      vertex 12.5007 -10.0364 128.715
      vertex 12.7469 -14.0693 131.73
      vertex 12.5007 -14.3665 131.215
    endloop
  endfacet
  facet normal -0.00117187 -0.865698 0.500565
    outer loop
      vertex 19.2991 -12.1194 125.107
      vertex 19.717 -11.8748 125.531
      vertex 20.0531 -11.6006 126.006
    endloop
  endfacet
  facet normal 0.9969 -0.0393425 -0.0681428
    outer loop
      vertex 12.3421 -14.7328 130.581
      vertex 12.3505 -10.3492 128.173
      vertex 12.3505 -14.6793 130.673
    endloop
  endfacet
  facet normal 0.996911 -0.0392731 -0.0680164
    outer loop
      vertex 12.3505 -10.3492 128.173
      vertex 12.3421 -14.7328 130.581
      vertex 12.3 -10.6699 127.618
    endloop
  endfacet
  facet normal 0.972383 -0.116689 -0.202125
    outer loop
      vertex 12.3755 -14.6272 130.763
      vertex 12.3505 -10.3492 128.173
      vertex 12.5007 -10.0364 128.715
    endloop
  endfacet
  facet normal 0.972298 -0.116872 -0.202427
    outer loop
      vertex 12.3505 -10.3492 128.173
      vertex 12.3755 -14.6272 130.763
      vertex 12.3505 -14.6793 130.673
    endloop
  endfacet
  facet normal 0.383149 -0.461846 -0.799934
    outer loop
      vertex 14.6377 -13.1529 133.317
      vertex 15.133 -8.72021 130.995
      vertex 15.133 -13.0503 133.495
    endloop
  endfacet
  facet normal -0.523018 -0.426162 -0.738132
    outer loop
      vertex 18.3528 -13.2014 133.233
      vertex 18.8099 -9.01139 130.49
      vertex 18.8099 -13.3415 132.99
    endloop
  endfacet
  facet normal -0.000409886 -0.866331 0.49947
    outer loop
      vertex 16.4 -8.61987 131.168
      vertex 19.717 -9.46491 129.705
      vertex 17.667 -8.72021 130.995
    endloop
  endfacet
  facet normal -0.996913 -0.0392561 -0.0679931
    outer loop
      vertex 20.4579 -14.7328 130.581
      vertex 20.5 -10.6699 127.618
      vertex 20.5 -15 130.118
    endloop
  endfacet
  facet normal -0.972349 0.116766 0.202243
    outer loop
      vertex 20.3244 -15.5813 129.111
      vertex 20.4495 -15.3207 129.562
      vertex 20.4495 -10.9906 127.062
    endloop
  endfacet
  facet normal 0.00117187 -0.865698 0.500565
    outer loop
      vertex 12.7469 -11.6006 126.006
      vertex 13.083 -11.8748 125.531
      vertex 13.5009 -12.1194 125.107
    endloop
  endfacet
  facet normal 0.000431834 -0.866328 0.499476
    outer loop
      vertex 17.667 -12.6195 124.241
      vertex 18.2614 -12.4964 124.454
      vertex 19.2991 -12.1194 125.107
    endloop
  endfacet
  facet normal 0 -0.865993 0.500056
    outer loop
      vertex 12.7469 -11.6006 126.006
      vertex 20.0531 -11.6006 126.006
      vertex 16.4 -8.61987 131.168
    endloop
  endfacet
  facet normal 0.000409886 -0.866331 0.49947
    outer loop
      vertex 13.083 -9.46491 129.705
      vertex 16.4 -8.61987 131.168
      vertex 15.133 -8.72021 130.995
    endloop
  endfacet
  facet normal 0.523018 -0.426162 -0.738132
    outer loop
      vertex 13.9901 -9.01139 130.49
      vertex 14.4472 -13.2014 133.233
      vertex 13.9901 -13.3415 132.99
    endloop
  endfacet
  facet normal 0.00228514 -0.86406 0.503384
    outer loop
      vertex 17.667 -8.72021 130.995
      vertex 18.8099 -9.01139 130.49
      vertex 18.2614 -8.84331 130.781
    endloop
  endfacet
  facet normal -0.385688 -0.461318 -0.799019
    outer loop
      vertex 18.1623 -13.1529 133.317
      vertex 18.2614 -8.84331 130.781
      vertex 18.2614 -13.1734 133.281
    endloop
  endfacet
  facet normal -0.383573 -0.461801 -0.799757
    outer loop
      vertex 18.2614 -8.84331 130.781
      vertex 18.1623 -13.1529 133.317
      vertex 17.667 -8.72021 130.995
    endloop
  endfacet
  facet normal -0.9724 -0.11666 -0.20206
    outer loop
      vertex 20.2993 -10.0364 128.715
      vertex 20.4245 -14.6272 130.763
      vertex 20.2993 -14.3665 131.215
    endloop
  endfacet
  facet normal -0.923733 0.191519 0.331719
    outer loop
      vertex 20.0531 -11.6006 126.006
      vertex 20.2993 -15.6335 129.02
      vertex 20.2993 -11.3034 126.52
    endloop
  endfacet
  facet normal -0.923733 0.191519 0.331719
    outer loop
      vertex 20.2993 -15.6335 129.02
      vertex 20.0531 -11.6006 126.006
      vertex 20.0531 -15.9307 128.506
    endloop
  endfacet
  facet normal 0.00366242 -0.866456 0.49924
    outer loop
      vertex 20.0531 -11.6006 126.006
      vertex 20.2993 -11.3034 126.52
      vertex 20.5 -10.6699 127.618
    endloop
  endfacet
  facet normal -0.852639 0.261252 0.452498
    outer loop
      vertex 19.717 -11.8748 125.531
      vertex 20.0531 -15.9307 128.506
      vertex 20.0531 -11.6006 126.006
    endloop
  endfacet
  facet normal -0.85266 0.26123 0.452471
    outer loop
      vertex 20.0531 -15.9307 128.506
      vertex 19.717 -11.8748 125.531
      vertex 19.717 -16.205 128.031
    endloop
  endfacet
  facet normal -9.47421e-05 -0.866022 0.500006
    outer loop
      vertex 16.4 -8.61987 131.168
      vertex 20.0531 -11.6006 126.006
      vertex 19.717 -9.46491 129.705
    endloop
  endfacet
  facet normal 6.20098e-05 -0.866026 0.499998
    outer loop
      vertex 17.0414 -12.6946 124.111
      vertex 17.667 -12.6195 124.241
      vertex 19.2991 -12.1194 125.107
    endloop
  endfacet
  facet normal -4.62279e-05 -0.865999 0.500045
    outer loop
      vertex 18.2614 -12.4964 124.454
      vertex 18.8099 -12.3284 124.745
      vertex 19.2991 -12.1194 125.107
    endloop
  endfacet
  facet normal -0.649614 0.380127 0.658411
    outer loop
      vertex 18.8099 -12.3284 124.745
      vertex 19.2991 -16.4496 127.607
      vertex 19.2991 -12.1194 125.107
    endloop
  endfacet
  facet normal -0.648118 0.380984 0.659389
    outer loop
      vertex 19.2991 -16.4496 127.607
      vertex 18.8099 -12.3284 124.745
      vertex 19.2176 -16.4844 127.547
    endloop
  endfacet
  facet normal -0.383004 0.461868 0.799992
    outer loop
      vertex 17.766 -16.9291 126.776
      vertex 18.2614 -16.8266 126.954
      vertex 18.2614 -12.4964 124.454
    endloop
  endfacet
  facet normal -0.522377 0.426359 0.738472
    outer loop
      vertex 18.2614 -12.4964 124.454
      vertex 18.8099 -16.6585 127.245
      vertex 18.8099 -12.3284 124.745
    endloop
  endfacet
  facet normal -0.522433 0.426335 0.738446
    outer loop
      vertex 18.8099 -16.6585 127.245
      vertex 18.2614 -12.4964 124.454
      vertex 18.2614 -16.8266 126.954
    endloop
  endfacet
  facet normal 0.996946 0.0390449 0.0676274
    outer loop
      vertex 12.3084 -15.0534 130.025
      vertex 12.3 -10.6699 127.618
      vertex 12.3 -15 130.118
    endloop
  endfacet
  facet normal 0.996919 0.0392113 0.0679305
    outer loop
      vertex 12.3 -10.6699 127.618
      vertex 12.3084 -15.0534 130.025
      vertex 12.3505 -10.9906 127.062
    endloop
  endfacet
  facet normal 0.923733 0.191519 0.331719
    outer loop
      vertex 12.5007 -15.6335 129.02
      vertex 12.7469 -11.6006 126.006
      vertex 12.5007 -11.3034 126.52
    endloop
  endfacet
  facet normal 0.923733 0.191519 0.331719
    outer loop
      vertex 12.7469 -11.6006 126.006
      vertex 12.5007 -15.6335 129.02
      vertex 12.7469 -15.9307 128.506
    endloop
  endfacet
  facet normal 0.760535 0.324644 0.56231
    outer loop
      vertex 13.083 -16.205 128.031
      vertex 13.5009 -12.1194 125.107
      vertex 13.083 -11.8748 125.531
    endloop
  endfacet
  facet normal 0.760535 0.324644 0.56231
    outer loop
      vertex 13.5009 -12.1194 125.107
      vertex 13.083 -16.205 128.031
      vertex 13.5009 -16.4496 127.607
    endloop
  endfacet
  facet normal 0.522377 0.426359 0.738472
    outer loop
      vertex 13.9901 -16.6585 127.245
      vertex 14.5386 -12.4964 124.454
      vertex 13.9901 -12.3284 124.745
    endloop
  endfacet
  facet normal 0.522433 0.426335 0.738446
    outer loop
      vertex 14.5386 -12.4964 124.454
      vertex 13.9901 -16.6585 127.245
      vertex 14.5386 -16.8266 126.954
    endloop
  endfacet
  facet normal 0.37952 0.462586 0.801236
    outer loop
      vertex 15.133 -12.6195 124.241
      vertex 15.034 -16.9291 126.776
      vertex 15.133 -16.9497 126.741
    endloop
  endfacet
  facet normal 0.382424 0.461929 0.800233
    outer loop
      vertex 15.034 -16.9291 126.776
      vertex 15.133 -12.6195 124.241
      vertex 14.5386 -12.4964 124.454
    endloop
  endfacet
  facet normal 0.0788852 0.498436 0.86333
    outer loop
      vertex 15.7586 -17.0248 126.611
      vertex 16.4 -12.7199 124.067
      vertex 15.7586 -12.6946 124.111
    endloop
  endfacet
  facet normal 0.0788079 0.498447 0.863331
    outer loop
      vertex 16.4 -12.7199 124.067
      vertex 15.7586 -17.0248 126.611
      vertex 16.4 -17.05 126.567
    endloop
  endfacet
  facet normal 0.9724 -0.11666 -0.20206
    outer loop
      vertex 12.3755 -14.6272 130.763
      vertex 12.5007 -10.0364 128.715
      vertex 12.5007 -14.3665 131.215
    endloop
  endfacet
  facet normal -0.00279435 -0.864477 0.502665
    outer loop
      vertex 13.083 -9.46491 129.705
      vertex 13.9901 -9.01139 130.49
      vertex 13.5009 -9.2203 130.128
    endloop
  endfacet
  facet normal -0.000257422 -0.866218 0.499666
    outer loop
      vertex 12.7469 -11.6006 126.006
      vertex 13.5009 -12.1194 125.107
      vertex 15.7586 -12.6946 124.111
    endloop
  endfacet
  facet normal 0.5195 -0.427619 -0.739771
    outer loop
      vertex 13.9901 -9.01139 130.49
      vertex 14.5386 -13.1734 133.281
      vertex 14.4472 -13.2014 133.233
    endloop
  endfacet
  facet normal 0.522422 -0.426346 -0.738447
    outer loop
      vertex 14.5386 -13.1734 133.281
      vertex 13.9901 -9.01139 130.49
      vertex 14.5386 -8.84331 130.781
    endloop
  endfacet
  facet normal -0.996911 -0.0392731 -0.0680164
    outer loop
      vertex 20.4579 -14.7328 130.581
      vertex 20.4495 -10.3492 128.173
      vertex 20.5 -10.6699 127.618
    endloop
  endfacet
  facet normal -0.9969 -0.0393425 -0.0681428
    outer loop
      vertex 20.4495 -10.3492 128.173
      vertex 20.4579 -14.7328 130.581
      vertex 20.4495 -14.6793 130.673
    endloop
  endfacet
  facet normal 0.000473158 -0.865938 0.500152
    outer loop
      vertex 19.717 -9.46491 129.705
      vertex 20.5 -10.6699 127.618
      vertex 20.2993 -10.0364 128.715
    endloop
  endfacet
  facet normal -0.00122595 -0.86637 0.499402
    outer loop
      vertex 19.717 -9.46491 129.705
      vertex 20.2993 -10.0364 128.715
      vertex 20.0531 -9.73919 129.23
    endloop
  endfacet
  facet normal -0.383149 -0.461846 -0.799934
    outer loop
      vertex 17.667 -8.72021 130.995
      vertex 18.1623 -13.1529 133.317
      vertex 17.667 -13.0503 133.495
    endloop
  endfacet
  facet normal -0.0774701 -0.498501 -0.863421
    outer loop
      vertex 16.4 -12.95 133.668
      vertex 17.0414 -8.64511 131.125
      vertex 17.0414 -12.9752 133.625
    endloop
  endfacet
  facet normal -0.077501 -0.498496 -0.863421
    outer loop
      vertex 17.0414 -8.64511 131.125
      vertex 16.4 -12.95 133.668
      vertex 16.4 -8.61987 131.168
    endloop
  endfacet
  facet normal 0 -0.866906 0.498471
    outer loop
      vertex 15.7586 -12.6946 124.111
      vertex 16.4 -12.7199 124.067
      vertex 17.0414 -12.6946 124.111
    endloop
  endfacet
  facet normal -0.233357 0.486189 0.842119
    outer loop
      vertex 17.0414 -12.6946 124.111
      vertex 17.667 -16.9497 126.741
      vertex 17.667 -12.6195 124.241
    endloop
  endfacet
  facet normal -0.233357 0.486189 0.842119
    outer loop
      vertex 17.667 -16.9497 126.741
      vertex 17.0414 -12.6946 124.111
      vertex 17.0414 -17.0248 126.611
    endloop
  endfacet
  facet normal -0.382424 0.461929 0.800233
    outer loop
      vertex 17.667 -12.6195 124.241
      vertex 17.766 -16.9291 126.776
      vertex 18.2614 -12.4964 124.454
    endloop
  endfacet
  facet normal -0.37952 0.462586 0.801236
    outer loop
      vertex 17.766 -16.9291 126.776
      vertex 17.667 -12.6195 124.241
      vertex 17.667 -16.9497 126.741
    endloop
  endfacet
  facet normal -0.0788852 0.498436 0.86333
    outer loop
      vertex 16.4 -12.7199 124.067
      vertex 17.0414 -17.0248 126.611
      vertex 17.0414 -12.6946 124.111
    endloop
  endfacet
  facet normal -0.0788079 0.498447 0.863331
    outer loop
      vertex 17.0414 -17.0248 126.611
      vertex 16.4 -12.7199 124.067
      vertex 16.4 -17.05 126.567
    endloop
  endfacet
  facet normal -0.00150296 -0.86629 0.499539
    outer loop
      vertex 12.3 -10.6699 127.618
      vertex 12.3505 -10.9906 127.062
      vertex 12.5007 -11.3034 126.52
    endloop
  endfacet
  facet normal 0.996913 -0.0392561 -0.0679931
    outer loop
      vertex 12.3 -10.6699 127.618
      vertex 12.3421 -14.7328 130.581
      vertex 12.3 -15 130.118
    endloop
  endfacet
  facet normal 9.47421e-05 -0.866022 0.500006
    outer loop
      vertex 12.7469 -11.6006 126.006
      vertex 16.4 -8.61987 131.168
      vertex 13.083 -9.46491 129.705
    endloop
  endfacet
  facet normal 0.0774701 -0.498501 -0.863421
    outer loop
      vertex 15.7586 -8.64511 131.125
      vertex 16.4 -12.95 133.668
      vertex 15.7586 -12.9752 133.625
    endloop
  endfacet
  facet normal 0.077501 -0.498496 -0.863421
    outer loop
      vertex 16.4 -12.95 133.668
      vertex 15.7586 -8.64511 131.125
      vertex 16.4 -8.61987 131.168
    endloop
  endfacet
  facet normal 0.75997 -0.324981 -0.562879
    outer loop
      vertex 13.5009 -13.5504 132.628
      vertex 13.083 -9.46491 129.705
      vertex 13.5009 -9.2203 130.128
    endloop
  endfacet
  facet normal 0.759967 -0.324983 -0.562882
    outer loop
      vertex 13.083 -9.46491 129.705
      vertex 13.5009 -13.5504 132.628
      vertex 13.083 -13.795 132.205
    endloop
  endfacet
  facet normal 0.0008895 -0.865436 0.501018
    outer loop
      vertex 17.667 -8.72021 130.995
      vertex 19.717 -9.46491 129.705
      vertex 18.8099 -9.01139 130.49
    endloop
  endfacet
  facet normal -0.5195 -0.427619 -0.739771
    outer loop
      vertex 18.2614 -13.1734 133.281
      vertex 18.8099 -9.01139 130.49
      vertex 18.3528 -13.2014 133.233
    endloop
  endfacet
  facet normal -0.522422 -0.426346 -0.738447
    outer loop
      vertex 18.8099 -9.01139 130.49
      vertex 18.2614 -13.1734 133.281
      vertex 18.2614 -8.84331 130.781
    endloop
  endfacet
  facet normal -0.972383 -0.116689 -0.202125
    outer loop
      vertex 20.4495 -10.3492 128.173
      vertex 20.4245 -14.6272 130.763
      vertex 20.2993 -10.0364 128.715
    endloop
  endfacet
  facet normal -0.972298 -0.116872 -0.202427
    outer loop
      vertex 20.4245 -14.6272 130.763
      vertex 20.4495 -10.3492 128.173
      vertex 20.4495 -14.6793 130.673
    endloop
  endfacet
  facet normal 0.00333047 -0.865706 0.500541
    outer loop
      vertex 20.2993 -10.0364 128.715
      vertex 20.5 -10.6699 127.618
      vertex 20.4495 -10.3492 128.173
    endloop
  endfacet
  facet normal 0.000797186 -0.867554 0.497343
    outer loop
      vertex 15.133 -8.72021 130.995
      vertex 16.4 -8.61987 131.168
      vertex 15.7586 -8.64511 131.125
    endloop
  endfacet
  facet normal 0.233357 -0.486199 -0.842114
    outer loop
      vertex 15.133 -8.72021 130.995
      vertex 15.7586 -12.9752 133.625
      vertex 15.133 -13.0503 133.495
    endloop
  endfacet
  facet normal 0.233357 -0.486199 -0.842114
    outer loop
      vertex 15.7586 -12.9752 133.625
      vertex 15.133 -8.72021 130.995
      vertex 15.7586 -8.64511 131.125
    endloop
  endfacet
  facet normal -0.000797186 -0.867554 0.497343
    outer loop
      vertex 16.4 -8.61987 131.168
      vertex 17.667 -8.72021 130.995
      vertex 17.0414 -8.64511 131.125
    endloop
  endfacet
  facet normal -0.233357 -0.486199 -0.842114
    outer loop
      vertex 17.0414 -12.9752 133.625
      vertex 17.667 -8.72021 130.995
      vertex 17.667 -13.0503 133.495
    endloop
  endfacet
  facet normal -0.233357 -0.486199 -0.842114
    outer loop
      vertex 17.667 -8.72021 130.995
      vertex 17.0414 -12.9752 133.625
      vertex 17.0414 -8.64511 131.125
    endloop
  endfacet
  facet normal 0.649614 0.380127 0.658411
    outer loop
      vertex 13.5009 -16.4496 127.607
      vertex 13.9901 -12.3284 124.745
      vertex 13.5009 -12.1194 125.107
    endloop
  endfacet
  facet normal 0.648118 0.380984 0.659389
    outer loop
      vertex 13.9901 -12.3284 124.745
      vertex 13.5009 -16.4496 127.607
      vertex 13.5824 -16.4844 127.547
    endloop
  endfacet
  facet normal 0.233357 0.486189 0.842119
    outer loop
      vertex 15.133 -16.9497 126.741
      vertex 15.7586 -12.6946 124.111
      vertex 15.133 -12.6195 124.241
    endloop
  endfacet
  facet normal 0.233357 0.486189 0.842119
    outer loop
      vertex 15.7586 -12.6946 124.111
      vertex 15.133 -16.9497 126.741
      vertex 15.7586 -17.0248 126.611
    endloop
  endfacet
  facet normal -0.00366242 -0.866456 0.49924
    outer loop
      vertex 12.3 -10.6699 127.618
      vertex 12.5007 -11.3034 126.52
      vertex 12.7469 -11.6006 126.006
    endloop
  endfacet
  facet normal 0.972383 0.116709 0.202113
    outer loop
      vertex 12.4756 -15.5813 129.111
      vertex 12.5007 -11.3034 126.52
      vertex 12.3505 -10.9906 127.062
    endloop
  endfacet
  facet normal 0.972551 0.116345 0.201514
    outer loop
      vertex 12.5007 -11.3034 126.52
      vertex 12.4756 -15.5813 129.111
      vertex 12.5007 -15.6335 129.02
    endloop
  endfacet
  facet normal 0.996914 0.0392524 0.0679868
    outer loop
      vertex 12.3084 -15.0534 130.025
      vertex 12.3505 -15.3207 129.562
      vertex 12.3505 -10.9906 127.062
    endloop
  endfacet
  facet normal 0 -0.866041 0.499973
    outer loop
      vertex 15.7586 -12.6946 124.111
      vertex 20.0531 -11.6006 126.006
      vertex 12.7469 -11.6006 126.006
    endloop
  endfacet
  facet normal 0 -0.866041 0.499973
    outer loop
      vertex 20.0531 -11.6006 126.006
      vertex 15.7586 -12.6946 124.111
      vertex 17.0414 -12.6946 124.111
    endloop
  endfacet
  facet normal 0.852656 -0.261238 -0.452474
    outer loop
      vertex 13.083 -13.795 132.205
      vertex 12.7469 -9.73919 129.23
      vertex 13.083 -9.46491 129.705
    endloop
  endfacet
  facet normal 0.85266 -0.261234 -0.452469
    outer loop
      vertex 12.7469 -9.73919 129.23
      vertex 13.083 -13.795 132.205
      vertex 12.7469 -14.0693 131.73
    endloop
  endfacet
  facet normal 0.00122595 -0.86637 0.499402
    outer loop
      vertex 12.5007 -10.0364 128.715
      vertex 13.083 -9.46491 129.705
      vertex 12.7469 -9.73919 129.23
    endloop
  endfacet
  facet normal 0.649569 -0.380153 -0.65844
    outer loop
      vertex 13.5009 -9.2203 130.128
      vertex 13.9901 -13.3415 132.99
      vertex 13.5009 -13.5504 132.628
    endloop
  endfacet
  facet normal 0.649574 -0.38015 -0.658437
    outer loop
      vertex 13.9901 -13.3415 132.99
      vertex 13.5009 -9.2203 130.128
      vertex 13.9901 -9.01139 130.49
    endloop
  endfacet
  facet normal -0.75997 -0.324981 -0.562879
    outer loop
      vertex 19.717 -9.46491 129.705
      vertex 19.2991 -13.5504 132.628
      vertex 19.2991 -9.2203 130.128
    endloop
  endfacet
  facet normal -0.759967 -0.324983 -0.562882
    outer loop
      vertex 19.2991 -13.5504 132.628
      vertex 19.717 -9.46491 129.705
      vertex 19.717 -13.795 132.205
    endloop
  endfacet
  facet normal -0.000431834 -0.866328 0.499476
    outer loop
      vertex 13.5009 -12.1194 125.107
      vertex 14.5386 -12.4964 124.454
      vertex 15.133 -12.6195 124.241
    endloop
  endfacet
  facet normal -6.20098e-05 -0.866026 0.499998
    outer loop
      vertex 13.5009 -12.1194 125.107
      vertex 15.133 -12.6195 124.241
      vertex 15.7586 -12.6946 124.111
    endloop
  endfacet
  facet normal 4.62279e-05 -0.865999 0.500045
    outer loop
      vertex 13.5009 -12.1194 125.107
      vertex 13.9901 -12.3284 124.745
      vertex 14.5386 -12.4964 124.454
    endloop
  endfacet
  facet normal 0.383004 0.461868 0.799992
    outer loop
      vertex 14.5386 -12.4964 124.454
      vertex 14.5386 -16.8266 126.954
      vertex 15.034 -16.9291 126.776
    endloop
  endfacet
  facet normal 0.649859 0.380029 0.658226
    outer loop
      vertex 13.5824 -16.4844 127.547
      vertex 13.9901 -16.6585 127.245
      vertex 13.9901 -12.3284 124.745
    endloop
  endfacet
  facet normal 0.972349 0.116766 0.202243
    outer loop
      vertex 12.3505 -10.9906 127.062
      vertex 12.3505 -15.3207 129.562
      vertex 12.4756 -15.5813 129.111
    endloop
  endfacet
  facet normal 0.852639 0.261252 0.452498
    outer loop
      vertex 12.7469 -15.9307 128.506
      vertex 13.083 -11.8748 125.531
      vertex 12.7469 -11.6006 126.006
    endloop
  endfacet
  facet normal 0.85266 0.26123 0.452471
    outer loop
      vertex 13.083 -11.8748 125.531
      vertex 12.7469 -15.9307 128.506
      vertex 13.083 -16.205 128.031
    endloop
  endfacet
  facet normal 0.000382979 -0.866077 0.49991
    outer loop
      vertex 20.0531 -75.9506 14.5483
      vertex 20.2993 -75.6534 15.063
      vertex 20.4495 -75.3406 15.6048
    endloop
  endfacet
  facet normal -0.85268 0.261214 0.452443
    outer loop
      vertex 19.717 -76.2248 14.0732
      vertex 19.717 -80.555 16.5732
      vertex 19.9971 -80.3264 16.9691
    endloop
  endfacet
  facet normal 0.760409 0.324718 0.562438
    outer loop
      vertex 13.083 -76.2248 14.0732
      vertex 13.083 -80.555 16.5732
      vertex 13.4312 -80.7588 16.2201
    endloop
  endfacet
  facet normal -0.00030641 -0.865965 0.500104
    outer loop
      vertex 19.2991 -76.4694 13.6495
      vertex 20.0531 -75.9506 14.5483
      vertex 20.4495 -75.3406 15.6048
    endloop
  endfacet
  facet normal 0.233357 -0.486198 -0.842114
    outer loop
      vertex 15.133 -73.0702 19.5372
      vertex 15.7586 -77.3252 22.1672
      vertex 15.133 -77.4003 22.0372
    endloop
  endfacet
  facet normal 0.233357 -0.486198 -0.842114
    outer loop
      vertex 15.7586 -77.3252 22.1672
      vertex 15.133 -73.0702 19.5372
      vertex 15.7586 -72.9951 19.6672
    endloop
  endfacet
  facet normal -7.65814e-05 -0.865991 0.500059
    outer loop
      vertex 12.5007 -74.3864 17.2575
      vertex 13.9901 -73.3614 19.0328
      vertex 13.083 -73.8149 18.2473
    endloop
  endfacet
  facet normal 0.852697 -0.261207 -0.452415
    outer loop
      vertex 12.8029 -78.3736 20.3514
      vertex 12.7469 -74.0892 17.7722
      vertex 13.083 -73.8149 18.2473
    endloop
  endfacet
  facet normal 0.852781 -0.261135 -0.452297
    outer loop
      vertex 12.7469 -74.0892 17.7722
      vertex 12.8029 -78.3736 20.3514
      vertex 12.7469 -78.4193 20.2722
    endloop
  endfacet
  facet normal -0.649392 -0.380229 -0.658571
    outer loop
      vertex 18.8099 -73.3614 19.0328
      vertex 19.2176 -77.8656 21.2313
      vertex 18.8099 -77.6915 21.5328
    endloop
  endfacet
  facet normal 0.996915 0.0392441 0.0679723
    outer loop
      vertex 12.3 -79.35 18.6603
      vertex 12.3505 -75.3406 15.6048
      vertex 12.3 -75.0199 16.1603
    endloop
  endfacet
  facet normal 0.996915 0.0392441 0.0679723
    outer loop
      vertex 12.3505 -75.3406 15.6048
      vertex 12.3 -79.35 18.6603
      vertex 12.3505 -79.6707 18.1048
    endloop
  endfacet
  facet normal -0.923916 -0.191299 -0.331337
    outer loop
      vertex 20.0942 -78.4688 20.1864
      vertex 20.2993 -74.3864 17.2575
      vertex 20.2993 -78.7165 19.7575
    endloop
  endfacet
  facet normal -0.972369 0.116726 0.202174
    outer loop
      vertex 20.2993 -75.6534 15.063
      vertex 20.4495 -79.6707 18.1048
      vertex 20.4495 -75.3406 15.6048
    endloop
  endfacet
  facet normal -0.972369 0.116726 0.202174
    outer loop
      vertex 20.4495 -79.6707 18.1048
      vertex 20.2993 -75.6534 15.063
      vertex 20.2993 -79.9835 17.563
    endloop
  endfacet
  facet normal -0.522475 0.426329 0.73842
    outer loop
      vertex 18.2614 -76.8464 12.9966
      vertex 18.8099 -81.0085 15.7877
      vertex 18.8099 -76.6784 13.2877
    endloop
  endfacet
  facet normal -0.522531 0.426305 0.738394
    outer loop
      vertex 18.8099 -81.0085 15.7877
      vertex 18.2614 -76.8464 12.9966
      vertex 18.2614 -81.1766 15.4966
    endloop
  endfacet
  facet normal 0 -0.866021 0.500008
    outer loop
      vertex 12.3505 -75.3406 15.6048
      vertex 18.8099 -73.3614 19.0328
      vertex 13.9901 -73.3614 19.0328
    endloop
  endfacet
  facet normal 0 -0.866021 0.500008
    outer loop
      vertex 18.8099 -73.3614 19.0328
      vertex 12.3505 -75.3406 15.6048
      vertex 20.4495 -75.3406 15.6048
    endloop
  endfacet
  facet normal 0.000495062 -0.866018 0.500013
    outer loop
      vertex 12.3 -75.0199 16.1603
      vertex 12.3505 -75.3406 15.6048
      vertex 12.3505 -74.6992 16.7157
    endloop
  endfacet
  facet normal -0.000108994 -0.866018 0.500013
    outer loop
      vertex 12.3505 -75.3406 15.6048
      vertex 12.5007 -74.3864 17.2575
      vertex 12.3505 -74.6992 16.7157
    endloop
  endfacet
  facet normal -0.000495062 -0.866018 0.500013
    outer loop
      vertex 20.4495 -75.3406 15.6048
      vertex 20.5 -75.0199 16.1603
      vertex 20.4495 -74.6992 16.7157
    endloop
  endfacet
  facet normal -0.760365 -0.324756 -0.562476
    outer loop
      vertex 19.3688 -77.9412 21.1004
      vertex 19.2991 -73.5703 18.671
      vertex 19.717 -73.8149 18.2473
    endloop
  endfacet
  facet normal -0.760143 -0.324879 -0.562704
    outer loop
      vertex 19.2991 -73.5703 18.671
      vertex 19.3688 -77.9412 21.1004
      vertex 19.2991 -77.9004 21.171
    endloop
  endfacet
  facet normal 0 -0.865967 0.500101
    outer loop
      vertex 14.5386 -73.1933 19.324
      vertex 17.0414 -72.9951 19.6672
      vertex 15.7586 -72.9951 19.6672
    endloop
  endfacet
  facet normal 0 -0.865967 0.500101
    outer loop
      vertex 17.0414 -72.9951 19.6672
      vertex 14.5386 -73.1933 19.324
      vertex 18.2614 -73.1933 19.324
    endloop
  endfacet
  facet normal -0.760409 -0.324724 -0.562435
    outer loop
      vertex 19.3688 -77.9412 21.1004
      vertex 19.717 -73.8149 18.2473
      vertex 19.717 -78.145 20.7473
    endloop
  endfacet
  facet normal 0.000477112 -0.86625 0.499611
    outer loop
      vertex 19.2991 -76.4694 13.6495
      vertex 19.717 -76.2248 14.0732
      vertex 20.0531 -75.9506 14.5483
    endloop
  endfacet
  facet normal -0.996915 0.0392441 0.0679723
    outer loop
      vertex 20.4495 -75.3406 15.6048
      vertex 20.5 -79.35 18.6603
      vertex 20.5 -75.0199 16.1603
    endloop
  endfacet
  facet normal -0.996915 0.0392441 0.0679723
    outer loop
      vertex 20.5 -79.35 18.6603
      vertex 20.4495 -75.3406 15.6048
      vertex 20.4495 -79.6707 18.1048
    endloop
  endfacet
  facet normal 0.00027066 -0.865942 0.500145
    outer loop
      vertex 19.717 -73.8149 18.2473
      vertex 20.2993 -74.3864 17.2575
      vertex 20.0531 -74.0892 17.7722
    endloop
  endfacet
  facet normal 0.000104762 -0.86607 0.499923
    outer loop
      vertex 18.2614 -76.8464 12.9966
      vertex 19.2991 -76.4694 13.6495
      vertex 20.4495 -75.3406 15.6048
    endloop
  endfacet
  facet normal 0 -0.866032 0.499989
    outer loop
      vertex 14.5386 -76.8464 12.9966
      vertex 20.4495 -75.3406 15.6048
      vertex 12.3505 -75.3406 15.6048
    endloop
  endfacet
  facet normal 0 -0.866032 0.499989
    outer loop
      vertex 20.4495 -75.3406 15.6048
      vertex 14.5386 -76.8464 12.9966
      vertex 18.2614 -76.8464 12.9966
    endloop
  endfacet
  facet normal 1.03534e-05 -0.866023 0.500004
    outer loop
      vertex 12.3505 -75.3406 15.6048
      vertex 13.9901 -73.3614 19.0328
      vertex 12.5007 -74.3864 17.2575
    endloop
  endfacet
  facet normal 0.649392 -0.380229 -0.658571
    outer loop
      vertex 13.5824 -77.8656 21.2313
      vertex 13.9901 -73.3614 19.0328
      vertex 13.9901 -77.6915 21.5328
    endloop
  endfacet
  facet normal 0.923916 -0.191299 -0.331337
    outer loop
      vertex 12.5007 -74.3864 17.2575
      vertex 12.7058 -78.4688 20.1864
      vertex 12.5007 -78.7165 19.7575
    endloop
  endfacet
  facet normal -0.00027066 -0.865942 0.500145
    outer loop
      vertex 12.5007 -74.3864 17.2575
      vertex 13.083 -73.8149 18.2473
      vertex 12.7469 -74.0892 17.7722
    endloop
  endfacet
  facet normal -1.03534e-05 -0.866023 0.500004
    outer loop
      vertex 18.8099 -73.3614 19.0328
      vertex 20.4495 -75.3406 15.6048
      vertex 20.2993 -74.3864 17.2575
    endloop
  endfacet
  facet normal 0 -0.866057 0.499946
    outer loop
      vertex 13.9901 -73.3614 19.0328
      vertex 18.2614 -73.1933 19.324
      vertex 14.5386 -73.1933 19.324
    endloop
  endfacet
  facet normal 0 -0.866057 0.499946
    outer loop
      vertex 18.2614 -73.1933 19.324
      vertex 13.9901 -73.3614 19.0328
      vertex 18.8099 -73.3614 19.0328
    endloop
  endfacet
  facet normal -0.382654 -0.461948 -0.800112
    outer loop
      vertex 17.667 -77.4003 22.0372
      vertex 18.2614 -73.1933 19.324
      vertex 18.2614 -77.5234 21.824
    endloop
  endfacet
  facet normal -0.382654 -0.461948 -0.800112
    outer loop
      vertex 18.2614 -73.1933 19.324
      vertex 17.667 -77.4003 22.0372
      vertex 17.667 -73.0702 19.5372
    endloop
  endfacet
  facet normal 0.382654 -0.461948 -0.800112
    outer loop
      vertex 14.5386 -73.1933 19.324
      vertex 15.133 -77.4003 22.0372
      vertex 14.5386 -77.5234 21.824
    endloop
  endfacet
  facet normal 0.382654 -0.461948 -0.800112
    outer loop
      vertex 15.133 -77.4003 22.0372
      vertex 14.5386 -73.1933 19.324
      vertex 15.133 -73.0702 19.5372
    endloop
  endfacet
  facet normal 7.65814e-05 -0.865991 0.500059
    outer loop
      vertex 18.8099 -73.3614 19.0328
      vertex 20.2993 -74.3864 17.2575
      vertex 19.717 -73.8149 18.2473
    endloop
  endfacet
  facet normal -0.649459 0.380194 0.658526
    outer loop
      vertex 18.8099 -76.6784 13.2877
      vertex 19.2991 -80.7996 16.1495
      vertex 19.2991 -76.4694 13.6495
    endloop
  endfacet
  facet normal -0.649414 0.380219 0.658555
    outer loop
      vertex 19.2991 -80.7996 16.1495
      vertex 18.8099 -76.6784 13.2877
      vertex 18.8099 -81.0085 15.7877
    endloop
  endfacet
  facet normal -0.760365 0.324738 0.562486
    outer loop
      vertex 19.2991 -76.4694 13.6495
      vertex 19.3688 -80.7588 16.2201
      vertex 19.717 -76.2248 14.0732
    endloop
  endfacet
  facet normal -0.760143 0.324874 0.562707
    outer loop
      vertex 19.3688 -80.7588 16.2201
      vertex 19.2991 -76.4694 13.6495
      vertex 19.2991 -80.7996 16.1495
    endloop
  endfacet
  facet normal -0.923871 0.191353 0.33143
    outer loop
      vertex 20.0531 -75.9506 14.5483
      vertex 20.2993 -79.9835 17.563
      vertex 20.2993 -75.6534 15.063
    endloop
  endfacet
  facet normal -0.923871 0.191353 0.33143
    outer loop
      vertex 20.2993 -79.9835 17.563
      vertex 20.0531 -75.9506 14.5483
      vertex 20.0531 -80.2807 17.0483
    endloop
  endfacet
  facet normal -0.852676 0.261218 0.452449
    outer loop
      vertex 19.9971 -80.3264 16.9691
      vertex 20.0531 -75.9506 14.5483
      vertex 19.717 -76.2248 14.0732
    endloop
  endfacet
  facet normal -0.852781 0.261135 0.452297
    outer loop
      vertex 20.0531 -75.9506 14.5483
      vertex 19.9971 -80.3264 16.9691
      vertex 20.0531 -80.2807 17.0483
    endloop
  endfacet
  facet normal -0.382769 0.461916 0.800076
    outer loop
      vertex 17.667 -76.9695 12.7833
      vertex 18.2614 -81.1766 15.4966
      vertex 18.2614 -76.8464 12.9966
    endloop
  endfacet
  facet normal -0.382938 0.461861 0.800027
    outer loop
      vertex 18.2614 -81.1766 15.4966
      vertex 17.667 -76.9695 12.7833
      vertex 18.1623 -81.1971 15.461
    endloop
  endfacet
  facet normal -0.233357 0.486189 0.842119
    outer loop
      vertex 17.0414 -77.0446 12.6533
      vertex 17.667 -81.2997 15.2833
      vertex 17.667 -76.9695 12.7833
    endloop
  endfacet
  facet normal -0.233357 0.486189 0.842119
    outer loop
      vertex 17.667 -81.2997 15.2833
      vertex 17.0414 -77.0446 12.6533
      vertex 17.0414 -81.3748 15.1533
    endloop
  endfacet
  facet normal 0.649459 0.380194 0.658526
    outer loop
      vertex 13.5009 -80.7996 16.1495
      vertex 13.9901 -76.6784 13.2877
      vertex 13.5009 -76.4694 13.6495
    endloop
  endfacet
  facet normal 0.649414 0.380219 0.658555
    outer loop
      vertex 13.9901 -76.6784 13.2877
      vertex 13.5009 -80.7996 16.1495
      vertex 13.9901 -81.0085 15.7877
    endloop
  endfacet
  facet normal -0.382736 0.461923 0.800088
    outer loop
      vertex 17.667 -76.9695 12.7833
      vertex 17.667 -81.2997 15.2833
      vertex 18.1623 -81.1971 15.461
    endloop
  endfacet
  facet normal 0.972369 0.116726 0.202174
    outer loop
      vertex 12.3505 -79.6707 18.1048
      vertex 12.5007 -75.6534 15.063
      vertex 12.3505 -75.3406 15.6048
    endloop
  endfacet
  facet normal 0.972369 0.116726 0.202174
    outer loop
      vertex 12.5007 -75.6534 15.063
      vertex 12.3505 -79.6707 18.1048
      vertex 12.5007 -79.9835 17.563
    endloop
  endfacet
  facet normal 0.000128444 -0.866165 0.499759
    outer loop
      vertex 14.5386 -73.1933 19.324
      vertex 15.7586 -72.9951 19.6672
      vertex 15.133 -73.0702 19.5372
    endloop
  endfacet
  facet normal 0.85268 -0.261218 -0.45244
    outer loop
      vertex 12.8029 -78.3736 20.3514
      vertex 13.083 -73.8149 18.2473
      vertex 13.083 -78.145 20.7473
    endloop
  endfacet
  facet normal 0.649522 -0.380173 -0.658475
    outer loop
      vertex 13.5009 -73.5703 18.671
      vertex 13.5824 -77.8656 21.2313
      vertex 13.5009 -77.9004 21.171
    endloop
  endfacet
  facet normal 0.649414 -0.380222 -0.658554
    outer loop
      vertex 13.5824 -77.8656 21.2313
      vertex 13.5009 -73.5703 18.671
      vertex 13.9901 -73.3614 19.0328
    endloop
  endfacet
  facet normal 0.972369 -0.116726 -0.202174
    outer loop
      vertex 12.5007 -78.7165 19.7575
      vertex 12.3505 -74.6992 16.7157
      vertex 12.5007 -74.3864 17.2575
    endloop
  endfacet
  facet normal 0.972369 -0.116726 -0.202174
    outer loop
      vertex 12.3505 -74.6992 16.7157
      vertex 12.5007 -78.7165 19.7575
      vertex 12.3505 -79.0293 19.2157
    endloop
  endfacet
  facet normal 0.760409 -0.324724 -0.562435
    outer loop
      vertex 13.083 -73.8149 18.2473
      vertex 13.4312 -77.9412 21.1004
      vertex 13.083 -78.145 20.7473
    endloop
  endfacet
  facet normal 0.923648 -0.191621 -0.331896
    outer loop
      vertex 12.7058 -78.4688 20.1864
      vertex 12.7469 -74.0892 17.7722
      vertex 12.7469 -78.4193 20.2722
    endloop
  endfacet
  facet normal 0.923871 -0.191363 -0.331424
    outer loop
      vertex 12.7469 -74.0892 17.7722
      vertex 12.7058 -78.4688 20.1864
      vertex 12.5007 -74.3864 17.2575
    endloop
  endfacet
  facet normal -0.972369 -0.116726 -0.202174
    outer loop
      vertex 20.4495 -74.6992 16.7157
      vertex 20.2993 -78.7165 19.7575
      vertex 20.2993 -74.3864 17.2575
    endloop
  endfacet
  facet normal -0.972369 -0.116726 -0.202174
    outer loop
      vertex 20.2993 -78.7165 19.7575
      vertex 20.4495 -74.6992 16.7157
      vertex 20.4495 -79.0293 19.2157
    endloop
  endfacet
  facet normal 0.000108994 -0.866018 0.500013
    outer loop
      vertex 20.2993 -74.3864 17.2575
      vertex 20.4495 -75.3406 15.6048
      vertex 20.4495 -74.6992 16.7157
    endloop
  endfacet
  facet normal -0.000226275 -0.866143 0.499797
    outer loop
      vertex 18.8099 -73.3614 19.0328
      vertex 19.717 -73.8149 18.2473
      vertex 19.2991 -73.5703 18.671
    endloop
  endfacet
  facet normal -0.649522 -0.380173 -0.658475
    outer loop
      vertex 19.2176 -77.8656 21.2313
      vertex 19.2991 -73.5703 18.671
      vertex 19.2991 -77.9004 21.171
    endloop
  endfacet
  facet normal -0.649414 -0.380222 -0.658554
    outer loop
      vertex 19.2991 -73.5703 18.671
      vertex 19.2176 -77.8656 21.2313
      vertex 18.8099 -73.3614 19.0328
    endloop
  endfacet
  facet normal 0.522629 -0.426282 -0.738338
    outer loop
      vertex 13.9901 -73.3614 19.0328
      vertex 14.5386 -77.5234 21.824
      vertex 13.9901 -77.6915 21.5328
    endloop
  endfacet
  facet normal 0.522629 -0.426282 -0.738338
    outer loop
      vertex 14.5386 -77.5234 21.824
      vertex 13.9901 -73.3614 19.0328
      vertex 14.5386 -73.1933 19.324
    endloop
  endfacet
  facet normal -0.000128444 -0.866165 0.499759
    outer loop
      vertex 17.0414 -72.9951 19.6672
      vertex 18.2614 -73.1933 19.324
      vertex 17.667 -73.0702 19.5372
    endloop
  endfacet
  facet normal -0.522629 -0.426282 -0.738338
    outer loop
      vertex 18.2614 -77.5234 21.824
      vertex 18.8099 -73.3614 19.0328
      vertex 18.8099 -77.6915 21.5328
    endloop
  endfacet
  facet normal -0.522629 -0.426282 -0.738338
    outer loop
      vertex 18.8099 -73.3614 19.0328
      vertex 18.2614 -77.5234 21.824
      vertex 18.2614 -73.1933 19.324
    endloop
  endfacet
  facet normal 0 -0.866778 0.498694
    outer loop
      vertex 15.7586 -72.9951 19.6672
      vertex 17.0414 -72.9951 19.6672
      vertex 16.4 -72.9699 19.711
    endloop
  endfacet
  facet normal -0.233357 -0.486198 -0.842114
    outer loop
      vertex 17.0414 -77.3252 22.1672
      vertex 17.667 -73.0702 19.5372
      vertex 17.667 -77.4003 22.0372
    endloop
  endfacet
  facet normal -0.233357 -0.486198 -0.842114
    outer loop
      vertex 17.667 -73.0702 19.5372
      vertex 17.0414 -77.3252 22.1672
      vertex 17.0414 -72.9951 19.6672
    endloop
  endfacet
  facet normal -0.000887913 -0.865386 0.501106
    outer loop
      vertex 18.2614 -76.8464 12.9966
      vertex 18.8099 -76.6784 13.2877
      vertex 19.2991 -76.4694 13.6495
    endloop
  endfacet
  facet normal -0.760409 0.324718 0.562438
    outer loop
      vertex 19.3688 -80.7588 16.2201
      vertex 19.717 -80.555 16.5732
      vertex 19.717 -76.2248 14.0732
    endloop
  endfacet
  facet normal -0.00024418 -0.866406 0.499341
    outer loop
      vertex 14.5386 -76.8464 12.9966
      vertex 15.133 -76.9695 12.7833
      vertex 15.7586 -77.0446 12.6533
    endloop
  endfacet
  facet normal -0.000477112 -0.86625 0.499611
    outer loop
      vertex 12.7469 -75.9506 14.5483
      vertex 13.083 -76.2248 14.0732
      vertex 13.5009 -76.4694 13.6495
    endloop
  endfacet
  facet normal 0.923871 0.191353 0.33143
    outer loop
      vertex 12.5007 -79.9835 17.563
      vertex 12.7469 -75.9506 14.5483
      vertex 12.5007 -75.6534 15.063
    endloop
  endfacet
  facet normal 0.923871 0.191353 0.33143
    outer loop
      vertex 12.7469 -75.9506 14.5483
      vertex 12.5007 -79.9835 17.563
      vertex 12.7469 -80.2807 17.0483
    endloop
  endfacet
  facet normal 0.852781 0.261135 0.452297
    outer loop
      vertex 12.8029 -80.3264 16.9691
      vertex 12.7469 -75.9506 14.5483
      vertex 12.7469 -80.2807 17.0483
    endloop
  endfacet
  facet normal 0.852676 0.261218 0.452449
    outer loop
      vertex 12.7469 -75.9506 14.5483
      vertex 12.8029 -80.3264 16.9691
      vertex 13.083 -76.2248 14.0732
    endloop
  endfacet
  facet normal -0.000382979 -0.866077 0.49991
    outer loop
      vertex 12.3505 -75.3406 15.6048
      vertex 12.5007 -75.6534 15.063
      vertex 12.7469 -75.9506 14.5483
    endloop
  endfacet
  facet normal -0.000125356 -0.866223 0.499658
    outer loop
      vertex 14.5386 -76.8464 12.9966
      vertex 15.7586 -77.0446 12.6533
      vertex 16.4 -77.0699 12.6096
    endloop
  endfacet
  facet normal 0.760143 -0.324879 -0.562704
    outer loop
      vertex 13.4312 -77.9412 21.1004
      vertex 13.5009 -73.5703 18.671
      vertex 13.5009 -77.9004 21.171
    endloop
  endfacet
  facet normal 0.760365 -0.324756 -0.562476
    outer loop
      vertex 13.5009 -73.5703 18.671
      vertex 13.4312 -77.9412 21.1004
      vertex 13.083 -73.8149 18.2473
    endloop
  endfacet
  facet normal 0.000226275 -0.866143 0.499797
    outer loop
      vertex 13.083 -73.8149 18.2473
      vertex 13.9901 -73.3614 19.0328
      vertex 13.5009 -73.5703 18.671
    endloop
  endfacet
  facet normal 0.996914 -0.0392494 -0.0679815
    outer loop
      vertex 12.3505 -79.0293 19.2157
      vertex 12.3 -75.0199 16.1603
      vertex 12.3505 -74.6992 16.7157
    endloop
  endfacet
  facet normal 0.996914 -0.0392494 -0.0679815
    outer loop
      vertex 12.3 -75.0199 16.1603
      vertex 12.3505 -79.0293 19.2157
      vertex 12.3 -79.35 18.6603
    endloop
  endfacet
  facet normal -0.996914 -0.0392494 -0.0679815
    outer loop
      vertex 20.5 -75.0199 16.1603
      vertex 20.4495 -79.0293 19.2157
      vertex 20.4495 -74.6992 16.7157
    endloop
  endfacet
  facet normal -0.996914 -0.0392494 -0.0679815
    outer loop
      vertex 20.4495 -79.0293 19.2157
      vertex 20.5 -75.0199 16.1603
      vertex 20.5 -79.35 18.6603
    endloop
  endfacet
  facet normal -0.85268 -0.261218 -0.45244
    outer loop
      vertex 19.717 -73.8149 18.2473
      vertex 19.9971 -78.3736 20.3514
      vertex 19.717 -78.145 20.7473
    endloop
  endfacet
  facet normal -0.0785404 -0.498458 -0.863349
    outer loop
      vertex 16.4 -77.3 22.211
      vertex 17.0414 -72.9951 19.6672
      vertex 17.0414 -77.3252 22.1672
    endloop
  endfacet
  facet normal -0.0785404 -0.498458 -0.863349
    outer loop
      vertex 17.0414 -72.9951 19.6672
      vertex 16.4 -77.3 22.211
      vertex 16.4 -72.9699 19.711
    endloop
  endfacet
  facet normal 0.0785404 -0.498458 -0.863349
    outer loop
      vertex 15.7586 -72.9951 19.6672
      vertex 16.4 -77.3 22.211
      vertex 15.7586 -77.3252 22.1672
    endloop
  endfacet
  facet normal 0.0785404 -0.498458 -0.863349
    outer loop
      vertex 16.4 -77.3 22.211
      vertex 15.7586 -72.9951 19.6672
      vertex 16.4 -72.9699 19.711
    endloop
  endfacet
  facet normal 0.85268 0.261214 0.452443
    outer loop
      vertex 12.8029 -80.3264 16.9691
      vertex 13.083 -80.555 16.5732
      vertex 13.083 -76.2248 14.0732
    endloop
  endfacet
  facet normal 0.382769 0.461916 0.800076
    outer loop
      vertex 14.5386 -81.1766 15.4966
      vertex 15.133 -76.9695 12.7833
      vertex 14.5386 -76.8464 12.9966
    endloop
  endfacet
  facet normal 0.382938 0.461861 0.800027
    outer loop
      vertex 15.133 -76.9695 12.7833
      vertex 14.5386 -81.1766 15.4966
      vertex 14.6377 -81.1971 15.461
    endloop
  endfacet
  facet normal 0 -0.865962 0.50011
    outer loop
      vertex 14.5386 -76.8464 12.9966
      vertex 16.4 -77.0699 12.6096
      vertex 18.2614 -76.8464 12.9966
    endloop
  endfacet
  facet normal -0.852697 -0.261207 -0.452415
    outer loop
      vertex 20.0531 -74.0892 17.7722
      vertex 19.9971 -78.3736 20.3514
      vertex 19.717 -73.8149 18.2473
    endloop
  endfacet
  facet normal -0.852781 -0.261135 -0.452297
    outer loop
      vertex 19.9971 -78.3736 20.3514
      vertex 20.0531 -74.0892 17.7722
      vertex 20.0531 -78.4193 20.2722
    endloop
  endfacet
  facet normal -0.923871 -0.191363 -0.331424
    outer loop
      vertex 20.0942 -78.4688 20.1864
      vertex 20.0531 -74.0892 17.7722
      vertex 20.2993 -74.3864 17.2575
    endloop
  endfacet
  facet normal -0.923648 -0.191621 -0.331896
    outer loop
      vertex 20.0531 -74.0892 17.7722
      vertex 20.0942 -78.4688 20.1864
      vertex 20.0531 -78.4193 20.2722
    endloop
  endfacet
  facet normal 0.000887913 -0.865386 0.501106
    outer loop
      vertex 13.5009 -76.4694 13.6495
      vertex 13.9901 -76.6784 13.2877
      vertex 14.5386 -76.8464 12.9966
    endloop
  endfacet
  facet normal 0.00024418 -0.866406 0.499341
    outer loop
      vertex 17.0414 -77.0446 12.6533
      vertex 17.667 -76.9695 12.7833
      vertex 18.2614 -76.8464 12.9966
    endloop
  endfacet
  facet normal 0.0784839 0.498451 0.863358
    outer loop
      vertex 15.7586 -81.3748 15.1533
      vertex 16.4 -77.0699 12.6096
      vertex 15.7586 -77.0446 12.6533
    endloop
  endfacet
  facet normal 0.0785404 0.498443 0.863357
    outer loop
      vertex 16.4 -77.0699 12.6096
      vertex 15.7586 -81.3748 15.1533
      vertex 16.4 -81.4 15.1095
    endloop
  endfacet
  facet normal 0.760365 0.324738 0.562486
    outer loop
      vertex 13.4312 -80.7588 16.2201
      vertex 13.5009 -76.4694 13.6495
      vertex 13.083 -76.2248 14.0732
    endloop
  endfacet
  facet normal 0.760143 0.324874 0.562707
    outer loop
      vertex 13.5009 -76.4694 13.6495
      vertex 13.4312 -80.7588 16.2201
      vertex 13.5009 -80.7996 16.1495
    endloop
  endfacet
  facet normal 0.522475 0.426329 0.73842
    outer loop
      vertex 13.9901 -81.0085 15.7877
      vertex 14.5386 -76.8464 12.9966
      vertex 13.9901 -76.6784 13.2877
    endloop
  endfacet
  facet normal 0.522531 0.426305 0.738394
    outer loop
      vertex 14.5386 -76.8464 12.9966
      vertex 13.9901 -81.0085 15.7877
      vertex 14.5386 -81.1766 15.4966
    endloop
  endfacet
  facet normal -0.0784839 0.498451 0.863358
    outer loop
      vertex 16.4 -77.0699 12.6096
      vertex 17.0414 -81.3748 15.1533
      vertex 17.0414 -77.0446 12.6533
    endloop
  endfacet
  facet normal -0.0785404 0.498443 0.863357
    outer loop
      vertex 17.0414 -81.3748 15.1533
      vertex 16.4 -77.0699 12.6096
      vertex 16.4 -81.4 15.1095
    endloop
  endfacet
  facet normal 0.000125356 -0.866223 0.499658
    outer loop
      vertex 16.4 -77.0699 12.6096
      vertex 17.0414 -77.0446 12.6533
      vertex 18.2614 -76.8464 12.9966
    endloop
  endfacet
  facet normal 0.233357 0.486189 0.842119
    outer loop
      vertex 15.133 -81.2997 15.2833
      vertex 15.7586 -77.0446 12.6533
      vertex 15.133 -76.9695 12.7833
    endloop
  endfacet
  facet normal 0.233357 0.486189 0.842119
    outer loop
      vertex 15.7586 -77.0446 12.6533
      vertex 15.133 -81.2997 15.2833
      vertex 15.7586 -81.3748 15.1533
    endloop
  endfacet
  facet normal 0.382736 0.461923 0.800088
    outer loop
      vertex 14.6377 -81.1971 15.461
      vertex 15.133 -81.2997 15.2833
      vertex 15.133 -76.9695 12.7833
    endloop
  endfacet
  facet normal 0.00030641 -0.865965 0.500104
    outer loop
      vertex 12.3505 -75.3406 15.6048
      vertex 12.7469 -75.9506 14.5483
      vertex 13.5009 -76.4694 13.6495
    endloop
  endfacet
  facet normal -0.000104762 -0.86607 0.499923
    outer loop
      vertex 12.3505 -75.3406 15.6048
      vertex 13.5009 -76.4694 13.6495
      vertex 14.5386 -76.8464 12.9966
    endloop
  endfacet
  facet normal 0 0.499968 0.866044
    outer loop
      vertex -8.4 -73.1251 23.842
      vertex -24.4 -73.1251 23.842
      vertex -8.4 -73.9912 24.342
    endloop
  endfacet
  facet normal 0 0.499968 0.866044
    outer loop
      vertex 24.4 -73.1251 23.842
      vertex 8.4 -73.1251 23.842
      vertex 24.4 -73.9912 24.342
    endloop
  endfacet
  facet normal -0 0.500011 0.866019
    outer loop
      vertex 24.4 -73.9912 24.342
      vertex 74.175 -75.55 25.242
      vertex 74.175 -73.9912 24.342
    endloop
  endfacet
  facet normal -0 0.499968 0.866044
    outer loop
      vertex 8.4 -73.9912 24.342
      vertex 24.4 -73.9912 24.342
      vertex 8.4 -73.1251 23.842
    endloop
  endfacet
  facet normal -0 0.500011 0.866019
    outer loop
      vertex 8.4 -73.9912 24.342
      vertex 74.175 -75.55 25.242
      vertex 24.4 -73.9912 24.342
    endloop
  endfacet
  facet normal -0 0.500011 0.866019
    outer loop
      vertex -8.4 -73.9912 24.342
      vertex 74.175 -75.55 25.242
      vertex 8.4 -73.9912 24.342
    endloop
  endfacet
  facet normal -0 0.499968 0.866044
    outer loop
      vertex -24.4 -73.9912 24.342
      vertex -8.4 -73.9912 24.342
      vertex -24.4 -73.1251 23.842
    endloop
  endfacet
  facet normal 0 0.500011 0.866019
    outer loop
      vertex -74.175 -75.55 25.242
      vertex -8.4 -73.9912 24.342
      vertex -24.4 -73.9912 24.342
    endloop
  endfacet
  facet normal 0 0.500011 0.866019
    outer loop
      vertex -74.175 -75.55 25.242
      vertex -24.4 -73.9912 24.342
      vertex -74.175 -73.9912 24.342
    endloop
  endfacet
  facet normal 0 0.500011 0.866019
    outer loop
      vertex -8.4 -73.9912 24.342
      vertex -74.175 -75.55 25.242
      vertex 74.175 -75.55 25.242
    endloop
  endfacet
  facet normal 0 -0.866082 0.499903
    outer loop
      vertex -24.4 -73.1251 23.842
      vertex -8.4 -72.9251 24.1885
      vertex -24.4 -72.9251 24.1885
    endloop
  endfacet
  facet normal 0 -0.866082 0.499903
    outer loop
      vertex -8.4 -72.9251 24.1885
      vertex -24.4 -73.1251 23.842
      vertex -8.4 -73.1251 23.842
    endloop
  endfacet
  facet normal 0 -0.866082 0.499903
    outer loop
      vertex 8.4 -73.1251 23.842
      vertex 24.4 -72.9251 24.1885
      vertex 8.4 -72.9251 24.1885
    endloop
  endfacet
  facet normal 0 -0.866082 0.499903
    outer loop
      vertex 24.4 -72.9251 24.1885
      vertex 8.4 -73.1251 23.842
      vertex 24.4 -73.1251 23.842
    endloop
  endfacet
  facet normal 0 -0.865745 0.500485
    outer loop
      vertex -24.4 -16.9509 121.139
      vertex -8.4 -16.7503 121.486
      vertex -24.4 -16.7503 121.486
    endloop
  endfacet
  facet normal 0 -0.865745 0.500485
    outer loop
      vertex -8.4 -16.7503 121.486
      vertex -24.4 -16.9509 121.139
      vertex -8.4 -16.9509 121.139
    endloop
  endfacet
  facet normal 0 -0.865745 0.500485
    outer loop
      vertex 8.4 -16.9509 121.139
      vertex 24.4 -16.7503 121.486
      vertex 8.4 -16.7503 121.486
    endloop
  endfacet
  facet normal 0 -0.865745 0.500485
    outer loop
      vertex 24.4 -16.7503 121.486
      vertex 8.4 -16.9509 121.139
      vertex 24.4 -16.9509 121.139
    endloop
  endfacet
  facet normal 0 -0.707187 -0.707026
    outer loop
      vertex 74.175 -18.8 123.536
      vertex 24.4 -17.4823 122.218
      vertex 74.175 -17.4823 122.218
    endloop
  endfacet
  facet normal -0 -0.707107 -0.707107
    outer loop
      vertex 24.4 -17.4823 122.218
      vertex 8.4 -17.4823 122.218
      vertex 24.4 -16.7503 121.486
    endloop
  endfacet
  facet normal 0 -0.707187 -0.707026
    outer loop
      vertex 74.175 -18.8 123.536
      vertex 8.4 -17.4823 122.218
      vertex 24.4 -17.4823 122.218
    endloop
  endfacet
  facet normal 0 -0.707187 -0.707026
    outer loop
      vertex 74.175 -18.8 123.536
      vertex -8.4 -17.4823 122.218
      vertex 8.4 -17.4823 122.218
    endloop
  endfacet
  facet normal -0 -0.707107 -0.707107
    outer loop
      vertex -8.4 -17.4823 122.218
      vertex -24.4 -17.4823 122.218
      vertex -8.4 -16.7503 121.486
    endloop
  endfacet
  facet normal 0 -0.707187 -0.707026
    outer loop
      vertex -74.175 -18.8 123.536
      vertex -8.4 -17.4823 122.218
      vertex 74.175 -18.8 123.536
    endloop
  endfacet
  facet normal -0 -0.707187 -0.707026
    outer loop
      vertex -8.4 -17.4823 122.218
      vertex -74.175 -18.8 123.536
      vertex -24.4 -17.4823 122.218
    endloop
  endfacet
  facet normal -0 -0.707187 -0.707026
    outer loop
      vertex -24.4 -17.4823 122.218
      vertex -74.175 -18.8 123.536
      vertex -74.175 -17.4823 122.218
    endloop
  endfacet
  facet normal -0 -0.707107 -0.707107
    outer loop
      vertex 24.4 -16.7503 121.486
      vertex 8.4 -17.4823 122.218
      vertex 8.4 -16.7503 121.486
    endloop
  endfacet
  facet normal -0 -0.707107 -0.707107
    outer loop
      vertex -8.4 -16.7503 121.486
      vertex -24.4 -17.4823 122.218
      vertex -24.4 -16.7503 121.486
    endloop
  endfacet
  facet normal 1 0 0
    outer loop
      vertex -74.175 -75.55 25.242
      vertex -74.175 -17.4823 122.218
      vertex -74.175 -18.8 123.536
    endloop
  endfacet
  facet normal 1 0 0
    outer loop
      vertex -74.175 -17.4823 122.218
      vertex -74.175 -75.55 25.242
      vertex -74.175 -73.9912 24.342
    endloop
  endfacet
  facet normal -1 0 0
    outer loop
      vertex 74.175 -75.55 25.242
      vertex 74.175 -17.4823 122.218
      vertex 74.175 -73.9912 24.342
    endloop
  endfacet
  facet normal -1 -0 0
    outer loop
      vertex 74.175 -17.4823 122.218
      vertex 74.175 -75.55 25.242
      vertex 74.175 -18.8 123.536
    endloop
  endfacet
  facet normal -0.38267 -0.923885 0
    outer loop
      vertex 3.39919 -9.53838 8.18239e-06
      vertex 4.99389 -10.1989 0.900002
      vertex 3.39919 -9.53838 0.900002
    endloop
  endfacet
  facet normal -0.38267 -0.923885 -0
    outer loop
      vertex 4.99389 -10.1989 0.900002
      vertex 3.39919 -9.53838 8.18239e-06
      vertex 4.99389 -10.1989 8.18239e-06
    endloop
  endfacet
  facet normal -0.972363 0.233474 0
    outer loop
      vertex 10.4616 -23.3992 8.18239e-06
      vertex 10.8646 -21.7208 0.900002
      vertex 10.8646 -21.7208 8.18239e-06
    endloop
  endfacet
  facet normal -0.972363 0.233474 0
    outer loop
      vertex 10.8646 -21.7208 0.900002
      vertex 10.4616 -23.3992 8.18239e-06
      vertex 10.4616 -23.3992 0.900002
    endloop
  endfacet
  facet normal -0.996919 0.0784419 0
    outer loop
      vertex 10.8646 -21.7208 8.18239e-06
      vertex 11 -20 0.900002
      vertex 11 -20 8.18239e-06
    endloop
  endfacet
  facet normal -0.996919 0.0784419 0
    outer loop
      vertex 11 -20 0.900002
      vertex 10.8646 -21.7208 8.18239e-06
      vertex 10.8646 -21.7208 0.900002
    endloop
  endfacet
  facet normal 0.923883 0.382675 0
    outer loop
      vertex -9.80107 -24.9939 0.900002
      vertex -10.4616 -23.3992 8.18239e-06
      vertex -10.4616 -23.3992 0.900002
    endloop
  endfacet
  facet normal 0.923883 0.382675 0
    outer loop
      vertex -10.4616 -23.3992 8.18239e-06
      vertex -9.80107 -24.9939 0.900002
      vertex -9.80107 -24.9939 8.18239e-06
    endloop
  endfacet
  facet normal 0.382661 0.923889 -0
    outer loop
      vertex -3.39919 -30.4616 8.18239e-06
      vertex -4.99389 -29.8011 0.900002
      vertex -3.39919 -30.4616 0.900002
    endloop
  endfacet
  facet normal 0.382661 0.923889 0
    outer loop
      vertex -4.99389 -29.8011 0.900002
      vertex -3.39919 -30.4616 8.18239e-06
      vertex -4.99389 -29.8011 8.18239e-06
    endloop
  endfacet
  facet normal -0.0784428 0.996919 0
    outer loop
      vertex 1.72078 -30.8646 8.18239e-06
      vertex 0 -31 0.900002
      vertex 1.72078 -30.8646 0.900002
    endloop
  endfacet
  facet normal -0.0784428 0.996919 0
    outer loop
      vertex 0 -31 0.900002
      vertex 1.72078 -30.8646 8.18239e-06
      vertex 0 -31 8.18239e-06
    endloop
  endfacet
  facet normal 0.233445 -0.97237 0
    outer loop
      vertex -3.39919 -9.53838 8.18239e-06
      vertex -1.72078 -9.13543 0.900002
      vertex -3.39919 -9.53838 0.900002
    endloop
  endfacet
  facet normal 0.233445 -0.97237 0
    outer loop
      vertex -1.72078 -9.13543 0.900002
      vertex -3.39919 -9.53838 8.18239e-06
      vertex -1.72078 -9.13543 8.18239e-06
    endloop
  endfacet
  facet normal -0.649446 0.760408 0
    outer loop
      vertex 7.77817 -27.7782 8.18239e-06
      vertex 6.46564 -28.8992 0.900002
      vertex 7.77817 -27.7782 0.900002
    endloop
  endfacet
  facet normal -0.649446 0.760408 0
    outer loop
      vertex 6.46564 -28.8992 0.900002
      vertex 7.77817 -27.7782 8.18239e-06
      vertex 6.46564 -28.8992 8.18239e-06
    endloop
  endfacet
  facet normal 0.923883 -0.382675 0
    outer loop
      vertex -10.4616 -16.6008 0.900002
      vertex -9.80107 -15.0061 8.18239e-06
      vertex -9.80107 -15.0061 0.900002
    endloop
  endfacet
  facet normal 0.923883 -0.382675 0
    outer loop
      vertex -9.80107 -15.0061 8.18239e-06
      vertex -10.4616 -16.6008 0.900002
      vertex -10.4616 -16.6008 8.18239e-06
    endloop
  endfacet
  facet normal 0.233472 0.972363 -0
    outer loop
      vertex -1.72078 -30.8646 8.18239e-06
      vertex -3.39919 -30.4616 0.900002
      vertex -1.72078 -30.8646 0.900002
    endloop
  endfacet
  facet normal 0.233472 0.972363 0
    outer loop
      vertex -3.39919 -30.4616 0.900002
      vertex -1.72078 -30.8646 8.18239e-06
      vertex -3.39919 -30.4616 8.18239e-06
    endloop
  endfacet
  facet normal 0.649446 0.760408 -0
    outer loop
      vertex -6.46564 -28.8992 8.18239e-06
      vertex -7.77817 -27.7782 0.900002
      vertex -6.46564 -28.8992 0.900002
    endloop
  endfacet
  facet normal 0.649446 0.760408 0
    outer loop
      vertex -7.77817 -27.7782 0.900002
      vertex -6.46564 -28.8992 8.18239e-06
      vertex -7.77817 -27.7782 8.18239e-06
    endloop
  endfacet
  facet normal -0.923883 -0.382675 0
    outer loop
      vertex 10.4616 -16.6008 8.18239e-06
      vertex 9.80107 -15.0061 0.900002
      vertex 9.80107 -15.0061 8.18239e-06
    endloop
  endfacet
  facet normal -0.923883 -0.382675 0
    outer loop
      vertex 9.80107 -15.0061 0.900002
      vertex 10.4616 -16.6008 8.18239e-06
      vertex 10.4616 -16.6008 0.900002
    endloop
  endfacet
  facet normal 0.972363 0.233474 0
    outer loop
      vertex -10.4616 -23.3992 0.900002
      vertex -10.8646 -21.7208 8.18239e-06
      vertex -10.8646 -21.7208 0.900002
    endloop
  endfacet
  facet normal 0.972363 0.233474 0
    outer loop
      vertex -10.8646 -21.7208 8.18239e-06
      vertex -10.4616 -23.3992 0.900002
      vertex -10.4616 -23.3992 8.18239e-06
    endloop
  endfacet
  facet normal -0.233445 -0.97237 0
    outer loop
      vertex 1.72078 -9.13543 8.18239e-06
      vertex 3.39919 -9.53838 0.900002
      vertex 1.72078 -9.13543 0.900002
    endloop
  endfacet
  facet normal -0.233445 -0.97237 -0
    outer loop
      vertex 3.39919 -9.53838 0.900002
      vertex 1.72078 -9.13543 8.18239e-06
      vertex 3.39919 -9.53838 8.18239e-06
    endloop
  endfacet
  facet normal 0.760419 0.649433 0
    outer loop
      vertex -7.77817 -27.7782 0.900002
      vertex -8.89919 -26.4656 8.18239e-06
      vertex -8.89919 -26.4656 0.900002
    endloop
  endfacet
  facet normal 0.760419 0.649433 0
    outer loop
      vertex -8.89919 -26.4656 8.18239e-06
      vertex -7.77817 -27.7782 0.900002
      vertex -7.77817 -27.7782 8.18239e-06
    endloop
  endfacet
  facet normal 0.852635 0.522507 0
    outer loop
      vertex -8.89919 -26.4656 0.900002
      vertex -9.80107 -24.9939 8.18239e-06
      vertex -9.80107 -24.9939 0.900002
    endloop
  endfacet
  facet normal 0.852635 0.522507 0
    outer loop
      vertex -9.80107 -24.9939 8.18239e-06
      vertex -8.89919 -26.4656 0.900002
      vertex -8.89919 -26.4656 8.18239e-06
    endloop
  endfacet
  facet normal -0.522503 -0.852637 0
    outer loop
      vertex 4.99389 -10.1989 8.18239e-06
      vertex 6.46564 -11.1008 0.900002
      vertex 4.99389 -10.1989 0.900002
    endloop
  endfacet
  facet normal -0.522503 -0.852637 -0
    outer loop
      vertex 6.46564 -11.1008 0.900002
      vertex 4.99389 -10.1989 8.18239e-06
      vertex 6.46564 -11.1008 8.18239e-06
    endloop
  endfacet
  facet normal -0.760419 -0.649433 0
    outer loop
      vertex 8.89919 -13.5344 8.18239e-06
      vertex 7.77817 -12.2218 0.900002
      vertex 7.77817 -12.2218 8.18239e-06
    endloop
  endfacet
  facet normal -0.760419 -0.649433 0
    outer loop
      vertex 7.77817 -12.2218 0.900002
      vertex 8.89919 -13.5344 8.18239e-06
      vertex 8.89919 -13.5344 0.900002
    endloop
  endfacet
  facet normal 0.522503 -0.852637 0
    outer loop
      vertex -6.46564 -11.1008 8.18239e-06
      vertex -4.99389 -10.1989 0.900002
      vertex -6.46564 -11.1008 0.900002
    endloop
  endfacet
  facet normal 0.522503 -0.852637 0
    outer loop
      vertex -4.99389 -10.1989 0.900002
      vertex -6.46564 -11.1008 8.18239e-06
      vertex -4.99389 -10.1989 8.18239e-06
    endloop
  endfacet
  facet normal 0.996919 0.0784419 0
    outer loop
      vertex -10.8646 -21.7208 0.900002
      vertex -11 -20 8.18239e-06
      vertex -11 -20 0.900002
    endloop
  endfacet
  facet normal 0.996919 0.0784419 0
    outer loop
      vertex -11 -20 8.18239e-06
      vertex -10.8646 -21.7208 0.900002
      vertex -10.8646 -21.7208 8.18239e-06
    endloop
  endfacet
  facet normal 0.972363 -0.233474 0
    outer loop
      vertex -10.8646 -18.2792 0.900002
      vertex -10.4616 -16.6008 8.18239e-06
      vertex -10.4616 -16.6008 0.900002
    endloop
  endfacet
  facet normal 0.972363 -0.233474 0
    outer loop
      vertex -10.4616 -16.6008 8.18239e-06
      vertex -10.8646 -18.2792 0.900002
      vertex -10.8646 -18.2792 8.18239e-06
    endloop
  endfacet
  facet normal 0.852635 -0.522507 0
    outer loop
      vertex -9.80107 -15.0061 0.900002
      vertex -8.89919 -13.5344 8.18239e-06
      vertex -8.89919 -13.5344 0.900002
    endloop
  endfacet
  facet normal 0.852635 -0.522507 0
    outer loop
      vertex -8.89919 -13.5344 8.18239e-06
      vertex -9.80107 -15.0061 0.900002
      vertex -9.80107 -15.0061 8.18239e-06
    endloop
  endfacet
  facet normal -0.233472 0.972363 0
    outer loop
      vertex 3.39919 -30.4616 8.18239e-06
      vertex 1.72078 -30.8646 0.900002
      vertex 3.39919 -30.4616 0.900002
    endloop
  endfacet
  facet normal -0.233472 0.972363 0
    outer loop
      vertex 1.72078 -30.8646 0.900002
      vertex 3.39919 -30.4616 8.18239e-06
      vertex 1.72078 -30.8646 8.18239e-06
    endloop
  endfacet
  facet normal -0.760419 0.649433 0
    outer loop
      vertex 7.77817 -27.7782 8.18239e-06
      vertex 8.89919 -26.4656 0.900002
      vertex 8.89919 -26.4656 8.18239e-06
    endloop
  endfacet
  facet normal -0.760419 0.649433 0
    outer loop
      vertex 8.89919 -26.4656 0.900002
      vertex 7.77817 -27.7782 8.18239e-06
      vertex 7.77817 -27.7782 0.900002
    endloop
  endfacet
  facet normal 0.38267 -0.923885 0
    outer loop
      vertex -4.99389 -10.1989 8.18239e-06
      vertex -3.39919 -9.53838 0.900002
      vertex -4.99389 -10.1989 0.900002
    endloop
  endfacet
  facet normal 0.38267 -0.923885 0
    outer loop
      vertex -3.39919 -9.53838 0.900002
      vertex -4.99389 -10.1989 8.18239e-06
      vertex -3.39919 -9.53838 8.18239e-06
    endloop
  endfacet
  facet normal -0.0784601 -0.996917 0
    outer loop
      vertex 0 -9 8.18239e-06
      vertex 1.72078 -9.13543 0.900002
      vertex 0 -9 0.900002
    endloop
  endfacet
  facet normal -0.0784601 -0.996917 -0
    outer loop
      vertex 1.72078 -9.13543 0.900002
      vertex 0 -9 8.18239e-06
      vertex 1.72078 -9.13543 8.18239e-06
    endloop
  endfacet
  facet normal 0.0784601 -0.996917 0
    outer loop
      vertex -1.72078 -9.13543 8.18239e-06
      vertex 0 -9 0.900002
      vertex -1.72078 -9.13543 0.900002
    endloop
  endfacet
  facet normal 0.0784601 -0.996917 0
    outer loop
      vertex 0 -9 0.900002
      vertex -1.72078 -9.13543 8.18239e-06
      vertex 0 -9 8.18239e-06
    endloop
  endfacet
  facet normal -0.852635 -0.522507 0
    outer loop
      vertex 9.80107 -15.0061 8.18239e-06
      vertex 8.89919 -13.5344 0.900002
      vertex 8.89919 -13.5344 8.18239e-06
    endloop
  endfacet
  facet normal -0.852635 -0.522507 0
    outer loop
      vertex 8.89919 -13.5344 0.900002
      vertex 9.80107 -15.0061 8.18239e-06
      vertex 9.80107 -15.0061 0.900002
    endloop
  endfacet
  facet normal -0.649446 -0.760408 0
    outer loop
      vertex 6.46564 -11.1008 8.18239e-06
      vertex 7.77817 -12.2218 0.900002
      vertex 6.46564 -11.1008 0.900002
    endloop
  endfacet
  facet normal -0.649446 -0.760408 -0
    outer loop
      vertex 7.77817 -12.2218 0.900002
      vertex 6.46564 -11.1008 8.18239e-06
      vertex 7.77817 -12.2218 8.18239e-06
    endloop
  endfacet
  facet normal -0.923883 0.382675 0
    outer loop
      vertex 9.80107 -24.9939 8.18239e-06
      vertex 10.4616 -23.3992 0.900002
      vertex 10.4616 -23.3992 8.18239e-06
    endloop
  endfacet
  facet normal -0.923883 0.382675 0
    outer loop
      vertex 10.4616 -23.3992 0.900002
      vertex 9.80107 -24.9939 8.18239e-06
      vertex 9.80107 -24.9939 0.900002
    endloop
  endfacet
  facet normal -0.972363 -0.233474 0
    outer loop
      vertex 10.8646 -18.2792 8.18239e-06
      vertex 10.4616 -16.6008 0.900002
      vertex 10.4616 -16.6008 8.18239e-06
    endloop
  endfacet
  facet normal -0.972363 -0.233474 0
    outer loop
      vertex 10.4616 -16.6008 0.900002
      vertex 10.8646 -18.2792 8.18239e-06
      vertex 10.8646 -18.2792 0.900002
    endloop
  endfacet
  facet normal -0.382661 0.923889 0
    outer loop
      vertex 4.99389 -29.8011 8.18239e-06
      vertex 3.39919 -30.4616 0.900002
      vertex 4.99389 -29.8011 0.900002
    endloop
  endfacet
  facet normal -0.382661 0.923889 0
    outer loop
      vertex 3.39919 -30.4616 0.900002
      vertex 4.99389 -29.8011 8.18239e-06
      vertex 3.39919 -30.4616 8.18239e-06
    endloop
  endfacet
  facet normal 0.760419 -0.649433 0
    outer loop
      vertex -8.89919 -13.5344 0.900002
      vertex -7.77817 -12.2218 8.18239e-06
      vertex -7.77817 -12.2218 0.900002
    endloop
  endfacet
  facet normal 0.760419 -0.649433 0
    outer loop
      vertex -7.77817 -12.2218 8.18239e-06
      vertex -8.89919 -13.5344 0.900002
      vertex -8.89919 -13.5344 8.18239e-06
    endloop
  endfacet
  facet normal 0.649446 -0.760408 0
    outer loop
      vertex -7.77817 -12.2218 8.18239e-06
      vertex -6.46564 -11.1008 0.900002
      vertex -7.77817 -12.2218 0.900002
    endloop
  endfacet
  facet normal 0.649446 -0.760408 0
    outer loop
      vertex -6.46564 -11.1008 0.900002
      vertex -7.77817 -12.2218 8.18239e-06
      vertex -6.46564 -11.1008 8.18239e-06
    endloop
  endfacet
  facet normal -0.852635 0.522507 0
    outer loop
      vertex 8.89919 -26.4656 8.18239e-06
      vertex 9.80107 -24.9939 0.900002
      vertex 9.80107 -24.9939 8.18239e-06
    endloop
  endfacet
  facet normal -0.852635 0.522507 0
    outer loop
      vertex 9.80107 -24.9939 0.900002
      vertex 8.89919 -26.4656 8.18239e-06
      vertex 8.89919 -26.4656 0.900002
    endloop
  endfacet
  facet normal 0.522503 0.852637 -0
    outer loop
      vertex -4.99389 -29.8011 8.18239e-06
      vertex -6.46564 -28.8992 0.900002
      vertex -4.99389 -29.8011 0.900002
    endloop
  endfacet
  facet normal 0.522503 0.852637 0
    outer loop
      vertex -6.46564 -28.8992 0.900002
      vertex -4.99389 -29.8011 8.18239e-06
      vertex -6.46564 -28.8992 8.18239e-06
    endloop
  endfacet
  facet normal -0.522503 0.852637 0
    outer loop
      vertex 6.46564 -28.8992 8.18239e-06
      vertex 4.99389 -29.8011 0.900002
      vertex 6.46564 -28.8992 0.900002
    endloop
  endfacet
  facet normal -0.522503 0.852637 0
    outer loop
      vertex 4.99389 -29.8011 0.900002
      vertex 6.46564 -28.8992 8.18239e-06
      vertex 4.99389 -29.8011 8.18239e-06
    endloop
  endfacet
  facet normal 0.0784428 0.996919 -0
    outer loop
      vertex 0 -31 8.18239e-06
      vertex -1.72078 -30.8646 0.900002
      vertex 0 -31 0.900002
    endloop
  endfacet
  facet normal 0.0784428 0.996919 0
    outer loop
      vertex -1.72078 -30.8646 0.900002
      vertex 0 -31 8.18239e-06
      vertex -1.72078 -30.8646 8.18239e-06
    endloop
  endfacet
  facet normal -0.996919 -0.0784419 0
    outer loop
      vertex 11 -20 8.18239e-06
      vertex 10.8646 -18.2792 0.900002
      vertex 10.8646 -18.2792 8.18239e-06
    endloop
  endfacet
  facet normal -0.996919 -0.0784419 0
    outer loop
      vertex 10.8646 -18.2792 0.900002
      vertex 11 -20 8.18239e-06
      vertex 11 -20 0.900002
    endloop
  endfacet
  facet normal 0.996919 -0.0784419 0
    outer loop
      vertex -11 -20 0.900002
      vertex -10.8646 -18.2792 8.18239e-06
      vertex -10.8646 -18.2792 0.900002
    endloop
  endfacet
  facet normal 0.996919 -0.0784419 0
    outer loop
      vertex -10.8646 -18.2792 8.18239e-06
      vertex -11 -20 0.900002
      vertex -11 -20 8.18239e-06
    endloop
  endfacet
endsolid OpenSCAD_Model
