solid OpenSCAD_Model
  facet normal 0.707107 0 -0.707107
    outer loop
      vertex -73.6 -2 132.065
      vertex -104.4 0 101.265
      vertex -73.6 0 132.065
    endloop
  endfacet
  facet normal 0.707107 0 -0.707107
    outer loop
      vertex -104.4 0 101.265
      vertex -73.6 -2 132.065
      vertex -104.4 -2 101.265
    endloop
  endfacet
  facet normal 1 -0 0
    outer loop
      vertex -104.4 -2 101.265
      vertex -104.4 0 12
      vertex -104.4 0 101.265
    endloop
  endfacet
  facet normal 1 0 0
    outer loop
      vertex -104.4 0 12
      vertex -104.4 -2 101.265
      vertex -104.4 -2 12
    endloop
  endfacet
  facet normal -0.707107 0 -0.707107
    outer loop
      vertex -73.6 -2 132.065
      vertex -42.8 0 101.265
      vertex -42.8 -2 101.265
    endloop
  endfacet
  facet normal -0.707107 0 -0.707107
    outer loop
      vertex -42.8 0 101.265
      vertex -73.6 -2 132.065
      vertex -73.6 0 132.065
    endloop
  endfacet
  facet normal -0 0 1
    outer loop
      vertex -104.4 0 12
      vertex -42.8 -2 12
      vertex -42.8 0 12
    endloop
  endfacet
  facet normal 0 0 1
    outer loop
      vertex -42.8 -2 12
      vertex -104.4 0 12
      vertex -104.4 -2 12
    endloop
  endfacet
  facet normal -1 0 0
    outer loop
      vertex -42.8 -2 12
      vertex -42.8 0 101.265
      vertex -42.8 0 12
    endloop
  endfacet
  facet normal -1 -0 0
    outer loop
      vertex -42.8 0 101.265
      vertex -42.8 -2 12
      vertex -42.8 -2 101.265
    endloop
  endfacet
  facet normal 0.707107 0 -0.707107
    outer loop
      vertex -1.14441e-05 -2 132.065
      vertex -30.8 0 101.265
      vertex -1.14441e-05 0 132.065
    endloop
  endfacet
  facet normal 0.707107 0 -0.707107
    outer loop
      vertex -30.8 0 101.265
      vertex -1.14441e-05 -2 132.065
      vertex -30.8 -2 101.265
    endloop
  endfacet
  facet normal 1 -0 0
    outer loop
      vertex -30.8 -2 101.265
      vertex -30.8 0 12
      vertex -30.8 0 101.265
    endloop
  endfacet
  facet normal 1 0 0
    outer loop
      vertex -30.8 0 12
      vertex -30.8 -2 101.265
      vertex -30.8 -2 12
    endloop
  endfacet
  facet normal -0.707107 0 -0.707107
    outer loop
      vertex -1.14441e-05 -2 132.065
      vertex 30.8 0 101.265
      vertex 30.8 -2 101.265
    endloop
  endfacet
  facet normal -0.707107 0 -0.707107
    outer loop
      vertex 30.8 0 101.265
      vertex -1.14441e-05 -2 132.065
      vertex -1.14441e-05 0 132.065
    endloop
  endfacet
  facet normal -0 0 1
    outer loop
      vertex -30.8 0 12
      vertex 30.8 -2 12
      vertex 30.8 0 12
    endloop
  endfacet
  facet normal 0 0 1
    outer loop
      vertex 30.8 -2 12
      vertex -30.8 0 12
      vertex -30.8 -2 12
    endloop
  endfacet
  facet normal -1 0 0
    outer loop
      vertex 30.8 -2 12
      vertex 30.8 0 101.265
      vertex 30.8 0 12
    endloop
  endfacet
  facet normal -1 -0 0
    outer loop
      vertex 30.8 0 101.265
      vertex 30.8 -2 12
      vertex 30.8 -2 101.265
    endloop
  endfacet
  facet normal 0.707107 0 -0.707107
    outer loop
      vertex 42.8 -2 101.265
      vertex 73.6 0 132.065
      vertex 73.6 -2 132.065
    endloop
  endfacet
  facet normal 0.707107 0 -0.707107
    outer loop
      vertex 73.6 0 132.065
      vertex 42.8 -2 101.265
      vertex 42.8 0 101.265
    endloop
  endfacet
  facet normal 1 -0 0
    outer loop
      vertex 42.8 -2 101.265
      vertex 42.8 0 12
      vertex 42.8 0 101.265
    endloop
  endfacet
  facet normal 1 0 0
    outer loop
      vertex 42.8 0 12
      vertex 42.8 -2 101.265
      vertex 42.8 -2 12
    endloop
  endfacet
  facet normal -0.707107 0 -0.707107
    outer loop
      vertex 73.6 -2 132.065
      vertex 104.4 0 101.265
      vertex 104.4 -2 101.265
    endloop
  endfacet
  facet normal -0.707107 0 -0.707107
    outer loop
      vertex 104.4 0 101.265
      vertex 73.6 -2 132.065
      vertex 73.6 0 132.065
    endloop
  endfacet
  facet normal -0 0 1
    outer loop
      vertex 42.8 0 12
      vertex 104.4 -2 12
      vertex 104.4 0 12
    endloop
  endfacet
  facet normal 0 0 1
    outer loop
      vertex 104.4 -2 12
      vertex 42.8 0 12
      vertex 42.8 -2 12
    endloop
  endfacet
  facet normal -1 0 0
    outer loop
      vertex 104.4 -2 12
      vertex 104.4 0 101.265
      vertex 104.4 0 12
    endloop
  endfacet
  facet normal -1 -0 0
    outer loop
      vertex 104.4 0 101.265
      vertex 104.4 -2 12
      vertex 104.4 -2 101.265
    endloop
  endfacet
  facet normal -1 0 0
    outer loop
      vertex -116.4 0 3.71875e-08
      vertex -116.4 -4 14
      vertex -116.4 0 14
    endloop
  endfacet
  facet normal -1 0 0
    outer loop
      vertex -116.4 0 3.71875e-08
      vertex -116.4 -4.93861 14.0739
      vertex -116.4 -4 14
    endloop
  endfacet
  facet normal -1 0 0
    outer loop
      vertex -116.4 0 3.71875e-08
      vertex -116.4 -5.8541 14.2937
      vertex -116.4 -4.93861 14.0739
    endloop
  endfacet
  facet normal -1 0 0
    outer loop
      vertex -116.4 0 3.71875e-08
      vertex -116.4 -6.72394 14.654
      vertex -116.4 -5.8541 14.2937
    endloop
  endfacet
  facet normal -1 0 0
    outer loop
      vertex -116.4 0 3.71875e-08
      vertex -116.4 -7.52671 15.1459
      vertex -116.4 -6.72394 14.654
    endloop
  endfacet
  facet normal -1 0 0
    outer loop
      vertex -116.4 0 3.71875e-08
      vertex -116.4 -8.24264 15.7574
      vertex -116.4 -7.52671 15.1459
    endloop
  endfacet
  facet normal -1 0 0
    outer loop
      vertex -116.4 0 3.71875e-08
      vertex -116.4 -8.8541 16.4733
      vertex -116.4 -8.24264 15.7574
    endloop
  endfacet
  facet normal -1 0 0
    outer loop
      vertex -116.4 -87.4037 3.71875e-08
      vertex -116.4 -8.8541 16.4733
      vertex -116.4 0 3.71875e-08
    endloop
  endfacet
  facet normal -1 -0 0
    outer loop
      vertex -116.4 -9.92613 19.0614
      vertex -116.4 -87.4037 3.71875e-08
      vertex -116.4 -10 20
    endloop
  endfacet
  facet normal -1 -0 0
    outer loop
      vertex -116.4 -9.70634 18.1459
      vertex -116.4 -87.4037 3.71875e-08
      vertex -116.4 -9.92613 19.0614
    endloop
  endfacet
  facet normal -1 -0 0
    outer loop
      vertex -116.4 -9.34604 17.2761
      vertex -116.4 -87.4037 3.71875e-08
      vertex -116.4 -9.70634 18.1459
    endloop
  endfacet
  facet normal -1 -0 0
    outer loop
      vertex -116.4 -8.8541 16.4733
      vertex -116.4 -87.4037 3.71875e-08
      vertex -116.4 -9.34604 17.2761
    endloop
  endfacet
  facet normal -1 0 0
    outer loop
      vertex -116.4 -4 26
      vertex -116.4 0 144.065
      vertex -116.4 0 26
    endloop
  endfacet
  facet normal -1 0 0
    outer loop
      vertex -116.4 -4.93861 25.9261
      vertex -116.4 0 144.065
      vertex -116.4 -4 26
    endloop
  endfacet
  facet normal -1 0 0
    outer loop
      vertex -116.4 -5.8541 25.7063
      vertex -116.4 0 144.065
      vertex -116.4 -4.93861 25.9261
    endloop
  endfacet
  facet normal -1 0 0
    outer loop
      vertex -116.4 -6.72394 25.346
      vertex -116.4 0 144.065
      vertex -116.4 -5.8541 25.7063
    endloop
  endfacet
  facet normal -1 0 0
    outer loop
      vertex -116.4 -7.52671 24.8541
      vertex -116.4 0 144.065
      vertex -116.4 -6.72394 25.346
    endloop
  endfacet
  facet normal -1 0 0
    outer loop
      vertex -116.4 -8.24264 24.2426
      vertex -116.4 0 144.065
      vertex -116.4 -7.52671 24.8541
    endloop
  endfacet
  facet normal -1 0 0
    outer loop
      vertex -116.4 -97.4037 10
      vertex -116.4 -8.24264 24.2426
      vertex -116.4 -8.8541 23.5267
    endloop
  endfacet
  facet normal -1 0 0
    outer loop
      vertex -116.4 -97.4037 10
      vertex -116.4 -8.8541 23.5267
      vertex -116.4 -9.34604 22.7239
    endloop
  endfacet
  facet normal -1 0 0
    outer loop
      vertex -116.4 -97.4037 10
      vertex -116.4 -9.34604 22.7239
      vertex -116.4 -9.70634 21.8541
    endloop
  endfacet
  facet normal -1 0 0
    outer loop
      vertex -116.4 -87.4037 3.71875e-08
      vertex -116.4 -9.70634 21.8541
      vertex -116.4 -9.92613 20.9386
    endloop
  endfacet
  facet normal -1 0 0
    outer loop
      vertex -116.4 -87.4037 3.71875e-08
      vertex -116.4 -9.92613 20.9386
      vertex -116.4 -10 20
    endloop
  endfacet
  facet normal -1 0 0
    outer loop
      vertex -116.4 -9.70634 21.8541
      vertex -116.4 -87.4037 3.71875e-08
      vertex -116.4 -97.4037 10
    endloop
  endfacet
  facet normal -1 -0 0
    outer loop
      vertex -116.4 -8.24264 24.2426
      vertex -116.4 -97.4037 10
      vertex -116.4 0 144.065
    endloop
  endfacet
  facet normal 0 1 -0
    outer loop
      vertex 116.4 0 3.71875e-08
      vertex 113.4 0 14
      vertex 116.4 0 14
    endloop
  endfacet
  facet normal 0 1 0
    outer loop
      vertex 116.4 0 3.71875e-08
      vertex 42.8 0 12
      vertex 104.4 0 12
    endloop
  endfacet
  facet normal 0 1 0
    outer loop
      vertex 42.8 0 12
      vertex 116.4 0 3.71875e-08
      vertex 30.8 0 12
    endloop
  endfacet
  facet normal 0 1 0
    outer loop
      vertex 30.8 0 12
      vertex 116.4 0 3.71875e-08
      vertex -30.8 0 12
    endloop
  endfacet
  facet normal 0 1 0
    outer loop
      vertex -116.4 0 3.71875e-08
      vertex -30.8 0 12
      vertex 116.4 0 3.71875e-08
    endloop
  endfacet
  facet normal 0 1 0
    outer loop
      vertex -30.8 0 12
      vertex -116.4 0 3.71875e-08
      vertex -42.8 0 12
    endloop
  endfacet
  facet normal 0 1 0
    outer loop
      vertex 113.4 0 14
      vertex 116.4 0 3.71875e-08
      vertex 104.4 0 12
    endloop
  endfacet
  facet normal 0 1 -0
    outer loop
      vertex -104.4 0 12
      vertex -113.4 0 26
      vertex -104.4 0 101.265
    endloop
  endfacet
  facet normal 0 1 0
    outer loop
      vertex -113.4 0 26
      vertex -104.4 0 12
      vertex -113.4 0 14
    endloop
  endfacet
  facet normal 0 1 0
    outer loop
      vertex -116.4 0 3.71875e-08
      vertex -113.4 0 14
      vertex -104.4 0 12
    endloop
  endfacet
  facet normal 0 1 0
    outer loop
      vertex -113.4 0 14
      vertex -116.4 0 3.71875e-08
      vertex -116.4 0 14
    endloop
  endfacet
  facet normal 0 1 0
    outer loop
      vertex -42.8 0 12
      vertex -116.4 0 3.71875e-08
      vertex -104.4 0 12
    endloop
  endfacet
  facet normal 0 1 -0
    outer loop
      vertex -30.8 0 101.265
      vertex -73.6 0 132.065
      vertex -1.14441e-05 0 132.065
    endloop
  endfacet
  facet normal 0 1 0
    outer loop
      vertex -30.8 0 101.265
      vertex -42.8 0 101.265
      vertex -73.6 0 132.065
    endloop
  endfacet
  facet normal 0 1 -0
    outer loop
      vertex -30.8 0 12
      vertex -42.8 0 101.265
      vertex -30.8 0 101.265
    endloop
  endfacet
  facet normal 0 1 0
    outer loop
      vertex -42.8 0 101.265
      vertex -30.8 0 12
      vertex -42.8 0 12
    endloop
  endfacet
  facet normal 0 1 -0
    outer loop
      vertex 42.8 0 101.265
      vertex -1.14441e-05 0 132.065
      vertex 73.6 0 132.065
    endloop
  endfacet
  facet normal 0 1 0
    outer loop
      vertex 42.8 0 101.265
      vertex 30.8 0 101.265
      vertex -1.14441e-05 0 132.065
    endloop
  endfacet
  facet normal 0 1 -0
    outer loop
      vertex 42.8 0 12
      vertex 30.8 0 101.265
      vertex 42.8 0 101.265
    endloop
  endfacet
  facet normal 0 1 0
    outer loop
      vertex 30.8 0 101.265
      vertex 42.8 0 12
      vertex 30.8 0 12
    endloop
  endfacet
  facet normal 0 1 0
    outer loop
      vertex -1.14441e-05 0 132.065
      vertex 116.4 0 144.065
      vertex 73.6 0 132.065
    endloop
  endfacet
  facet normal 0 1 0
    outer loop
      vertex 116.4 0 144.065
      vertex 104.4 0 101.265
      vertex 73.6 0 132.065
    endloop
  endfacet
  facet normal 0 1 -0
    outer loop
      vertex 116.4 0 26
      vertex 104.4 0 101.265
      vertex 116.4 0 144.065
    endloop
  endfacet
  facet normal 0 1 -0
    outer loop
      vertex 113.4 0 26
      vertex 104.4 0 101.265
      vertex 116.4 0 26
    endloop
  endfacet
  facet normal 0 1 0
    outer loop
      vertex 104.4 0 12
      vertex 113.4 0 26
      vertex 113.4 0 14
    endloop
  endfacet
  facet normal 0 1 0
    outer loop
      vertex 113.4 0 26
      vertex 104.4 0 12
      vertex 104.4 0 101.265
    endloop
  endfacet
  facet normal 0 1 0
    outer loop
      vertex 116.4 0 144.065
      vertex -1.14441e-05 0 132.065
      vertex -116.4 0 144.065
    endloop
  endfacet
  facet normal 0 1 -0
    outer loop
      vertex -73.6 0 132.065
      vertex -116.4 0 144.065
      vertex -1.14441e-05 0 132.065
    endloop
  endfacet
  facet normal 0 1 -0
    outer loop
      vertex -104.4 0 101.265
      vertex -116.4 0 144.065
      vertex -73.6 0 132.065
    endloop
  endfacet
  facet normal 0 1 0
    outer loop
      vertex -116.4 0 26
      vertex -104.4 0 101.265
      vertex -113.4 0 26
    endloop
  endfacet
  facet normal 0 1 0
    outer loop
      vertex -104.4 0 101.265
      vertex -116.4 0 26
      vertex -116.4 0 144.065
    endloop
  endfacet
  facet normal 0 -0.707107 -0.707107
    outer loop
      vertex -116.4 -87.4037 3.71875e-08
      vertex 116.4 -97.4037 10
      vertex -116.4 -97.4037 10
    endloop
  endfacet
  facet normal 0 -0.707107 -0.707107
    outer loop
      vertex 116.4 -97.4037 10
      vertex -116.4 -87.4037 3.71875e-08
      vertex 116.4 -87.4037 3.71875e-08
    endloop
  endfacet
  facet normal 1 0 0
    outer loop
      vertex 116.4 0 144.065
      vertex 116.4 -4 26
      vertex 116.4 0 26
    endloop
  endfacet
  facet normal 1 0 0
    outer loop
      vertex 116.4 0 144.065
      vertex 116.4 -4.93861 25.9261
      vertex 116.4 -4 26
    endloop
  endfacet
  facet normal 1 0 0
    outer loop
      vertex 116.4 0 144.065
      vertex 116.4 -5.8541 25.7063
      vertex 116.4 -4.93861 25.9261
    endloop
  endfacet
  facet normal 1 0 0
    outer loop
      vertex 116.4 0 144.065
      vertex 116.4 -6.72394 25.346
      vertex 116.4 -5.8541 25.7063
    endloop
  endfacet
  facet normal 1 0 0
    outer loop
      vertex 116.4 0 144.065
      vertex 116.4 -7.52671 24.8541
      vertex 116.4 -6.72394 25.346
    endloop
  endfacet
  facet normal 1 0 0
    outer loop
      vertex 116.4 0 144.065
      vertex 116.4 -8.24264 24.2426
      vertex 116.4 -7.52671 24.8541
    endloop
  endfacet
  facet normal 1 0 0
    outer loop
      vertex 116.4 -97.4037 10
      vertex 116.4 -8.24264 24.2426
      vertex 116.4 0 144.065
    endloop
  endfacet
  facet normal 1 0 0
    outer loop
      vertex 116.4 -8.24264 24.2426
      vertex 116.4 -97.4037 10
      vertex 116.4 -8.8541 23.5267
    endloop
  endfacet
  facet normal 1 0 0
    outer loop
      vertex 116.4 -8.8541 23.5267
      vertex 116.4 -97.4037 10
      vertex 116.4 -9.34604 22.7239
    endloop
  endfacet
  facet normal 1 0 0
    outer loop
      vertex 116.4 -9.34604 22.7239
      vertex 116.4 -97.4037 10
      vertex 116.4 -9.70634 21.8541
    endloop
  endfacet
  facet normal 1 0 0
    outer loop
      vertex 116.4 -9.92613 20.9386
      vertex 116.4 -87.4037 3.71875e-08
      vertex 116.4 -10 20
    endloop
  endfacet
  facet normal 1 0 -0
    outer loop
      vertex 116.4 -87.4037 3.71875e-08
      vertex 116.4 -9.70634 21.8541
      vertex 116.4 -97.4037 10
    endloop
  endfacet
  facet normal 1 0 0
    outer loop
      vertex 116.4 -9.70634 21.8541
      vertex 116.4 -87.4037 3.71875e-08
      vertex 116.4 -9.92613 20.9386
    endloop
  endfacet
  facet normal 1 -0 0
    outer loop
      vertex 116.4 -4 14
      vertex 116.4 0 3.71875e-08
      vertex 116.4 0 14
    endloop
  endfacet
  facet normal 1 0 0
    outer loop
      vertex 116.4 -4.93861 14.0739
      vertex 116.4 0 3.71875e-08
      vertex 116.4 -4 14
    endloop
  endfacet
  facet normal 1 0 0
    outer loop
      vertex 116.4 -5.8541 14.2937
      vertex 116.4 0 3.71875e-08
      vertex 116.4 -4.93861 14.0739
    endloop
  endfacet
  facet normal 1 0 0
    outer loop
      vertex 116.4 -6.72394 14.654
      vertex 116.4 0 3.71875e-08
      vertex 116.4 -5.8541 14.2937
    endloop
  endfacet
  facet normal 1 0 0
    outer loop
      vertex 116.4 -7.52671 15.1459
      vertex 116.4 0 3.71875e-08
      vertex 116.4 -6.72394 14.654
    endloop
  endfacet
  facet normal 1 0 0
    outer loop
      vertex 116.4 -8.24264 15.7574
      vertex 116.4 0 3.71875e-08
      vertex 116.4 -7.52671 15.1459
    endloop
  endfacet
  facet normal 1 0 0
    outer loop
      vertex 116.4 -8.8541 16.4733
      vertex 116.4 0 3.71875e-08
      vertex 116.4 -8.24264 15.7574
    endloop
  endfacet
  facet normal 1 0 0
    outer loop
      vertex 116.4 -87.4037 3.71875e-08
      vertex 116.4 -8.8541 16.4733
      vertex 116.4 -9.34604 17.2761
    endloop
  endfacet
  facet normal 1 0 0
    outer loop
      vertex 116.4 -8.8541 16.4733
      vertex 116.4 -87.4037 3.71875e-08
      vertex 116.4 0 3.71875e-08
    endloop
  endfacet
  facet normal 1 0 0
    outer loop
      vertex 116.4 -9.70634 18.1459
      vertex 116.4 -87.4037 3.71875e-08
      vertex 116.4 -9.34604 17.2761
    endloop
  endfacet
  facet normal 1 0 0
    outer loop
      vertex 116.4 -9.92613 19.0614
      vertex 116.4 -87.4037 3.71875e-08
      vertex 116.4 -9.70634 18.1459
    endloop
  endfacet
  facet normal 1 0 0
    outer loop
      vertex 116.4 -87.4037 3.71875e-08
      vertex 116.4 -9.92613 19.0614
      vertex 116.4 -10 20
    endloop
  endfacet
  facet normal 0 0 -1
    outer loop
      vertex -116.4 -87.4037 3.71875e-08
      vertex 116.4 0 3.71875e-08
      vertex 116.4 -87.4037 3.71875e-08
    endloop
  endfacet
  facet normal -0 0 -1
    outer loop
      vertex 116.4 0 3.71875e-08
      vertex -116.4 -87.4037 3.71875e-08
      vertex -116.4 0 3.71875e-08
    endloop
  endfacet
  facet normal -0.000197731 -0.807132 0.590371
    outer loop
      vertex 17.0414 -89.1456 21.3663
      vertex 74.175 -87.0586 24.2387
      vertex 16.9345 -89.1406 21.3731
    endloop
  endfacet
  facet normal -2.38266e-06 -0.809027 0.587772
    outer loop
      vertex 74.175 -87.0586 24.2387
      vertex 105.866 -89.1406 21.3731
      vertex 106.4 -89.1159 21.4071
    endloop
  endfacet
  facet normal 2.08183e-05 -0.809203 0.587529
    outer loop
      vertex 17.667 -89.2338 21.2448
      vertex 74.175 -87.0586 24.2387
      vertex 17.0414 -89.1456 21.3663
    endloop
  endfacet
  facet normal 0.000263579 -0.807626 0.589695
    outer loop
      vertex 74.175 -87.0586 24.2387
      vertex 105.759 -89.1456 21.3663
      vertex 105.866 -89.1406 21.3731
    endloop
  endfacet
  facet normal -8.77032e-05 -0.808229 0.588869
    outer loop
      vertex 17.766 -89.258 21.2116
      vertex 74.175 -87.0586 24.2387
      vertex 17.667 -89.2338 21.2448
    endloop
  endfacet
  facet normal -3.22804e-05 -0.809175 0.587568
    outer loop
      vertex 74.175 -87.0586 24.2387
      vertex 105.133 -89.2338 21.2448
      vertex 105.759 -89.1456 21.3663
    endloop
  endfacet
  facet normal 2.39353e-06 -0.809028 0.587771
    outer loop
      vertex 18.2614 -89.3786 21.0456
      vertex 74.175 -87.0586 24.2387
      vertex 17.766 -89.258 21.2116
    endloop
  endfacet
  facet normal 0.000143898 -0.808308 0.588759
    outer loop
      vertex 74.175 -87.0586 24.2387
      vertex 105.034 -89.258 21.2116
      vertex 105.133 -89.2338 21.2448
    endloop
  endfacet
  facet normal 8.14834e-06 -0.809076 0.587705
    outer loop
      vertex 18.8099 -89.5761 20.7737
      vertex 74.175 -87.0586 24.2387
      vertex 18.2614 -89.3786 21.0456
    endloop
  endfacet
  facet normal -3.92721e-06 -0.809025 0.587774
    outer loop
      vertex 74.175 -87.0586 24.2387
      vertex 104.539 -89.3786 21.0456
      vertex 105.034 -89.258 21.2116
    endloop
  endfacet
  facet normal -5.02963e-06 -0.808975 0.587842
    outer loop
      vertex 19.2176 -89.7808 20.492
      vertex 74.175 -87.0586 24.2387
      vertex 18.8099 -89.5761 20.7737
    endloop
  endfacet
  facet normal -1.38025e-05 -0.80907 0.587712
    outer loop
      vertex 74.175 -87.0586 24.2387
      vertex 103.99 -89.5761 20.7737
      vertex 104.539 -89.3786 21.0456
    endloop
  endfacet
  facet normal 6.9432e-05 -0.809495 0.587127
    outer loop
      vertex 19.2991 -89.8217 20.4356
      vertex 74.175 -87.0586 24.2387
      vertex 19.2176 -89.7808 20.492
    endloop
  endfacet
  facet normal 8.71832e-06 -0.808978 0.587839
    outer loop
      vertex 74.175 -87.0586 24.2387
      vertex 103.582 -89.7808 20.492
      vertex 103.99 -89.5761 20.7737
    endloop
  endfacet
  facet normal -9.59082e-05 -0.80836 0.588689
    outer loop
      vertex 19.3688 -89.8697 20.3697
      vertex 74.175 -87.0586 24.2387
      vertex 19.2991 -89.8217 20.4356
    endloop
  endfacet
  facet normal -0.000120488 -0.80946 0.587175
    outer loop
      vertex 74.175 -87.0586 24.2387
      vertex 103.501 -89.8217 20.4356
      vertex 103.582 -89.7808 20.492
    endloop
  endfacet
  facet normal 1.53882e-05 -0.80911 0.587657
    outer loop
      vertex 19.717 -90.1093 20.0398
      vertex 74.175 -87.0586 24.2387
      vertex 19.3688 -89.8697 20.3697
    endloop
  endfacet
  facet normal 0.000169308 -0.808397 0.588637
    outer loop
      vertex 74.175 -87.0586 24.2387
      vertex 103.431 -89.8697 20.3697
      vertex 103.501 -89.8217 20.4356
    endloop
  endfacet
  facet normal 5.54449e-06 -0.809049 0.587741
    outer loop
      vertex 20.0531 -90.4317 19.596
      vertex 74.175 -87.0586 24.2387
      vertex 19.717 -90.1093 20.0398
    endloop
  endfacet
  facet normal -2.71828e-05 -0.809104 0.587665
    outer loop
      vertex 74.175 -87.0586 24.2387
      vertex 103.083 -90.1093 20.0398
      vertex 103.431 -89.8697 20.3697
    endloop
  endfacet
  facet normal -1.11048e-05 -0.808957 0.587868
    outer loop
      vertex 20.2993 -90.7811 19.1152
      vertex 74.175 -87.0586 24.2387
      vertex 20.0531 -90.4317 19.596
    endloop
  endfacet
  facet normal -9.95956e-06 -0.809048 0.587743
    outer loop
      vertex 74.175 -87.0586 24.2387
      vertex 102.747 -90.4317 19.596
      vertex 103.083 -90.1093 20.0398
    endloop
  endfacet
  facet normal 1.07374e-05 -0.809066 0.587717
    outer loop
      vertex 20.4245 -91.0875 18.6934
      vertex 74.175 -87.0586 24.2387
      vertex 20.2993 -90.7811 19.1152
    endloop
  endfacet
  facet normal 2.02736e-05 -0.808959 0.587865
    outer loop
      vertex 74.175 -87.0586 24.2387
      vertex 102.501 -90.7811 19.1152
      vertex 102.747 -90.4317 19.596
    endloop
  endfacet
  facet normal -5.03339e-05 -0.808785 0.588105
    outer loop
      vertex 20.4495 -91.1488 18.6091
      vertex 74.175 -87.0586 24.2387
      vertex 20.4245 -91.0875 18.6934
    endloop
  endfacet
  facet normal -1.99304e-05 -0.809065 0.587719
    outer loop
      vertex 74.175 -87.0586 24.2387
      vertex 102.376 -91.0875 18.6934
      vertex 102.501 -90.7811 19.1152
    endloop
  endfacet
  facet normal 4.54069e-05 -0.809219 0.587507
    outer loop
      vertex 20.4579 -91.2116 18.5226
      vertex 74.175 -87.0586 24.2387
      vertex 20.4495 -91.1488 18.6091
    endloop
  endfacet
  facet normal 9.32179e-05 -0.808791 0.588096
    outer loop
      vertex 74.175 -87.0586 24.2387
      vertex 102.35 -91.1488 18.6091
      vertex 102.376 -91.0875 18.6934
    endloop
  endfacet
  facet normal -8.32216e-06 -0.808979 0.587837
    outer loop
      vertex 20.5 -91.5258 18.0902
      vertex 74.175 -87.0586 24.2387
      vertex 20.4579 -91.2116 18.5226
    endloop
  endfacet
  facet normal -8.5878e-05 -0.809217 0.587509
    outer loop
      vertex 74.175 -87.0586 24.2387
      vertex 102.342 -91.2116 18.5226
      vertex 102.35 -91.1488 18.6091
    endloop
  endfacet
  facet normal 1.33889e-06 -0.809019 0.587782
    outer loop
      vertex 20.4495 -91.9028 17.5713
      vertex 74.175 -87.0586 24.2387
      vertex 20.5 -91.5258 18.0902
    endloop
  endfacet
  facet normal 1.57256e-05 -0.808979 0.587837
    outer loop
      vertex 74.175 -87.0586 24.2387
      vertex 102.3 -91.5258 18.0902
      vertex 102.342 -91.2116 18.5226
    endloop
  endfacet
  facet normal 1.44078e-06 -0.80902 0.587782
    outer loop
      vertex 20.2993 -92.2705 17.0652
      vertex 74.175 -87.0586 24.2387
      vertex 20.4495 -91.9028 17.5713
    endloop
  endfacet
  facet normal -2.58109e-06 -0.809019 0.587782
    outer loop
      vertex 74.175 -87.0586 24.2387
      vertex 102.35 -91.9028 17.5713
      vertex 102.3 -91.5258 18.0902
    endloop
  endfacet
  facet normal 9.98328e-05 -0.809371 0.587298
    outer loop
      vertex 20.2583 -92.3287 16.985
      vertex 74.175 -87.0586 24.2387
      vertex 20.2993 -92.2705 17.0652
    endloop
  endfacet
  facet normal -2.84719e-06 -0.80902 0.587781
    outer loop
      vertex 74.175 -87.0586 24.2387
      vertex 102.501 -92.2705 17.0652
      vertex 102.35 -91.9028 17.5713
    endloop
  endfacet
  facet normal -2.20521e-05 -0.80894 0.587891
    outer loop
      vertex 20.0531 -92.6199 16.5843
      vertex 74.175 -87.0586 24.2387
      vertex 20.2583 -92.3287 16.985
    endloop
  endfacet
  facet normal -0.000203279 -0.809396 0.587263
    outer loop
      vertex 74.175 -87.0586 24.2387
      vertex 102.542 -92.3287 16.985
      vertex 102.501 -92.2705 17.0652
    endloop
  endfacet
  facet normal -7.62982e-06 -0.808989 0.587824
    outer loop
      vertex 19.773 -92.8886 16.2145
      vertex 74.175 -87.0586 24.2387
      vertex 20.0531 -92.6199 16.5843
    endloop
  endfacet
  facet normal 4.48999e-05 -0.808935 0.587899
    outer loop
      vertex 74.175 -87.0586 24.2387
      vertex 102.747 -92.6199 16.5843
      vertex 102.542 -92.3287 16.985
    endloop
  endfacet
  facet normal 0.000117788 -0.809393 0.587268
    outer loop
      vertex 19.717 -92.9423 16.1405
      vertex 74.175 -87.0586 24.2387
      vertex 19.773 -92.8886 16.2145
    endloop
  endfacet
  facet normal 1.6188e-05 -0.808986 0.587828
    outer loop
      vertex 74.175 -87.0586 24.2387
      vertex 103.027 -92.8886 16.2145
      vertex 102.747 -92.6199 16.5843
    endloop
  endfacet
  facet normal -1.21928e-05 -0.808977 0.58784
    outer loop
      vertex 19.2991 -93.2299 15.7447
      vertex 74.175 -87.0586 24.2387
      vertex 19.717 -92.9423 16.1405
    endloop
  endfacet
  facet normal -0.000249916 -0.80944 0.587202
    outer loop
      vertex 74.175 -87.0586 24.2387
      vertex 103.083 -92.9423 16.1405
      vertex 103.027 -92.8886 16.2145
    endloop
  endfacet
  facet normal -1.2759e-05 -0.808976 0.587842
    outer loop
      vertex 18.8099 -93.4755 15.4067
      vertex 74.175 -87.0586 24.2387
      vertex 19.2991 -93.2299 15.7447
    endloop
  endfacet
  facet normal 2.7498e-05 -0.80897 0.58785
    outer loop
      vertex 74.175 -87.0586 24.2387
      vertex 103.501 -93.2299 15.7447
      vertex 103.083 -92.9423 16.1405
    endloop
  endfacet
  facet normal 1.53338e-05 -0.809059 0.587727
    outer loop
      vertex 18.2614 -93.6731 15.1347
      vertex 74.175 -87.0586 24.2387
      vertex 18.8099 -93.4755 15.4067
    endloop
  endfacet
  facet normal 3.18886e-05 -0.808962 0.58786
    outer loop
      vertex 74.175 -87.0586 24.2387
      vertex 103.99 -93.4755 15.4067
      vertex 103.501 -93.2299 15.7447
    endloop
  endfacet
  facet normal 0 -0.809015 0.587789
    outer loop
      vertex 104.539 -93.6731 15.1347
      vertex 74.175 -87.0586 24.2387
      vertex 18.2614 -93.6731 15.1347
    endloop
  endfacet
  facet normal -4.80356e-05 -0.809091 0.587684
    outer loop
      vertex 74.175 -87.0586 24.2387
      vertex 104.539 -93.6731 15.1347
      vertex 103.99 -93.4755 15.4067
    endloop
  endfacet
  facet normal -5.17019e-06 -0.809062 0.587723
    outer loop
      vertex 116.4 -97.4037 10
      vertex 18.2614 -93.6731 15.1347
      vertex 17.667 -93.8178 14.9355
    endloop
  endfacet
  facet normal 0 -0.809015 0.587788
    outer loop
      vertex 18.2614 -93.6731 15.1347
      vertex 116.4 -97.4037 10
      vertex 104.539 -93.6731 15.1347
    endloop
  endfacet
  facet normal 6.31772e-06 -0.808953 0.587873
    outer loop
      vertex 116.4 -97.4037 10
      vertex 17.667 -93.8178 14.9355
      vertex 17.0414 -93.9061 14.814
    endloop
  endfacet
  facet normal 0.000169968 -0.808829 0.588044
    outer loop
      vertex 104.539 -93.6731 15.1347
      vertex 116.4 -97.4037 10
      vertex 105.133 -93.8178 14.9355
    endloop
  endfacet
  facet normal -2.35334e-05 -0.809246 0.58747
    outer loop
      vertex 116.4 -97.4037 10
      vertex 17.0414 -93.9061 14.814
      vertex 16.4 -93.9357 14.7732
    endloop
  endfacet
  facet normal -5.53901e-05 -0.809073 0.587708
    outer loop
      vertex 105.133 -93.8178 14.9355
      vertex 116.4 -97.4037 10
      vertex 105.759 -93.9061 14.814
    endloop
  endfacet
  facet normal 0 -0.809045 0.587747
    outer loop
      vertex -15.8655 -89.1406 21.3731
      vertex 16.4 -89.1159 21.4071
      vertex -16.4 -89.1159 21.4071
    endloop
  endfacet
  facet normal 0 -0.809045 0.587747
    outer loop
      vertex -15.8655 -89.1406 21.3731
      vertex 15.8655 -89.1406 21.3731
      vertex 16.4 -89.1159 21.4071
    endloop
  endfacet
  facet normal 0 -0.805651 0.59239
    outer loop
      vertex -15.7586 -89.1456 21.3663
      vertex 15.8655 -89.1406 21.3731
      vertex -15.8655 -89.1406 21.3731
    endloop
  endfacet
  facet normal 0 -0.805651 0.59239
    outer loop
      vertex -15.7586 -89.1456 21.3663
      vertex 15.7586 -89.1456 21.3663
      vertex 15.8655 -89.1406 21.3731
    endloop
  endfacet
  facet normal 0 -0.809254 0.587459
    outer loop
      vertex -15.133 -89.2338 21.2448
      vertex 15.7586 -89.1456 21.3663
      vertex -15.7586 -89.1456 21.3663
    endloop
  endfacet
  facet normal 0 -0.809254 0.587459
    outer loop
      vertex -15.133 -89.2338 21.2448
      vertex 15.133 -89.2338 21.2448
      vertex 15.7586 -89.1456 21.3663
    endloop
  endfacet
  facet normal 0 -0.808104 0.58904
    outer loop
      vertex -15.034 -89.258 21.2116
      vertex 15.133 -89.2338 21.2448
      vertex -15.133 -89.2338 21.2448
    endloop
  endfacet
  facet normal 0 -0.808104 0.58904
    outer loop
      vertex -15.034 -89.258 21.2116
      vertex 15.034 -89.258 21.2116
      vertex 15.133 -89.2338 21.2448
    endloop
  endfacet
  facet normal 0 -0.809031 0.587766
    outer loop
      vertex -14.5386 -89.3786 21.0456
      vertex 15.034 -89.258 21.2116
      vertex -15.034 -89.258 21.2116
    endloop
  endfacet
  facet normal 0 -0.809031 0.587766
    outer loop
      vertex -14.5386 -89.3786 21.0456
      vertex 14.5386 -89.3786 21.0456
      vertex 15.034 -89.258 21.2116
    endloop
  endfacet
  facet normal 0 -0.809083 0.587694
    outer loop
      vertex -13.9901 -89.5761 20.7737
      vertex 14.5386 -89.3786 21.0456
      vertex -14.5386 -89.3786 21.0456
    endloop
  endfacet
  facet normal 0 -0.809083 0.587694
    outer loop
      vertex -13.9901 -89.5761 20.7737
      vertex 13.9901 -89.5761 20.7737
      vertex 14.5386 -89.3786 21.0456
    endloop
  endfacet
  facet normal 0 -0.808972 0.587847
    outer loop
      vertex -13.5824 -89.7808 20.492
      vertex 13.9901 -89.5761 20.7737
      vertex -13.9901 -89.5761 20.7737
    endloop
  endfacet
  facet normal 0 -0.808972 0.587847
    outer loop
      vertex -13.5824 -89.7808 20.492
      vertex 13.5824 -89.7808 20.492
      vertex 13.9901 -89.5761 20.7737
    endloop
  endfacet
  facet normal 0 -0.809542 0.587062
    outer loop
      vertex -13.5009 -89.8217 20.4356
      vertex 13.5824 -89.7808 20.492
      vertex -13.5824 -89.7808 20.492
    endloop
  endfacet
  facet normal 0 -0.809542 0.587062
    outer loop
      vertex -13.5009 -89.8217 20.4356
      vertex 13.5009 -89.8217 20.4356
      vertex 13.5824 -89.7808 20.492
    endloop
  endfacet
  facet normal 0 -0.808312 0.588755
    outer loop
      vertex -13.4312 -89.8697 20.3697
      vertex 13.5009 -89.8217 20.4356
      vertex -13.5009 -89.8217 20.4356
    endloop
  endfacet
  facet normal 0 -0.808312 0.588755
    outer loop
      vertex -13.4312 -89.8697 20.3697
      vertex 13.4312 -89.8697 20.3697
      vertex 13.5009 -89.8217 20.4356
    endloop
  endfacet
  facet normal 0 -0.809118 0.587647
    outer loop
      vertex -13.083 -90.1093 20.0398
      vertex 13.4312 -89.8697 20.3697
      vertex -13.4312 -89.8697 20.3697
    endloop
  endfacet
  facet normal 0 -0.809118 0.587647
    outer loop
      vertex -13.083 -90.1093 20.0398
      vertex 13.083 -90.1093 20.0398
      vertex 13.4312 -89.8697 20.3697
    endloop
  endfacet
  facet normal 0 -0.809051 0.587738
    outer loop
      vertex -12.7469 -90.4317 19.596
      vertex 13.083 -90.1093 20.0398
      vertex -13.083 -90.1093 20.0398
    endloop
  endfacet
  facet normal 0 -0.809051 0.587738
    outer loop
      vertex -12.7469 -90.4317 19.596
      vertex 12.7469 -90.4317 19.596
      vertex 13.083 -90.1093 20.0398
    endloop
  endfacet
  facet normal 0 -0.808954 0.587872
    outer loop
      vertex -12.5007 -90.7811 19.1152
      vertex 12.7469 -90.4317 19.596
      vertex -12.7469 -90.4317 19.596
    endloop
  endfacet
  facet normal 0 -0.808954 0.587872
    outer loop
      vertex -12.5007 -90.7811 19.1152
      vertex 12.5007 -90.7811 19.1152
      vertex 12.7469 -90.4317 19.596
    endloop
  endfacet
  facet normal 0 -0.809068 0.587715
    outer loop
      vertex -12.3755 -91.0875 18.6934
      vertex 12.5007 -90.7811 19.1152
      vertex -12.5007 -90.7811 19.1152
    endloop
  endfacet
  facet normal 0 -0.809068 0.587715
    outer loop
      vertex -12.3755 -91.0875 18.6934
      vertex 12.3755 -91.0875 18.6934
      vertex 12.5007 -90.7811 19.1152
    endloop
  endfacet
  facet normal 0 -0.808778 0.588115
    outer loop
      vertex -12.3505 -91.1488 18.6091
      vertex 12.3755 -91.0875 18.6934
      vertex -12.3755 -91.0875 18.6934
    endloop
  endfacet
  facet normal 0 -0.808778 0.588115
    outer loop
      vertex -12.3505 -91.1488 18.6091
      vertex 12.3505 -91.1488 18.6091
      vertex 12.3755 -91.0875 18.6934
    endloop
  endfacet
  facet normal 0 -0.809221 0.587504
    outer loop
      vertex -12.3421 -91.2116 18.5226
      vertex 12.3505 -91.1488 18.6091
      vertex -12.3505 -91.1488 18.6091
    endloop
  endfacet
  facet normal 0 -0.809221 0.587504
    outer loop
      vertex -12.3421 -91.2116 18.5226
      vertex 12.3421 -91.2116 18.5226
      vertex 12.3505 -91.1488 18.6091
    endloop
  endfacet
  facet normal 0 -0.808979 0.587838
    outer loop
      vertex -12.3 -91.5258 18.0902
      vertex 12.3421 -91.2116 18.5226
      vertex -12.3421 -91.2116 18.5226
    endloop
  endfacet
  facet normal 0 -0.808979 0.587838
    outer loop
      vertex -12.3 -91.5258 18.0902
      vertex 12.3 -91.5258 18.0902
      vertex 12.3421 -91.2116 18.5226
    endloop
  endfacet
  facet normal 0 -0.809019 0.587782
    outer loop
      vertex -12.3505 -91.9028 17.5713
      vertex 12.3 -91.5258 18.0902
      vertex -12.3 -91.5258 18.0902
    endloop
  endfacet
  facet normal 0 -0.809019 0.587782
    outer loop
      vertex -12.3505 -91.9028 17.5713
      vertex 12.3505 -91.9028 17.5713
      vertex 12.3 -91.5258 18.0902
    endloop
  endfacet
  facet normal 0 -0.809019 0.587782
    outer loop
      vertex -12.5007 -92.2705 17.0652
      vertex 12.3505 -91.9028 17.5713
      vertex -12.3505 -91.9028 17.5713
    endloop
  endfacet
  facet normal 0 -0.809019 0.587782
    outer loop
      vertex -12.5007 -92.2705 17.0652
      vertex 12.5007 -92.2705 17.0652
      vertex 12.3505 -91.9028 17.5713
    endloop
  endfacet
  facet normal 0 -0.809347 0.587331
    outer loop
      vertex -12.5417 -92.3287 16.985
      vertex 12.5007 -92.2705 17.0652
      vertex -12.5007 -92.2705 17.0652
    endloop
  endfacet
  facet normal 0 -0.809347 0.587331
    outer loop
      vertex -12.5417 -92.3287 16.985
      vertex 12.5417 -92.3287 16.985
      vertex 12.5007 -92.2705 17.0652
    endloop
  endfacet
  facet normal 0 -0.808946 0.587884
    outer loop
      vertex -12.7469 -92.6199 16.5843
      vertex 12.5417 -92.3287 16.985
      vertex -12.5417 -92.3287 16.985
    endloop
  endfacet
  facet normal 0 -0.808946 0.587884
    outer loop
      vertex -12.7469 -92.6199 16.5843
      vertex 12.7469 -92.6199 16.5843
      vertex 12.5417 -92.3287 16.985
    endloop
  endfacet
  facet normal 0 -0.808991 0.58782
    outer loop
      vertex -13.027 -92.8886 16.2145
      vertex 12.7469 -92.6199 16.5843
      vertex -12.7469 -92.6199 16.5843
    endloop
  endfacet
  facet normal 0 -0.808991 0.58782
    outer loop
      vertex -13.027 -92.8886 16.2145
      vertex 13.027 -92.8886 16.2145
      vertex 12.7469 -92.6199 16.5843
    endloop
  endfacet
  facet normal 0 -0.80935 0.587326
    outer loop
      vertex -13.083 -92.9423 16.1405
      vertex 13.027 -92.8886 16.2145
      vertex -13.027 -92.8886 16.2145
    endloop
  endfacet
  facet normal 0 -0.80935 0.587326
    outer loop
      vertex -13.083 -92.9423 16.1405
      vertex 13.083 -92.9423 16.1405
      vertex 13.027 -92.8886 16.2145
    endloop
  endfacet
  facet normal 0 -0.808983 0.587831
    outer loop
      vertex -13.5009 -93.2299 15.7447
      vertex 13.083 -92.9423 16.1405
      vertex -13.083 -92.9423 16.1405
    endloop
  endfacet
  facet normal 0 -0.808983 0.587831
    outer loop
      vertex -13.5009 -93.2299 15.7447
      vertex 13.5009 -93.2299 15.7447
      vertex 13.083 -92.9423 16.1405
    endloop
  endfacet
  facet normal 0 -0.808984 0.58783
    outer loop
      vertex -13.9901 -93.4755 15.4067
      vertex 13.5009 -93.2299 15.7447
      vertex -13.5009 -93.2299 15.7447
    endloop
  endfacet
  facet normal 0 -0.808984 0.58783
    outer loop
      vertex -13.9901 -93.4755 15.4067
      vertex 13.9901 -93.4755 15.4067
      vertex 13.5009 -93.2299 15.7447
    endloop
  endfacet
  facet normal 0 -0.809045 0.587747
    outer loop
      vertex -14.5386 -93.6731 15.1347
      vertex 13.9901 -93.4755 15.4067
      vertex -13.9901 -93.4755 15.4067
    endloop
  endfacet
  facet normal 0 -0.809045 0.587747
    outer loop
      vertex -14.5386 -93.6731 15.1347
      vertex 14.5386 -93.6731 15.1347
      vertex 13.9901 -93.4755 15.4067
    endloop
  endfacet
  facet normal 0 -0.80907 0.587713
    outer loop
      vertex -15.133 -93.8178 14.9355
      vertex 14.5386 -93.6731 15.1347
      vertex -14.5386 -93.6731 15.1347
    endloop
  endfacet
  facet normal 0 -0.80907 0.587713
    outer loop
      vertex -15.133 -93.8178 14.9355
      vertex 15.133 -93.8178 14.9355
      vertex 14.5386 -93.6731 15.1347
    endloop
  endfacet
  facet normal 0 -0.808938 0.587895
    outer loop
      vertex -15.7586 -93.9061 14.814
      vertex 15.133 -93.8178 14.9355
      vertex -15.133 -93.8178 14.9355
    endloop
  endfacet
  facet normal 0 -0.808938 0.587895
    outer loop
      vertex -15.7586 -93.9061 14.814
      vertex 15.7586 -93.9061 14.814
      vertex 15.133 -93.8178 14.9355
    endloop
  endfacet
  facet normal 0 -0.809422 0.587228
    outer loop
      vertex -16.4 -93.9357 14.7732
      vertex 15.7586 -93.9061 14.814
      vertex -15.7586 -93.9061 14.814
    endloop
  endfacet
  facet normal 0 -0.809422 0.587228
    outer loop
      vertex 15.7586 -93.9061 14.814
      vertex -16.4 -93.9357 14.7732
      vertex 16.4 -93.9357 14.7732
    endloop
  endfacet
  facet normal 9.68255e-05 -0.809017 0.587785
    outer loop
      vertex -105.133 -89.2338 21.2448
      vertex -105.133 -18.1698 119.056
      vertex -105.759 -89.1456 21.3663
    endloop
  endfacet
  facet normal -1.78656e-06 -0.809031 0.587766
    outer loop
      vertex -74.175 -87.0586 24.2387
      vertex -16.9345 -89.1406 21.3731
      vertex -16.4 -89.1159 21.4071
    endloop
  endfacet
  facet normal 1.10247e-07 -0.809017 0.587785
    outer loop
      vertex -105.133 -18.1698 119.056
      vertex -105.133 -89.2338 21.2448
      vertex -74.175 -87.0586 24.2387
    endloop
  endfacet
  facet normal 0.000197731 -0.807132 0.590371
    outer loop
      vertex -74.175 -87.0586 24.2387
      vertex -17.0414 -89.1456 21.3663
      vertex -16.9345 -89.1406 21.3731
    endloop
  endfacet
  facet normal -0.000143898 -0.808308 0.588759
    outer loop
      vertex -105.034 -89.258 21.2116
      vertex -74.175 -87.0586 24.2387
      vertex -105.133 -89.2338 21.2448
    endloop
  endfacet
  facet normal -2.08183e-05 -0.809203 0.587529
    outer loop
      vertex -74.175 -87.0586 24.2387
      vertex -17.667 -89.2338 21.2448
      vertex -17.0414 -89.1456 21.3663
    endloop
  endfacet
  facet normal 3.92721e-06 -0.809025 0.587774
    outer loop
      vertex -104.539 -89.3786 21.0456
      vertex -74.175 -87.0586 24.2387
      vertex -105.034 -89.258 21.2116
    endloop
  endfacet
  facet normal 8.77032e-05 -0.808229 0.588869
    outer loop
      vertex -74.175 -87.0586 24.2387
      vertex -17.766 -89.258 21.2116
      vertex -17.667 -89.2338 21.2448
    endloop
  endfacet
  facet normal 1.38025e-05 -0.80907 0.587712
    outer loop
      vertex -103.99 -89.5761 20.7737
      vertex -74.175 -87.0586 24.2387
      vertex -104.539 -89.3786 21.0456
    endloop
  endfacet
  facet normal -2.39353e-06 -0.809028 0.587771
    outer loop
      vertex -74.175 -87.0586 24.2387
      vertex -18.2614 -89.3786 21.0456
      vertex -17.766 -89.258 21.2116
    endloop
  endfacet
  facet normal -8.71832e-06 -0.808978 0.587839
    outer loop
      vertex -103.582 -89.7808 20.492
      vertex -74.175 -87.0586 24.2387
      vertex -103.99 -89.5761 20.7737
    endloop
  endfacet
  facet normal -8.14834e-06 -0.809076 0.587705
    outer loop
      vertex -74.175 -87.0586 24.2387
      vertex -18.8099 -89.5761 20.7737
      vertex -18.2614 -89.3786 21.0456
    endloop
  endfacet
  facet normal 0.000120488 -0.80946 0.587175
    outer loop
      vertex -103.501 -89.8217 20.4356
      vertex -74.175 -87.0586 24.2387
      vertex -103.582 -89.7808 20.492
    endloop
  endfacet
  facet normal 5.02963e-06 -0.808975 0.587842
    outer loop
      vertex -74.175 -87.0586 24.2387
      vertex -19.2176 -89.7808 20.492
      vertex -18.8099 -89.5761 20.7737
    endloop
  endfacet
  facet normal -0.000169308 -0.808397 0.588637
    outer loop
      vertex -103.431 -89.8697 20.3697
      vertex -74.175 -87.0586 24.2387
      vertex -103.501 -89.8217 20.4356
    endloop
  endfacet
  facet normal -6.9432e-05 -0.809495 0.587127
    outer loop
      vertex -74.175 -87.0586 24.2387
      vertex -19.2991 -89.8217 20.4356
      vertex -19.2176 -89.7808 20.492
    endloop
  endfacet
  facet normal 2.71828e-05 -0.809104 0.587665
    outer loop
      vertex -103.083 -90.1093 20.0398
      vertex -74.175 -87.0586 24.2387
      vertex -103.431 -89.8697 20.3697
    endloop
  endfacet
  facet normal 9.59082e-05 -0.80836 0.588689
    outer loop
      vertex -74.175 -87.0586 24.2387
      vertex -19.3688 -89.8697 20.3697
      vertex -19.2991 -89.8217 20.4356
    endloop
  endfacet
  facet normal 9.95956e-06 -0.809048 0.587743
    outer loop
      vertex -102.747 -90.4317 19.596
      vertex -74.175 -87.0586 24.2387
      vertex -103.083 -90.1093 20.0398
    endloop
  endfacet
  facet normal -1.53882e-05 -0.80911 0.587657
    outer loop
      vertex -74.175 -87.0586 24.2387
      vertex -19.717 -90.1093 20.0398
      vertex -19.3688 -89.8697 20.3697
    endloop
  endfacet
  facet normal -2.02736e-05 -0.808959 0.587865
    outer loop
      vertex -102.501 -90.7811 19.1152
      vertex -74.175 -87.0586 24.2387
      vertex -102.747 -90.4317 19.596
    endloop
  endfacet
  facet normal -5.54449e-06 -0.809049 0.587741
    outer loop
      vertex -74.175 -87.0586 24.2387
      vertex -20.0531 -90.4317 19.596
      vertex -19.717 -90.1093 20.0398
    endloop
  endfacet
  facet normal 1.99304e-05 -0.809065 0.587719
    outer loop
      vertex -102.376 -91.0875 18.6934
      vertex -74.175 -87.0586 24.2387
      vertex -102.501 -90.7811 19.1152
    endloop
  endfacet
  facet normal 1.11048e-05 -0.808957 0.587868
    outer loop
      vertex -74.175 -87.0586 24.2387
      vertex -20.2993 -90.7811 19.1152
      vertex -20.0531 -90.4317 19.596
    endloop
  endfacet
  facet normal -9.32179e-05 -0.808791 0.588096
    outer loop
      vertex -102.35 -91.1488 18.6091
      vertex -74.175 -87.0586 24.2387
      vertex -102.376 -91.0875 18.6934
    endloop
  endfacet
  facet normal -1.07374e-05 -0.809066 0.587717
    outer loop
      vertex -74.175 -87.0586 24.2387
      vertex -20.4245 -91.0875 18.6934
      vertex -20.2993 -90.7811 19.1152
    endloop
  endfacet
  facet normal 8.5878e-05 -0.809217 0.587509
    outer loop
      vertex -102.342 -91.2116 18.5226
      vertex -74.175 -87.0586 24.2387
      vertex -102.35 -91.1488 18.6091
    endloop
  endfacet
  facet normal 5.03339e-05 -0.808785 0.588105
    outer loop
      vertex -74.175 -87.0586 24.2387
      vertex -20.4495 -91.1488 18.6091
      vertex -20.4245 -91.0875 18.6934
    endloop
  endfacet
  facet normal -1.57256e-05 -0.808979 0.587837
    outer loop
      vertex -102.3 -91.5258 18.0902
      vertex -74.175 -87.0586 24.2387
      vertex -102.342 -91.2116 18.5226
    endloop
  endfacet
  facet normal -4.54069e-05 -0.809219 0.587507
    outer loop
      vertex -74.175 -87.0586 24.2387
      vertex -20.4579 -91.2116 18.5226
      vertex -20.4495 -91.1488 18.6091
    endloop
  endfacet
  facet normal 2.58109e-06 -0.809019 0.587782
    outer loop
      vertex -102.35 -91.9028 17.5713
      vertex -74.175 -87.0586 24.2387
      vertex -102.3 -91.5258 18.0902
    endloop
  endfacet
  facet normal 8.32216e-06 -0.808979 0.587837
    outer loop
      vertex -74.175 -87.0586 24.2387
      vertex -20.5 -91.5258 18.0902
      vertex -20.4579 -91.2116 18.5226
    endloop
  endfacet
  facet normal 2.84719e-06 -0.80902 0.587781
    outer loop
      vertex -102.501 -92.2705 17.0652
      vertex -74.175 -87.0586 24.2387
      vertex -102.35 -91.9028 17.5713
    endloop
  endfacet
  facet normal -1.33889e-06 -0.809019 0.587782
    outer loop
      vertex -74.175 -87.0586 24.2387
      vertex -20.4495 -91.9028 17.5713
      vertex -20.5 -91.5258 18.0902
    endloop
  endfacet
  facet normal 0.000203279 -0.809396 0.587263
    outer loop
      vertex -102.542 -92.3287 16.985
      vertex -74.175 -87.0586 24.2387
      vertex -102.501 -92.2705 17.0652
    endloop
  endfacet
  facet normal -1.44078e-06 -0.80902 0.587782
    outer loop
      vertex -74.175 -87.0586 24.2387
      vertex -20.2993 -92.2705 17.0652
      vertex -20.4495 -91.9028 17.5713
    endloop
  endfacet
  facet normal -4.48999e-05 -0.808935 0.587899
    outer loop
      vertex -102.747 -92.6199 16.5843
      vertex -74.175 -87.0586 24.2387
      vertex -102.542 -92.3287 16.985
    endloop
  endfacet
  facet normal -9.98328e-05 -0.809371 0.587298
    outer loop
      vertex -74.175 -87.0586 24.2387
      vertex -20.2583 -92.3287 16.985
      vertex -20.2993 -92.2705 17.0652
    endloop
  endfacet
  facet normal -1.6188e-05 -0.808986 0.587828
    outer loop
      vertex -103.027 -92.8886 16.2145
      vertex -74.175 -87.0586 24.2387
      vertex -102.747 -92.6199 16.5843
    endloop
  endfacet
  facet normal 2.20521e-05 -0.80894 0.587891
    outer loop
      vertex -74.175 -87.0586 24.2387
      vertex -20.0531 -92.6199 16.5843
      vertex -20.2583 -92.3287 16.985
    endloop
  endfacet
  facet normal 0.000249916 -0.80944 0.587202
    outer loop
      vertex -103.083 -92.9423 16.1405
      vertex -74.175 -87.0586 24.2387
      vertex -103.027 -92.8886 16.2145
    endloop
  endfacet
  facet normal 7.62982e-06 -0.808989 0.587824
    outer loop
      vertex -74.175 -87.0586 24.2387
      vertex -19.773 -92.8886 16.2145
      vertex -20.0531 -92.6199 16.5843
    endloop
  endfacet
  facet normal -2.7498e-05 -0.80897 0.58785
    outer loop
      vertex -103.501 -93.2299 15.7447
      vertex -74.175 -87.0586 24.2387
      vertex -103.083 -92.9423 16.1405
    endloop
  endfacet
  facet normal -0.000117788 -0.809393 0.587268
    outer loop
      vertex -74.175 -87.0586 24.2387
      vertex -19.717 -92.9423 16.1405
      vertex -19.773 -92.8886 16.2145
    endloop
  endfacet
  facet normal -3.18886e-05 -0.808962 0.58786
    outer loop
      vertex -103.99 -93.4755 15.4067
      vertex -74.175 -87.0586 24.2387
      vertex -103.501 -93.2299 15.7447
    endloop
  endfacet
  facet normal 1.21928e-05 -0.808977 0.58784
    outer loop
      vertex -74.175 -87.0586 24.2387
      vertex -19.2991 -93.2299 15.7447
      vertex -19.717 -92.9423 16.1405
    endloop
  endfacet
  facet normal 4.80356e-05 -0.809091 0.587684
    outer loop
      vertex -104.539 -93.6731 15.1347
      vertex -74.175 -87.0586 24.2387
      vertex -103.99 -93.4755 15.4067
    endloop
  endfacet
  facet normal 1.2759e-05 -0.808976 0.587842
    outer loop
      vertex -74.175 -87.0586 24.2387
      vertex -18.8099 -93.4755 15.4067
      vertex -19.2991 -93.2299 15.7447
    endloop
  endfacet
  facet normal 0 -0.809015 0.587789
    outer loop
      vertex -18.2614 -93.6731 15.1347
      vertex -74.175 -87.0586 24.2387
      vertex -104.539 -93.6731 15.1347
    endloop
  endfacet
  facet normal -1.53338e-05 -0.809059 0.587727
    outer loop
      vertex -74.175 -87.0586 24.2387
      vertex -18.2614 -93.6731 15.1347
      vertex -18.8099 -93.4755 15.4067
    endloop
  endfacet
  facet normal -0.000169968 -0.808829 0.588044
    outer loop
      vertex -116.4 -97.4037 10
      vertex -104.539 -93.6731 15.1347
      vertex -105.133 -93.8178 14.9355
    endloop
  endfacet
  facet normal 0 -0.809015 0.587788
    outer loop
      vertex -104.539 -93.6731 15.1347
      vertex -116.4 -97.4037 10
      vertex -18.2614 -93.6731 15.1347
    endloop
  endfacet
  facet normal 5.53901e-05 -0.809073 0.587708
    outer loop
      vertex -116.4 -97.4037 10
      vertex -105.133 -93.8178 14.9355
      vertex -105.759 -93.9061 14.814
    endloop
  endfacet
  facet normal 5.17019e-06 -0.809062 0.587723
    outer loop
      vertex -18.2614 -93.6731 15.1347
      vertex -116.4 -97.4037 10
      vertex -17.667 -93.8178 14.9355
    endloop
  endfacet
  facet normal -6.33584e-05 -0.808948 0.58788
    outer loop
      vertex -116.4 -97.4037 10
      vertex -105.759 -93.9061 14.814
      vertex -106.4 -93.9357 14.7732
    endloop
  endfacet
  facet normal -6.31772e-06 -0.808953 0.587873
    outer loop
      vertex -17.667 -93.8178 14.9355
      vertex -116.4 -97.4037 10
      vertex -17.0414 -93.9061 14.814
    endloop
  endfacet
  facet normal 0.00021377 -0.809563 0.587034
    outer loop
      vertex 17.667 -13.5859 125.365
      vertex 116.4 0 144.065
      vertex 17.0414 -13.4976 125.487
    endloop
  endfacet
  facet normal -0.000115296 -0.808988 0.587825
    outer loop
      vertex 116.4 0 144.065
      vertex 105.759 -13.4976 125.487
      vertex 106.4 -13.4679 125.528
    endloop
  endfacet
  facet normal 1.24263e-06 -0.809029 0.587768
    outer loop
      vertex 18.1623 -13.7065 125.199
      vertex 116.4 0 144.065
      vertex 17.667 -13.5859 125.365
    endloop
  endfacet
  facet normal -0.000490876 -0.808885 0.587966
    outer loop
      vertex 116.4 0 144.065
      vertex 105.133 -13.5859 125.365
      vertex 105.759 -13.4976 125.487
    endloop
  endfacet
  facet normal -0.00037249 -0.808103 0.589041
    outer loop
      vertex 18.2614 -13.7306 125.166
      vertex 116.4 0 144.065
      vertex 18.1623 -13.7065 125.199
    endloop
  endfacet
  facet normal -4.31557e-06 -0.809025 0.587774
    outer loop
      vertex 116.4 0 144.065
      vertex 104.638 -13.7065 125.199
      vertex 105.133 -13.5859 125.365
    endloop
  endfacet
  facet normal -0.000512781 -0.807755 0.589517
    outer loop
      vertex 18.3528 -13.7635 125.121
      vertex 116.4 0 144.065
      vertex 18.2614 -13.7306 125.166
    endloop
  endfacet
  facet normal 0.0012889 -0.809407 0.587246
    outer loop
      vertex 116.4 0 144.065
      vertex 104.539 -13.7306 125.166
      vertex 104.638 -13.7065 125.199
    endloop
  endfacet
  facet normal 0.000110931 -0.809292 0.587406
    outer loop
      vertex 18.8099 -13.9282 124.894
      vertex 116.4 0 144.065
      vertex 18.3528 -13.7635 125.121
    endloop
  endfacet
  facet normal 0.00262108 -0.809802 0.586697
    outer loop
      vertex 116.4 0 144.065
      vertex 104.447 -13.7635 125.121
      vertex 104.539 -13.7306 125.166
    endloop
  endfacet
  facet normal -1.09803e-06 -0.809021 0.587779
    outer loop
      vertex 116.4 0 144.065
      vertex 18.8099 -13.9282 124.894
      vertex 74.175 -20.345 116.062
    endloop
  endfacet
  facet normal 2.94466e-06 -0.809024 0.587775
    outer loop
      vertex 103.501 -14.1738 124.556
      vertex 116.4 0 144.065
      vertex 74.175 -20.345 116.062
    endloop
  endfacet
  facet normal 1.46588e-05 -0.808974 0.587844
    outer loop
      vertex 74.175 -20.345 116.062
      vertex 18.8099 -13.9282 124.894
      vertex 19.2991 -14.1738 124.556
    endloop
  endfacet
  facet normal -0.000576649 -0.808846 0.58802
    outer loop
      vertex 116.4 0 144.065
      vertex 103.99 -13.9282 124.894
      vertex 104.447 -13.7635 125.121
    endloop
  endfacet
  facet normal -7.87931e-05 -0.809261 0.587449
    outer loop
      vertex 74.175 -20.345 116.062
      vertex 19.2991 -14.1738 124.556
      vertex 19.717 -14.4613 124.16
    endloop
  endfacet
  facet normal 0.000104021 -0.809056 0.587732
    outer loop
      vertex 116.4 0 144.065
      vertex 103.501 -14.1738 124.556
      vertex 103.99 -13.9282 124.894
    endloop
  endfacet
  facet normal 0.000193603 -0.80839 0.588647
    outer loop
      vertex 74.175 -20.345 116.062
      vertex 19.717 -14.4613 124.16
      vertex 20.0531 -14.7838 123.717
    endloop
  endfacet
  facet normal 0.00017769 -0.809311 0.58738
    outer loop
      vertex 103.501 -14.1738 124.556
      vertex 74.175 -20.345 116.062
      vertex 103.083 -14.4613 124.16
    endloop
  endfacet
  facet normal -6.71586e-05 -0.809267 0.587441
    outer loop
      vertex 74.175 -20.345 116.062
      vertex 20.0531 -14.7838 123.717
      vertex 20.2583 -15.0749 123.316
    endloop
  endfacet
  facet normal -0.000410827 -0.808311 0.588755
    outer loop
      vertex 103.083 -14.4613 124.16
      vertex 74.175 -20.345 116.062
      vertex 102.747 -14.7838 123.717
    endloop
  endfacet
  facet normal 0.000115738 -0.80862 0.588331
    outer loop
      vertex 74.175 -20.345 116.062
      vertex 20.2583 -15.0749 123.316
      vertex 20.2993 -15.1331 123.236
    endloop
  endfacet
  facet normal 0.000136737 -0.809284 0.587418
    outer loop
      vertex 102.747 -14.7838 123.717
      vertex 74.175 -20.345 116.062
      vertex 102.542 -15.0749 123.316
    endloop
  endfacet
  facet normal -0.000598376 -0.811165 0.584817
    outer loop
      vertex 74.175 -20.345 116.062
      vertex 20.2993 -15.1331 123.236
      vertex 20.3244 -15.1944 123.151
    endloop
  endfacet
  facet normal -0.000235695 -0.808591 0.588371
    outer loop
      vertex 102.542 -15.0749 123.316
      vertex 74.175 -20.345 116.062
      vertex 102.501 -15.1331 123.236
    endloop
  endfacet
  facet normal 0.000162391 -0.808422 0.588603
    outer loop
      vertex 74.175 -20.345 116.062
      vertex 20.3244 -15.1944 123.151
      vertex 20.4495 -15.5009 122.73
    endloop
  endfacet
  facet normal 0.00118147 -0.811246 0.584704
    outer loop
      vertex 102.501 -15.1331 123.236
      vertex 74.175 -20.345 116.062
      vertex 102.476 -15.1944 123.151
    endloop
  endfacet
  facet normal -0.000108357 -0.80946 0.587175
    outer loop
      vertex 74.175 -20.345 116.062
      vertex 20.4495 -15.5009 122.73
      vertex 20.4916 -15.815 122.297
    endloop
  endfacet
  facet normal -0.000320961 -0.8084 0.588634
    outer loop
      vertex 102.476 -15.1944 123.151
      vertex 74.175 -20.345 116.062
      vertex 102.35 -15.5009 122.73
    endloop
  endfacet
  facet normal 0.000349968 -0.807581 0.589756
    outer loop
      vertex 74.175 -20.345 116.062
      vertex 20.4916 -15.815 122.297
      vertex 20.5 -15.8778 122.211
    endloop
  endfacet
  facet normal 0.000208924 -0.809465 0.587169
    outer loop
      vertex 102.35 -15.5009 122.73
      vertex 74.175 -20.345 116.062
      vertex 102.308 -15.815 122.297
    endloop
  endfacet
  facet normal -7.85869e-05 -0.809362 0.587309
    outer loop
      vertex 74.175 -20.345 116.062
      vertex 20.5 -15.8778 122.211
      vertex 20.4579 -16.192 121.778
    endloop
  endfacet
  facet normal -0.000674121 -0.807567 0.589775
    outer loop
      vertex 102.308 -15.815 122.297
      vertex 74.175 -20.345 116.062
      vertex 102.3 -15.8778 122.211
    endloop
  endfacet
  facet normal 0.000312616 -0.807612 0.589714
    outer loop
      vertex 74.175 -20.345 116.062
      vertex 20.4579 -16.192 121.778
      vertex 20.4495 -16.2548 121.692
    endloop
  endfacet
  facet normal 0.000148499 -0.809359 0.587314
    outer loop
      vertex 102.3 -15.8778 122.211
      vertex 74.175 -20.345 116.062
      vertex 102.342 -16.192 121.778
    endloop
  endfacet
  facet normal -0.000438984 -0.81102 0.585018
    outer loop
      vertex 74.175 -20.345 116.062
      vertex 20.4495 -16.2548 121.692
      vertex 20.4245 -16.3161 121.607
    endloop
  endfacet
  facet normal -0.000591232 -0.807624 0.589698
    outer loop
      vertex 102.342 -16.192 121.778
      vertex 74.175 -20.345 116.062
      vertex 102.35 -16.2548 121.692
    endloop
  endfacet
  facet normal 0.00011701 -0.808462 0.588549
    outer loop
      vertex 74.175 -20.345 116.062
      vertex 20.4245 -16.3161 121.607
      vertex 20.2993 -16.6226 121.186
    endloop
  endfacet
  facet normal 0.000813116 -0.810963 0.585096
    outer loop
      vertex 102.35 -16.2548 121.692
      vertex 74.175 -20.345 116.062
      vertex 102.376 -16.3161 121.607
    endloop
  endfacet
  facet normal -3.8792e-05 -0.809241 0.587477
    outer loop
      vertex 74.175 -20.345 116.062
      vertex 20.2993 -16.6226 121.186
      vertex 20.0942 -16.9137 120.785
    endloop
  endfacet
  facet normal -0.000217185 -0.808476 0.588529
    outer loop
      vertex 102.376 -16.3161 121.607
      vertex 74.175 -20.345 116.062
      vertex 102.501 -16.6226 121.186
    endloop
  endfacet
  facet normal 6.70104e-05 -0.808665 0.588269
    outer loop
      vertex 74.175 -20.345 116.062
      vertex 20.0942 -16.9137 120.785
      vertex 20.0531 -16.9719 120.705
    endloop
  endfacet
  facet normal 7.0821e-05 -0.809233 0.587487
    outer loop
      vertex 102.501 -16.6226 121.186
      vertex 74.175 -20.345 116.062
      vertex 102.706 -16.9137 120.785
    endloop
  endfacet
  facet normal -9.13402e-06 -0.809087 0.587689
    outer loop
      vertex 74.175 -20.345 116.062
      vertex 20.0531 -16.9719 120.705
      vertex 19.717 -17.2944 120.261
    endloop
  endfacet
  facet normal -0.000122341 -0.808678 0.588251
    outer loop
      vertex 102.706 -16.9137 120.785
      vertex 74.175 -20.345 116.062
      vertex 102.747 -16.9719 120.705
    endloop
  endfacet
  facet normal -2.86309e-05 -0.809207 0.587523
    outer loop
      vertex 74.175 -20.345 116.062
      vertex 19.717 -17.2944 120.261
      vertex 19.2991 -17.5819 119.865
    endloop
  endfacet
  facet normal 1.64077e-05 -0.809085 0.587692
    outer loop
      vertex 102.747 -16.9719 120.705
      vertex 74.175 -20.345 116.062
      vertex 103.083 -17.2944 120.261
    endloop
  endfacet
  facet normal 3.52794e-06 -0.808987 0.587827
    outer loop
      vertex 74.175 -20.345 116.062
      vertex 19.2991 -17.5819 119.865
      vertex 18.8099 -17.8275 119.527
    endloop
  endfacet
  facet normal 5.05704e-05 -0.809196 0.587538
    outer loop
      vertex 103.083 -17.2944 120.261
      vertex 74.175 -20.345 116.062
      vertex 103.501 -17.5819 119.865
    endloop
  endfacet
  facet normal 0.000204443 -0.807457 0.589926
    outer loop
      vertex 74.175 -20.345 116.062
      vertex 18.8099 -17.8275 119.527
      vertex 18.7185 -17.8604 119.482
    endloop
  endfacet
  facet normal -6.11628e-06 -0.808989 0.587824
    outer loop
      vertex 103.501 -17.5819 119.865
      vertex 74.175 -20.345 116.062
      vertex 103.99 -17.8275 119.527
    endloop
  endfacet
  facet normal -4.17607e-05 -0.809359 0.587315
    outer loop
      vertex 74.175 -20.345 116.062
      vertex 18.7185 -17.8604 119.482
      vertex 18.2614 -18.0251 119.255
    endloop
  endfacet
  facet normal -0.000345809 -0.807596 0.589736
    outer loop
      vertex 103.99 -17.8275 119.527
      vertex 74.175 -20.345 116.062
      vertex 104.082 -17.8604 119.482
    endloop
  endfacet
  facet normal -2.05544e-06 -0.809028 0.58777
    outer loop
      vertex 74.175 -20.345 116.062
      vertex 18.2614 -18.0251 119.255
      vertex 17.766 -18.1457 119.089
    endloop
  endfacet
  facet normal 7.07598e-05 -0.809331 0.587353
    outer loop
      vertex 104.082 -17.8604 119.482
      vertex 74.175 -20.345 116.062
      vertex 104.539 -18.0251 119.255
    endloop
  endfacet
  facet normal 0.000139713 -0.80777 0.589498
    outer loop
      vertex 74.175 -20.345 116.062
      vertex 17.766 -18.1457 119.089
      vertex 17.667 -18.1698 119.056
    endloop
  endfacet
  facet normal 3.37249e-06 -0.809026 0.587773
    outer loop
      vertex 104.539 -18.0251 119.255
      vertex 74.175 -20.345 116.062
      vertex 105.034 -18.1457 119.089
    endloop
  endfacet
  facet normal 0.00010863 -0.80805 0.589114
    outer loop
      vertex 74.175 -20.345 116.062
      vertex 17.667 -18.1698 119.056
      vertex 17.0414 -18.2581 118.935
    endloop
  endfacet
  facet normal -0.000229126 -0.807898 0.589323
    outer loop
      vertex 105.034 -18.1457 119.089
      vertex 74.175 -20.345 116.062
      vertex 105.133 -18.1698 119.056
    endloop
  endfacet
  facet normal -4.54151e-05 -0.809507 0.58711
    outer loop
      vertex 74.175 -20.345 116.062
      vertex 17.0414 -18.2581 118.935
      vertex 16.4 -18.2878 118.894
    endloop
  endfacet
  facet normal -1.84312e-06 -0.809017 0.587786
    outer loop
      vertex 74.175 -87.0586 24.2387
      vertex 105.133 -18.1698 119.056
      vertex 74.175 -20.345 116.062
    endloop
  endfacet
  facet normal 0 -0.809845 0.586644
    outer loop
      vertex -15.7586 -13.4976 125.487
      vertex 16.4 -13.4679 125.528
      vertex -16.4 -13.4679 125.528
    endloop
  endfacet
  facet normal 0 -0.809845 0.586644
    outer loop
      vertex -15.7586 -13.4976 125.487
      vertex 15.7586 -13.4976 125.487
      vertex 16.4 -13.4679 125.528
    endloop
  endfacet
  facet normal 0 -0.810083 0.586315
    outer loop
      vertex -15.133 -13.5859 125.365
      vertex 15.7586 -13.4976 125.487
      vertex -15.7586 -13.4976 125.487
    endloop
  endfacet
  facet normal 0 -0.810083 0.586315
    outer loop
      vertex -15.133 -13.5859 125.365
      vertex 15.133 -13.5859 125.365
      vertex 15.7586 -13.4976 125.487
    endloop
  endfacet
  facet normal 0 -0.809031 0.587766
    outer loop
      vertex -14.6377 -13.7065 125.199
      vertex 15.133 -13.5859 125.365
      vertex -15.133 -13.5859 125.365
    endloop
  endfacet
  facet normal 0 -0.809031 0.587766
    outer loop
      vertex -14.6377 -13.7065 125.199
      vertex 14.6377 -13.7065 125.199
      vertex 15.133 -13.5859 125.365
    endloop
  endfacet
  facet normal 0 -0.80757 0.589771
    outer loop
      vertex -14.5386 -13.7306 125.166
      vertex 14.6377 -13.7065 125.199
      vertex -14.6377 -13.7065 125.199
    endloop
  endfacet
  facet normal 0 -0.80757 0.589771
    outer loop
      vertex -14.5386 -13.7306 125.166
      vertex 14.5386 -13.7306 125.166
      vertex 14.6377 -13.7065 125.199
    endloop
  endfacet
  facet normal 0 -0.80726 0.590196
    outer loop
      vertex -14.4472 -13.7635 125.121
      vertex 14.5386 -13.7306 125.166
      vertex -14.5386 -13.7306 125.166
    endloop
  endfacet
  facet normal 0 -0.80726 0.590196
    outer loop
      vertex -14.4472 -13.7635 125.121
      vertex 14.4472 -13.7635 125.121
      vertex 14.5386 -13.7306 125.166
    endloop
  endfacet
  facet normal 0 -0.809399 0.58726
    outer loop
      vertex -13.9901 -13.9282 124.894
      vertex 14.4472 -13.7635 125.121
      vertex -14.4472 -13.7635 125.121
    endloop
  endfacet
  facet normal 0 -0.809399 0.58726
    outer loop
      vertex -13.9901 -13.9282 124.894
      vertex 13.9901 -13.9282 124.894
      vertex 14.4472 -13.7635 125.121
    endloop
  endfacet
  facet normal 0 -0.808984 0.58783
    outer loop
      vertex -13.5009 -14.1738 124.556
      vertex 13.9901 -13.9282 124.894
      vertex -13.9901 -13.9282 124.894
    endloop
  endfacet
  facet normal 0 -0.808984 0.58783
    outer loop
      vertex -13.5009 -14.1738 124.556
      vertex 13.5009 -14.1738 124.556
      vertex 13.9901 -13.9282 124.894
    endloop
  endfacet
  facet normal 0 -0.809222 0.587503
    outer loop
      vertex -13.083 -14.4613 124.16
      vertex 13.5009 -14.1738 124.556
      vertex -13.5009 -14.1738 124.556
    endloop
  endfacet
  facet normal 0 -0.809222 0.587503
    outer loop
      vertex -13.083 -14.4613 124.16
      vertex 13.083 -14.4613 124.16
      vertex 13.5009 -14.1738 124.556
    endloop
  endfacet
  facet normal 0 -0.80846 0.588551
    outer loop
      vertex -12.7469 -14.7838 123.717
      vertex 13.083 -14.4613 124.16
      vertex -13.083 -14.4613 124.16
    endloop
  endfacet
  facet normal 0 -0.80846 0.588551
    outer loop
      vertex -12.7469 -14.7838 123.717
      vertex 12.7469 -14.7838 123.717
      vertex 13.083 -14.4613 124.16
    endloop
  endfacet
  facet normal 0 -0.809251 0.587464
    outer loop
      vertex -12.5417 -15.0749 123.316
      vertex 12.7469 -14.7838 123.717
      vertex -12.7469 -14.7838 123.717
    endloop
  endfacet
  facet normal 0 -0.809251 0.587464
    outer loop
      vertex -12.5417 -15.0749 123.316
      vertex 12.5417 -15.0749 123.316
      vertex 12.7469 -14.7838 123.717
    endloop
  endfacet
  facet normal 0 -0.808649 0.588292
    outer loop
      vertex -12.5007 -15.1331 123.236
      vertex 12.5417 -15.0749 123.316
      vertex -12.5417 -15.0749 123.316
    endloop
  endfacet
  facet normal 0 -0.808649 0.588292
    outer loop
      vertex -12.5007 -15.1331 123.236
      vertex 12.5007 -15.1331 123.236
      vertex 12.5417 -15.0749 123.316
    endloop
  endfacet
  facet normal 0 -0.811082 0.584933
    outer loop
      vertex -12.4756 -15.1944 123.151
      vertex 12.5007 -15.1331 123.236
      vertex -12.5007 -15.1331 123.236
    endloop
  endfacet
  facet normal 0 -0.811082 0.584933
    outer loop
      vertex -12.4756 -15.1944 123.151
      vertex 12.4756 -15.1944 123.151
      vertex 12.5007 -15.1331 123.236
    endloop
  endfacet
  facet normal 0 -0.808445 0.588571
    outer loop
      vertex -12.3505 -15.5009 122.73
      vertex 12.4756 -15.1944 123.151
      vertex -12.4756 -15.1944 123.151
    endloop
  endfacet
  facet normal 0 -0.808445 0.588571
    outer loop
      vertex -12.3505 -15.5009 122.73
      vertex 12.3505 -15.5009 122.73
      vertex 12.4756 -15.1944 123.151
    endloop
  endfacet
  facet normal 0 -0.809455 0.587182
    outer loop
      vertex -12.3084 -15.815 122.297
      vertex 12.3505 -15.5009 122.73
      vertex -12.3505 -15.5009 122.73
    endloop
  endfacet
  facet normal 0 -0.809455 0.587182
    outer loop
      vertex -12.3084 -15.815 122.297
      vertex 12.3084 -15.815 122.297
      vertex 12.3505 -15.5009 122.73
    endloop
  endfacet
  facet normal 0 -0.807598 0.589734
    outer loop
      vertex -12.3 -15.8778 122.211
      vertex 12.3084 -15.815 122.297
      vertex -12.3084 -15.815 122.297
    endloop
  endfacet
  facet normal 0 -0.807598 0.589734
    outer loop
      vertex -12.3 -15.8778 122.211
      vertex 12.3 -15.8778 122.211
      vertex 12.3084 -15.815 122.297
    endloop
  endfacet
  facet normal 0 -0.809366 0.587304
    outer loop
      vertex -12.3421 -16.192 121.778
      vertex 12.3 -15.8778 122.211
      vertex -12.3 -15.8778 122.211
    endloop
  endfacet
  facet normal 0 -0.809366 0.587304
    outer loop
      vertex -12.3421 -16.192 121.778
      vertex 12.3421 -16.192 121.778
      vertex 12.3 -15.8778 122.211
    endloop
  endfacet
  facet normal 0 -0.807598 0.589734
    outer loop
      vertex -12.3505 -16.2548 121.692
      vertex 12.3421 -16.192 121.778
      vertex -12.3421 -16.192 121.778
    endloop
  endfacet
  facet normal 0 -0.807598 0.589734
    outer loop
      vertex -12.3505 -16.2548 121.692
      vertex 12.3505 -16.2548 121.692
      vertex 12.3421 -16.192 121.778
    endloop
  endfacet
  facet normal 0 -0.811082 0.584933
    outer loop
      vertex -12.3755 -16.3161 121.607
      vertex 12.3505 -16.2548 121.692
      vertex -12.3505 -16.2548 121.692
    endloop
  endfacet
  facet normal 0 -0.811082 0.584933
    outer loop
      vertex -12.3755 -16.3161 121.607
      vertex 12.3755 -16.3161 121.607
      vertex 12.3505 -16.2548 121.692
    endloop
  endfacet
  facet normal 0 -0.808445 0.588571
    outer loop
      vertex -12.5007 -16.6226 121.186
      vertex 12.3755 -16.3161 121.607
      vertex -12.3755 -16.3161 121.607
    endloop
  endfacet
  facet normal 0 -0.808445 0.588571
    outer loop
      vertex -12.5007 -16.6226 121.186
      vertex 12.5007 -16.6226 121.186
      vertex 12.3755 -16.3161 121.607
    endloop
  endfacet
  facet normal 0 -0.809251 0.587464
    outer loop
      vertex -12.7058 -16.9137 120.785
      vertex 12.5007 -16.6226 121.186
      vertex -12.5007 -16.6226 121.186
    endloop
  endfacet
  facet normal 0 -0.809251 0.587464
    outer loop
      vertex -12.7058 -16.9137 120.785
      vertex 12.7058 -16.9137 120.785
      vertex 12.5007 -16.6226 121.186
    endloop
  endfacet
  facet normal 0 -0.808649 0.588292
    outer loop
      vertex -12.7469 -16.9719 120.705
      vertex 12.7058 -16.9137 120.785
      vertex -12.7058 -16.9137 120.785
    endloop
  endfacet
  facet normal 0 -0.808649 0.588292
    outer loop
      vertex -12.7469 -16.9719 120.705
      vertex 12.7469 -16.9719 120.705
      vertex 12.7058 -16.9137 120.785
    endloop
  endfacet
  facet normal 0 -0.809091 0.587684
    outer loop
      vertex -13.083 -17.2944 120.261
      vertex 12.7469 -16.9719 120.705
      vertex -12.7469 -16.9719 120.705
    endloop
  endfacet
  facet normal 0 -0.809091 0.587684
    outer loop
      vertex -13.083 -17.2944 120.261
      vertex 13.083 -17.2944 120.261
      vertex 12.7469 -16.9719 120.705
    endloop
  endfacet
  facet normal 0 -0.809222 0.587503
    outer loop
      vertex -13.5009 -17.5819 119.865
      vertex 13.083 -17.2944 120.261
      vertex -13.083 -17.2944 120.261
    endloop
  endfacet
  facet normal 0 -0.809222 0.587503
    outer loop
      vertex -13.5009 -17.5819 119.865
      vertex 13.5009 -17.5819 119.865
      vertex 13.083 -17.2944 120.261
    endloop
  endfacet
  facet normal 0 -0.808984 0.58783
    outer loop
      vertex -13.9901 -17.8275 119.527
      vertex 13.5009 -17.5819 119.865
      vertex -13.5009 -17.5819 119.865
    endloop
  endfacet
  facet normal 0 -0.808984 0.58783
    outer loop
      vertex -13.9901 -17.8275 119.527
      vertex 13.9901 -17.8275 119.527
      vertex 13.5009 -17.5819 119.865
    endloop
  endfacet
  facet normal 0 -0.80726 0.590196
    outer loop
      vertex -14.0815 -17.8604 119.482
      vertex 13.9901 -17.8275 119.527
      vertex -13.9901 -17.8275 119.527
    endloop
  endfacet
  facet normal 0 -0.80726 0.590196
    outer loop
      vertex -14.0815 -17.8604 119.482
      vertex 14.0815 -17.8604 119.482
      vertex 13.9901 -17.8275 119.527
    endloop
  endfacet
  facet normal 0 -0.809399 0.58726
    outer loop
      vertex -14.5386 -18.0251 119.255
      vertex 14.0815 -17.8604 119.482
      vertex -14.0815 -17.8604 119.482
    endloop
  endfacet
  facet normal 0 -0.809399 0.58726
    outer loop
      vertex -14.5386 -18.0251 119.255
      vertex 14.5386 -18.0251 119.255
      vertex 14.0815 -17.8604 119.482
    endloop
  endfacet
  facet normal 0 -0.809031 0.587766
    outer loop
      vertex -15.034 -18.1457 119.089
      vertex 14.5386 -18.0251 119.255
      vertex -14.5386 -18.0251 119.255
    endloop
  endfacet
  facet normal 0 -0.809031 0.587766
    outer loop
      vertex -15.034 -18.1457 119.089
      vertex 15.034 -18.1457 119.089
      vertex 14.5386 -18.0251 119.255
    endloop
  endfacet
  facet normal 0 -0.80757 0.589771
    outer loop
      vertex -15.133 -18.1698 119.056
      vertex 15.034 -18.1457 119.089
      vertex -15.034 -18.1457 119.089
    endloop
  endfacet
  facet normal 0 -0.80757 0.589771
    outer loop
      vertex -15.133 -18.1698 119.056
      vertex 15.133 -18.1698 119.056
      vertex 15.034 -18.1457 119.089
    endloop
  endfacet
  facet normal 0 -0.807782 0.589481
    outer loop
      vertex -15.7586 -18.2581 118.935
      vertex 15.133 -18.1698 119.056
      vertex -15.133 -18.1698 119.056
    endloop
  endfacet
  facet normal 0 -0.807782 0.589481
    outer loop
      vertex -15.7586 -18.2581 118.935
      vertex 15.7586 -18.2581 118.935
      vertex 15.133 -18.1698 119.056
    endloop
  endfacet
  facet normal 0 -0.809845 0.586644
    outer loop
      vertex -16.4 -18.2878 118.894
      vertex 15.7586 -18.2581 118.935
      vertex -15.7586 -18.2581 118.935
    endloop
  endfacet
  facet normal 0 -0.809845 0.586644
    outer loop
      vertex 15.7586 -18.2581 118.935
      vertex -16.4 -18.2878 118.894
      vertex 16.4 -18.2878 118.894
    endloop
  endfacet
  facet normal 0.000490876 -0.808885 0.587966
    outer loop
      vertex -105.133 -13.5859 125.365
      vertex -116.4 0 144.065
      vertex -105.759 -13.4976 125.487
    endloop
  endfacet
  facet normal -8.27468e-05 -0.80923 0.587493
    outer loop
      vertex -116.4 0 144.065
      vertex -17.0414 -13.4976 125.487
      vertex -16.4 -13.4679 125.528
    endloop
  endfacet
  facet normal 4.31557e-06 -0.809025 0.587774
    outer loop
      vertex -104.638 -13.7065 125.199
      vertex -116.4 0 144.065
      vertex -105.133 -13.5859 125.365
    endloop
  endfacet
  facet normal -0.00021377 -0.809563 0.587034
    outer loop
      vertex -116.4 0 144.065
      vertex -17.667 -13.5859 125.365
      vertex -17.0414 -13.4976 125.487
    endloop
  endfacet
  facet normal -0.0012889 -0.809407 0.587246
    outer loop
      vertex -104.539 -13.7306 125.166
      vertex -116.4 0 144.065
      vertex -104.638 -13.7065 125.199
    endloop
  endfacet
  facet normal -1.24263e-06 -0.809029 0.587768
    outer loop
      vertex -116.4 0 144.065
      vertex -18.1623 -13.7065 125.199
      vertex -17.667 -13.5859 125.365
    endloop
  endfacet
  facet normal -0.00262108 -0.809802 0.586697
    outer loop
      vertex -104.447 -13.7635 125.121
      vertex -116.4 0 144.065
      vertex -104.539 -13.7306 125.166
    endloop
  endfacet
  facet normal 0.00037249 -0.808103 0.589041
    outer loop
      vertex -116.4 0 144.065
      vertex -18.2614 -13.7306 125.166
      vertex -18.1623 -13.7065 125.199
    endloop
  endfacet
  facet normal 0.000576649 -0.808846 0.58802
    outer loop
      vertex -103.99 -13.9282 124.894
      vertex -116.4 0 144.065
      vertex -104.447 -13.7635 125.121
    endloop
  endfacet
  facet normal 0.000512781 -0.807755 0.589517
    outer loop
      vertex -116.4 0 144.065
      vertex -18.3528 -13.7635 125.121
      vertex -18.2614 -13.7306 125.166
    endloop
  endfacet
  facet normal -0.000104021 -0.809056 0.587732
    outer loop
      vertex -103.501 -14.1738 124.556
      vertex -116.4 0 144.065
      vertex -103.99 -13.9282 124.894
    endloop
  endfacet
  facet normal 1.09803e-06 -0.809021 0.587779
    outer loop
      vertex -18.8099 -13.9282 124.894
      vertex -116.4 0 144.065
      vertex -74.175 -20.345 116.062
    endloop
  endfacet
  facet normal -2.94466e-06 -0.809024 0.587775
    outer loop
      vertex -116.4 0 144.065
      vertex -103.501 -14.1738 124.556
      vertex -74.175 -20.345 116.062
    endloop
  endfacet
  facet normal -0.000110931 -0.809292 0.587406
    outer loop
      vertex -116.4 0 144.065
      vertex -18.8099 -13.9282 124.894
      vertex -18.3528 -13.7635 125.121
    endloop
  endfacet
  facet normal -0.00017769 -0.809311 0.58738
    outer loop
      vertex -74.175 -20.345 116.062
      vertex -103.501 -14.1738 124.556
      vertex -103.083 -14.4613 124.16
    endloop
  endfacet
  facet normal -1.46588e-05 -0.808974 0.587844
    outer loop
      vertex -18.8099 -13.9282 124.894
      vertex -74.175 -20.345 116.062
      vertex -19.2991 -14.1738 124.556
    endloop
  endfacet
  facet normal 0.000410827 -0.808311 0.588755
    outer loop
      vertex -74.175 -20.345 116.062
      vertex -103.083 -14.4613 124.16
      vertex -102.747 -14.7838 123.717
    endloop
  endfacet
  facet normal 7.87931e-05 -0.809261 0.587449
    outer loop
      vertex -19.2991 -14.1738 124.556
      vertex -74.175 -20.345 116.062
      vertex -19.717 -14.4613 124.16
    endloop
  endfacet
  facet normal -0.000136737 -0.809284 0.587418
    outer loop
      vertex -74.175 -20.345 116.062
      vertex -102.747 -14.7838 123.717
      vertex -102.542 -15.0749 123.316
    endloop
  endfacet
  facet normal -0.000193603 -0.80839 0.588647
    outer loop
      vertex -19.717 -14.4613 124.16
      vertex -74.175 -20.345 116.062
      vertex -20.0531 -14.7838 123.717
    endloop
  endfacet
  facet normal 0.000235695 -0.808591 0.588371
    outer loop
      vertex -74.175 -20.345 116.062
      vertex -102.542 -15.0749 123.316
      vertex -102.501 -15.1331 123.236
    endloop
  endfacet
  facet normal 6.71586e-05 -0.809267 0.587441
    outer loop
      vertex -20.0531 -14.7838 123.717
      vertex -74.175 -20.345 116.062
      vertex -20.2583 -15.0749 123.316
    endloop
  endfacet
  facet normal -0.00118147 -0.811246 0.584704
    outer loop
      vertex -74.175 -20.345 116.062
      vertex -102.501 -15.1331 123.236
      vertex -102.476 -15.1944 123.151
    endloop
  endfacet
  facet normal -0.000115738 -0.80862 0.588331
    outer loop
      vertex -20.2583 -15.0749 123.316
      vertex -74.175 -20.345 116.062
      vertex -20.2993 -15.1331 123.236
    endloop
  endfacet
  facet normal 0.000320961 -0.8084 0.588634
    outer loop
      vertex -74.175 -20.345 116.062
      vertex -102.476 -15.1944 123.151
      vertex -102.35 -15.5009 122.73
    endloop
  endfacet
  facet normal 0.000598376 -0.811165 0.584817
    outer loop
      vertex -20.2993 -15.1331 123.236
      vertex -74.175 -20.345 116.062
      vertex -20.3244 -15.1944 123.151
    endloop
  endfacet
  facet normal -0.000208924 -0.809465 0.587169
    outer loop
      vertex -74.175 -20.345 116.062
      vertex -102.35 -15.5009 122.73
      vertex -102.308 -15.815 122.297
    endloop
  endfacet
  facet normal -0.000162391 -0.808422 0.588603
    outer loop
      vertex -20.3244 -15.1944 123.151
      vertex -74.175 -20.345 116.062
      vertex -20.4495 -15.5009 122.73
    endloop
  endfacet
  facet normal 0.000674121 -0.807567 0.589775
    outer loop
      vertex -74.175 -20.345 116.062
      vertex -102.308 -15.815 122.297
      vertex -102.3 -15.8778 122.211
    endloop
  endfacet
  facet normal 0.000108357 -0.80946 0.587175
    outer loop
      vertex -20.4495 -15.5009 122.73
      vertex -74.175 -20.345 116.062
      vertex -20.4916 -15.815 122.297
    endloop
  endfacet
  facet normal -0.000148499 -0.809359 0.587314
    outer loop
      vertex -74.175 -20.345 116.062
      vertex -102.3 -15.8778 122.211
      vertex -102.342 -16.192 121.778
    endloop
  endfacet
  facet normal -0.000349968 -0.807581 0.589756
    outer loop
      vertex -20.4916 -15.815 122.297
      vertex -74.175 -20.345 116.062
      vertex -20.5 -15.8778 122.211
    endloop
  endfacet
  facet normal 0.000591232 -0.807624 0.589698
    outer loop
      vertex -74.175 -20.345 116.062
      vertex -102.342 -16.192 121.778
      vertex -102.35 -16.2548 121.692
    endloop
  endfacet
  facet normal 7.85869e-05 -0.809362 0.587309
    outer loop
      vertex -20.5 -15.8778 122.211
      vertex -74.175 -20.345 116.062
      vertex -20.4579 -16.192 121.778
    endloop
  endfacet
  facet normal -0.000813116 -0.810963 0.585096
    outer loop
      vertex -74.175 -20.345 116.062
      vertex -102.35 -16.2548 121.692
      vertex -102.376 -16.3161 121.607
    endloop
  endfacet
  facet normal -0.000312616 -0.807612 0.589714
    outer loop
      vertex -20.4579 -16.192 121.778
      vertex -74.175 -20.345 116.062
      vertex -20.4495 -16.2548 121.692
    endloop
  endfacet
  facet normal 0.000217185 -0.808476 0.588529
    outer loop
      vertex -74.175 -20.345 116.062
      vertex -102.376 -16.3161 121.607
      vertex -102.501 -16.6226 121.186
    endloop
  endfacet
  facet normal 0.000438984 -0.81102 0.585018
    outer loop
      vertex -20.4495 -16.2548 121.692
      vertex -74.175 -20.345 116.062
      vertex -20.4245 -16.3161 121.607
    endloop
  endfacet
  facet normal -7.0821e-05 -0.809233 0.587487
    outer loop
      vertex -74.175 -20.345 116.062
      vertex -102.501 -16.6226 121.186
      vertex -102.706 -16.9137 120.785
    endloop
  endfacet
  facet normal -0.00011701 -0.808462 0.588549
    outer loop
      vertex -20.4245 -16.3161 121.607
      vertex -74.175 -20.345 116.062
      vertex -20.2993 -16.6226 121.186
    endloop
  endfacet
  facet normal 0.000122341 -0.808678 0.588251
    outer loop
      vertex -74.175 -20.345 116.062
      vertex -102.706 -16.9137 120.785
      vertex -102.747 -16.9719 120.705
    endloop
  endfacet
  facet normal 3.8792e-05 -0.809241 0.587477
    outer loop
      vertex -20.2993 -16.6226 121.186
      vertex -74.175 -20.345 116.062
      vertex -20.0942 -16.9137 120.785
    endloop
  endfacet
  facet normal -1.64077e-05 -0.809085 0.587692
    outer loop
      vertex -74.175 -20.345 116.062
      vertex -102.747 -16.9719 120.705
      vertex -103.083 -17.2944 120.261
    endloop
  endfacet
  facet normal -6.70104e-05 -0.808665 0.588269
    outer loop
      vertex -20.0942 -16.9137 120.785
      vertex -74.175 -20.345 116.062
      vertex -20.0531 -16.9719 120.705
    endloop
  endfacet
  facet normal -5.05704e-05 -0.809196 0.587538
    outer loop
      vertex -74.175 -20.345 116.062
      vertex -103.083 -17.2944 120.261
      vertex -103.501 -17.5819 119.865
    endloop
  endfacet
  facet normal 9.13402e-06 -0.809087 0.587689
    outer loop
      vertex -20.0531 -16.9719 120.705
      vertex -74.175 -20.345 116.062
      vertex -19.717 -17.2944 120.261
    endloop
  endfacet
  facet normal 6.11628e-06 -0.808989 0.587824
    outer loop
      vertex -74.175 -20.345 116.062
      vertex -103.501 -17.5819 119.865
      vertex -103.99 -17.8275 119.527
    endloop
  endfacet
  facet normal 2.86309e-05 -0.809207 0.587523
    outer loop
      vertex -19.717 -17.2944 120.261
      vertex -74.175 -20.345 116.062
      vertex -19.2991 -17.5819 119.865
    endloop
  endfacet
  facet normal 0.000345809 -0.807596 0.589736
    outer loop
      vertex -74.175 -20.345 116.062
      vertex -103.99 -17.8275 119.527
      vertex -104.082 -17.8604 119.482
    endloop
  endfacet
  facet normal -3.52794e-06 -0.808987 0.587827
    outer loop
      vertex -19.2991 -17.5819 119.865
      vertex -74.175 -20.345 116.062
      vertex -18.8099 -17.8275 119.527
    endloop
  endfacet
  facet normal -7.07598e-05 -0.809331 0.587353
    outer loop
      vertex -74.175 -20.345 116.062
      vertex -104.082 -17.8604 119.482
      vertex -104.539 -18.0251 119.255
    endloop
  endfacet
  facet normal -0.000204443 -0.807457 0.589926
    outer loop
      vertex -18.8099 -17.8275 119.527
      vertex -74.175 -20.345 116.062
      vertex -18.7185 -17.8604 119.482
    endloop
  endfacet
  facet normal -3.37249e-06 -0.809026 0.587773
    outer loop
      vertex -74.175 -20.345 116.062
      vertex -104.539 -18.0251 119.255
      vertex -105.034 -18.1457 119.089
    endloop
  endfacet
  facet normal 4.17607e-05 -0.809359 0.587315
    outer loop
      vertex -18.7185 -17.8604 119.482
      vertex -74.175 -20.345 116.062
      vertex -18.2614 -18.0251 119.255
    endloop
  endfacet
  facet normal 0.000229126 -0.807898 0.589323
    outer loop
      vertex -74.175 -20.345 116.062
      vertex -105.034 -18.1457 119.089
      vertex -105.133 -18.1698 119.056
    endloop
  endfacet
  facet normal 2.05544e-06 -0.809028 0.58777
    outer loop
      vertex -18.2614 -18.0251 119.255
      vertex -74.175 -20.345 116.062
      vertex -17.766 -18.1457 119.089
    endloop
  endfacet
  facet normal 3.51034e-06 -0.809018 0.587783
    outer loop
      vertex -105.866 -89.1406 21.3731
      vertex -105.759 -18.2581 118.935
      vertex -106.4 -89.1159 21.4071
    endloop
  endfacet
  facet normal -0.000139713 -0.80777 0.589498
    outer loop
      vertex -17.766 -18.1457 119.089
      vertex -74.175 -20.345 116.062
      vertex -17.667 -18.1698 119.056
    endloop
  endfacet
  facet normal -0.000111226 -0.809018 0.587784
    outer loop
      vertex -106.4 -89.1159 21.4071
      vertex -105.759 -18.2581 118.935
      vertex -106.4 -18.2878 118.894
    endloop
  endfacet
  facet normal -0.00010863 -0.80805 0.589114
    outer loop
      vertex -17.667 -18.1698 119.056
      vertex -74.175 -20.345 116.062
      vertex -17.0414 -18.2581 118.935
    endloop
  endfacet
  facet normal 0.000115296 -0.808988 0.587825
    outer loop
      vertex -105.759 -13.4976 125.487
      vertex -116.4 0 144.065
      vertex -106.4 -13.4679 125.528
    endloop
  endfacet
  facet normal -0.000107612 -0.809045 0.587747
    outer loop
      vertex -116.4 0 144.065
      vertex -107.041 -13.4976 125.487
      vertex -106.4 -13.4679 125.528
    endloop
  endfacet
  facet normal -0.000397207 -0.809114 0.587651
    outer loop
      vertex -116.4 0 144.065
      vertex -107.667 -13.5859 125.365
      vertex -107.041 -13.4976 125.487
    endloop
  endfacet
  facet normal -2.97731e-06 -0.809027 0.587772
    outer loop
      vertex -116.4 0 144.065
      vertex -108.162 -13.7065 125.199
      vertex -107.667 -13.5859 125.365
    endloop
  endfacet
  facet normal 0.00089069 -0.808841 0.588027
    outer loop
      vertex -116.4 0 144.065
      vertex -108.261 -13.7306 125.166
      vertex -108.162 -13.7065 125.199
    endloop
  endfacet
  facet normal 0.0014984 -0.808716 0.588198
    outer loop
      vertex -116.4 0 144.065
      vertex -108.353 -13.7635 125.121
      vertex -108.261 -13.7306 125.166
    endloop
  endfacet
  facet normal -0.000327035 -0.809085 0.587691
    outer loop
      vertex -116.4 0 144.065
      vertex -108.81 -13.9282 124.894
      vertex -108.353 -13.7635 125.121
    endloop
  endfacet
  facet normal 4.51258e-05 -0.809015 0.587787
    outer loop
      vertex -116.4 0 144.065
      vertex -109.299 -14.1738 124.556
      vertex -108.81 -13.9282 124.894
    endloop
  endfacet
  facet normal -0.000294164 -0.809074 0.587707
    outer loop
      vertex -116.4 0 144.065
      vertex -109.717 -14.4613 124.16
      vertex -109.299 -14.1738 124.556
    endloop
  endfacet
  facet normal 0.00109035 -0.808853 0.58801
    outer loop
      vertex -116.4 0 144.065
      vertex -110.053 -14.7838 123.717
      vertex -109.717 -14.4613 124.16
    endloop
  endfacet
  facet normal -0.000602447 -0.809104 0.587665
    outer loop
      vertex -116.4 0 144.065
      vertex -110.258 -15.0749 123.316
      vertex -110.053 -14.7838 123.717
    endloop
  endfacet
  facet normal 0.000964221 -0.808883 0.587968
    outer loop
      vertex -116.4 0 144.065
      vertex -110.299 -15.1331 123.236
      vertex -110.258 -15.0749 123.316
    endloop
  endfacet
  facet normal -0.00740091 -0.810025 0.586348
    outer loop
      vertex -116.4 0 144.065
      vertex -110.324 -15.1944 123.151
      vertex -110.299 -15.1331 123.236
    endloop
  endfacet
  facet normal 0.00207101 -0.808738 0.588165
    outer loop
      vertex -116.4 0 144.065
      vertex -110.45 -15.5009 122.73
      vertex -110.324 -15.1944 123.151
    endloop
  endfacet
  facet normal -0.00246273 -0.809339 0.587337
    outer loop
      vertex -116.4 0 144.065
      vertex -110.492 -15.815 122.297
      vertex -110.45 -15.5009 122.73
    endloop
  endfacet
  facet normal 0.00821918 -0.807934 0.589215
    outer loop
      vertex -116.4 0 144.065
      vertex -110.5 -15.8778 122.211
      vertex -110.492 -15.815 122.297
    endloop
  endfacet
  facet normal -0.00423395 -0.809554 0.58703
    outer loop
      vertex -116.4 0 144.065
      vertex -110.458 -16.192 121.778
      vertex -110.5 -15.8778 122.211
    endloop
  endfacet
  facet normal 0.017243 -0.806713 0.590692
    outer loop
      vertex -116.4 0 144.065
      vertex -110.45 -16.2548 121.692
      vertex -110.458 -16.192 121.778
    endloop
  endfacet
  facet normal 0.483575 -0.633066 0.604469
    outer loop
      vertex -110.45 -16.2548 121.692
      vertex -110.299 -16.6226 121.186
      vertex -110.424 -16.3161 121.607
    endloop
  endfacet
  facet normal -0.164863 -0.925904 0.339885
    outer loop
      vertex -108.81 -17.8275 119.527
      vertex -108.261 -18.0251 119.255
      vertex -108.718 -17.8604 119.482
    endloop
  endfacet
  facet normal 4.54151e-05 -0.809507 0.58711
    outer loop
      vertex -17.0414 -18.2581 118.935
      vertex -74.175 -20.345 116.062
      vertex -16.4 -18.2878 118.894
    endloop
  endfacet
  facet normal 0 -0.809067 0.587716
    outer loop
      vertex -16.4 -18.2878 118.894
      vertex -74.175 -20.345 116.062
      vertex 16.4 -18.2878 118.894
    endloop
  endfacet
  facet normal 0 -0.809067 0.587716
    outer loop
      vertex 74.175 -20.345 116.062
      vertex 16.4 -18.2878 118.894
      vertex -74.175 -20.345 116.062
    endloop
  endfacet
  facet normal 0.000111226 -0.809018 0.587784
    outer loop
      vertex -106.4 -89.1159 21.4071
      vertex -106.4 -18.2878 118.894
      vertex -107.041 -18.2581 118.935
    endloop
  endfacet
  facet normal 1.84312e-06 -0.809017 0.587786
    outer loop
      vertex -105.133 -18.1698 119.056
      vertex -74.175 -87.0586 24.2387
      vertex -74.175 -20.345 116.062
    endloop
  endfacet
  facet normal -0.000502391 -0.809018 0.587783
    outer loop
      vertex -107.041 -89.1456 21.3663
      vertex -107.041 -18.2581 118.935
      vertex -107.667 -18.1698 119.056
    endloop
  endfacet
  facet normal -0.00101409 -0.809017 0.587785
    outer loop
      vertex -107.667 -89.2338 21.2448
      vertex -107.667 -18.1698 119.056
      vertex -107.766 -18.1457 119.089
    endloop
  endfacet
  facet normal 1.0261e-05 -0.809016 0.587786
    outer loop
      vertex -107.667 -89.2338 21.2448
      vertex -107.766 -18.1457 119.089
      vertex -108.261 -18.0251 119.255
    endloop
  endfacet
  facet normal 2.9628e-05 -0.809016 0.587786
    outer loop
      vertex -108.261 -89.3786 21.0456
      vertex -108.261 -18.0251 119.255
      vertex -108.81 -17.8275 119.527
    endloop
  endfacet
  facet normal -4.66355e-05 -0.809016 0.587786
    outer loop
      vertex -108.81 -89.5761 20.7737
      vertex -108.81 -17.8275 119.527
      vertex -109.299 -17.5819 119.865
    endloop
  endfacet
  facet normal 0.000408938 -0.809016 0.587786
    outer loop
      vertex -109.299 -89.8217 20.4356
      vertex -109.299 -17.5819 119.865
      vertex -109.717 -17.2944 120.261
    endloop
  endfacet
  facet normal 0.000203696 -0.809017 0.587785
    outer loop
      vertex -109.717 -90.1093 20.0398
      vertex -109.717 -17.2944 120.261
      vertex -110.053 -16.9719 120.705
    endloop
  endfacet
  facet normal -0.00136046 -0.808979 0.587835
    outer loop
      vertex -116.4 -97.4037 10
      vertex -110.053 -16.9719 120.705
      vertex -110.094 -16.9137 120.785
    endloop
  endfacet
  facet normal 0.000864714 -0.80904 0.587753
    outer loop
      vertex -116.4 -97.4037 10
      vertex -110.094 -16.9137 120.785
      vertex -110.299 -16.6226 121.186
    endloop
  endfacet
  facet normal 0.000502391 -0.809018 0.587783
    outer loop
      vertex -105.759 -18.2581 118.935
      vertex -105.759 -89.1456 21.3663
      vertex -105.133 -18.1698 119.056
    endloop
  endfacet
  facet normal -0.00045012 -0.809018 0.587784
    outer loop
      vertex -105.759 -89.1456 21.3663
      vertex -105.759 -18.2581 118.935
      vertex -105.866 -89.1406 21.3731
    endloop
  endfacet
  facet normal -0.000772285 -0.808997 0.587812
    outer loop
      vertex -116.4 -97.4037 10
      vertex -110.299 -16.6226 121.186
      vertex -110.45 -16.2548 121.692
    endloop
  endfacet
  facet normal 1.34059e-05 -0.809018 0.587784
    outer loop
      vertex -116.4 -97.4037 10
      vertex -110.45 -16.2548 121.692
      vertex -116.4 0 144.065
    endloop
  endfacet
  facet normal -3.51034e-06 -0.809018 0.587783
    outer loop
      vertex -107.041 -18.2581 118.935
      vertex -106.934 -89.1406 21.3731
      vertex -106.4 -89.1159 21.4071
    endloop
  endfacet
  facet normal 0.00045012 -0.809018 0.587784
    outer loop
      vertex -107.041 -18.2581 118.935
      vertex -107.041 -89.1456 21.3663
      vertex -106.934 -89.1406 21.3731
    endloop
  endfacet
  facet normal -9.68255e-05 -0.809017 0.587785
    outer loop
      vertex -107.667 -18.1698 119.056
      vertex -107.667 -89.2338 21.2448
      vertex -107.041 -89.1456 21.3663
    endloop
  endfacet
  facet normal 0.000642204 -0.809014 0.587788
    outer loop
      vertex -108.261 -18.0251 119.255
      vertex -107.766 -89.258 21.2116
      vertex -107.667 -89.2338 21.2448
    endloop
  endfacet
  facet normal -1.04404e-05 -0.809016 0.587786
    outer loop
      vertex -108.261 -18.0251 119.255
      vertex -108.261 -89.3786 21.0456
      vertex -107.766 -89.258 21.2116
    endloop
  endfacet
  facet normal -6.96508e-05 -0.809016 0.587786
    outer loop
      vertex -108.81 -17.8275 119.527
      vertex -108.81 -89.5761 20.7737
      vertex -108.261 -89.3786 21.0456
    endloop
  endfacet
  facet normal 6.42748e-05 -0.809016 0.587786
    outer loop
      vertex -109.299 -17.5819 119.865
      vertex -109.218 -89.7808 20.492
      vertex -108.81 -89.5761 20.7737
    endloop
  endfacet
  facet normal -0.000769687 -0.809016 0.587786
    outer loop
      vertex -109.299 -17.5819 119.865
      vertex -109.299 -89.8217 20.4356
      vertex -109.218 -89.7808 20.492
    endloop
  endfacet
  facet normal 0.00139194 -0.809014 0.587788
    outer loop
      vertex -109.717 -17.2944 120.261
      vertex -109.369 -89.8697 20.3697
      vertex -109.299 -89.8217 20.4356
    endloop
  endfacet
  facet normal -0.000200323 -0.809017 0.587785
    outer loop
      vertex -109.717 -17.2944 120.261
      vertex -109.717 -90.1093 20.0398
      vertex -109.369 -89.8697 20.3697
    endloop
  endfacet
  facet normal -9.32939e-05 -0.809018 0.587784
    outer loop
      vertex -110.053 -16.9719 120.705
      vertex -110.053 -90.4317 19.596
      vertex -109.717 -90.1093 20.0398
    endloop
  endfacet
  facet normal 1.47589e-05 -0.809018 0.587784
    outer loop
      vertex -110.053 -16.9719 120.705
      vertex -116.4 -97.4037 10
      vertex -110.053 -90.4317 19.596
    endloop
  endfacet
  facet normal -0.000824879 -0.808753 0.588147
    outer loop
      vertex -110.053 -90.4317 19.596
      vertex -116.4 -97.4037 10
      vertex -110.299 -90.7811 19.1152
    endloop
  endfacet
  facet normal 0.000290805 -0.809109 0.587659
    outer loop
      vertex -110.299 -90.7811 19.1152
      vertex -116.4 -97.4037 10
      vertex -110.424 -91.0875 18.6934
    endloop
  endfacet
  facet normal -0.00130935 -0.808585 0.588378
    outer loop
      vertex -110.424 -91.0875 18.6934
      vertex -116.4 -97.4037 10
      vertex -110.45 -91.1488 18.6091
    endloop
  endfacet
  facet normal 0.000721335 -0.809253 0.58746
    outer loop
      vertex -110.45 -91.1488 18.6091
      vertex -116.4 -97.4037 10
      vertex -110.458 -91.2116 18.5226
    endloop
  endfacet
  facet normal -2.93758e-05 -0.809002 0.587806
    outer loop
      vertex -116.4 -97.4037 10
      vertex -109.773 -92.8886 16.2145
      vertex -110.053 -92.6199 16.5843
    endloop
  endfacet
  facet normal 2.35334e-05 -0.809246 0.58747
    outer loop
      vertex -17.0414 -93.9061 14.814
      vertex -116.4 -97.4037 10
      vertex -16.4 -93.9357 14.7732
    endloop
  endfacet
  facet normal 0 -0.809012 0.587793
    outer loop
      vertex -16.4 -93.9357 14.7732
      vertex -116.4 -97.4037 10
      vertex 16.4 -93.9357 14.7732
    endloop
  endfacet
  facet normal 0 -0.809012 0.587793
    outer loop
      vertex 116.4 -97.4037 10
      vertex 16.4 -93.9357 14.7732
      vertex -116.4 -97.4037 10
    endloop
  endfacet
  facet normal 4.84556e-05 -0.80906 0.587726
    outer loop
      vertex -107.041 -93.9061 14.814
      vertex -116.4 -97.4037 10
      vertex -106.4 -93.9357 14.7732
    endloop
  endfacet
  facet normal -2.296e-05 -0.808994 0.587817
    outer loop
      vertex -107.667 -93.8178 14.9355
      vertex -116.4 -97.4037 10
      vertex -107.041 -93.9061 14.814
    endloop
  endfacet
  facet normal 2.50142e-05 -0.809034 0.587762
    outer loop
      vertex -108.261 -93.6731 15.1347
      vertex -116.4 -97.4037 10
      vertex -107.667 -93.8178 14.9355
    endloop
  endfacet
  facet normal 1.71169e-05 -0.809028 0.58777
    outer loop
      vertex -108.81 -93.4755 15.4067
      vertex -116.4 -97.4037 10
      vertex -108.261 -93.6731 15.1347
    endloop
  endfacet
  facet normal -2.39037e-05 -0.809001 0.587807
    outer loop
      vertex -109.299 -93.2299 15.7447
      vertex -116.4 -97.4037 10
      vertex -108.81 -93.4755 15.4067
    endloop
  endfacet
  facet normal -2.88217e-05 -0.808998 0.587811
    outer loop
      vertex -109.717 -92.9423 16.1405
      vertex -116.4 -97.4037 10
      vertex -109.299 -93.2299 15.7447
    endloop
  endfacet
  facet normal 0.000384863 -0.809212 0.587517
    outer loop
      vertex -109.773 -92.8886 16.2145
      vertex -116.4 -97.4037 10
      vertex -109.717 -92.9423 16.1405
    endloop
  endfacet
  facet normal -9.964e-05 -0.80897 0.58785
    outer loop
      vertex -110.258 -92.3287 16.985
      vertex -116.4 -97.4037 10
      vertex -110.053 -92.6199 16.5843
    endloop
  endfacet
  facet normal 0.000506951 -0.809223 0.587501
    outer loop
      vertex -110.299 -92.2705 17.0652
      vertex -116.4 -97.4037 10
      vertex -110.258 -92.3287 16.985
    endloop
  endfacet
  facet normal 7.49322e-06 -0.809018 0.587783
    outer loop
      vertex -110.45 -91.9028 17.5713
      vertex -116.4 -97.4037 10
      vertex -110.299 -92.2705 17.0652
    endloop
  endfacet
  facet normal 8.61532e-06 -0.809019 0.587783
    outer loop
      vertex -110.5 -91.5258 18.0902
      vertex -116.4 -97.4037 10
      vertex -110.45 -91.9028 17.5713
    endloop
  endfacet
  facet normal -0.000123239 -0.808973 0.587846
    outer loop
      vertex -110.458 -91.2116 18.5226
      vertex -116.4 -97.4037 10
      vertex -110.5 -91.5258 18.0902
    endloop
  endfacet
  facet normal 0 -0.809017 0.587785
    outer loop
      vertex -116.4 0 144.065
      vertex -16.4 -13.4679 125.528
      vertex 116.4 0 144.065
    endloop
  endfacet
  facet normal 0 -0.809017 0.587785
    outer loop
      vertex 16.4 -13.4679 125.528
      vertex 116.4 0 144.065
      vertex -16.4 -13.4679 125.528
    endloop
  endfacet
  facet normal 8.27468e-05 -0.80923 0.587493
    outer loop
      vertex 17.0414 -13.4976 125.487
      vertex 116.4 0 144.065
      vertex 16.4 -13.4679 125.528
    endloop
  endfacet
  facet normal 0.000107612 -0.809045 0.587747
    outer loop
      vertex 107.041 -13.4976 125.487
      vertex 116.4 0 144.065
      vertex 106.4 -13.4679 125.528
    endloop
  endfacet
  facet normal 0.000397207 -0.809114 0.587651
    outer loop
      vertex 107.667 -13.5859 125.365
      vertex 116.4 0 144.065
      vertex 107.041 -13.4976 125.487
    endloop
  endfacet
  facet normal 2.97731e-06 -0.809027 0.587772
    outer loop
      vertex 108.162 -13.7065 125.199
      vertex 116.4 0 144.065
      vertex 107.667 -13.5859 125.365
    endloop
  endfacet
  facet normal -0.00089069 -0.808841 0.588027
    outer loop
      vertex 108.261 -13.7306 125.166
      vertex 116.4 0 144.065
      vertex 108.162 -13.7065 125.199
    endloop
  endfacet
  facet normal -0.0014984 -0.808716 0.588198
    outer loop
      vertex 108.353 -13.7635 125.121
      vertex 116.4 0 144.065
      vertex 108.261 -13.7306 125.166
    endloop
  endfacet
  facet normal 0.000327035 -0.809085 0.587691
    outer loop
      vertex 108.81 -13.9282 124.894
      vertex 116.4 0 144.065
      vertex 108.353 -13.7635 125.121
    endloop
  endfacet
  facet normal -4.51258e-05 -0.809015 0.587787
    outer loop
      vertex 109.299 -14.1738 124.556
      vertex 116.4 0 144.065
      vertex 108.81 -13.9282 124.894
    endloop
  endfacet
  facet normal 0.000294164 -0.809074 0.587707
    outer loop
      vertex 109.717 -14.4613 124.16
      vertex 116.4 0 144.065
      vertex 109.299 -14.1738 124.556
    endloop
  endfacet
  facet normal -0.00109035 -0.808853 0.58801
    outer loop
      vertex 110.053 -14.7838 123.717
      vertex 116.4 0 144.065
      vertex 109.717 -14.4613 124.16
    endloop
  endfacet
  facet normal 0.000602447 -0.809104 0.587665
    outer loop
      vertex 110.258 -15.0749 123.316
      vertex 116.4 0 144.065
      vertex 110.053 -14.7838 123.717
    endloop
  endfacet
  facet normal -0.000964221 -0.808883 0.587968
    outer loop
      vertex 110.299 -15.1331 123.236
      vertex 116.4 0 144.065
      vertex 110.258 -15.0749 123.316
    endloop
  endfacet
  facet normal 0.00740091 -0.810025 0.586348
    outer loop
      vertex 110.324 -15.1944 123.151
      vertex 116.4 0 144.065
      vertex 110.299 -15.1331 123.236
    endloop
  endfacet
  facet normal -0.00207101 -0.808738 0.588165
    outer loop
      vertex 110.45 -15.5009 122.73
      vertex 116.4 0 144.065
      vertex 110.324 -15.1944 123.151
    endloop
  endfacet
  facet normal 0.00246273 -0.809339 0.587337
    outer loop
      vertex 110.492 -15.815 122.297
      vertex 116.4 0 144.065
      vertex 110.45 -15.5009 122.73
    endloop
  endfacet
  facet normal -0.00821918 -0.807934 0.589215
    outer loop
      vertex 110.5 -15.8778 122.211
      vertex 116.4 0 144.065
      vertex 110.492 -15.815 122.297
    endloop
  endfacet
  facet normal 0.00423395 -0.809554 0.58703
    outer loop
      vertex 110.458 -16.192 121.778
      vertex 116.4 0 144.065
      vertex 110.5 -15.8778 122.211
    endloop
  endfacet
  facet normal -0.017243 -0.806713 0.590692
    outer loop
      vertex 110.45 -16.2548 121.692
      vertex 116.4 0 144.065
      vertex 110.458 -16.192 121.778
    endloop
  endfacet
  facet normal -0.483575 -0.633066 0.604469
    outer loop
      vertex 110.299 -16.6226 121.186
      vertex 110.45 -16.2548 121.692
      vertex 110.424 -16.3161 121.607
    endloop
  endfacet
  facet normal 0.164863 -0.925904 0.339885
    outer loop
      vertex 108.261 -18.0251 119.255
      vertex 108.81 -17.8275 119.527
      vertex 108.718 -17.8604 119.482
    endloop
  endfacet
  facet normal -5.41861e-07 -0.809017 0.587785
    outer loop
      vertex 106.4 -89.1159 21.4071
      vertex 105.133 -18.1698 119.056
      vertex 74.175 -87.0586 24.2387
    endloop
  endfacet
  facet normal -0.000503123 -0.80902 0.587781
    outer loop
      vertex 105.133 -18.1698 119.056
      vertex 106.4 -89.1159 21.4071
      vertex 105.759 -18.2581 118.935
    endloop
  endfacet
  facet normal 0.000111226 -0.809018 0.587784
    outer loop
      vertex 105.759 -18.2581 118.935
      vertex 106.4 -89.1159 21.4071
      vertex 106.4 -18.2878 118.894
    endloop
  endfacet
  facet normal -0.000111226 -0.809018 0.587784
    outer loop
      vertex 106.4 -18.2878 118.894
      vertex 106.4 -89.1159 21.4071
      vertex 107.041 -18.2581 118.935
    endloop
  endfacet
  facet normal 3.51034e-06 -0.809018 0.587783
    outer loop
      vertex 106.934 -89.1406 21.3731
      vertex 107.041 -18.2581 118.935
      vertex 106.4 -89.1159 21.4071
    endloop
  endfacet
  facet normal -0.00045012 -0.809018 0.587784
    outer loop
      vertex 107.041 -89.1456 21.3663
      vertex 107.041 -18.2581 118.935
      vertex 106.934 -89.1406 21.3731
    endloop
  endfacet
  facet normal 0.000502391 -0.809018 0.587783
    outer loop
      vertex 107.041 -18.2581 118.935
      vertex 107.041 -89.1456 21.3663
      vertex 107.667 -18.1698 119.056
    endloop
  endfacet
  facet normal 9.68255e-05 -0.809017 0.587785
    outer loop
      vertex 107.667 -89.2338 21.2448
      vertex 107.667 -18.1698 119.056
      vertex 107.041 -89.1456 21.3663
    endloop
  endfacet
  facet normal 0.00101409 -0.809017 0.587785
    outer loop
      vertex 107.667 -18.1698 119.056
      vertex 107.667 -89.2338 21.2448
      vertex 107.766 -18.1457 119.089
    endloop
  endfacet
  facet normal -1.0261e-05 -0.809016 0.587786
    outer loop
      vertex 107.766 -18.1457 119.089
      vertex 107.667 -89.2338 21.2448
      vertex 108.261 -18.0251 119.255
    endloop
  endfacet
  facet normal -0.000642204 -0.809014 0.587788
    outer loop
      vertex 107.766 -89.258 21.2116
      vertex 108.261 -18.0251 119.255
      vertex 107.667 -89.2338 21.2448
    endloop
  endfacet
  facet normal 1.04404e-05 -0.809016 0.587786
    outer loop
      vertex 108.261 -89.3786 21.0456
      vertex 108.261 -18.0251 119.255
      vertex 107.766 -89.258 21.2116
    endloop
  endfacet
  facet normal 0 -0.809014 0.587789
    outer loop
      vertex -74.175 -87.0586 24.2387
      vertex -16.4 -89.1159 21.4071
      vertex 74.175 -87.0586 24.2387
    endloop
  endfacet
  facet normal 0 -0.809014 0.587789
    outer loop
      vertex 16.4 -89.1159 21.4071
      vertex 74.175 -87.0586 24.2387
      vertex -16.4 -89.1159 21.4071
    endloop
  endfacet
  facet normal 1.78656e-06 -0.809031 0.587766
    outer loop
      vertex 16.9345 -89.1406 21.3731
      vertex 74.175 -87.0586 24.2387
      vertex 16.4 -89.1159 21.4071
    endloop
  endfacet
  facet normal -2.9628e-05 -0.809016 0.587786
    outer loop
      vertex 108.261 -18.0251 119.255
      vertex 108.261 -89.3786 21.0456
      vertex 108.81 -17.8275 119.527
    endloop
  endfacet
  facet normal 6.96508e-05 -0.809016 0.587786
    outer loop
      vertex 108.81 -89.5761 20.7737
      vertex 108.81 -17.8275 119.527
      vertex 108.261 -89.3786 21.0456
    endloop
  endfacet
  facet normal 4.66355e-05 -0.809016 0.587786
    outer loop
      vertex 108.81 -17.8275 119.527
      vertex 108.81 -89.5761 20.7737
      vertex 109.299 -17.5819 119.865
    endloop
  endfacet
  facet normal -6.42748e-05 -0.809016 0.587786
    outer loop
      vertex 109.218 -89.7808 20.492
      vertex 109.299 -17.5819 119.865
      vertex 108.81 -89.5761 20.7737
    endloop
  endfacet
  facet normal 0.000769687 -0.809016 0.587786
    outer loop
      vertex 109.299 -89.8217 20.4356
      vertex 109.299 -17.5819 119.865
      vertex 109.218 -89.7808 20.492
    endloop
  endfacet
  facet normal -0.000408938 -0.809016 0.587786
    outer loop
      vertex 109.299 -17.5819 119.865
      vertex 109.299 -89.8217 20.4356
      vertex 109.717 -17.2944 120.261
    endloop
  endfacet
  facet normal -0.00139194 -0.809014 0.587788
    outer loop
      vertex 109.369 -89.8697 20.3697
      vertex 109.717 -17.2944 120.261
      vertex 109.299 -89.8217 20.4356
    endloop
  endfacet
  facet normal 0.000200323 -0.809017 0.587785
    outer loop
      vertex 109.717 -90.1093 20.0398
      vertex 109.717 -17.2944 120.261
      vertex 109.369 -89.8697 20.3697
    endloop
  endfacet
  facet normal -0.000203696 -0.809017 0.587785
    outer loop
      vertex 109.717 -17.2944 120.261
      vertex 109.717 -90.1093 20.0398
      vertex 110.053 -16.9719 120.705
    endloop
  endfacet
  facet normal 9.32939e-05 -0.809018 0.587784
    outer loop
      vertex 110.053 -90.4317 19.596
      vertex 110.053 -16.9719 120.705
      vertex 109.717 -90.1093 20.0398
    endloop
  endfacet
  facet normal -1.47589e-05 -0.809018 0.587784
    outer loop
      vertex 116.4 -97.4037 10
      vertex 110.053 -16.9719 120.705
      vertex 110.053 -90.4317 19.596
    endloop
  endfacet
  facet normal 0.00136046 -0.808979 0.587835
    outer loop
      vertex 110.053 -16.9719 120.705
      vertex 116.4 -97.4037 10
      vertex 110.094 -16.9137 120.785
    endloop
  endfacet
  facet normal -0.000864714 -0.80904 0.587753
    outer loop
      vertex 110.094 -16.9137 120.785
      vertex 116.4 -97.4037 10
      vertex 110.299 -16.6226 121.186
    endloop
  endfacet
  facet normal 0.000772285 -0.808997 0.587812
    outer loop
      vertex 110.299 -16.6226 121.186
      vertex 116.4 -97.4037 10
      vertex 110.45 -16.2548 121.692
    endloop
  endfacet
  facet normal 0.000824879 -0.808753 0.588147
    outer loop
      vertex 116.4 -97.4037 10
      vertex 110.053 -90.4317 19.596
      vertex 110.299 -90.7811 19.1152
    endloop
  endfacet
  facet normal -0.000290805 -0.809109 0.587659
    outer loop
      vertex 116.4 -97.4037 10
      vertex 110.299 -90.7811 19.1152
      vertex 110.424 -91.0875 18.6934
    endloop
  endfacet
  facet normal 0.00130935 -0.808585 0.588378
    outer loop
      vertex 116.4 -97.4037 10
      vertex 110.424 -91.0875 18.6934
      vertex 110.45 -91.1488 18.6091
    endloop
  endfacet
  facet normal -0.000721335 -0.809253 0.58746
    outer loop
      vertex 116.4 -97.4037 10
      vertex 110.45 -91.1488 18.6091
      vertex 110.458 -91.2116 18.5226
    endloop
  endfacet
  facet normal 0.000123239 -0.808973 0.587846
    outer loop
      vertex 116.4 -97.4037 10
      vertex 110.458 -91.2116 18.5226
      vertex 110.5 -91.5258 18.0902
    endloop
  endfacet
  facet normal -0.000384863 -0.809212 0.587517
    outer loop
      vertex 116.4 -97.4037 10
      vertex 109.773 -92.8886 16.2145
      vertex 109.717 -92.9423 16.1405
    endloop
  endfacet
  facet normal -1.34059e-05 -0.809018 0.587784
    outer loop
      vertex 110.45 -16.2548 121.692
      vertex 116.4 -97.4037 10
      vertex 116.4 0 144.065
    endloop
  endfacet
  facet normal -8.61532e-06 -0.809019 0.587783
    outer loop
      vertex 110.45 -91.9028 17.5713
      vertex 116.4 -97.4037 10
      vertex 110.5 -91.5258 18.0902
    endloop
  endfacet
  facet normal -7.49322e-06 -0.809018 0.587783
    outer loop
      vertex 110.299 -92.2705 17.0652
      vertex 116.4 -97.4037 10
      vertex 110.45 -91.9028 17.5713
    endloop
  endfacet
  facet normal -0.000506951 -0.809223 0.587501
    outer loop
      vertex 110.258 -92.3287 16.985
      vertex 116.4 -97.4037 10
      vertex 110.299 -92.2705 17.0652
    endloop
  endfacet
  facet normal 9.964e-05 -0.80897 0.58785
    outer loop
      vertex 110.053 -92.6199 16.5843
      vertex 116.4 -97.4037 10
      vertex 110.258 -92.3287 16.985
    endloop
  endfacet
  facet normal 2.93758e-05 -0.809002 0.587806
    outer loop
      vertex 109.773 -92.8886 16.2145
      vertex 116.4 -97.4037 10
      vertex 110.053 -92.6199 16.5843
    endloop
  endfacet
  facet normal 2.88217e-05 -0.808998 0.587811
    outer loop
      vertex 109.299 -93.2299 15.7447
      vertex 116.4 -97.4037 10
      vertex 109.717 -92.9423 16.1405
    endloop
  endfacet
  facet normal 2.39037e-05 -0.809001 0.587807
    outer loop
      vertex 108.81 -93.4755 15.4067
      vertex 116.4 -97.4037 10
      vertex 109.299 -93.2299 15.7447
    endloop
  endfacet
  facet normal -1.71169e-05 -0.809028 0.58777
    outer loop
      vertex 108.261 -93.6731 15.1347
      vertex 116.4 -97.4037 10
      vertex 108.81 -93.4755 15.4067
    endloop
  endfacet
  facet normal -2.50142e-05 -0.809034 0.587762
    outer loop
      vertex 107.667 -93.8178 14.9355
      vertex 116.4 -97.4037 10
      vertex 108.261 -93.6731 15.1347
    endloop
  endfacet
  facet normal 2.296e-05 -0.808994 0.587817
    outer loop
      vertex 107.041 -93.9061 14.814
      vertex 116.4 -97.4037 10
      vertex 107.667 -93.8178 14.9355
    endloop
  endfacet
  facet normal -4.84556e-05 -0.80906 0.587726
    outer loop
      vertex 106.4 -93.9357 14.7732
      vertex 116.4 -97.4037 10
      vertex 107.041 -93.9061 14.814
    endloop
  endfacet
  facet normal 6.33584e-05 -0.808948 0.58788
    outer loop
      vertex 105.759 -93.9061 14.814
      vertex 116.4 -97.4037 10
      vertex 106.4 -93.9357 14.7732
    endloop
  endfacet
  facet normal -0 0 1
    outer loop
      vertex -114.4 -2 2
      vertex 114.4 -86.5752 2
      vertex 114.4 -2 2
    endloop
  endfacet
  facet normal 0 0 1
    outer loop
      vertex 114.4 -86.5752 2
      vertex -114.4 -2 2
      vertex -114.4 -86.5752 2
    endloop
  endfacet
  facet normal -1 0 0
    outer loop
      vertex 114.4 -2 2
      vertex 114.4 -4 14
      vertex 114.4 -2 14
    endloop
  endfacet
  facet normal -1 0 0
    outer loop
      vertex 114.4 -2 2
      vertex 114.4 -4.93861 14.0739
      vertex 114.4 -4 14
    endloop
  endfacet
  facet normal -1 0 0
    outer loop
      vertex 114.4 -2 2
      vertex 114.4 -5.8541 14.2937
      vertex 114.4 -4.93861 14.0739
    endloop
  endfacet
  facet normal -1 0 0
    outer loop
      vertex 114.4 -2 2
      vertex 114.4 -6.72394 14.654
      vertex 114.4 -5.8541 14.2937
    endloop
  endfacet
  facet normal -1 0 0
    outer loop
      vertex 114.4 -2 2
      vertex 114.4 -7.52671 15.1459
      vertex 114.4 -6.72394 14.654
    endloop
  endfacet
  facet normal -1 0 0
    outer loop
      vertex 114.4 -2 2
      vertex 114.4 -8.24264 15.7574
      vertex 114.4 -7.52671 15.1459
    endloop
  endfacet
  facet normal -1 0 0
    outer loop
      vertex 114.4 -2 2
      vertex 114.4 -8.8541 16.4733
      vertex 114.4 -8.24264 15.7574
    endloop
  endfacet
  facet normal -1 0 0
    outer loop
      vertex 114.4 -86.5752 2
      vertex 114.4 -8.8541 16.4733
      vertex 114.4 -2 2
    endloop
  endfacet
  facet normal -1 0 0
    outer loop
      vertex 114.4 -8.24264 24.2426
      vertex 114.4 -16.2927 111.449
      vertex 114.4 -16.2846 111.443
    endloop
  endfacet
  facet normal -1 0 0
    outer loop
      vertex 114.4 -9.92613 20.9386
      vertex 114.4 -81.9694 21.0356
      vertex 114.4 -16.2927 111.449
    endloop
  endfacet
  facet normal -1 0 0
    outer loop
      vertex 114.4 -81.9694 21.0356
      vertex 114.4 -10 20
      vertex 114.4 -9.92613 19.0614
    endloop
  endfacet
  facet normal -1 0 0
    outer loop
      vertex 114.4 -84.3965 22.799
      vertex 114.4 -16.2927 111.449
      vertex 114.4 -81.9694 21.0356
    endloop
  endfacet
  facet normal -1 0 0
    outer loop
      vertex 114.4 -9.70634 18.1459
      vertex 114.4 -81.9694 21.0356
      vertex 114.4 -9.92613 19.0614
    endloop
  endfacet
  facet normal -1 0 0
    outer loop
      vertex 114.4 -9.34604 17.2761
      vertex 114.4 -81.9694 21.0356
      vertex 114.4 -9.70634 18.1459
    endloop
  endfacet
  facet normal -1 -0 0
    outer loop
      vertex 114.4 -8.8541 16.4733
      vertex 114.4 -86.5752 2
      vertex 114.4 -9.34604 17.2761
    endloop
  endfacet
  facet normal -1 -0 0
    outer loop
      vertex 114.4 -9.34604 17.2761
      vertex 114.4 -86.5752 2
      vertex 114.4 -81.9694 21.0356
    endloop
  endfacet
  facet normal -1 0 0
    outer loop
      vertex 114.4 -81.9694 21.0356
      vertex 114.4 -86.5752 2
      vertex 114.4 -91.9179 7.34269
    endloop
  endfacet
  facet normal -1 0 0
    outer loop
      vertex 114.4 -6.32147 125.156
      vertex 114.4 -8.74852 126.919
      vertex 114.4 -7.57295 128.537
    endloop
  endfacet
  facet normal -1 0 0
    outer loop
      vertex 114.4 -16.2846 111.443
      vertex 114.4 -5.8541 25.7063
      vertex 114.4 -6.72394 25.346
    endloop
  endfacet
  facet normal -1 0 0
    outer loop
      vertex 114.4 -16.2846 111.443
      vertex 114.4 -6.72394 25.346
      vertex 114.4 -7.52671 24.8541
    endloop
  endfacet
  facet normal -1 0 0
    outer loop
      vertex 114.4 -16.2846 111.443
      vertex 114.4 -7.52671 24.8541
      vertex 114.4 -8.24264 24.2426
    endloop
  endfacet
  facet normal -1 0 0
    outer loop
      vertex 114.4 -16.2927 111.449
      vertex 114.4 -8.24264 24.2426
      vertex 114.4 -8.8541 23.5267
    endloop
  endfacet
  facet normal -1 0 0
    outer loop
      vertex 114.4 -16.2927 111.449
      vertex 114.4 -8.8541 23.5267
      vertex 114.4 -9.34604 22.7239
    endloop
  endfacet
  facet normal -1 0 0
    outer loop
      vertex 114.4 -16.2927 111.449
      vertex 114.4 -9.34604 22.7239
      vertex 114.4 -9.70634 21.8541
    endloop
  endfacet
  facet normal -1 0 0
    outer loop
      vertex 114.4 -16.2927 111.449
      vertex 114.4 -9.70634 21.8541
      vertex 114.4 -9.92613 20.9386
    endloop
  endfacet
  facet normal -1 0 0
    outer loop
      vertex 114.4 -81.9694 21.0356
      vertex 114.4 -9.92613 20.9386
      vertex 114.4 -10 20
    endloop
  endfacet
  facet normal -1 0 0
    outer loop
      vertex 114.4 -5.8541 25.7063
      vertex 114.4 -16.2846 111.443
      vertex 114.4 -6.32147 125.156
    endloop
  endfacet
  facet normal -1 0 0
    outer loop
      vertex 114.4 -6.32147 125.156
      vertex 114.4 -2 26
      vertex 114.4 -4 26
    endloop
  endfacet
  facet normal -1 0 0
    outer loop
      vertex 114.4 -6.32147 125.156
      vertex 114.4 -4 26
      vertex 114.4 -4.93861 25.9261
    endloop
  endfacet
  facet normal -1 0 0
    outer loop
      vertex 114.4 -6.32147 125.156
      vertex 114.4 -4.93861 25.9261
      vertex 114.4 -5.8541 25.7063
    endloop
  endfacet
  facet normal -1 0 0
    outer loop
      vertex 114.4 -2 26
      vertex 114.4 -6.32147 125.156
      vertex 114.4 -2 137.909
    endloop
  endfacet
  facet normal -1 0 0
    outer loop
      vertex 114.4 -7.57295 128.537
      vertex 114.4 -2 137.909
      vertex 114.4 -6.32147 125.156
    endloop
  endfacet
  facet normal -1 0 0
    outer loop
      vertex 114.4 -2 137.909
      vertex 114.4 -7.57295 128.537
      vertex 114.4 -8.38197 129.125
    endloop
  endfacet
  facet normal -1 -0 0
    outer loop
      vertex 114.4 -16.2927 111.449
      vertex 114.4 -84.3965 22.799
      vertex 114.4 -18.4328 113.59
    endloop
  endfacet
  facet normal 0 0.707106 0.707107
    outer loop
      vertex 114.4 -86.5752 2
      vertex 98.4 -91.9179 7.34269
      vertex 114.4 -91.9179 7.34269
    endloop
  endfacet
  facet normal 0 0.7071 0.707113
    outer loop
      vertex 98.4 -91.9179 7.34269
      vertex 24.4 -91.9179 7.34269
      vertex 98.4 -94.0657 9.49045
    endloop
  endfacet
  facet normal 0 0.707106 0.707107
    outer loop
      vertex 114.4 -86.5752 2
      vertex 24.4 -91.9179 7.34269
      vertex 98.4 -91.9179 7.34269
    endloop
  endfacet
  facet normal 0 0.707106 0.707107
    outer loop
      vertex 114.4 -86.5752 2
      vertex 8.4 -91.9179 7.34269
      vertex 24.4 -91.9179 7.34269
    endloop
  endfacet
  facet normal 0 0.7071 0.707113
    outer loop
      vertex 8.4 -91.9179 7.34269
      vertex -8.4 -91.9179 7.34269
      vertex 8.4 -94.0657 9.49045
    endloop
  endfacet
  facet normal 0 0.707106 0.707107
    outer loop
      vertex 114.4 -86.5752 2
      vertex -8.4 -91.9179 7.34269
      vertex 8.4 -91.9179 7.34269
    endloop
  endfacet
  facet normal -0 0.707106 0.707107
    outer loop
      vertex -114.4 -86.5752 2
      vertex -8.4 -91.9179 7.34269
      vertex 114.4 -86.5752 2
    endloop
  endfacet
  facet normal 0 0.7071 0.707113
    outer loop
      vertex -24.4 -91.9179 7.34269
      vertex -98.4 -91.9179 7.34269
      vertex -24.4 -94.0657 9.49045
    endloop
  endfacet
  facet normal 0 0.707106 0.707107
    outer loop
      vertex -8.4 -91.9179 7.34269
      vertex -114.4 -86.5752 2
      vertex -24.4 -91.9179 7.34269
    endloop
  endfacet
  facet normal 0 0.707106 0.707107
    outer loop
      vertex -24.4 -91.9179 7.34269
      vertex -114.4 -86.5752 2
      vertex -98.4 -91.9179 7.34269
    endloop
  endfacet
  facet normal 0 0.707106 0.707107
    outer loop
      vertex -98.4 -91.9179 7.34269
      vertex -114.4 -86.5752 2
      vertex -114.4 -91.9179 7.34269
    endloop
  endfacet
  facet normal 0 0.7071 0.707113
    outer loop
      vertex 98.4 -94.0657 9.49045
      vertex 24.4 -91.9179 7.34269
      vertex 24.4 -94.0657 9.49045
    endloop
  endfacet
  facet normal 0 0.7071 0.707113
    outer loop
      vertex 8.4 -94.0657 9.49045
      vertex -8.4 -91.9179 7.34269
      vertex -8.4 -94.0657 9.49045
    endloop
  endfacet
  facet normal 0 0.7071 0.707113
    outer loop
      vertex -24.4 -94.0657 9.49045
      vertex -98.4 -91.9179 7.34269
      vertex -98.4 -94.0657 9.49045
    endloop
  endfacet
  facet normal 1 -0 0
    outer loop
      vertex -114.4 -6.32147 125.156
      vertex -114.4 -2 26
      vertex -114.4 -2 137.909
    endloop
  endfacet
  facet normal 1 -0 0
    outer loop
      vertex -114.4 -16.2846 111.443
      vertex -114.4 -2 26
      vertex -114.4 -6.32147 125.156
    endloop
  endfacet
  facet normal 1 0 0
    outer loop
      vertex -114.4 -2 26
      vertex -114.4 -16.2846 111.443
      vertex -114.4 -4 26
    endloop
  endfacet
  facet normal 1 0 0
    outer loop
      vertex -114.4 -4 26
      vertex -114.4 -16.2846 111.443
      vertex -114.4 -4.93861 25.9261
    endloop
  endfacet
  facet normal 1 0 0
    outer loop
      vertex -114.4 -2 137.909
      vertex -114.4 -7.57295 128.537
      vertex -114.4 -6.32147 125.156
    endloop
  endfacet
  facet normal 1 0 -0
    outer loop
      vertex -114.4 -7.57295 128.537
      vertex -114.4 -2 137.909
      vertex -114.4 -8.38197 129.125
    endloop
  endfacet
  facet normal 1 0 0
    outer loop
      vertex -114.4 -4.93861 25.9261
      vertex -114.4 -16.2846 111.443
      vertex -114.4 -5.8541 25.7063
    endloop
  endfacet
  facet normal 1 0 0
    outer loop
      vertex -114.4 -5.8541 25.7063
      vertex -114.4 -16.2846 111.443
      vertex -114.4 -6.72394 25.346
    endloop
  endfacet
  facet normal 1 0 0
    outer loop
      vertex -114.4 -6.72394 25.346
      vertex -114.4 -16.2846 111.443
      vertex -114.4 -7.52671 24.8541
    endloop
  endfacet
  facet normal 1 0 0
    outer loop
      vertex -114.4 -7.52671 24.8541
      vertex -114.4 -16.2846 111.443
      vertex -114.4 -8.24264 24.2426
    endloop
  endfacet
  facet normal 1 0 0
    outer loop
      vertex -114.4 -81.9694 21.0356
      vertex -114.4 -8.24264 24.2426
      vertex -114.4 -16.2846 111.443
    endloop
  endfacet
  facet normal 1 0 0
    outer loop
      vertex -114.4 -8.24264 24.2426
      vertex -114.4 -81.9694 21.0356
      vertex -114.4 -8.8541 23.5267
    endloop
  endfacet
  facet normal 1 0 0
    outer loop
      vertex -114.4 -8.8541 23.5267
      vertex -114.4 -81.9694 21.0356
      vertex -114.4 -9.34604 22.7239
    endloop
  endfacet
  facet normal 1 0 0
    outer loop
      vertex -114.4 -9.34604 22.7239
      vertex -114.4 -81.9694 21.0356
      vertex -114.4 -9.70634 21.8541
    endloop
  endfacet
  facet normal 1 0 0
    outer loop
      vertex -114.4 -9.70634 21.8541
      vertex -114.4 -81.9694 21.0356
      vertex -114.4 -9.92613 20.9386
    endloop
  endfacet
  facet normal 1 0 0
    outer loop
      vertex -114.4 -6.32147 125.156
      vertex -114.4 -7.57295 128.537
      vertex -114.4 -8.74852 126.919
    endloop
  endfacet
  facet normal 1 -0 0
    outer loop
      vertex -114.4 -4 14
      vertex -114.4 -2 2
      vertex -114.4 -2 14
    endloop
  endfacet
  facet normal 1 0 0
    outer loop
      vertex -114.4 -4.93861 14.0739
      vertex -114.4 -2 2
      vertex -114.4 -4 14
    endloop
  endfacet
  facet normal 1 0 0
    outer loop
      vertex -114.4 -5.8541 14.2937
      vertex -114.4 -2 2
      vertex -114.4 -4.93861 14.0739
    endloop
  endfacet
  facet normal 1 0 0
    outer loop
      vertex -114.4 -6.72394 14.654
      vertex -114.4 -2 2
      vertex -114.4 -5.8541 14.2937
    endloop
  endfacet
  facet normal 1 0 0
    outer loop
      vertex -114.4 -7.52671 15.1459
      vertex -114.4 -2 2
      vertex -114.4 -6.72394 14.654
    endloop
  endfacet
  facet normal 1 0 0
    outer loop
      vertex -114.4 -8.24264 15.7574
      vertex -114.4 -2 2
      vertex -114.4 -7.52671 15.1459
    endloop
  endfacet
  facet normal 1 0 0
    outer loop
      vertex -114.4 -8.8541 16.4733
      vertex -114.4 -2 2
      vertex -114.4 -8.24264 15.7574
    endloop
  endfacet
  facet normal 1 0 0
    outer loop
      vertex -114.4 -86.5752 2
      vertex -114.4 -8.8541 16.4733
      vertex -114.4 -9.34604 17.2761
    endloop
  endfacet
  facet normal 1 0 0
    outer loop
      vertex -114.4 -81.9694 21.0356
      vertex -114.4 -16.2846 111.443
      vertex -114.4 -16.2927 111.449
    endloop
  endfacet
  facet normal 1 0 0
    outer loop
      vertex -114.4 -84.3965 22.799
      vertex -114.4 -16.2927 111.449
      vertex -114.4 -18.4328 113.59
    endloop
  endfacet
  facet normal 1 0 0
    outer loop
      vertex -114.4 -9.92613 20.9386
      vertex -114.4 -81.9694 21.0356
      vertex -114.4 -10 20
    endloop
  endfacet
  facet normal 1 0 0
    outer loop
      vertex -114.4 -10 20
      vertex -114.4 -81.9694 21.0356
      vertex -114.4 -9.92613 19.0614
    endloop
  endfacet
  facet normal 1 0 0
    outer loop
      vertex -114.4 -81.9694 21.0356
      vertex -114.4 -9.70634 18.1459
      vertex -114.4 -9.92613 19.0614
    endloop
  endfacet
  facet normal 1 0 0
    outer loop
      vertex -114.4 -81.9694 21.0356
      vertex -114.4 -9.34604 17.2761
      vertex -114.4 -9.70634 18.1459
    endloop
  endfacet
  facet normal 1 0 0
    outer loop
      vertex -114.4 -86.5752 2
      vertex -114.4 -9.34604 17.2761
      vertex -114.4 -81.9694 21.0356
    endloop
  endfacet
  facet normal 1 0 0
    outer loop
      vertex -114.4 -8.8541 16.4733
      vertex -114.4 -86.5752 2
      vertex -114.4 -2 2
    endloop
  endfacet
  facet normal 1 0 -0
    outer loop
      vertex -114.4 -86.5752 2
      vertex -114.4 -81.9694 21.0356
      vertex -114.4 -91.9179 7.34269
    endloop
  endfacet
  facet normal 1 0 0
    outer loop
      vertex -114.4 -16.2927 111.449
      vertex -114.4 -84.3965 22.799
      vertex -114.4 -81.9694 21.0356
    endloop
  endfacet
  facet normal 0 -1 0
    outer loop
      vertex -114.4 -2 2
      vertex -113.4 -2 14
      vertex -114.4 -2 14
    endloop
  endfacet
  facet normal 0 -1 0
    outer loop
      vertex -114.4 -2 2
      vertex -42.8 -2 12
      vertex -104.4 -2 12
    endloop
  endfacet
  facet normal 0 -1 -0
    outer loop
      vertex -42.8 -2 12
      vertex -114.4 -2 2
      vertex -30.8 -2 12
    endloop
  endfacet
  facet normal 0 -1 -0
    outer loop
      vertex -30.8 -2 12
      vertex -114.4 -2 2
      vertex 30.8 -2 12
    endloop
  endfacet
  facet normal 0 -1 0
    outer loop
      vertex 114.4 -2 2
      vertex 30.8 -2 12
      vertex -114.4 -2 2
    endloop
  endfacet
  facet normal 0 -1 0
    outer loop
      vertex 30.8 -2 12
      vertex 114.4 -2 2
      vertex 42.8 -2 12
    endloop
  endfacet
  facet normal 0 -1 -0
    outer loop
      vertex -113.4 -2 14
      vertex -114.4 -2 2
      vertex -104.4 -2 12
    endloop
  endfacet
  facet normal 0 -1 0
    outer loop
      vertex 104.4 -2 12
      vertex 113.4 -2 26
      vertex 104.4 -2 101.265
    endloop
  endfacet
  facet normal 0 -1 -0
    outer loop
      vertex 113.4 -2 26
      vertex 104.4 -2 12
      vertex 113.4 -2 14
    endloop
  endfacet
  facet normal 0 -1 0
    outer loop
      vertex 114.4 -2 2
      vertex 113.4 -2 14
      vertex 104.4 -2 12
    endloop
  endfacet
  facet normal 0 -1 0
    outer loop
      vertex 113.4 -2 14
      vertex 114.4 -2 2
      vertex 114.4 -2 14
    endloop
  endfacet
  facet normal 0 -1 0
    outer loop
      vertex 42.8 -2 12
      vertex 114.4 -2 2
      vertex 104.4 -2 12
    endloop
  endfacet
  facet normal 0 -1 0
    outer loop
      vertex 30.8 -2 101.265
      vertex 73.6 -2 132.065
      vertex -1.14441e-05 -2 132.065
    endloop
  endfacet
  facet normal 0 -1 0
    outer loop
      vertex 30.8 -2 101.265
      vertex 42.8 -2 101.265
      vertex 73.6 -2 132.065
    endloop
  endfacet
  facet normal 0 -1 0
    outer loop
      vertex 30.8 -2 12
      vertex 42.8 -2 101.265
      vertex 30.8 -2 101.265
    endloop
  endfacet
  facet normal 0 -1 -0
    outer loop
      vertex 42.8 -2 101.265
      vertex 30.8 -2 12
      vertex 42.8 -2 12
    endloop
  endfacet
  facet normal 0 -1 0
    outer loop
      vertex -42.8 -2 101.265
      vertex -1.14441e-05 -2 132.065
      vertex -73.6 -2 132.065
    endloop
  endfacet
  facet normal 0 -1 0
    outer loop
      vertex -42.8 -2 101.265
      vertex -30.8 -2 101.265
      vertex -1.14441e-05 -2 132.065
    endloop
  endfacet
  facet normal 0 -1 0
    outer loop
      vertex -42.8 -2 12
      vertex -30.8 -2 101.265
      vertex -42.8 -2 101.265
    endloop
  endfacet
  facet normal 0 -1 -0
    outer loop
      vertex -30.8 -2 101.265
      vertex -42.8 -2 12
      vertex -30.8 -2 12
    endloop
  endfacet
  facet normal 0 -1 0
    outer loop
      vertex -1.14441e-05 -2 132.065
      vertex -114.4 -2 137.909
      vertex -73.6 -2 132.065
    endloop
  endfacet
  facet normal 0 -1 0
    outer loop
      vertex -114.4 -2 137.909
      vertex -104.4 -2 101.265
      vertex -73.6 -2 132.065
    endloop
  endfacet
  facet normal 0 -1 0
    outer loop
      vertex -114.4 -2 26
      vertex -104.4 -2 101.265
      vertex -114.4 -2 137.909
    endloop
  endfacet
  facet normal 0 -1 0
    outer loop
      vertex -113.4 -2 26
      vertex -104.4 -2 101.265
      vertex -114.4 -2 26
    endloop
  endfacet
  facet normal 0 -1 0
    outer loop
      vertex -104.4 -2 12
      vertex -113.4 -2 26
      vertex -113.4 -2 14
    endloop
  endfacet
  facet normal 0 -1 0
    outer loop
      vertex -113.4 -2 26
      vertex -104.4 -2 12
      vertex -104.4 -2 101.265
    endloop
  endfacet
  facet normal 0 -1 0
    outer loop
      vertex -114.4 -2 137.909
      vertex -1.14441e-05 -2 132.065
      vertex 114.4 -2 137.909
    endloop
  endfacet
  facet normal 0 -1 0
    outer loop
      vertex 73.6 -2 132.065
      vertex 114.4 -2 137.909
      vertex -1.14441e-05 -2 132.065
    endloop
  endfacet
  facet normal 0 -1 0
    outer loop
      vertex 104.4 -2 101.265
      vertex 114.4 -2 137.909
      vertex 73.6 -2 132.065
    endloop
  endfacet
  facet normal 0 -1 0
    outer loop
      vertex 114.4 -2 26
      vertex 104.4 -2 101.265
      vertex 113.4 -2 26
    endloop
  endfacet
  facet normal 0 -1 0
    outer loop
      vertex 104.4 -2 101.265
      vertex 114.4 -2 26
      vertex 114.4 -2 137.909
    endloop
  endfacet
  facet normal 0 0.809016 -0.587786
    outer loop
      vertex 114.4 -8.38197 129.125
      vertex -114.4 -2 137.909
      vertex 114.4 -2 137.909
    endloop
  endfacet
  facet normal 0 0.809016 -0.587786
    outer loop
      vertex -114.4 -2 137.909
      vertex 114.4 -8.38197 129.125
      vertex -114.4 -8.38197 129.125
    endloop
  endfacet
  facet normal 0 0.809015 -0.587787
    outer loop
      vertex -24.4 -84.6316 22.4753
      vertex -24.4 -94.0657 9.49045
      vertex -74.175 -84.6316 22.4753
    endloop
  endfacet
  facet normal 0 0.809016 -0.587786
    outer loop
      vertex 114.4 -18.4328 113.59
      vertex 114.4 -84.3965 22.799
      vertex 98.4 -18.4328 113.59
    endloop
  endfacet
  facet normal 0 0.809014 -0.587789
    outer loop
      vertex -74.175 -18.1973 113.914
      vertex -24.4 -8.74852 126.919
      vertex -24.4 -18.1973 113.914
    endloop
  endfacet
  facet normal 0 0.809014 -0.587789
    outer loop
      vertex -24.4 -8.74852 126.919
      vertex -74.175 -18.1973 113.914
      vertex -98.4 -8.74852 126.919
    endloop
  endfacet
  facet normal -3.18894e-06 0.809011 -0.587793
    outer loop
      vertex -74.175 -18.1973 113.914
      vertex -98.4 -18.4328 113.59
      vertex -98.4 -8.74852 126.919
    endloop
  endfacet
  facet normal 0 0.809016 -0.587786
    outer loop
      vertex -98.4 -18.4328 113.59
      vertex -98.4 -84.3965 22.799
      vertex -114.4 -18.4328 113.59
    endloop
  endfacet
  facet normal -3.32584e-06 0.809016 -0.587786
    outer loop
      vertex -74.175 -18.1973 113.914
      vertex -98.4 -84.3965 22.799
      vertex -98.4 -18.4328 113.59
    endloop
  endfacet
  facet normal -2.75547e-06 0.809016 -0.587786
    outer loop
      vertex -74.175 -84.6316 22.4753
      vertex -98.4 -84.3965 22.799
      vertex -74.175 -18.1973 113.914
    endloop
  endfacet
  facet normal 0 0.809015 -0.587787
    outer loop
      vertex -98.4 -94.0657 9.49045
      vertex -74.175 -84.6316 22.4753
      vertex -24.4 -94.0657 9.49045
    endloop
  endfacet
  facet normal -2.70995e-06 0.809018 -0.587784
    outer loop
      vertex -74.175 -84.6316 22.4753
      vertex -98.4 -94.0657 9.49045
      vertex -98.4 -84.3965 22.799
    endloop
  endfacet
  facet normal 0 0.809014 -0.587789
    outer loop
      vertex 8.4 -18.1973 113.914
      vertex -8.4 -8.74852 126.919
      vertex 8.4 -8.74852 126.919
    endloop
  endfacet
  facet normal 0 0.809014 -0.587789
    outer loop
      vertex -8.4 -8.74852 126.919
      vertex 8.4 -18.1973 113.914
      vertex -8.4 -18.1973 113.914
    endloop
  endfacet
  facet normal 0 0.809014 -0.587789
    outer loop
      vertex 98.4 -8.74852 126.919
      vertex 74.175 -18.1973 113.914
      vertex 24.4 -8.74852 126.919
    endloop
  endfacet
  facet normal 3.18894e-06 0.809011 -0.587793
    outer loop
      vertex 98.4 -18.4328 113.59
      vertex 74.175 -18.1973 113.914
      vertex 98.4 -8.74852 126.919
    endloop
  endfacet
  facet normal 0 0.809016 -0.587786
    outer loop
      vertex 98.4 -84.3965 22.799
      vertex 98.4 -18.4328 113.59
      vertex 114.4 -84.3965 22.799
    endloop
  endfacet
  facet normal 3.32584e-06 0.809016 -0.587786
    outer loop
      vertex 98.4 -18.4328 113.59
      vertex 98.4 -84.3965 22.799
      vertex 74.175 -18.1973 113.914
    endloop
  endfacet
  facet normal 2.75547e-06 0.809016 -0.587786
    outer loop
      vertex 98.4 -84.3965 22.799
      vertex 74.175 -84.6316 22.4753
      vertex 74.175 -18.1973 113.914
    endloop
  endfacet
  facet normal 2.70995e-06 0.809018 -0.587784
    outer loop
      vertex 98.4 -94.0657 9.49045
      vertex 74.175 -84.6316 22.4753
      vertex 98.4 -84.3965 22.799
    endloop
  endfacet
  facet normal 0 0.809015 -0.587787
    outer loop
      vertex 24.4 -94.0657 9.49045
      vertex 74.175 -84.6316 22.4753
      vertex 98.4 -94.0657 9.49045
    endloop
  endfacet
  facet normal 0 0.809015 -0.587787
    outer loop
      vertex 74.175 -84.6316 22.4753
      vertex 24.4 -94.0657 9.49045
      vertex 24.4 -84.6316 22.4753
    endloop
  endfacet
  facet normal 0 0.809011 -0.587793
    outer loop
      vertex 98.4 -8.74852 126.919
      vertex 114.4 -7.57295 128.537
      vertex 114.4 -8.74852 126.919
    endloop
  endfacet
  facet normal 0 0.809011 -0.587793
    outer loop
      vertex 24.4 -8.74852 126.919
      vertex 114.4 -7.57295 128.537
      vertex 98.4 -8.74852 126.919
    endloop
  endfacet
  facet normal 0 0.809011 -0.587793
    outer loop
      vertex 114.4 -7.57295 128.537
      vertex 24.4 -8.74852 126.919
      vertex -114.4 -7.57295 128.537
    endloop
  endfacet
  facet normal 0 0.809011 -0.587793
    outer loop
      vertex 8.4 -8.74852 126.919
      vertex -114.4 -7.57295 128.537
      vertex 24.4 -8.74852 126.919
    endloop
  endfacet
  facet normal 0 0.809011 -0.587793
    outer loop
      vertex -8.4 -8.74852 126.919
      vertex -114.4 -7.57295 128.537
      vertex 8.4 -8.74852 126.919
    endloop
  endfacet
  facet normal 0 0.809011 -0.587793
    outer loop
      vertex -24.4 -8.74852 126.919
      vertex -114.4 -7.57295 128.537
      vertex -8.4 -8.74852 126.919
    endloop
  endfacet
  facet normal 0 0.809011 -0.587793
    outer loop
      vertex -98.4 -8.74852 126.919
      vertex -114.4 -7.57295 128.537
      vertex -24.4 -8.74852 126.919
    endloop
  endfacet
  facet normal 0 0.809011 -0.587793
    outer loop
      vertex -114.4 -7.57295 128.537
      vertex -98.4 -8.74852 126.919
      vertex -114.4 -8.74852 126.919
    endloop
  endfacet
  facet normal 0 0.809014 -0.587789
    outer loop
      vertex 24.4 -8.74852 126.919
      vertex 74.175 -18.1973 113.914
      vertex 24.4 -18.1973 113.914
    endloop
  endfacet
  facet normal 0 0.809016 -0.587786
    outer loop
      vertex -114.4 -18.4328 113.59
      vertex -98.4 -84.3965 22.799
      vertex -114.4 -84.3965 22.799
    endloop
  endfacet
  facet normal 0 0.809015 -0.587787
    outer loop
      vertex 8.4 -94.0657 9.49045
      vertex -8.4 -84.6316 22.4753
      vertex 8.4 -84.6316 22.4753
    endloop
  endfacet
  facet normal 0 0.809015 -0.587787
    outer loop
      vertex -8.4 -84.6316 22.4753
      vertex 8.4 -94.0657 9.49045
      vertex -8.4 -94.0657 9.49045
    endloop
  endfacet
  facet normal -0 0.587924 0.808916
    outer loop
      vertex -114.4 -7.57295 128.537
      vertex 114.4 -8.38197 129.125
      vertex 114.4 -7.57295 128.537
    endloop
  endfacet
  facet normal 0 0.587924 0.808916
    outer loop
      vertex 114.4 -8.38197 129.125
      vertex -114.4 -7.57295 128.537
      vertex -114.4 -8.38197 129.125
    endloop
  endfacet
  facet normal -0 0.587708 0.809073
    outer loop
      vertex -114.4 -6.32147 125.156
      vertex -98.4 -8.74852 126.919
      vertex -98.4 -6.32147 125.156
    endloop
  endfacet
  facet normal 0 0.587708 0.809073
    outer loop
      vertex -98.4 -8.74852 126.919
      vertex -114.4 -6.32147 125.156
      vertex -114.4 -8.74852 126.919
    endloop
  endfacet
  facet normal 0 0.809016 -0.587787
    outer loop
      vertex -98.4 -16.2846 111.443
      vertex -114.4 -6.32147 125.156
      vertex -98.4 -6.32147 125.156
    endloop
  endfacet
  facet normal 0 0.809016 -0.587787
    outer loop
      vertex -114.4 -6.32147 125.156
      vertex -98.4 -16.2846 111.443
      vertex -114.4 -16.2846 111.443
    endloop
  endfacet
  facet normal 0 -0.707255 -0.706958
    outer loop
      vertex -114.4 -16.2927 111.449
      vertex -98.4 -18.4328 113.59
      vertex -114.4 -18.4328 113.59
    endloop
  endfacet
  facet normal 0 -0.707255 -0.706958
    outer loop
      vertex -98.4 -18.4328 113.59
      vertex -114.4 -16.2927 111.449
      vertex -98.4 -16.2927 111.449
    endloop
  endfacet
  facet normal 1 0 0
    outer loop
      vertex -98.4 -18.4328 113.59
      vertex -98.4 -6.32147 125.156
      vertex -98.4 -8.74852 126.919
    endloop
  endfacet
  facet normal 1 0 0
    outer loop
      vertex -98.4 -6.32147 125.156
      vertex -98.4 -16.2927 111.449
      vertex -98.4 -16.2846 111.443
    endloop
  endfacet
  facet normal 1 0 0
    outer loop
      vertex -98.4 -6.32147 125.156
      vertex -98.4 -18.4328 113.59
      vertex -98.4 -16.2927 111.449
    endloop
  endfacet
  facet normal 0 -0.595228 -0.803557
    outer loop
      vertex -114.4 -16.2927 111.449
      vertex -98.4 -16.2846 111.443
      vertex -98.4 -16.2927 111.449
    endloop
  endfacet
  facet normal -0 -0.595228 -0.803557
    outer loop
      vertex -98.4 -16.2846 111.443
      vertex -114.4 -16.2927 111.449
      vertex -114.4 -16.2846 111.443
    endloop
  endfacet
  facet normal -0 0.587787 0.809016
    outer loop
      vertex -114.4 -81.9694 21.0356
      vertex -98.4 -84.3965 22.799
      vertex -98.4 -81.9694 21.0356
    endloop
  endfacet
  facet normal 0 0.587787 0.809016
    outer loop
      vertex -98.4 -84.3965 22.799
      vertex -114.4 -81.9694 21.0356
      vertex -114.4 -84.3965 22.799
    endloop
  endfacet
  facet normal 0 0.809016 -0.587786
    outer loop
      vertex -98.4 -91.9179 7.34269
      vertex -114.4 -81.9694 21.0356
      vertex -98.4 -81.9694 21.0356
    endloop
  endfacet
  facet normal 0 0.809016 -0.587786
    outer loop
      vertex -114.4 -81.9694 21.0356
      vertex -98.4 -91.9179 7.34269
      vertex -114.4 -91.9179 7.34269
    endloop
  endfacet
  facet normal 1 0 0
    outer loop
      vertex -98.4 -94.0657 9.49045
      vertex -98.4 -81.9694 21.0356
      vertex -98.4 -84.3965 22.799
    endloop
  endfacet
  facet normal 1 0 0
    outer loop
      vertex -98.4 -81.9694 21.0356
      vertex -98.4 -94.0657 9.49045
      vertex -98.4 -91.9179 7.34269
    endloop
  endfacet
  facet normal -0 0.587708 0.809073
    outer loop
      vertex 98.4 -6.32147 125.156
      vertex 114.4 -8.74852 126.919
      vertex 114.4 -6.32147 125.156
    endloop
  endfacet
  facet normal 0 0.587708 0.809073
    outer loop
      vertex 114.4 -8.74852 126.919
      vertex 98.4 -6.32147 125.156
      vertex 98.4 -8.74852 126.919
    endloop
  endfacet
  facet normal 0 0.809016 -0.587787
    outer loop
      vertex 114.4 -16.2846 111.443
      vertex 98.4 -6.32147 125.156
      vertex 114.4 -6.32147 125.156
    endloop
  endfacet
  facet normal 0 0.809016 -0.587787
    outer loop
      vertex 98.4 -6.32147 125.156
      vertex 114.4 -16.2846 111.443
      vertex 98.4 -16.2846 111.443
    endloop
  endfacet
  facet normal 0 -0.707255 -0.706958
    outer loop
      vertex 98.4 -16.2927 111.449
      vertex 114.4 -18.4328 113.59
      vertex 98.4 -18.4328 113.59
    endloop
  endfacet
  facet normal 0 -0.707255 -0.706958
    outer loop
      vertex 114.4 -18.4328 113.59
      vertex 98.4 -16.2927 111.449
      vertex 114.4 -16.2927 111.449
    endloop
  endfacet
  facet normal -1 0 0
    outer loop
      vertex 98.4 -16.2927 111.449
      vertex 98.4 -6.32147 125.156
      vertex 98.4 -16.2846 111.443
    endloop
  endfacet
  facet normal -1 0 0
    outer loop
      vertex 98.4 -18.4328 113.59
      vertex 98.4 -6.32147 125.156
      vertex 98.4 -16.2927 111.449
    endloop
  endfacet
  facet normal -1 -0 0
    outer loop
      vertex 98.4 -6.32147 125.156
      vertex 98.4 -18.4328 113.59
      vertex 98.4 -8.74852 126.919
    endloop
  endfacet
  facet normal 0 -0.595228 -0.803557
    outer loop
      vertex 98.4 -16.2927 111.449
      vertex 114.4 -16.2846 111.443
      vertex 114.4 -16.2927 111.449
    endloop
  endfacet
  facet normal -0 -0.595228 -0.803557
    outer loop
      vertex 114.4 -16.2846 111.443
      vertex 98.4 -16.2927 111.449
      vertex 98.4 -16.2846 111.443
    endloop
  endfacet
  facet normal -0 0.587787 0.809016
    outer loop
      vertex 98.4 -81.9694 21.0356
      vertex 114.4 -84.3965 22.799
      vertex 114.4 -81.9694 21.0356
    endloop
  endfacet
  facet normal 0 0.587787 0.809016
    outer loop
      vertex 114.4 -84.3965 22.799
      vertex 98.4 -81.9694 21.0356
      vertex 98.4 -84.3965 22.799
    endloop
  endfacet
  facet normal 0 0.809016 -0.587786
    outer loop
      vertex 114.4 -91.9179 7.34269
      vertex 98.4 -81.9694 21.0356
      vertex 114.4 -81.9694 21.0356
    endloop
  endfacet
  facet normal 0 0.809016 -0.587786
    outer loop
      vertex 98.4 -81.9694 21.0356
      vertex 114.4 -91.9179 7.34269
      vertex 98.4 -91.9179 7.34269
    endloop
  endfacet
  facet normal -1 0 0
    outer loop
      vertex 98.4 -94.0657 9.49045
      vertex 98.4 -81.9694 21.0356
      vertex 98.4 -91.9179 7.34269
    endloop
  endfacet
  facet normal -1 -0 0
    outer loop
      vertex 98.4 -81.9694 21.0356
      vertex 98.4 -94.0657 9.49045
      vertex 98.4 -84.3965 22.799
    endloop
  endfacet
  facet normal 1 0 0
    outer loop
      vertex -8.4 -18.1973 113.914
      vertex -8.4 -6.32147 125.156
      vertex -8.4 -8.74852 126.919
    endloop
  endfacet
  facet normal 1 0 0
    outer loop
      vertex -8.4 -6.32147 125.156
      vertex -8.4 -17.4813 113.198
      vertex -8.4 -16.2846 111.443
    endloop
  endfacet
  facet normal 1 0 0
    outer loop
      vertex -8.4 -16.2846 111.443
      vertex -8.4 -17.4813 113.198
      vertex -8.4 -16.2927 111.449
    endloop
  endfacet
  facet normal 1 0 0
    outer loop
      vertex -8.4 -6.32147 125.156
      vertex -8.4 -18.1973 113.914
      vertex -8.4 -17.4813 113.198
    endloop
  endfacet
  facet normal 1 0 0
    outer loop
      vertex -8.4 -16.2927 111.449
      vertex -8.4 -17.4813 113.198
      vertex -8.4 -17.7171 112.874
    endloop
  endfacet
  facet normal 0 0.809016 -0.587787
    outer loop
      vertex -8.4 -16.2846 111.443
      vertex -24.4 -6.32147 125.156
      vertex -8.4 -6.32147 125.156
    endloop
  endfacet
  facet normal 0 0.809016 -0.587787
    outer loop
      vertex -24.4 -6.32147 125.156
      vertex -8.4 -16.2846 111.443
      vertex -24.4 -16.2846 111.443
    endloop
  endfacet
  facet normal 0 -0.707256 -0.706958
    outer loop
      vertex -24.4 -16.2927 111.449
      vertex -8.4 -17.7171 112.874
      vertex -24.4 -17.7171 112.874
    endloop
  endfacet
  facet normal 0 -0.707256 -0.706958
    outer loop
      vertex -8.4 -17.7171 112.874
      vertex -24.4 -16.2927 111.449
      vertex -8.4 -16.2927 111.449
    endloop
  endfacet
  facet normal -0 0.587708 0.809073
    outer loop
      vertex -24.4 -6.32147 125.156
      vertex -8.4 -8.74852 126.919
      vertex -8.4 -6.32147 125.156
    endloop
  endfacet
  facet normal 0 0.587708 0.809073
    outer loop
      vertex -8.4 -8.74852 126.919
      vertex -24.4 -6.32147 125.156
      vertex -24.4 -8.74852 126.919
    endloop
  endfacet
  facet normal -1 0 0
    outer loop
      vertex -24.4 -16.2927 111.449
      vertex -24.4 -17.7171 112.874
      vertex -24.4 -17.4813 113.198
    endloop
  endfacet
  facet normal -1 0 0
    outer loop
      vertex -24.4 -17.4813 113.198
      vertex -24.4 -6.32147 125.156
      vertex -24.4 -16.2846 111.443
    endloop
  endfacet
  facet normal -1 0 0
    outer loop
      vertex -24.4 -17.4813 113.198
      vertex -24.4 -16.2846 111.443
      vertex -24.4 -16.2927 111.449
    endloop
  endfacet
  facet normal -1 0 0
    outer loop
      vertex -24.4 -18.1973 113.914
      vertex -24.4 -6.32147 125.156
      vertex -24.4 -17.4813 113.198
    endloop
  endfacet
  facet normal -1 -0 0
    outer loop
      vertex -24.4 -6.32147 125.156
      vertex -24.4 -18.1973 113.914
      vertex -24.4 -8.74852 126.919
    endloop
  endfacet
  facet normal 0 -0.595228 -0.803557
    outer loop
      vertex -24.4 -16.2927 111.449
      vertex -8.4 -16.2846 111.443
      vertex -8.4 -16.2927 111.449
    endloop
  endfacet
  facet normal -0 -0.595228 -0.803557
    outer loop
      vertex -8.4 -16.2846 111.443
      vertex -24.4 -16.2927 111.449
      vertex -24.4 -16.2846 111.443
    endloop
  endfacet
  facet normal -0 0.587779 0.809021
    outer loop
      vertex -24.4 -81.9694 21.0356
      vertex -8.4 -83.5875 22.2112
      vertex -8.4 -81.9694 21.0356
    endloop
  endfacet
  facet normal 0 0.587779 0.809021
    outer loop
      vertex -8.4 -83.5875 22.2112
      vertex -24.4 -81.9694 21.0356
      vertex -24.4 -83.5875 22.2112
    endloop
  endfacet
  facet normal 0 0.809016 -0.587786
    outer loop
      vertex -8.4 -91.9179 7.34269
      vertex -24.4 -81.9694 21.0356
      vertex -8.4 -81.9694 21.0356
    endloop
  endfacet
  facet normal 0 0.809016 -0.587786
    outer loop
      vertex -24.4 -81.9694 21.0356
      vertex -8.4 -91.9179 7.34269
      vertex -24.4 -91.9179 7.34269
    endloop
  endfacet
  facet normal 1 -0 0
    outer loop
      vertex -8.4 -83.8226 21.8876
      vertex -8.4 -81.9694 21.0356
      vertex -8.4 -83.5875 22.2112
    endloop
  endfacet
  facet normal 1 0 0
    outer loop
      vertex -8.4 -83.8226 21.8876
      vertex -8.4 -91.9179 7.34269
      vertex -8.4 -81.9694 21.0356
    endloop
  endfacet
  facet normal 1 0 0
    outer loop
      vertex -8.4 -94.0657 9.49045
      vertex -8.4 -83.8226 21.8876
      vertex -8.4 -84.6316 22.4753
    endloop
  endfacet
  facet normal 1 0 0
    outer loop
      vertex -8.4 -83.8226 21.8876
      vertex -8.4 -94.0657 9.49045
      vertex -8.4 -91.9179 7.34269
    endloop
  endfacet
  facet normal -1 0 0
    outer loop
      vertex -24.4 -81.9694 21.0356
      vertex -24.4 -83.8226 21.8876
      vertex -24.4 -83.5875 22.2112
    endloop
  endfacet
  facet normal -1 0 0
    outer loop
      vertex -24.4 -91.9179 7.34269
      vertex -24.4 -83.8226 21.8876
      vertex -24.4 -81.9694 21.0356
    endloop
  endfacet
  facet normal -1 0 0
    outer loop
      vertex -24.4 -94.0657 9.49045
      vertex -24.4 -83.8226 21.8876
      vertex -24.4 -91.9179 7.34269
    endloop
  endfacet
  facet normal -1 -0 0
    outer loop
      vertex -24.4 -83.8226 21.8876
      vertex -24.4 -94.0657 9.49045
      vertex -24.4 -84.6316 22.4753
    endloop
  endfacet
  facet normal -0 0.587708 0.809073
    outer loop
      vertex 8.4 -6.32147 125.156
      vertex 24.4 -8.74852 126.919
      vertex 24.4 -6.32147 125.156
    endloop
  endfacet
  facet normal 0 0.587708 0.809073
    outer loop
      vertex 24.4 -8.74852 126.919
      vertex 8.4 -6.32147 125.156
      vertex 8.4 -8.74852 126.919
    endloop
  endfacet
  facet normal 1 0 0
    outer loop
      vertex 24.4 -18.1973 113.914
      vertex 24.4 -6.32147 125.156
      vertex 24.4 -8.74852 126.919
    endloop
  endfacet
  facet normal 1 0 0
    outer loop
      vertex 24.4 -6.32147 125.156
      vertex 24.4 -17.4813 113.198
      vertex 24.4 -16.2846 111.443
    endloop
  endfacet
  facet normal 1 0 0
    outer loop
      vertex 24.4 -16.2846 111.443
      vertex 24.4 -17.4813 113.198
      vertex 24.4 -16.2927 111.449
    endloop
  endfacet
  facet normal 1 0 0
    outer loop
      vertex 24.4 -6.32147 125.156
      vertex 24.4 -18.1973 113.914
      vertex 24.4 -17.4813 113.198
    endloop
  endfacet
  facet normal 1 0 0
    outer loop
      vertex 24.4 -16.2927 111.449
      vertex 24.4 -17.4813 113.198
      vertex 24.4 -17.7171 112.874
    endloop
  endfacet
  facet normal 0 0.809016 -0.587787
    outer loop
      vertex 24.4 -16.2846 111.443
      vertex 8.4 -6.32147 125.156
      vertex 24.4 -6.32147 125.156
    endloop
  endfacet
  facet normal 0 0.809016 -0.587787
    outer loop
      vertex 8.4 -6.32147 125.156
      vertex 24.4 -16.2846 111.443
      vertex 8.4 -16.2846 111.443
    endloop
  endfacet
  facet normal 0 -0.707256 -0.706958
    outer loop
      vertex 8.4 -16.2927 111.449
      vertex 24.4 -17.7171 112.874
      vertex 8.4 -17.7171 112.874
    endloop
  endfacet
  facet normal 0 -0.707256 -0.706958
    outer loop
      vertex 24.4 -17.7171 112.874
      vertex 8.4 -16.2927 111.449
      vertex 24.4 -16.2927 111.449
    endloop
  endfacet
  facet normal -1 0 0
    outer loop
      vertex 8.4 -16.2927 111.449
      vertex 8.4 -17.7171 112.874
      vertex 8.4 -17.4813 113.198
    endloop
  endfacet
  facet normal -1 0 0
    outer loop
      vertex 8.4 -17.4813 113.198
      vertex 8.4 -6.32147 125.156
      vertex 8.4 -16.2846 111.443
    endloop
  endfacet
  facet normal -1 0 0
    outer loop
      vertex 8.4 -17.4813 113.198
      vertex 8.4 -16.2846 111.443
      vertex 8.4 -16.2927 111.449
    endloop
  endfacet
  facet normal -1 0 0
    outer loop
      vertex 8.4 -18.1973 113.914
      vertex 8.4 -6.32147 125.156
      vertex 8.4 -17.4813 113.198
    endloop
  endfacet
  facet normal -1 -0 0
    outer loop
      vertex 8.4 -6.32147 125.156
      vertex 8.4 -18.1973 113.914
      vertex 8.4 -8.74852 126.919
    endloop
  endfacet
  facet normal 0 -0.595228 -0.803557
    outer loop
      vertex 8.4 -16.2927 111.449
      vertex 24.4 -16.2846 111.443
      vertex 24.4 -16.2927 111.449
    endloop
  endfacet
  facet normal -0 -0.595228 -0.803557
    outer loop
      vertex 24.4 -16.2846 111.443
      vertex 8.4 -16.2927 111.449
      vertex 8.4 -16.2846 111.443
    endloop
  endfacet
  facet normal -0 0.587779 0.809021
    outer loop
      vertex 8.4 -81.9694 21.0356
      vertex 24.4 -83.5875 22.2112
      vertex 24.4 -81.9694 21.0356
    endloop
  endfacet
  facet normal 0 0.587779 0.809021
    outer loop
      vertex 24.4 -83.5875 22.2112
      vertex 8.4 -81.9694 21.0356
      vertex 8.4 -83.5875 22.2112
    endloop
  endfacet
  facet normal 0 0.809016 -0.587786
    outer loop
      vertex 24.4 -91.9179 7.34269
      vertex 8.4 -81.9694 21.0356
      vertex 24.4 -81.9694 21.0356
    endloop
  endfacet
  facet normal 0 0.809016 -0.587786
    outer loop
      vertex 8.4 -81.9694 21.0356
      vertex 24.4 -91.9179 7.34269
      vertex 8.4 -91.9179 7.34269
    endloop
  endfacet
  facet normal 1 -0 0
    outer loop
      vertex 24.4 -83.8226 21.8876
      vertex 24.4 -81.9694 21.0356
      vertex 24.4 -83.5875 22.2112
    endloop
  endfacet
  facet normal 1 0 0
    outer loop
      vertex 24.4 -83.8226 21.8876
      vertex 24.4 -91.9179 7.34269
      vertex 24.4 -81.9694 21.0356
    endloop
  endfacet
  facet normal 1 0 0
    outer loop
      vertex 24.4 -94.0657 9.49045
      vertex 24.4 -83.8226 21.8876
      vertex 24.4 -84.6316 22.4753
    endloop
  endfacet
  facet normal 1 0 0
    outer loop
      vertex 24.4 -83.8226 21.8876
      vertex 24.4 -94.0657 9.49045
      vertex 24.4 -91.9179 7.34269
    endloop
  endfacet
  facet normal -1 0 0
    outer loop
      vertex 8.4 -81.9694 21.0356
      vertex 8.4 -83.8226 21.8876
      vertex 8.4 -83.5875 22.2112
    endloop
  endfacet
  facet normal -1 0 0
    outer loop
      vertex 8.4 -91.9179 7.34269
      vertex 8.4 -83.8226 21.8876
      vertex 8.4 -81.9694 21.0356
    endloop
  endfacet
  facet normal -1 0 0
    outer loop
      vertex 8.4 -94.0657 9.49045
      vertex 8.4 -83.8226 21.8876
      vertex 8.4 -91.9179 7.34269
    endloop
  endfacet
  facet normal -1 -0 0
    outer loop
      vertex 8.4 -83.8226 21.8876
      vertex 8.4 -94.0657 9.49045
      vertex 8.4 -84.6316 22.4753
    endloop
  endfacet
  facet normal -0.996933 0.0460049 0.0633174
    outer loop
      vertex -102.3 -15.8778 122.211
      vertex -102.3 -11.8328 119.272
      vertex -102.342 -16.192 121.778
    endloop
  endfacet
  facet normal 0.000273631 -0.808796 0.588089
    outer loop
      vertex -103.501 -10.1287 121.617
      vertex -103.99 -9.8831 121.955
      vertex -104.539 -9.68551 122.227
    endloop
  endfacet
  facet normal -0.523048 -0.500978 -0.689523
    outer loop
      vertex -103.99 -9.8831 121.955
      vertex -103.99 -13.9282 124.894
      vertex -104.447 -13.7635 125.121
    endloop
  endfacet
  facet normal -0.996976 0.0457264 0.0628323
    outer loop
      vertex -102.35 -12.2098 118.753
      vertex -102.342 -16.192 121.778
      vertex -102.3 -11.8328 119.272
    endloop
  endfacet
  facet normal -0.99719 0.0440349 0.0606061
    outer loop
      vertex -102.342 -16.192 121.778
      vertex -102.35 -12.2098 118.753
      vertex -102.35 -16.2548 121.692
    endloop
  endfacet
  facet normal -0.996932 -0.0460092 -0.0633248
    outer loop
      vertex -102.308 -15.815 122.297
      vertex -102.35 -15.5009 122.73
      vertex -102.35 -11.4558 119.791
    endloop
  endfacet
  facet normal 0.996976 -0.0457264 -0.0628323
    outer loop
      vertex -110.492 -15.815 122.297
      vertex -110.5 -11.8328 119.272
      vertex -110.45 -11.4558 119.791
    endloop
  endfacet
  facet normal 0.99719 -0.0440349 -0.0606061
    outer loop
      vertex -110.5 -11.8328 119.272
      vertex -110.492 -15.815 122.297
      vertex -110.5 -15.8778 122.211
    endloop
  endfacet
  facet normal -2.87111e-05 -0.809073 0.587708
    outer loop
      vertex -109.717 -13.2493 117.322
      vertex -110.45 -11.4558 119.791
      vertex -110.45 -12.2098 118.753
    endloop
  endfacet
  facet normal 0.000802795 -0.808185 0.588928
    outer loop
      vertex -103.501 -10.1287 121.617
      vertex -105.133 -9.5408 122.426
      vertex -105.759 -9.45252 122.548
    endloop
  endfacet
  facet normal -0.00183906 -0.808702 0.588216
    outer loop
      vertex -102.501 -12.5775 118.247
      vertex -102.35 -12.2098 118.753
      vertex -102.747 -12.9268 117.766
    endloop
  endfacet
  facet normal -0.649594 0.446888 0.615076
    outer loop
      vertex -103.99 -13.7824 116.588
      vertex -103.501 -17.5819 119.865
      vertex -103.501 -13.5368 116.926
    endloop
  endfacet
  facet normal -0.649594 0.446888 0.615076
    outer loop
      vertex -103.501 -17.5819 119.865
      vertex -103.99 -13.7824 116.588
      vertex -103.99 -17.8275 119.527
    endloop
  endfacet
  facet normal -0.000273631 -0.808796 0.588089
    outer loop
      vertex -108.261 -9.68551 122.227
      vertex -108.81 -9.8831 121.955
      vertex -109.299 -10.1287 121.617
    endloop
  endfacet
  facet normal 0.924019 -0.224735 -0.309327
    outer loop
      vertex -110.258 -15.0749 123.316
      vertex -110.299 -11.0881 120.297
      vertex -110.053 -10.7387 120.778
    endloop
  endfacet
  facet normal 0.923808 -0.225044 -0.309732
    outer loop
      vertex -110.299 -11.0881 120.297
      vertex -110.258 -15.0749 123.316
      vertex -110.299 -15.1331 123.236
    endloop
  endfacet
  facet normal 0.382919 -0.542993 -0.74735
    outer loop
      vertex -107.667 -9.5408 122.426
      vertex -107.667 -13.5859 125.365
      vertex -108.162 -13.7065 125.199
    endloop
  endfacet
  facet normal -0.000832764 -0.809175 0.587567
    outer loop
      vertex -102.35 -11.4558 119.791
      vertex -102.747 -10.7387 120.778
      vertex -103.501 -10.1287 121.617
    endloop
  endfacet
  facet normal -0.000210892 -0.809015 0.587788
    outer loop
      vertex -102.747 -12.9268 117.766
      vertex -102.35 -12.2098 118.753
      vertex -103.083 -13.2493 117.322
    endloop
  endfacet
  facet normal -0.000324923 -0.809023 0.587777
    outer loop
      vertex -103.083 -13.2493 117.322
      vertex -102.35 -11.4558 119.791
      vertex -103.501 -10.1287 121.617
    endloop
  endfacet
  facet normal 0 -0.810127 0.586255
    outer loop
      vertex -105.759 -9.45252 122.548
      vertex -106.4 -9.42285 122.589
      vertex -107.041 -9.45252 122.548
    endloop
  endfacet
  facet normal 0.078736 0.585969 0.806499
    outer loop
      vertex -107.041 -18.2581 118.935
      vertex -106.4 -14.2427 115.955
      vertex -107.041 -14.213 115.996
    endloop
  endfacet
  facet normal 0.078736 0.585969 0.806499
    outer loop
      vertex -106.4 -14.2427 115.955
      vertex -107.041 -18.2581 118.935
      vertex -106.4 -18.2878 118.894
    endloop
  endfacet
  facet normal 0 -0.809023 0.587777
    outer loop
      vertex -108.81 -13.7824 116.588
      vertex -103.501 -10.1287 121.617
      vertex -109.299 -10.1287 121.617
    endloop
  endfacet
  facet normal 0 -0.809023 0.587777
    outer loop
      vertex -103.501 -10.1287 121.617
      vertex -108.81 -13.7824 116.588
      vertex -103.99 -13.7824 116.588
    endloop
  endfacet
  facet normal -0.518209 -0.503204 -0.691552
    outer loop
      vertex -104.539 -13.7306 125.166
      vertex -103.99 -9.8831 121.955
      vertex -104.447 -13.7635 125.121
    endloop
  endfacet
  facet normal -0.522234 -0.501273 -0.689926
    outer loop
      vertex -103.99 -9.8831 121.955
      vertex -104.539 -13.7306 125.166
      vertex -104.539 -9.68551 122.227
    endloop
  endfacet
  facet normal 0.971954 -0.138232 -0.190256
    outer loop
      vertex -110.324 -15.1944 123.151
      vertex -110.45 -15.5009 122.73
      vertex -110.45 -11.4558 119.791
    endloop
  endfacet
  facet normal 0.523048 -0.500978 -0.689523
    outer loop
      vertex -108.353 -13.7635 125.121
      vertex -108.81 -13.9282 124.894
      vertex -108.81 -9.8831 121.955
    endloop
  endfacet
  facet normal 0.000246546 -0.809221 0.587504
    outer loop
      vertex -105.133 -14.1247 116.117
      vertex -103.99 -13.7824 116.588
      vertex -106.4 -14.2427 115.955
    endloop
  endfacet
  facet normal -0.972075 0.138049 0.189768
    outer loop
      vertex -102.376 -16.3161 121.607
      vertex -102.35 -12.2098 118.753
      vertex -102.501 -12.5775 118.247
    endloop
  endfacet
  facet normal -0.970576 0.141541 0.194806
    outer loop
      vertex -102.35 -12.2098 118.753
      vertex -102.376 -16.3161 121.607
      vertex -102.35 -16.2548 121.692
    endloop
  endfacet
  facet normal -0.924019 -0.224735 -0.309327
    outer loop
      vertex -102.501 -11.0881 120.297
      vertex -102.542 -15.0749 123.316
      vertex -102.747 -10.7387 120.778
    endloop
  endfacet
  facet normal -0.923808 -0.225044 -0.309732
    outer loop
      vertex -102.542 -15.0749 123.316
      vertex -102.501 -11.0881 120.297
      vertex -102.501 -15.1331 123.236
    endloop
  endfacet
  facet normal -0.996976 -0.0457264 -0.0628323
    outer loop
      vertex -102.3 -11.8328 119.272
      vertex -102.308 -15.815 122.297
      vertex -102.35 -11.4558 119.791
    endloop
  endfacet
  facet normal -0.99719 -0.0440349 -0.0606061
    outer loop
      vertex -102.308 -15.815 122.297
      vertex -102.3 -11.8328 119.272
      vertex -102.3 -15.8778 122.211
    endloop
  endfacet
  facet normal 0.00127759 -0.809862 0.586619
    outer loop
      vertex -103.501 -13.5368 116.926
      vertex -103.083 -13.2493 117.322
      vertex -103.99 -13.7824 116.588
    endloop
  endfacet
  facet normal -0.000164773 -0.809016 0.587787
    outer loop
      vertex -103.083 -13.2493 117.322
      vertex -103.501 -10.1287 121.617
      vertex -103.99 -13.7824 116.588
    endloop
  endfacet
  facet normal -0.924006 0.224751 0.309355
    outer loop
      vertex -102.747 -12.9268 117.766
      vertex -102.706 -16.9137 120.785
      vertex -102.501 -12.5775 118.247
    endloop
  endfacet
  facet normal -0.923808 0.22504 0.309735
    outer loop
      vertex -102.706 -16.9137 120.785
      vertex -102.747 -12.9268 117.766
      vertex -102.747 -16.9719 120.705
    endloop
  endfacet
  facet normal 0.970576 0.141541 0.194806
    outer loop
      vertex -110.424 -16.3161 121.607
      vertex -110.45 -12.2098 118.753
      vertex -110.45 -16.2548 121.692
    endloop
  endfacet
  facet normal 0.972075 0.138049 0.189768
    outer loop
      vertex -110.45 -12.2098 118.753
      vertex -110.424 -16.3161 121.607
      vertex -110.299 -12.5775 118.247
    endloop
  endfacet
  facet normal 0.996933 0.0460049 0.0633174
    outer loop
      vertex -110.5 -15.8778 122.211
      vertex -110.458 -16.192 121.778
      vertex -110.5 -11.8328 119.272
    endloop
  endfacet
  facet normal -0.000413525 -0.806762 0.590876
    outer loop
      vertex -105.759 -14.213 115.996
      vertex -105.133 -14.1247 116.117
      vertex -106.4 -14.2427 115.955
    endloop
  endfacet
  facet normal -0.52224 0.501269 0.689923
    outer loop
      vertex -104.539 -13.98 116.316
      vertex -103.99 -17.8275 119.527
      vertex -103.99 -13.7824 116.588
    endloop
  endfacet
  facet normal -0.518209 0.503204 0.691552
    outer loop
      vertex -103.99 -17.8275 119.527
      vertex -104.539 -13.98 116.316
      vertex -104.082 -17.8604 119.482
    endloop
  endfacet
  facet normal 0.000164773 -0.809016 0.587787
    outer loop
      vertex -108.81 -13.7824 116.588
      vertex -109.299 -10.1287 121.617
      vertex -109.717 -13.2493 117.322
    endloop
  endfacet
  facet normal -0.382919 -0.542993 -0.74735
    outer loop
      vertex -104.638 -13.7065 125.199
      vertex -105.133 -13.5859 125.365
      vertex -105.133 -9.5408 122.426
    endloop
  endfacet
  facet normal -0.078736 -0.585971 -0.806498
    outer loop
      vertex -106.4 -13.4679 125.528
      vertex -105.759 -9.45252 122.548
      vertex -105.759 -13.4976 125.487
    endloop
  endfacet
  facet normal -0.0787087 -0.585975 -0.806498
    outer loop
      vertex -105.759 -9.45252 122.548
      vertex -106.4 -13.4679 125.528
      vertex -106.4 -9.42285 122.589
    endloop
  endfacet
  facet normal -0.233904 -0.571488 -0.786569
    outer loop
      vertex -105.759 -13.4976 125.487
      vertex -105.133 -9.5408 122.426
      vertex -105.133 -13.5859 125.365
    endloop
  endfacet
  facet normal -0.233887 -0.571492 -0.786571
    outer loop
      vertex -105.133 -9.5408 122.426
      vertex -105.759 -13.4976 125.487
      vertex -105.759 -9.45252 122.548
    endloop
  endfacet
  facet normal 0 -0.808775 0.588119
    outer loop
      vertex -106.4 -14.2427 115.955
      vertex -103.99 -13.7824 116.588
      vertex -108.81 -13.7824 116.588
    endloop
  endfacet
  facet normal 0.00408193 -0.807064 0.590449
    outer loop
      vertex -102.747 -10.7387 120.778
      vertex -103.083 -10.4163 121.221
      vertex -103.501 -10.1287 121.617
    endloop
  endfacet
  facet normal 2.87111e-05 -0.809073 0.587708
    outer loop
      vertex -102.35 -12.2098 118.753
      vertex -102.35 -11.4558 119.791
      vertex -103.083 -13.2493 117.322
    endloop
  endfacet
  facet normal -9.77865e-14 -0.809073 0.587708
    outer loop
      vertex -102.3 -11.8328 119.272
      vertex -102.35 -11.4558 119.791
      vertex -102.35 -12.2098 118.753
    endloop
  endfacet
  facet normal -0.852468 -0.307291 -0.422931
    outer loop
      vertex -102.747 -10.7387 120.778
      vertex -103.083 -14.4613 124.16
      vertex -103.083 -10.4163 121.221
    endloop
  endfacet
  facet normal -0.852493 -0.307263 -0.422902
    outer loop
      vertex -103.083 -14.4613 124.16
      vertex -102.747 -10.7387 120.778
      vertex -102.747 -14.7838 123.717
    endloop
  endfacet
  facet normal -0.971954 -0.138232 -0.190256
    outer loop
      vertex -102.35 -11.4558 119.791
      vertex -102.35 -15.5009 122.73
      vertex -102.476 -15.1944 123.151
    endloop
  endfacet
  facet normal -0.760369 0.381767 0.525445
    outer loop
      vertex -103.501 -13.5368 116.926
      vertex -103.083 -17.2944 120.261
      vertex -103.083 -13.2493 117.322
    endloop
  endfacet
  facet normal -0.760369 0.381767 0.525445
    outer loop
      vertex -103.083 -17.2944 120.261
      vertex -103.501 -13.5368 116.926
      vertex -103.501 -17.5819 119.865
    endloop
  endfacet
  facet normal -0.852836 0.306933 0.422448
    outer loop
      vertex -103.083 -13.2493 117.322
      vertex -102.747 -16.9719 120.705
      vertex -102.747 -12.9268 117.766
    endloop
  endfacet
  facet normal -0.852836 0.306933 0.422448
    outer loop
      vertex -102.747 -16.9719 120.705
      vertex -103.083 -13.2493 117.322
      vertex -103.083 -17.2944 120.261
    endloop
  endfacet
  facet normal -0.924045 0.224704 0.309272
    outer loop
      vertex -102.501 -16.6226 121.186
      vertex -102.501 -12.5775 118.247
      vertex -102.706 -16.9137 120.785
    endloop
  endfacet
  facet normal -0.972379 0.137195 0.188829
    outer loop
      vertex -102.501 -16.6226 121.186
      vertex -102.376 -16.3161 121.607
      vertex -102.501 -12.5775 118.247
    endloop
  endfacet
  facet normal 0.996976 0.0457264 0.0628323
    outer loop
      vertex -110.458 -16.192 121.778
      vertex -110.45 -12.2098 118.753
      vertex -110.5 -11.8328 119.272
    endloop
  endfacet
  facet normal 0.99719 0.0440349 0.0606061
    outer loop
      vertex -110.45 -12.2098 118.753
      vertex -110.458 -16.192 121.778
      vertex -110.45 -16.2548 121.692
    endloop
  endfacet
  facet normal 9.77865e-14 -0.809073 0.587708
    outer loop
      vertex -110.45 -12.2098 118.753
      vertex -110.45 -11.4558 119.791
      vertex -110.5 -11.8328 119.272
    endloop
  endfacet
  facet normal -0.382919 0.542993 0.74735
    outer loop
      vertex -104.539 -18.0251 119.255
      vertex -104.539 -13.98 116.316
      vertex -105.034 -18.1457 119.089
    endloop
  endfacet
  facet normal -0.078736 0.585969 0.806499
    outer loop
      vertex -106.4 -14.2427 115.955
      vertex -105.759 -18.2581 118.935
      vertex -105.759 -14.213 115.996
    endloop
  endfacet
  facet normal -0.078736 0.585969 0.806499
    outer loop
      vertex -105.759 -18.2581 118.935
      vertex -106.4 -14.2427 115.955
      vertex -106.4 -18.2878 118.894
    endloop
  endfacet
  facet normal -0.523048 0.500978 0.689523
    outer loop
      vertex -104.539 -18.0251 119.255
      vertex -104.082 -17.8604 119.482
      vertex -104.539 -13.98 116.316
    endloop
  endfacet
  facet normal -0.232716 0.571656 0.786799
    outer loop
      vertex -105.759 -14.213 115.996
      vertex -105.133 -18.1698 119.056
      vertex -105.133 -14.1247 116.117
    endloop
  endfacet
  facet normal -0.232716 0.571656 0.786799
    outer loop
      vertex -105.133 -18.1698 119.056
      vertex -105.759 -14.213 115.996
      vertex -105.759 -18.2581 118.935
    endloop
  endfacet
  facet normal -0.382689 0.543027 0.747443
    outer loop
      vertex -105.133 -14.1247 116.117
      vertex -105.034 -18.1457 119.089
      vertex -104.539 -13.98 116.316
    endloop
  endfacet
  facet normal -0.381536 0.543329 0.747813
    outer loop
      vertex -105.034 -18.1457 119.089
      vertex -105.133 -14.1247 116.117
      vertex -105.133 -18.1698 119.056
    endloop
  endfacet
  facet normal 0.000557082 -0.809579 0.587011
    outer loop
      vertex -104.539 -13.98 116.316
      vertex -103.99 -13.7824 116.588
      vertex -105.133 -14.1247 116.117
    endloop
  endfacet
  facet normal -0.000802795 -0.808185 0.588928
    outer loop
      vertex -107.041 -9.45252 122.548
      vertex -107.667 -9.5408 122.426
      vertex -109.299 -10.1287 121.617
    endloop
  endfacet
  facet normal 0.996932 -0.0460092 -0.0633248
    outer loop
      vertex -110.45 -11.4558 119.791
      vertex -110.45 -15.5009 122.73
      vertex -110.492 -15.815 122.297
    endloop
  endfacet
  facet normal 0.760408 -0.38174 -0.525409
    outer loop
      vertex -109.299 -14.1738 124.556
      vertex -109.717 -10.4163 121.221
      vertex -109.299 -10.1287 121.617
    endloop
  endfacet
  facet normal 0.760369 -0.381773 -0.525441
    outer loop
      vertex -109.717 -10.4163 121.221
      vertex -109.299 -14.1738 124.556
      vertex -109.717 -14.4613 124.16
    endloop
  endfacet
  facet normal 0.078736 -0.585971 -0.806498
    outer loop
      vertex -107.041 -9.45252 122.548
      vertex -106.4 -13.4679 125.528
      vertex -107.041 -13.4976 125.487
    endloop
  endfacet
  facet normal 0.0787087 -0.585975 -0.806498
    outer loop
      vertex -106.4 -13.4679 125.528
      vertex -107.041 -9.45252 122.548
      vertex -106.4 -9.42285 122.589
    endloop
  endfacet
  facet normal 0.233904 -0.571488 -0.786569
    outer loop
      vertex -107.667 -9.5408 122.426
      vertex -107.041 -13.4976 125.487
      vertex -107.667 -13.5859 125.365
    endloop
  endfacet
  facet normal 0.233887 -0.571492 -0.786571
    outer loop
      vertex -107.041 -13.4976 125.487
      vertex -107.667 -9.5408 122.426
      vertex -107.041 -9.45252 122.548
    endloop
  endfacet
  facet normal 0.000324923 -0.809023 0.587777
    outer loop
      vertex -109.717 -13.2493 117.322
      vertex -109.299 -10.1287 121.617
      vertex -110.45 -11.4558 119.791
    endloop
  endfacet
  facet normal -0.381536 -0.54333 -0.747812
    outer loop
      vertex -104.638 -13.7065 125.199
      vertex -104.539 -9.68551 122.227
      vertex -104.539 -13.7306 125.166
    endloop
  endfacet
  facet normal -0.382697 -0.543026 -0.747439
    outer loop
      vertex -104.539 -9.68551 122.227
      vertex -104.638 -13.7065 125.199
      vertex -105.133 -9.5408 122.426
    endloop
  endfacet
  facet normal -0.000406757 -0.809347 0.587331
    outer loop
      vertex -103.501 -10.1287 121.617
      vertex -104.539 -9.68551 122.227
      vertex -105.133 -9.5408 122.426
    endloop
  endfacet
  facet normal -0.000246546 -0.809221 0.587504
    outer loop
      vertex -107.667 -14.1247 116.117
      vertex -106.4 -14.2427 115.955
      vertex -108.81 -13.7824 116.588
    endloop
  endfacet
  facet normal 0.000413525 -0.806762 0.590876
    outer loop
      vertex -107.041 -14.213 115.996
      vertex -106.4 -14.2427 115.955
      vertex -107.667 -14.1247 116.117
    endloop
  endfacet
  facet normal 0.649594 0.446888 0.615076
    outer loop
      vertex -109.299 -17.5819 119.865
      vertex -108.81 -13.7824 116.588
      vertex -109.299 -13.5368 116.926
    endloop
  endfacet
  facet normal 0.649594 0.446888 0.615076
    outer loop
      vertex -108.81 -13.7824 116.588
      vertex -109.299 -17.5819 119.865
      vertex -108.81 -17.8275 119.527
    endloop
  endfacet
  facet normal -0.760408 -0.38174 -0.525409
    outer loop
      vertex -103.083 -10.4163 121.221
      vertex -103.501 -14.1738 124.556
      vertex -103.501 -10.1287 121.617
    endloop
  endfacet
  facet normal -0.760369 -0.381773 -0.525441
    outer loop
      vertex -103.501 -14.1738 124.556
      vertex -103.083 -10.4163 121.221
      vertex -103.083 -14.4613 124.16
    endloop
  endfacet
  facet normal -0.649594 -0.446888 -0.615076
    outer loop
      vertex -103.501 -10.1287 121.617
      vertex -103.99 -13.9282 124.894
      vertex -103.99 -9.8831 121.955
    endloop
  endfacet
  facet normal -0.649594 -0.446888 -0.615076
    outer loop
      vertex -103.99 -13.9282 124.894
      vertex -103.501 -10.1287 121.617
      vertex -103.501 -14.1738 124.556
    endloop
  endfacet
  facet normal -0.972075 -0.137892 -0.189882
    outer loop
      vertex -102.476 -15.1944 123.151
      vertex -102.501 -11.0881 120.297
      vertex -102.35 -11.4558 119.791
    endloop
  endfacet
  facet normal -0.972705 -0.136396 -0.187724
    outer loop
      vertex -102.501 -11.0881 120.297
      vertex -102.476 -15.1944 123.151
      vertex -102.501 -15.1331 123.236
    endloop
  endfacet
  facet normal 0.00104992 -0.808815 0.588063
    outer loop
      vertex -102.35 -11.4558 119.791
      vertex -102.501 -11.0881 120.297
      vertex -102.747 -10.7387 120.778
    endloop
  endfacet
  facet normal -0.924045 -0.224704 -0.309272
    outer loop
      vertex -102.542 -15.0749 123.316
      vertex -102.747 -14.7838 123.717
      vertex -102.747 -10.7387 120.778
    endloop
  endfacet
  facet normal 0.00183906 -0.808702 0.588216
    outer loop
      vertex -110.299 -12.5775 118.247
      vertex -110.053 -12.9268 117.766
      vertex -110.45 -12.2098 118.753
    endloop
  endfacet
  facet normal 0.924045 0.224704 0.309272
    outer loop
      vertex -110.299 -16.6226 121.186
      vertex -110.094 -16.9137 120.785
      vertex -110.299 -12.5775 118.247
    endloop
  endfacet
  facet normal 0 -0.809112 0.587654
    outer loop
      vertex -109.299 -10.1287 121.617
      vertex -105.759 -9.45252 122.548
      vertex -107.041 -9.45252 122.548
    endloop
  endfacet
  facet normal 0 -0.809112 0.587654
    outer loop
      vertex -105.759 -9.45252 122.548
      vertex -109.299 -10.1287 121.617
      vertex -103.501 -10.1287 121.617
    endloop
  endfacet
  facet normal 0.972705 -0.136396 -0.187724
    outer loop
      vertex -110.324 -15.1944 123.151
      vertex -110.299 -11.0881 120.297
      vertex -110.299 -15.1331 123.236
    endloop
  endfacet
  facet normal 0.972075 -0.137892 -0.189882
    outer loop
      vertex -110.299 -11.0881 120.297
      vertex -110.324 -15.1944 123.151
      vertex -110.45 -11.4558 119.791
    endloop
  endfacet
  facet normal 0.381536 0.543329 0.747813
    outer loop
      vertex -107.667 -14.1247 116.117
      vertex -107.766 -18.1457 119.089
      vertex -107.667 -18.1698 119.056
    endloop
  endfacet
  facet normal 0.382689 0.543027 0.747443
    outer loop
      vertex -107.766 -18.1457 119.089
      vertex -107.667 -14.1247 116.117
      vertex -108.261 -13.98 116.316
    endloop
  endfacet
  facet normal 0.000210892 -0.809015 0.587788
    outer loop
      vertex -110.053 -12.9268 117.766
      vertex -109.717 -13.2493 117.322
      vertex -110.45 -12.2098 118.753
    endloop
  endfacet
  facet normal -0.00127759 -0.809862 0.586619
    outer loop
      vertex -109.299 -13.5368 116.926
      vertex -108.81 -13.7824 116.588
      vertex -109.717 -13.2493 117.322
    endloop
  endfacet
  facet normal 0.518209 -0.503204 -0.691552
    outer loop
      vertex -108.81 -9.8831 121.955
      vertex -108.261 -13.7306 125.166
      vertex -108.353 -13.7635 125.121
    endloop
  endfacet
  facet normal 0.522234 -0.501273 -0.689926
    outer loop
      vertex -108.261 -13.7306 125.166
      vertex -108.81 -9.8831 121.955
      vertex -108.261 -9.68551 122.227
    endloop
  endfacet
  facet normal 0.852836 0.306933 0.422448
    outer loop
      vertex -110.053 -16.9719 120.705
      vertex -109.717 -13.2493 117.322
      vertex -110.053 -12.9268 117.766
    endloop
  endfacet
  facet normal 0.852836 0.306933 0.422448
    outer loop
      vertex -109.717 -13.2493 117.322
      vertex -110.053 -16.9719 120.705
      vertex -109.717 -17.2944 120.261
    endloop
  endfacet
  facet normal 0.924006 0.224751 0.309355
    outer loop
      vertex -110.094 -16.9137 120.785
      vertex -110.053 -12.9268 117.766
      vertex -110.299 -12.5775 118.247
    endloop
  endfacet
  facet normal 0.923808 0.22504 0.309735
    outer loop
      vertex -110.053 -12.9268 117.766
      vertex -110.094 -16.9137 120.785
      vertex -110.053 -16.9719 120.705
    endloop
  endfacet
  facet normal 0.649594 -0.446888 -0.615076
    outer loop
      vertex -108.81 -13.9282 124.894
      vertex -109.299 -10.1287 121.617
      vertex -108.81 -9.8831 121.955
    endloop
  endfacet
  facet normal 0.649594 -0.446888 -0.615076
    outer loop
      vertex -109.299 -10.1287 121.617
      vertex -108.81 -13.9282 124.894
      vertex -109.299 -14.1738 124.556
    endloop
  endfacet
  facet normal -0.00104992 -0.808815 0.588063
    outer loop
      vertex -110.053 -10.7387 120.778
      vertex -110.299 -11.0881 120.297
      vertex -110.45 -11.4558 119.791
    endloop
  endfacet
  facet normal 0.924045 -0.224704 -0.309272
    outer loop
      vertex -110.053 -10.7387 120.778
      vertex -110.053 -14.7838 123.717
      vertex -110.258 -15.0749 123.316
    endloop
  endfacet
  facet normal 0.852468 -0.307291 -0.422931
    outer loop
      vertex -109.717 -14.4613 124.16
      vertex -110.053 -10.7387 120.778
      vertex -109.717 -10.4163 121.221
    endloop
  endfacet
  facet normal 0.852493 -0.307263 -0.422902
    outer loop
      vertex -110.053 -10.7387 120.778
      vertex -109.717 -14.4613 124.16
      vertex -110.053 -14.7838 123.717
    endloop
  endfacet
  facet normal 0.382919 0.542993 0.74735
    outer loop
      vertex -108.261 -18.0251 119.255
      vertex -107.766 -18.1457 119.089
      vertex -108.261 -13.98 116.316
    endloop
  endfacet
  facet normal 0.232716 0.571656 0.786799
    outer loop
      vertex -107.667 -18.1698 119.056
      vertex -107.041 -14.213 115.996
      vertex -107.667 -14.1247 116.117
    endloop
  endfacet
  facet normal 0.232716 0.571656 0.786799
    outer loop
      vertex -107.041 -14.213 115.996
      vertex -107.667 -18.1698 119.056
      vertex -107.041 -18.2581 118.935
    endloop
  endfacet
  facet normal 0.523048 0.500978 0.689523
    outer loop
      vertex -108.261 -18.0251 119.255
      vertex -108.261 -13.98 116.316
      vertex -108.718 -17.8604 119.482
    endloop
  endfacet
  facet normal 0.52224 0.501269 0.689923
    outer loop
      vertex -108.81 -17.8275 119.527
      vertex -108.261 -13.98 116.316
      vertex -108.81 -13.7824 116.588
    endloop
  endfacet
  facet normal 0.518209 0.503204 0.691552
    outer loop
      vertex -108.261 -13.98 116.316
      vertex -108.81 -17.8275 119.527
      vertex -108.718 -17.8604 119.482
    endloop
  endfacet
  facet normal -0.000557082 -0.809579 0.587011
    outer loop
      vertex -108.261 -13.98 116.316
      vertex -107.667 -14.1247 116.117
      vertex -108.81 -13.7824 116.588
    endloop
  endfacet
  facet normal 0.972379 0.137195 0.188829
    outer loop
      vertex -110.299 -16.6226 121.186
      vertex -110.299 -12.5775 118.247
      vertex -110.424 -16.3161 121.607
    endloop
  endfacet
  facet normal 0.760369 0.381767 0.525445
    outer loop
      vertex -109.717 -17.2944 120.261
      vertex -109.299 -13.5368 116.926
      vertex -109.717 -13.2493 117.322
    endloop
  endfacet
  facet normal 0.760369 0.381767 0.525445
    outer loop
      vertex -109.299 -13.5368 116.926
      vertex -109.717 -17.2944 120.261
      vertex -109.299 -17.5819 119.865
    endloop
  endfacet
  facet normal 0.381536 -0.54333 -0.747812
    outer loop
      vertex -108.261 -9.68551 122.227
      vertex -108.162 -13.7065 125.199
      vertex -108.261 -13.7306 125.166
    endloop
  endfacet
  facet normal 0.382697 -0.543026 -0.747439
    outer loop
      vertex -108.162 -13.7065 125.199
      vertex -108.261 -9.68551 122.227
      vertex -107.667 -9.5408 122.426
    endloop
  endfacet
  facet normal 0.000406757 -0.809347 0.587331
    outer loop
      vertex -107.667 -9.5408 122.426
      vertex -108.261 -9.68551 122.227
      vertex -109.299 -10.1287 121.617
    endloop
  endfacet
  facet normal -0.00408193 -0.807064 0.590449
    outer loop
      vertex -109.299 -10.1287 121.617
      vertex -109.717 -10.4163 121.221
      vertex -110.053 -10.7387 120.778
    endloop
  endfacet
  facet normal 0.000832764 -0.809175 0.587567
    outer loop
      vertex -109.299 -10.1287 121.617
      vertex -110.053 -10.7387 120.778
      vertex -110.45 -11.4558 119.791
    endloop
  endfacet
  facet normal -0.972089 0.1379 0.189806
    outer loop
      vertex -102.501 -88.2254 14.1262
      vertex -102.35 -91.9028 17.5713
      vertex -102.35 -87.8577 14.6324
    endloop
  endfacet
  facet normal -0.972082 0.13792 0.189827
    outer loop
      vertex -102.35 -91.9028 17.5713
      vertex -102.501 -88.2254 14.1262
      vertex -102.501 -92.2705 17.0652
    endloop
  endfacet
  facet normal 0.996927 -0.0460457 -0.0633751
    outer loop
      vertex -110.458 -91.2116 18.5226
      vertex -110.5 -91.5258 18.0902
      vertex -110.5 -87.4807 15.1512
    endloop
  endfacet
  facet normal -0.000107858 -0.809223 0.587502
    outer loop
      vertex -104.539 -85.3335 18.1067
      vertex -105.133 -85.1888 18.3059
      vertex -106.4 -85.0708 18.4682
    endloop
  endfacet
  facet normal 7.72231e-05 -0.808971 0.587849
    outer loop
      vertex -102.747 -86.3867 16.6571
      vertex -103.99 -85.5311 17.8347
      vertex -104.539 -85.3335 18.1067
    endloop
  endfacet
  facet normal -0.000314891 -0.808851 0.588013
    outer loop
      vertex -108.81 -85.5311 17.8347
      vertex -109.717 -86.0642 17.1009
      vertex -110.053 -86.3867 16.6571
    endloop
  endfacet
  facet normal 0.00118633 -0.809242 0.587474
    outer loop
      vertex -102.501 -88.2254 14.1262
      vertex -102.35 -87.8577 14.6324
      vertex -102.747 -88.5748 13.6454
    endloop
  endfacet
  facet normal -0.0786365 -0.58596 -0.806515
    outer loop
      vertex -105.866 -89.1406 21.3731
      vertex -105.759 -85.1005 18.4274
      vertex -105.759 -89.1456 21.3663
    endloop
  endfacet
  facet normal -0.0784859 -0.58597 -0.806523
    outer loop
      vertex -105.759 -85.1005 18.4274
      vertex -105.866 -89.1406 21.3731
      vertex -106.4 -85.0708 18.4682
    endloop
  endfacet
  facet normal 0.00046404 -0.808979 0.587837
    outer loop
      vertex -102.35 -87.8577 14.6324
      vertex -102.501 -86.736 16.1762
      vertex -102.747 -86.3867 16.6571
    endloop
  endfacet
  facet normal -0.383294 -0.542854 -0.747258
    outer loop
      vertex -105.133 -89.2338 21.2448
      vertex -104.539 -85.3335 18.1067
      vertex -105.034 -89.258 21.2116
    endloop
  endfacet
  facet normal -0.382904 -0.542993 -0.747357
    outer loop
      vertex -104.539 -85.3335 18.1067
      vertex -105.133 -89.2338 21.2448
      vertex -105.133 -85.1888 18.3059
    endloop
  endfacet
  facet normal -0.000152109 -0.80888 0.587974
    outer loop
      vertex -103.99 -89.4304 12.4678
      vertex -103.501 -89.1848 12.8058
      vertex -105.133 -89.7727 11.9966
    endloop
  endfacet
  facet normal -0.76062 -0.381585 -0.525214
    outer loop
      vertex -103.083 -86.0642 17.1009
      vertex -103.083 -90.1093 20.0398
      vertex -103.431 -89.8697 20.3697
    endloop
  endfacet
  facet normal 0.383294 -0.542854 -0.747258
    outer loop
      vertex -108.261 -85.3335 18.1067
      vertex -107.667 -89.2338 21.2448
      vertex -107.766 -89.258 21.2116
    endloop
  endfacet
  facet normal 0.382904 -0.542993 -0.747357
    outer loop
      vertex -107.667 -89.2338 21.2448
      vertex -108.261 -85.3335 18.1067
      vertex -107.667 -85.1888 18.3059
    endloop
  endfacet
  facet normal -0.760263 -0.381879 -0.525517
    outer loop
      vertex -103.431 -89.8697 20.3697
      vertex -103.501 -85.7767 17.4967
      vertex -103.083 -86.0642 17.1009
    endloop
  endfacet
  facet normal -0.758709 -0.382903 -0.527015
    outer loop
      vertex -103.501 -85.7767 17.4967
      vertex -103.431 -89.8697 20.3697
      vertex -103.501 -89.8217 20.4356
    endloop
  endfacet
  facet normal 9.42983e-06 -0.809022 0.587778
    outer loop
      vertex -102.35 -87.8577 14.6324
      vertex -102.747 -86.3867 16.6571
      vertex -105.759 -89.861 11.8751
    endloop
  endfacet
  facet normal -1.23072e-05 -0.809014 0.58779
    outer loop
      vertex -103.501 -89.1848 12.8058
      vertex -102.35 -87.8577 14.6324
      vertex -105.133 -89.7727 11.9966
    endloop
  endfacet
  facet normal 0.996975 0.0456887 0.0628837
    outer loop
      vertex -110.5 -91.5258 18.0902
      vertex -110.45 -87.8577 14.6324
      vertex -110.5 -87.4807 15.1512
    endloop
  endfacet
  facet normal 0.996975 0.0456819 0.0628766
    outer loop
      vertex -110.45 -87.8577 14.6324
      vertex -110.5 -91.5258 18.0902
      vertex -110.45 -91.9028 17.5713
    endloop
  endfacet
  facet normal 0.852768 -0.306992 -0.422544
    outer loop
      vertex -109.717 -90.1093 20.0398
      vertex -110.053 -86.3867 16.6571
      vertex -109.717 -86.0642 17.1009
    endloop
  endfacet
  facet normal 0.852743 -0.307021 -0.422573
    outer loop
      vertex -110.053 -86.3867 16.6571
      vertex -109.717 -90.1093 20.0398
      vertex -110.053 -90.4317 19.596
    endloop
  endfacet
  facet normal 2.59257e-06 -0.809019 0.587782
    outer loop
      vertex -102.3 -87.4807 15.1512
      vertex -102.35 -87.1037 15.6701
      vertex -102.501 -86.736 16.1762
    endloop
  endfacet
  facet normal 0 -0.809019 0.587782
    outer loop
      vertex -107.041 -89.861 11.8751
      vertex -102.747 -86.3867 16.6571
      vertex -110.053 -86.3867 16.6571
    endloop
  endfacet
  facet normal 0 -0.809019 0.587782
    outer loop
      vertex -102.747 -86.3867 16.6571
      vertex -107.041 -89.861 11.8751
      vertex -105.759 -89.861 11.8751
    endloop
  endfacet
  facet normal -0.923995 0.22477 0.309373
    outer loop
      vertex -102.747 -92.6199 16.5843
      vertex -102.542 -92.3287 16.985
      vertex -102.747 -88.5748 13.6454
    endloop
  endfacet
  facet normal -0.923982 0.224791 0.309396
    outer loop
      vertex -102.542 -92.3287 16.985
      vertex -102.501 -88.2254 14.1262
      vertex -102.747 -88.5748 13.6454
    endloop
  endfacet
  facet normal -0.924029 0.224727 0.309303
    outer loop
      vertex -102.501 -88.2254 14.1262
      vertex -102.542 -92.3287 16.985
      vertex -102.501 -92.2705 17.0652
    endloop
  endfacet
  facet normal -0.996975 0.0456887 0.0628837
    outer loop
      vertex -102.35 -87.8577 14.6324
      vertex -102.3 -91.5258 18.0902
      vertex -102.3 -87.4807 15.1512
    endloop
  endfacet
  facet normal -0.996975 0.0456819 0.0628766
    outer loop
      vertex -102.3 -91.5258 18.0902
      vertex -102.35 -87.8577 14.6324
      vertex -102.35 -91.9028 17.5713
    endloop
  endfacet
  facet normal -0.382904 0.542985 0.747364
    outer loop
      vertex -105.133 -89.7727 11.9966
      vertex -104.539 -93.6731 15.1347
      vertex -104.539 -89.628 12.1958
    endloop
  endfacet
  facet normal -0.382904 0.542985 0.747364
    outer loop
      vertex -104.539 -93.6731 15.1347
      vertex -105.133 -89.7727 11.9966
      vertex -105.133 -93.8178 14.9355
    endloop
  endfacet
  facet normal -0.000209109 -0.808976 0.587842
    outer loop
      vertex -102.747 -88.5748 13.6454
      vertex -102.35 -87.8577 14.6324
      vertex -103.083 -88.8972 13.2016
    endloop
  endfacet
  facet normal -0.00038824 -0.808983 0.587832
    outer loop
      vertex -110.45 -87.8577 14.6324
      vertex -110.299 -86.736 16.1762
      vertex -110.5 -87.4807 15.1512
    endloop
  endfacet
  facet normal -0.522083 -0.501334 -0.689996
    outer loop
      vertex -104.539 -89.3786 21.0456
      vertex -103.99 -85.5311 17.8347
      vertex -103.99 -89.5761 20.7737
    endloop
  endfacet
  facet normal -0.52224 -0.501258 -0.689931
    outer loop
      vertex -103.99 -85.5311 17.8347
      vertex -104.539 -89.3786 21.0456
      vertex -104.539 -85.3335 18.1067
    endloop
  endfacet
  facet normal 0.522083 -0.501334 -0.689996
    outer loop
      vertex -108.81 -85.5311 17.8347
      vertex -108.261 -89.3786 21.0456
      vertex -108.81 -89.5761 20.7737
    endloop
  endfacet
  facet normal 0.52224 -0.501258 -0.689931
    outer loop
      vertex -108.261 -89.3786 21.0456
      vertex -108.81 -85.5311 17.8347
      vertex -108.261 -85.3335 18.1067
    endloop
  endfacet
  facet normal 0.649184 -0.447102 -0.615354
    outer loop
      vertex -108.81 -85.5311 17.8347
      vertex -108.81 -89.5761 20.7737
      vertex -109.218 -89.7808 20.492
    endloop
  endfacet
  facet normal 5.45452e-05 -0.808992 0.587819
    outer loop
      vertex -108.261 -89.628 12.1958
      vertex -107.667 -89.7727 11.9966
      vertex -108.81 -89.4304 12.4678
    endloop
  endfacet
  facet normal -0.923987 -0.224785 -0.309386
    outer loop
      vertex -102.501 -86.736 16.1762
      vertex -102.747 -90.4317 19.596
      vertex -102.747 -86.3867 16.6571
    endloop
  endfacet
  facet normal -0.923982 -0.224793 -0.309395
    outer loop
      vertex -102.747 -90.4317 19.596
      vertex -102.501 -86.736 16.1762
      vertex -102.501 -90.7811 19.1152
    endloop
  endfacet
  facet normal -0.852743 0.307017 0.422576
    outer loop
      vertex -103.083 -88.8972 13.2016
      vertex -103.027 -92.8886 16.2145
      vertex -102.747 -88.5748 13.6454
    endloop
  endfacet
  facet normal -0.852761 0.306998 0.422552
    outer loop
      vertex -103.027 -92.8886 16.2145
      vertex -103.083 -88.8972 13.2016
      vertex -103.083 -92.9423 16.1405
    endloop
  endfacet
  facet normal -0.972439 -0.137049 -0.188628
    outer loop
      vertex -102.376 -91.0875 18.6934
      vertex -102.501 -90.7811 19.1152
      vertex -102.501 -86.736 16.1762
    endloop
  endfacet
  facet normal 9.13657e-05 -0.809161 0.587586
    outer loop
      vertex -106.4 -85.0708 18.4682
      vertex -107.041 -85.1005 18.4274
      vertex -107.667 -85.1888 18.3059
    endloop
  endfacet
  facet normal 0.0786365 -0.58596 -0.806515
    outer loop
      vertex -107.041 -85.1005 18.4274
      vertex -106.934 -89.1406 21.3731
      vertex -107.041 -89.1456 21.3663
    endloop
  endfacet
  facet normal 0.0784859 -0.58597 -0.806523
    outer loop
      vertex -106.934 -89.1406 21.3731
      vertex -107.041 -85.1005 18.4274
      vertex -106.4 -85.0708 18.4682
    endloop
  endfacet
  facet normal 0.000314891 -0.808851 0.588013
    outer loop
      vertex -102.747 -86.3867 16.6571
      vertex -103.083 -86.0642 17.1009
      vertex -103.99 -85.5311 17.8347
    endloop
  endfacet
  facet normal 4.23307e-05 -0.809041 0.587752
    outer loop
      vertex -105.133 -89.7727 11.9966
      vertex -102.35 -87.8577 14.6324
      vertex -105.759 -89.861 11.8751
    endloop
  endfacet
  facet normal 0.00038824 -0.808983 0.587832
    outer loop
      vertex -102.35 -87.8577 14.6324
      vertex -102.3 -87.4807 15.1512
      vertex -102.501 -86.736 16.1762
    endloop
  endfacet
  facet normal -0.760302 0.381805 0.525516
    outer loop
      vertex -103.501 -89.1848 12.8058
      vertex -103.083 -92.9423 16.1405
      vertex -103.083 -88.8972 13.2016
    endloop
  endfacet
  facet normal -0.760302 0.381805 0.525516
    outer loop
      vertex -103.083 -92.9423 16.1405
      vertex -103.501 -89.1848 12.8058
      vertex -103.501 -93.2299 15.7447
    endloop
  endfacet
  facet normal 0.000168091 -0.809068 0.587715
    outer loop
      vertex -103.083 -88.8972 13.2016
      vertex -102.35 -87.8577 14.6324
      vertex -103.501 -89.1848 12.8058
    endloop
  endfacet
  facet normal -0.00046404 -0.808979 0.587837
    outer loop
      vertex -110.053 -86.3867 16.6571
      vertex -110.299 -86.736 16.1762
      vertex -110.45 -87.8577 14.6324
    endloop
  endfacet
  facet normal 0.924029 0.224727 0.309303
    outer loop
      vertex -110.258 -92.3287 16.985
      vertex -110.299 -88.2254 14.1262
      vertex -110.299 -92.2705 17.0652
    endloop
  endfacet
  facet normal 0.923982 0.224791 0.309396
    outer loop
      vertex -110.299 -88.2254 14.1262
      vertex -110.258 -92.3287 16.985
      vertex -110.053 -88.5748 13.6454
    endloop
  endfacet
  facet normal -0.852768 -0.306992 -0.422544
    outer loop
      vertex -102.747 -86.3867 16.6571
      vertex -103.083 -90.1093 20.0398
      vertex -103.083 -86.0642 17.1009
    endloop
  endfacet
  facet normal -0.852743 -0.307021 -0.422573
    outer loop
      vertex -103.083 -90.1093 20.0398
      vertex -102.747 -86.3867 16.6571
      vertex -102.747 -90.4317 19.596
    endloop
  endfacet
  facet normal 0.233223 -0.571581 -0.786704
    outer loop
      vertex -107.667 -85.1888 18.3059
      vertex -107.041 -89.1456 21.3663
      vertex -107.667 -89.2338 21.2448
    endloop
  endfacet
  facet normal 0.23331 -0.571559 -0.786694
    outer loop
      vertex -107.041 -89.1456 21.3663
      vertex -107.667 -85.1888 18.3059
      vertex -107.041 -85.1005 18.4274
    endloop
  endfacet
  facet normal 0.000107858 -0.809223 0.587502
    outer loop
      vertex -106.4 -85.0708 18.4682
      vertex -107.667 -85.1888 18.3059
      vertex -108.261 -85.3335 18.1067
    endloop
  endfacet
  facet normal 0.382919 -0.542981 -0.747358
    outer loop
      vertex -107.766 -89.258 21.2116
      vertex -108.261 -89.3786 21.0456
      vertex -108.261 -85.3335 18.1067
    endloop
  endfacet
  facet normal -0.382919 -0.542981 -0.747358
    outer loop
      vertex -104.539 -85.3335 18.1067
      vertex -104.539 -89.3786 21.0456
      vertex -105.034 -89.258 21.2116
    endloop
  endfacet
  facet normal 0.972439 -0.137049 -0.188628
    outer loop
      vertex -110.299 -86.736 16.1762
      vertex -110.299 -90.7811 19.1152
      vertex -110.424 -91.0875 18.6934
    endloop
  endfacet
  facet normal 0.923987 -0.224785 -0.309386
    outer loop
      vertex -110.053 -90.4317 19.596
      vertex -110.299 -86.736 16.1762
      vertex -110.053 -86.3867 16.6571
    endloop
  endfacet
  facet normal 0.923982 -0.224793 -0.309395
    outer loop
      vertex -110.299 -86.736 16.1762
      vertex -110.053 -90.4317 19.596
      vertex -110.299 -90.7811 19.1152
    endloop
  endfacet
  facet normal 0.649594 -0.446942 -0.615037
    outer loop
      vertex -109.218 -89.7808 20.492
      vertex -109.299 -85.7767 17.4967
      vertex -108.81 -85.5311 17.8347
    endloop
  endfacet
  facet normal 0.652088 -0.445629 -0.613349
    outer loop
      vertex -109.299 -85.7767 17.4967
      vertex -109.218 -89.7808 20.492
      vertex -109.299 -89.8217 20.4356
    endloop
  endfacet
  facet normal 0.0784557 -0.585969 -0.806527
    outer loop
      vertex -106.4 -85.0708 18.4682
      vertex -106.4 -89.1159 21.4071
      vertex -106.934 -89.1406 21.3731
    endloop
  endfacet
  facet normal -0.0784557 -0.585969 -0.806527
    outer loop
      vertex -105.866 -89.1406 21.3731
      vertex -106.4 -89.1159 21.4071
      vertex -106.4 -85.0708 18.4682
    endloop
  endfacet
  facet normal -0.52224 0.501258 0.689931
    outer loop
      vertex -104.539 -89.628 12.1958
      vertex -103.99 -93.4755 15.4067
      vertex -103.99 -89.4304 12.4678
    endloop
  endfacet
  facet normal -0.52224 0.501258 0.689931
    outer loop
      vertex -103.99 -93.4755 15.4067
      vertex -104.539 -89.628 12.1958
      vertex -104.539 -93.6731 15.1347
    endloop
  endfacet
  facet normal -5.45452e-05 -0.808992 0.587819
    outer loop
      vertex -104.539 -89.628 12.1958
      vertex -103.99 -89.4304 12.4678
      vertex -105.133 -89.7727 11.9966
    endloop
  endfacet
  facet normal -0.23331 0.571559 0.786694
    outer loop
      vertex -105.759 -89.861 11.8751
      vertex -105.133 -93.8178 14.9355
      vertex -105.133 -89.7727 11.9966
    endloop
  endfacet
  facet normal -0.23331 0.571559 0.786694
    outer loop
      vertex -105.133 -93.8178 14.9355
      vertex -105.759 -89.861 11.8751
      vertex -105.759 -93.9061 14.814
    endloop
  endfacet
  facet normal 0 -0.809422 0.587228
    outer loop
      vertex -106.4 -89.8906 11.8343
      vertex -105.759 -89.861 11.8751
      vertex -107.041 -89.861 11.8751
    endloop
  endfacet
  facet normal -0.996927 -0.0460457 -0.0633751
    outer loop
      vertex -102.3 -87.4807 15.1512
      vertex -102.3 -91.5258 18.0902
      vertex -102.342 -91.2116 18.5226
    endloop
  endfacet
  facet normal -9.13657e-05 -0.809161 0.587586
    outer loop
      vertex -105.133 -85.1888 18.3059
      vertex -105.759 -85.1005 18.4274
      vertex -106.4 -85.0708 18.4682
    endloop
  endfacet
  facet normal -0.233223 -0.571581 -0.786704
    outer loop
      vertex -105.759 -89.1456 21.3663
      vertex -105.133 -85.1888 18.3059
      vertex -105.133 -89.2338 21.2448
    endloop
  endfacet
  facet normal -0.23331 -0.571559 -0.786694
    outer loop
      vertex -105.133 -85.1888 18.3059
      vertex -105.759 -89.1456 21.3663
      vertex -105.759 -85.1005 18.4274
    endloop
  endfacet
  facet normal -0.852739 0.30702 0.422582
    outer loop
      vertex -102.747 -92.6199 16.5843
      vertex -102.747 -88.5748 13.6454
      vertex -103.027 -92.8886 16.2145
    endloop
  endfacet
  facet normal -0.649594 0.446878 0.615083
    outer loop
      vertex -103.99 -89.4304 12.4678
      vertex -103.501 -93.2299 15.7447
      vertex -103.501 -89.1848 12.8058
    endloop
  endfacet
  facet normal -0.649594 0.446878 0.615083
    outer loop
      vertex -103.501 -93.2299 15.7447
      vertex -103.99 -89.4304 12.4678
      vertex -103.99 -93.4755 15.4067
    endloop
  endfacet
  facet normal 1.23072e-05 -0.809014 0.58779
    outer loop
      vertex -109.299 -89.1848 12.8058
      vertex -107.667 -89.7727 11.9966
      vertex -110.45 -87.8577 14.6324
    endloop
  endfacet
  facet normal 0.52224 0.501258 0.689931
    outer loop
      vertex -108.81 -93.4755 15.4067
      vertex -108.261 -89.628 12.1958
      vertex -108.81 -89.4304 12.4678
    endloop
  endfacet
  facet normal 0.52224 0.501258 0.689931
    outer loop
      vertex -108.261 -89.628 12.1958
      vertex -108.81 -93.4755 15.4067
      vertex -108.261 -93.6731 15.1347
    endloop
  endfacet
  facet normal -0.00118633 -0.809242 0.587474
    outer loop
      vertex -110.299 -88.2254 14.1262
      vertex -110.053 -88.5748 13.6454
      vertex -110.45 -87.8577 14.6324
    endloop
  endfacet
  facet normal -0.000168091 -0.809068 0.587715
    outer loop
      vertex -109.717 -88.8972 13.2016
      vertex -109.299 -89.1848 12.8058
      vertex -110.45 -87.8577 14.6324
    endloop
  endfacet
  facet normal -4.23307e-05 -0.809041 0.587752
    outer loop
      vertex -107.667 -89.7727 11.9966
      vertex -107.041 -89.861 11.8751
      vertex -110.45 -87.8577 14.6324
    endloop
  endfacet
  facet normal 0.649594 0.446878 0.615083
    outer loop
      vertex -109.299 -93.2299 15.7447
      vertex -108.81 -89.4304 12.4678
      vertex -109.299 -89.1848 12.8058
    endloop
  endfacet
  facet normal 0.649594 0.446878 0.615083
    outer loop
      vertex -108.81 -89.4304 12.4678
      vertex -109.299 -93.2299 15.7447
      vertex -108.81 -93.4755 15.4067
    endloop
  endfacet
  facet normal -0.649184 -0.447102 -0.615354
    outer loop
      vertex -103.582 -89.7808 20.492
      vertex -103.99 -89.5761 20.7737
      vertex -103.99 -85.5311 17.8347
    endloop
  endfacet
  facet normal 0.76062 -0.381585 -0.525214
    outer loop
      vertex -109.369 -89.8697 20.3697
      vertex -109.717 -90.1093 20.0398
      vertex -109.717 -86.0642 17.1009
    endloop
  endfacet
  facet normal -9.42983e-06 -0.809022 0.587778
    outer loop
      vertex -107.041 -89.861 11.8751
      vertex -110.053 -86.3867 16.6571
      vertex -110.45 -87.8577 14.6324
    endloop
  endfacet
  facet normal 0.972082 -0.137788 -0.189923
    outer loop
      vertex -110.424 -91.0875 18.6934
      vertex -110.45 -87.1037 15.6701
      vertex -110.299 -86.736 16.1762
    endloop
  endfacet
  facet normal 0.970269 -0.142263 -0.195804
    outer loop
      vertex -110.45 -87.1037 15.6701
      vertex -110.424 -91.0875 18.6934
      vertex -110.45 -91.1488 18.6091
    endloop
  endfacet
  facet normal 0.758709 -0.382903 -0.527015
    outer loop
      vertex -109.369 -89.8697 20.3697
      vertex -109.299 -85.7767 17.4967
      vertex -109.299 -89.8217 20.4356
    endloop
  endfacet
  facet normal 0.760263 -0.381879 -0.525517
    outer loop
      vertex -109.299 -85.7767 17.4967
      vertex -109.369 -89.8697 20.3697
      vertex -109.717 -86.0642 17.1009
    endloop
  endfacet
  facet normal 0.000518477 -0.809341 0.587339
    outer loop
      vertex -108.81 -85.5311 17.8347
      vertex -109.299 -85.7767 17.4967
      vertex -109.717 -86.0642 17.1009
    endloop
  endfacet
  facet normal 0 -0.809004 0.587802
    outer loop
      vertex -102.747 -86.3867 16.6571
      vertex -106.4 -85.0708 18.4682
      vertex -110.053 -86.3867 16.6571
    endloop
  endfacet
  facet normal -3.08317e-05 -0.809034 0.587762
    outer loop
      vertex -102.747 -86.3867 16.6571
      vertex -104.539 -85.3335 18.1067
      vertex -106.4 -85.0708 18.4682
    endloop
  endfacet
  facet normal 3.08317e-05 -0.809034 0.587762
    outer loop
      vertex -106.4 -85.0708 18.4682
      vertex -108.261 -85.3335 18.1067
      vertex -110.053 -86.3867 16.6571
    endloop
  endfacet
  facet normal -7.72231e-05 -0.808971 0.587849
    outer loop
      vertex -108.261 -85.3335 18.1067
      vertex -108.81 -85.5311 17.8347
      vertex -110.053 -86.3867 16.6571
    endloop
  endfacet
  facet normal -0.972082 -0.137788 -0.189923
    outer loop
      vertex -102.35 -87.1037 15.6701
      vertex -102.376 -91.0875 18.6934
      vertex -102.501 -86.736 16.1762
    endloop
  endfacet
  facet normal -0.970269 -0.142263 -0.195804
    outer loop
      vertex -102.376 -91.0875 18.6934
      vertex -102.35 -87.1037 15.6701
      vertex -102.35 -91.1488 18.6091
    endloop
  endfacet
  facet normal -0.996975 -0.0456293 -0.0629149
    outer loop
      vertex -102.342 -91.2116 18.5226
      vertex -102.35 -87.1037 15.6701
      vertex -102.3 -87.4807 15.1512
    endloop
  endfacet
  facet normal -0.997211 -0.0438685 -0.0603786
    outer loop
      vertex -102.35 -87.1037 15.6701
      vertex -102.342 -91.2116 18.5226
      vertex -102.35 -91.1488 18.6091
    endloop
  endfacet
  facet normal 0.000209109 -0.808976 0.587842
    outer loop
      vertex -110.053 -88.5748 13.6454
      vertex -109.717 -88.8972 13.2016
      vertex -110.45 -87.8577 14.6324
    endloop
  endfacet
  facet normal 0.972089 0.1379 0.189806
    outer loop
      vertex -110.45 -91.9028 17.5713
      vertex -110.299 -88.2254 14.1262
      vertex -110.45 -87.8577 14.6324
    endloop
  endfacet
  facet normal 0.972082 0.13792 0.189827
    outer loop
      vertex -110.299 -88.2254 14.1262
      vertex -110.45 -91.9028 17.5713
      vertex -110.299 -92.2705 17.0652
    endloop
  endfacet
  facet normal 0.852743 0.307017 0.422576
    outer loop
      vertex -109.773 -92.8886 16.2145
      vertex -109.717 -88.8972 13.2016
      vertex -110.053 -88.5748 13.6454
    endloop
  endfacet
  facet normal 0.852761 0.306998 0.422552
    outer loop
      vertex -109.717 -88.8972 13.2016
      vertex -109.773 -92.8886 16.2145
      vertex -109.717 -92.9423 16.1405
    endloop
  endfacet
  facet normal 0.923995 0.22477 0.309373
    outer loop
      vertex -110.053 -92.6199 16.5843
      vertex -110.053 -88.5748 13.6454
      vertex -110.258 -92.3287 16.985
    endloop
  endfacet
  facet normal 0.760302 0.381805 0.525516
    outer loop
      vertex -109.717 -92.9423 16.1405
      vertex -109.299 -89.1848 12.8058
      vertex -109.717 -88.8972 13.2016
    endloop
  endfacet
  facet normal 0.760302 0.381805 0.525516
    outer loop
      vertex -109.299 -89.1848 12.8058
      vertex -109.717 -92.9423 16.1405
      vertex -109.299 -93.2299 15.7447
    endloop
  endfacet
  facet normal -0.000518477 -0.809341 0.587339
    outer loop
      vertex -103.083 -86.0642 17.1009
      vertex -103.501 -85.7767 17.4967
      vertex -103.99 -85.5311 17.8347
    endloop
  endfacet
  facet normal -0.649594 -0.446942 -0.615037
    outer loop
      vertex -103.501 -85.7767 17.4967
      vertex -103.582 -89.7808 20.492
      vertex -103.99 -85.5311 17.8347
    endloop
  endfacet
  facet normal -0.652088 -0.445629 -0.613349
    outer loop
      vertex -103.582 -89.7808 20.492
      vertex -103.501 -85.7767 17.4967
      vertex -103.501 -89.8217 20.4356
    endloop
  endfacet
  facet normal -2.59257e-06 -0.809019 0.587782
    outer loop
      vertex -110.299 -86.736 16.1762
      vertex -110.45 -87.1037 15.6701
      vertex -110.5 -87.4807 15.1512
    endloop
  endfacet
  facet normal 0.997211 -0.0438685 -0.0603786
    outer loop
      vertex -110.458 -91.2116 18.5226
      vertex -110.45 -87.1037 15.6701
      vertex -110.45 -91.1488 18.6091
    endloop
  endfacet
  facet normal 0.996975 -0.0456293 -0.0629149
    outer loop
      vertex -110.45 -87.1037 15.6701
      vertex -110.458 -91.2116 18.5226
      vertex -110.5 -87.4807 15.1512
    endloop
  endfacet
  facet normal 0.382904 0.542985 0.747364
    outer loop
      vertex -108.261 -93.6731 15.1347
      vertex -107.667 -89.7727 11.9966
      vertex -108.261 -89.628 12.1958
    endloop
  endfacet
  facet normal 0.382904 0.542985 0.747364
    outer loop
      vertex -107.667 -89.7727 11.9966
      vertex -108.261 -93.6731 15.1347
      vertex -107.667 -93.8178 14.9355
    endloop
  endfacet
  facet normal 0.000152109 -0.80888 0.587974
    outer loop
      vertex -108.81 -89.4304 12.4678
      vertex -107.667 -89.7727 11.9966
      vertex -109.299 -89.1848 12.8058
    endloop
  endfacet
  facet normal -0.078395 0.585971 0.806531
    outer loop
      vertex -106.4 -89.8906 11.8343
      vertex -105.759 -93.9061 14.814
      vertex -105.759 -89.861 11.8751
    endloop
  endfacet
  facet normal -0.078395 0.585971 0.806531
    outer loop
      vertex -105.759 -93.9061 14.814
      vertex -106.4 -89.8906 11.8343
      vertex -106.4 -93.9357 14.7732
    endloop
  endfacet
  facet normal 0.852739 0.30702 0.422582
    outer loop
      vertex -110.053 -92.6199 16.5843
      vertex -109.773 -92.8886 16.2145
      vertex -110.053 -88.5748 13.6454
    endloop
  endfacet
  facet normal 0.23331 0.571559 0.786694
    outer loop
      vertex -107.667 -93.8178 14.9355
      vertex -107.041 -89.861 11.8751
      vertex -107.667 -89.7727 11.9966
    endloop
  endfacet
  facet normal 0.23331 0.571559 0.786694
    outer loop
      vertex -107.041 -89.861 11.8751
      vertex -107.667 -93.8178 14.9355
      vertex -107.041 -93.9061 14.814
    endloop
  endfacet
  facet normal 0.078395 0.585971 0.806531
    outer loop
      vertex -107.041 -93.9061 14.814
      vertex -106.4 -89.8906 11.8343
      vertex -107.041 -89.861 11.8751
    endloop
  endfacet
  facet normal 0.078395 0.585971 0.806531
    outer loop
      vertex -106.4 -89.8906 11.8343
      vertex -107.041 -93.9061 14.814
      vertex -106.4 -93.9357 14.7732
    endloop
  endfacet
  facet normal -0.996933 0.0460049 0.0633174
    outer loop
      vertex 110.5 -15.8778 122.211
      vertex 110.5 -11.8328 119.272
      vertex 110.458 -16.192 121.778
    endloop
  endfacet
  facet normal -0.000406757 -0.809347 0.587331
    outer loop
      vertex 109.299 -10.1287 121.617
      vertex 108.261 -9.68551 122.227
      vertex 107.667 -9.5408 122.426
    endloop
  endfacet
  facet normal -0.996976 0.0457264 0.0628323
    outer loop
      vertex 110.45 -12.2098 118.753
      vertex 110.458 -16.192 121.778
      vertex 110.5 -11.8328 119.272
    endloop
  endfacet
  facet normal -0.99719 0.0440349 0.0606061
    outer loop
      vertex 110.458 -16.192 121.778
      vertex 110.45 -12.2098 118.753
      vertex 110.45 -16.2548 121.692
    endloop
  endfacet
  facet normal 0.996976 -0.0457264 -0.0628323
    outer loop
      vertex 102.308 -15.815 122.297
      vertex 102.3 -11.8328 119.272
      vertex 102.35 -11.4558 119.791
    endloop
  endfacet
  facet normal 0.99719 -0.0440349 -0.0606061
    outer loop
      vertex 102.3 -11.8328 119.272
      vertex 102.308 -15.815 122.297
      vertex 102.3 -15.8778 122.211
    endloop
  endfacet
  facet normal 0.972379 0.137195 0.188829
    outer loop
      vertex 102.501 -16.6226 121.186
      vertex 102.501 -12.5775 118.247
      vertex 102.376 -16.3161 121.607
    endloop
  endfacet
  facet normal -2.87111e-05 -0.809073 0.587708
    outer loop
      vertex 103.083 -13.2493 117.322
      vertex 102.35 -11.4558 119.791
      vertex 102.35 -12.2098 118.753
    endloop
  endfacet
  facet normal -0.852468 -0.307291 -0.422931
    outer loop
      vertex 110.053 -10.7387 120.778
      vertex 109.717 -14.4613 124.16
      vertex 109.717 -10.4163 121.221
    endloop
  endfacet
  facet normal -0.852493 -0.307263 -0.422902
    outer loop
      vertex 109.717 -14.4613 124.16
      vertex 110.053 -10.7387 120.778
      vertex 110.053 -14.7838 123.717
    endloop
  endfacet
  facet normal -0.00183906 -0.808702 0.588216
    outer loop
      vertex 110.299 -12.5775 118.247
      vertex 110.45 -12.2098 118.753
      vertex 110.053 -12.9268 117.766
    endloop
  endfacet
  facet normal -0.649594 0.446888 0.615076
    outer loop
      vertex 108.81 -13.7824 116.588
      vertex 109.299 -17.5819 119.865
      vertex 109.299 -13.5368 116.926
    endloop
  endfacet
  facet normal -0.649594 0.446888 0.615076
    outer loop
      vertex 109.299 -17.5819 119.865
      vertex 108.81 -13.7824 116.588
      vertex 108.81 -17.8275 119.527
    endloop
  endfacet
  facet normal 0 -0.808775 0.588119
    outer loop
      vertex 106.4 -14.2427 115.955
      vertex 108.81 -13.7824 116.588
      vertex 103.99 -13.7824 116.588
    endloop
  endfacet
  facet normal 0.971954 -0.138232 -0.190256
    outer loop
      vertex 102.476 -15.1944 123.151
      vertex 102.35 -15.5009 122.73
      vertex 102.35 -11.4558 119.791
    endloop
  endfacet
  facet normal 0.000324923 -0.809023 0.587777
    outer loop
      vertex 103.083 -13.2493 117.322
      vertex 103.501 -10.1287 121.617
      vertex 102.35 -11.4558 119.791
    endloop
  endfacet
  facet normal -0.000832764 -0.809175 0.587567
    outer loop
      vertex 110.45 -11.4558 119.791
      vertex 110.053 -10.7387 120.778
      vertex 109.299 -10.1287 121.617
    endloop
  endfacet
  facet normal -0.996932 -0.0460092 -0.0633248
    outer loop
      vertex 110.492 -15.815 122.297
      vertex 110.45 -15.5009 122.73
      vertex 110.45 -11.4558 119.791
    endloop
  endfacet
  facet normal -0.000210892 -0.809015 0.587788
    outer loop
      vertex 110.053 -12.9268 117.766
      vertex 110.45 -12.2098 118.753
      vertex 109.717 -13.2493 117.322
    endloop
  endfacet
  facet normal -0.000324923 -0.809023 0.587777
    outer loop
      vertex 109.717 -13.2493 117.322
      vertex 110.45 -11.4558 119.791
      vertex 109.299 -10.1287 121.617
    endloop
  endfacet
  facet normal 0.518209 -0.503204 -0.691552
    outer loop
      vertex 103.99 -9.8831 121.955
      vertex 104.539 -13.7306 125.166
      vertex 104.447 -13.7635 125.121
    endloop
  endfacet
  facet normal 0.522234 -0.501273 -0.689926
    outer loop
      vertex 104.539 -13.7306 125.166
      vertex 103.99 -9.8831 121.955
      vertex 104.539 -9.68551 122.227
    endloop
  endfacet
  facet normal -0.00127759 -0.809862 0.586619
    outer loop
      vertex 103.501 -13.5368 116.926
      vertex 103.99 -13.7824 116.588
      vertex 103.083 -13.2493 117.322
    endloop
  endfacet
  facet normal 0.078736 0.585969 0.806499
    outer loop
      vertex 105.759 -18.2581 118.935
      vertex 106.4 -14.2427 115.955
      vertex 105.759 -14.213 115.996
    endloop
  endfacet
  facet normal 0.078736 0.585969 0.806499
    outer loop
      vertex 106.4 -14.2427 115.955
      vertex 105.759 -18.2581 118.935
      vertex 106.4 -18.2878 118.894
    endloop
  endfacet
  facet normal -0.000557082 -0.809579 0.587011
    outer loop
      vertex 104.539 -13.98 116.316
      vertex 105.133 -14.1247 116.117
      vertex 103.99 -13.7824 116.588
    endloop
  endfacet
  facet normal -0.233904 -0.571488 -0.786569
    outer loop
      vertex 107.041 -13.4976 125.487
      vertex 107.667 -9.5408 122.426
      vertex 107.667 -13.5859 125.365
    endloop
  endfacet
  facet normal -0.233887 -0.571492 -0.786571
    outer loop
      vertex 107.667 -9.5408 122.426
      vertex 107.041 -13.4976 125.487
      vertex 107.041 -9.45252 122.548
    endloop
  endfacet
  facet normal 0 -0.809112 0.587654
    outer loop
      vertex 103.501 -10.1287 121.617
      vertex 107.041 -9.45252 122.548
      vertex 105.759 -9.45252 122.548
    endloop
  endfacet
  facet normal 0 -0.809112 0.587654
    outer loop
      vertex 107.041 -9.45252 122.548
      vertex 103.501 -10.1287 121.617
      vertex 109.299 -10.1287 121.617
    endloop
  endfacet
  facet normal -0.00408193 -0.807064 0.590449
    outer loop
      vertex 103.501 -10.1287 121.617
      vertex 103.083 -10.4163 121.221
      vertex 102.747 -10.7387 120.778
    endloop
  endfacet
  facet normal 0.000246546 -0.809221 0.587504
    outer loop
      vertex 107.667 -14.1247 116.117
      vertex 108.81 -13.7824 116.588
      vertex 106.4 -14.2427 115.955
    endloop
  endfacet
  facet normal -0.078736 -0.585971 -0.806498
    outer loop
      vertex 106.4 -13.4679 125.528
      vertex 107.041 -9.45252 122.548
      vertex 107.041 -13.4976 125.487
    endloop
  endfacet
  facet normal -0.0787087 -0.585975 -0.806498
    outer loop
      vertex 107.041 -9.45252 122.548
      vertex 106.4 -13.4679 125.528
      vertex 106.4 -9.42285 122.589
    endloop
  endfacet
  facet normal -0.382919 -0.542993 -0.74735
    outer loop
      vertex 108.162 -13.7065 125.199
      vertex 107.667 -13.5859 125.365
      vertex 107.667 -9.5408 122.426
    endloop
  endfacet
  facet normal -0.924045 -0.224704 -0.309272
    outer loop
      vertex 110.258 -15.0749 123.316
      vertex 110.053 -14.7838 123.717
      vertex 110.053 -10.7387 120.778
    endloop
  endfacet
  facet normal 0.00408193 -0.807064 0.590449
    outer loop
      vertex 110.053 -10.7387 120.778
      vertex 109.717 -10.4163 121.221
      vertex 109.299 -10.1287 121.617
    endloop
  endfacet
  facet normal -0.924019 -0.224735 -0.309327
    outer loop
      vertex 110.299 -11.0881 120.297
      vertex 110.258 -15.0749 123.316
      vertex 110.053 -10.7387 120.778
    endloop
  endfacet
  facet normal -0.923808 -0.225044 -0.309732
    outer loop
      vertex 110.258 -15.0749 123.316
      vertex 110.299 -11.0881 120.297
      vertex 110.299 -15.1331 123.236
    endloop
  endfacet
  facet normal -0.972075 0.138049 0.189768
    outer loop
      vertex 110.424 -16.3161 121.607
      vertex 110.45 -12.2098 118.753
      vertex 110.299 -12.5775 118.247
    endloop
  endfacet
  facet normal -0.970576 0.141541 0.194806
    outer loop
      vertex 110.45 -12.2098 118.753
      vertex 110.424 -16.3161 121.607
      vertex 110.45 -16.2548 121.692
    endloop
  endfacet
  facet normal -0.996976 -0.0457264 -0.0628323
    outer loop
      vertex 110.5 -11.8328 119.272
      vertex 110.492 -15.815 122.297
      vertex 110.45 -11.4558 119.791
    endloop
  endfacet
  facet normal -0.99719 -0.0440349 -0.0606061
    outer loop
      vertex 110.492 -15.815 122.297
      vertex 110.5 -11.8328 119.272
      vertex 110.5 -15.8778 122.211
    endloop
  endfacet
  facet normal 0.00127759 -0.809862 0.586619
    outer loop
      vertex 109.299 -13.5368 116.926
      vertex 109.717 -13.2493 117.322
      vertex 108.81 -13.7824 116.588
    endloop
  endfacet
  facet normal -0.000164773 -0.809016 0.587787
    outer loop
      vertex 109.717 -13.2493 117.322
      vertex 109.299 -10.1287 121.617
      vertex 108.81 -13.7824 116.588
    endloop
  endfacet
  facet normal -0.924006 0.224751 0.309355
    outer loop
      vertex 110.053 -12.9268 117.766
      vertex 110.094 -16.9137 120.785
      vertex 110.299 -12.5775 118.247
    endloop
  endfacet
  facet normal -0.923808 0.22504 0.309735
    outer loop
      vertex 110.094 -16.9137 120.785
      vertex 110.053 -12.9268 117.766
      vertex 110.053 -16.9719 120.705
    endloop
  endfacet
  facet normal 0.970576 0.141541 0.194806
    outer loop
      vertex 102.376 -16.3161 121.607
      vertex 102.35 -12.2098 118.753
      vertex 102.35 -16.2548 121.692
    endloop
  endfacet
  facet normal 0.972075 0.138049 0.189768
    outer loop
      vertex 102.35 -12.2098 118.753
      vertex 102.376 -16.3161 121.607
      vertex 102.501 -12.5775 118.247
    endloop
  endfacet
  facet normal 0.996933 0.0460049 0.0633174
    outer loop
      vertex 102.3 -15.8778 122.211
      vertex 102.342 -16.192 121.778
      vertex 102.3 -11.8328 119.272
    endloop
  endfacet
  facet normal -0.000413525 -0.806762 0.590876
    outer loop
      vertex 107.041 -14.213 115.996
      vertex 107.667 -14.1247 116.117
      vertex 106.4 -14.2427 115.955
    endloop
  endfacet
  facet normal -0.52224 0.501269 0.689923
    outer loop
      vertex 108.261 -13.98 116.316
      vertex 108.81 -17.8275 119.527
      vertex 108.81 -13.7824 116.588
    endloop
  endfacet
  facet normal -0.518209 0.503204 0.691552
    outer loop
      vertex 108.81 -17.8275 119.527
      vertex 108.261 -13.98 116.316
      vertex 108.718 -17.8604 119.482
    endloop
  endfacet
  facet normal 0.000802795 -0.808185 0.588928
    outer loop
      vertex 109.299 -10.1287 121.617
      vertex 107.667 -9.5408 122.426
      vertex 107.041 -9.45252 122.548
    endloop
  endfacet
  facet normal 0.381536 -0.54333 -0.747812
    outer loop
      vertex 104.539 -9.68551 122.227
      vertex 104.638 -13.7065 125.199
      vertex 104.539 -13.7306 125.166
    endloop
  endfacet
  facet normal 0.382697 -0.543026 -0.747439
    outer loop
      vertex 104.638 -13.7065 125.199
      vertex 104.539 -9.68551 122.227
      vertex 105.133 -9.5408 122.426
    endloop
  endfacet
  facet normal -0.523048 -0.500978 -0.689523
    outer loop
      vertex 108.81 -9.8831 121.955
      vertex 108.81 -13.9282 124.894
      vertex 108.353 -13.7635 125.121
    endloop
  endfacet
  facet normal -0.760408 -0.38174 -0.525409
    outer loop
      vertex 109.717 -10.4163 121.221
      vertex 109.299 -14.1738 124.556
      vertex 109.299 -10.1287 121.617
    endloop
  endfacet
  facet normal -0.760369 -0.381773 -0.525441
    outer loop
      vertex 109.299 -14.1738 124.556
      vertex 109.717 -10.4163 121.221
      vertex 109.717 -14.4613 124.16
    endloop
  endfacet
  facet normal -0.000802795 -0.808185 0.588928
    outer loop
      vertex 105.759 -9.45252 122.548
      vertex 105.133 -9.5408 122.426
      vertex 103.501 -10.1287 121.617
    endloop
  endfacet
  facet normal 0 -0.810127 0.586255
    outer loop
      vertex 107.041 -9.45252 122.548
      vertex 106.4 -9.42285 122.589
      vertex 105.759 -9.45252 122.548
    endloop
  endfacet
  facet normal 0.000273631 -0.808796 0.588089
    outer loop
      vertex 109.299 -10.1287 121.617
      vertex 108.81 -9.8831 121.955
      vertex 108.261 -9.68551 122.227
    endloop
  endfacet
  facet normal -0.971954 -0.138232 -0.190256
    outer loop
      vertex 110.45 -11.4558 119.791
      vertex 110.45 -15.5009 122.73
      vertex 110.324 -15.1944 123.151
    endloop
  endfacet
  facet normal 2.87111e-05 -0.809073 0.587708
    outer loop
      vertex 110.45 -12.2098 118.753
      vertex 110.45 -11.4558 119.791
      vertex 109.717 -13.2493 117.322
    endloop
  endfacet
  facet normal -9.77865e-14 -0.809073 0.587708
    outer loop
      vertex 110.5 -11.8328 119.272
      vertex 110.45 -11.4558 119.791
      vertex 110.45 -12.2098 118.753
    endloop
  endfacet
  facet normal -0.972075 -0.137892 -0.189882
    outer loop
      vertex 110.324 -15.1944 123.151
      vertex 110.299 -11.0881 120.297
      vertex 110.45 -11.4558 119.791
    endloop
  endfacet
  facet normal -0.972705 -0.136396 -0.187724
    outer loop
      vertex 110.299 -11.0881 120.297
      vertex 110.324 -15.1944 123.151
      vertex 110.299 -15.1331 123.236
    endloop
  endfacet
  facet normal 0.00104992 -0.808815 0.588063
    outer loop
      vertex 110.45 -11.4558 119.791
      vertex 110.299 -11.0881 120.297
      vertex 110.053 -10.7387 120.778
    endloop
  endfacet
  facet normal -0.760369 0.381767 0.525445
    outer loop
      vertex 109.299 -13.5368 116.926
      vertex 109.717 -17.2944 120.261
      vertex 109.717 -13.2493 117.322
    endloop
  endfacet
  facet normal -0.760369 0.381767 0.525445
    outer loop
      vertex 109.717 -17.2944 120.261
      vertex 109.299 -13.5368 116.926
      vertex 109.299 -17.5819 119.865
    endloop
  endfacet
  facet normal -0.852836 0.306933 0.422448
    outer loop
      vertex 109.717 -13.2493 117.322
      vertex 110.053 -16.9719 120.705
      vertex 110.053 -12.9268 117.766
    endloop
  endfacet
  facet normal -0.852836 0.306933 0.422448
    outer loop
      vertex 110.053 -16.9719 120.705
      vertex 109.717 -13.2493 117.322
      vertex 109.717 -17.2944 120.261
    endloop
  endfacet
  facet normal -0.924045 0.224704 0.309272
    outer loop
      vertex 110.299 -16.6226 121.186
      vertex 110.299 -12.5775 118.247
      vertex 110.094 -16.9137 120.785
    endloop
  endfacet
  facet normal -0.972379 0.137195 0.188829
    outer loop
      vertex 110.299 -16.6226 121.186
      vertex 110.424 -16.3161 121.607
      vertex 110.299 -12.5775 118.247
    endloop
  endfacet
  facet normal 0.996976 0.0457264 0.0628323
    outer loop
      vertex 102.342 -16.192 121.778
      vertex 102.35 -12.2098 118.753
      vertex 102.3 -11.8328 119.272
    endloop
  endfacet
  facet normal 0.99719 0.0440349 0.0606061
    outer loop
      vertex 102.35 -12.2098 118.753
      vertex 102.342 -16.192 121.778
      vertex 102.35 -16.2548 121.692
    endloop
  endfacet
  facet normal 9.77865e-14 -0.809073 0.587708
    outer loop
      vertex 102.35 -12.2098 118.753
      vertex 102.35 -11.4558 119.791
      vertex 102.3 -11.8328 119.272
    endloop
  endfacet
  facet normal -0.382919 0.542993 0.74735
    outer loop
      vertex 108.261 -18.0251 119.255
      vertex 108.261 -13.98 116.316
      vertex 107.766 -18.1457 119.089
    endloop
  endfacet
  facet normal -0.078736 0.585969 0.806499
    outer loop
      vertex 106.4 -14.2427 115.955
      vertex 107.041 -18.2581 118.935
      vertex 107.041 -14.213 115.996
    endloop
  endfacet
  facet normal -0.078736 0.585969 0.806499
    outer loop
      vertex 107.041 -18.2581 118.935
      vertex 106.4 -14.2427 115.955
      vertex 106.4 -18.2878 118.894
    endloop
  endfacet
  facet normal -0.523048 0.500978 0.689523
    outer loop
      vertex 108.261 -18.0251 119.255
      vertex 108.718 -17.8604 119.482
      vertex 108.261 -13.98 116.316
    endloop
  endfacet
  facet normal -0.232716 0.571656 0.786799
    outer loop
      vertex 107.041 -14.213 115.996
      vertex 107.667 -18.1698 119.056
      vertex 107.667 -14.1247 116.117
    endloop
  endfacet
  facet normal -0.232716 0.571656 0.786799
    outer loop
      vertex 107.667 -18.1698 119.056
      vertex 107.041 -14.213 115.996
      vertex 107.041 -18.2581 118.935
    endloop
  endfacet
  facet normal -0.382689 0.543027 0.747443
    outer loop
      vertex 107.667 -14.1247 116.117
      vertex 107.766 -18.1457 119.089
      vertex 108.261 -13.98 116.316
    endloop
  endfacet
  facet normal -0.381536 0.543329 0.747813
    outer loop
      vertex 107.766 -18.1457 119.089
      vertex 107.667 -14.1247 116.117
      vertex 107.667 -18.1698 119.056
    endloop
  endfacet
  facet normal 0.000557082 -0.809579 0.587011
    outer loop
      vertex 108.261 -13.98 116.316
      vertex 108.81 -13.7824 116.588
      vertex 107.667 -14.1247 116.117
    endloop
  endfacet
  facet normal 0.996932 -0.0460092 -0.0633248
    outer loop
      vertex 102.35 -11.4558 119.791
      vertex 102.35 -15.5009 122.73
      vertex 102.308 -15.815 122.297
    endloop
  endfacet
  facet normal 0.649594 0.446888 0.615076
    outer loop
      vertex 103.501 -17.5819 119.865
      vertex 103.99 -13.7824 116.588
      vertex 103.501 -13.5368 116.926
    endloop
  endfacet
  facet normal 0.649594 0.446888 0.615076
    outer loop
      vertex 103.99 -13.7824 116.588
      vertex 103.501 -17.5819 119.865
      vertex 103.99 -17.8275 119.527
    endloop
  endfacet
  facet normal 0.760408 -0.38174 -0.525409
    outer loop
      vertex 103.501 -14.1738 124.556
      vertex 103.083 -10.4163 121.221
      vertex 103.501 -10.1287 121.617
    endloop
  endfacet
  facet normal 0.760369 -0.381773 -0.525441
    outer loop
      vertex 103.083 -10.4163 121.221
      vertex 103.501 -14.1738 124.556
      vertex 103.083 -14.4613 124.16
    endloop
  endfacet
  facet normal 0.000832764 -0.809175 0.587567
    outer loop
      vertex 103.501 -10.1287 121.617
      vertex 102.747 -10.7387 120.778
      vertex 102.35 -11.4558 119.791
    endloop
  endfacet
  facet normal 0.523048 -0.500978 -0.689523
    outer loop
      vertex 104.447 -13.7635 125.121
      vertex 103.99 -13.9282 124.894
      vertex 103.99 -9.8831 121.955
    endloop
  endfacet
  facet normal 0.000406757 -0.809347 0.587331
    outer loop
      vertex 105.133 -9.5408 122.426
      vertex 104.539 -9.68551 122.227
      vertex 103.501 -10.1287 121.617
    endloop
  endfacet
  facet normal -0.000246546 -0.809221 0.587504
    outer loop
      vertex 105.133 -14.1247 116.117
      vertex 106.4 -14.2427 115.955
      vertex 103.99 -13.7824 116.588
    endloop
  endfacet
  facet normal 0.000413525 -0.806762 0.590876
    outer loop
      vertex 105.759 -14.213 115.996
      vertex 106.4 -14.2427 115.955
      vertex 105.133 -14.1247 116.117
    endloop
  endfacet
  facet normal 0.382919 0.542993 0.74735
    outer loop
      vertex 104.539 -18.0251 119.255
      vertex 105.034 -18.1457 119.089
      vertex 104.539 -13.98 116.316
    endloop
  endfacet
  facet normal -0.518209 -0.503204 -0.691552
    outer loop
      vertex 108.261 -13.7306 125.166
      vertex 108.81 -9.8831 121.955
      vertex 108.353 -13.7635 125.121
    endloop
  endfacet
  facet normal -0.522234 -0.501273 -0.689926
    outer loop
      vertex 108.81 -9.8831 121.955
      vertex 108.261 -13.7306 125.166
      vertex 108.261 -9.68551 122.227
    endloop
  endfacet
  facet normal -0.381536 -0.54333 -0.747812
    outer loop
      vertex 108.162 -13.7065 125.199
      vertex 108.261 -9.68551 122.227
      vertex 108.261 -13.7306 125.166
    endloop
  endfacet
  facet normal -0.382697 -0.543026 -0.747439
    outer loop
      vertex 108.261 -9.68551 122.227
      vertex 108.162 -13.7065 125.199
      vertex 107.667 -9.5408 122.426
    endloop
  endfacet
  facet normal 0.382919 -0.542993 -0.74735
    outer loop
      vertex 105.133 -9.5408 122.426
      vertex 105.133 -13.5859 125.365
      vertex 104.638 -13.7065 125.199
    endloop
  endfacet
  facet normal -0.649594 -0.446888 -0.615076
    outer loop
      vertex 109.299 -10.1287 121.617
      vertex 108.81 -13.9282 124.894
      vertex 108.81 -9.8831 121.955
    endloop
  endfacet
  facet normal -0.649594 -0.446888 -0.615076
    outer loop
      vertex 108.81 -13.9282 124.894
      vertex 109.299 -10.1287 121.617
      vertex 109.299 -14.1738 124.556
    endloop
  endfacet
  facet normal 0.924006 0.224751 0.309355
    outer loop
      vertex 102.706 -16.9137 120.785
      vertex 102.747 -12.9268 117.766
      vertex 102.501 -12.5775 118.247
    endloop
  endfacet
  facet normal 0.923808 0.22504 0.309735
    outer loop
      vertex 102.747 -12.9268 117.766
      vertex 102.706 -16.9137 120.785
      vertex 102.747 -16.9719 120.705
    endloop
  endfacet
  facet normal 0.852836 0.306933 0.422448
    outer loop
      vertex 102.747 -16.9719 120.705
      vertex 103.083 -13.2493 117.322
      vertex 102.747 -12.9268 117.766
    endloop
  endfacet
  facet normal 0.852836 0.306933 0.422448
    outer loop
      vertex 103.083 -13.2493 117.322
      vertex 102.747 -16.9719 120.705
      vertex 103.083 -17.2944 120.261
    endloop
  endfacet
  facet normal 0.852468 -0.307291 -0.422931
    outer loop
      vertex 103.083 -14.4613 124.16
      vertex 102.747 -10.7387 120.778
      vertex 103.083 -10.4163 121.221
    endloop
  endfacet
  facet normal 0.852493 -0.307263 -0.422902
    outer loop
      vertex 102.747 -10.7387 120.778
      vertex 103.083 -14.4613 124.16
      vertex 102.747 -14.7838 123.717
    endloop
  endfacet
  facet normal 0.972705 -0.136396 -0.187724
    outer loop
      vertex 102.476 -15.1944 123.151
      vertex 102.501 -11.0881 120.297
      vertex 102.501 -15.1331 123.236
    endloop
  endfacet
  facet normal 0.972075 -0.137892 -0.189882
    outer loop
      vertex 102.501 -11.0881 120.297
      vertex 102.476 -15.1944 123.151
      vertex 102.35 -11.4558 119.791
    endloop
  endfacet
  facet normal 0.924045 -0.224704 -0.309272
    outer loop
      vertex 102.747 -10.7387 120.778
      vertex 102.747 -14.7838 123.717
      vertex 102.542 -15.0749 123.316
    endloop
  endfacet
  facet normal -0.000273631 -0.808796 0.588089
    outer loop
      vertex 104.539 -9.68551 122.227
      vertex 103.99 -9.8831 121.955
      vertex 103.501 -10.1287 121.617
    endloop
  endfacet
  facet normal 0.649594 -0.446888 -0.615076
    outer loop
      vertex 103.99 -13.9282 124.894
      vertex 103.501 -10.1287 121.617
      vertex 103.99 -9.8831 121.955
    endloop
  endfacet
  facet normal 0.649594 -0.446888 -0.615076
    outer loop
      vertex 103.501 -10.1287 121.617
      vertex 103.99 -13.9282 124.894
      vertex 103.501 -14.1738 124.556
    endloop
  endfacet
  facet normal 0.381536 0.543329 0.747813
    outer loop
      vertex 105.133 -14.1247 116.117
      vertex 105.034 -18.1457 119.089
      vertex 105.133 -18.1698 119.056
    endloop
  endfacet
  facet normal 0.382689 0.543027 0.747443
    outer loop
      vertex 105.034 -18.1457 119.089
      vertex 105.133 -14.1247 116.117
      vertex 104.539 -13.98 116.316
    endloop
  endfacet
  facet normal 0.232716 0.571656 0.786799
    outer loop
      vertex 105.133 -18.1698 119.056
      vertex 105.759 -14.213 115.996
      vertex 105.133 -14.1247 116.117
    endloop
  endfacet
  facet normal 0.232716 0.571656 0.786799
    outer loop
      vertex 105.759 -14.213 115.996
      vertex 105.133 -18.1698 119.056
      vertex 105.759 -18.2581 118.935
    endloop
  endfacet
  facet normal 0.000164773 -0.809016 0.587787
    outer loop
      vertex 103.99 -13.7824 116.588
      vertex 103.501 -10.1287 121.617
      vertex 103.083 -13.2493 117.322
    endloop
  endfacet
  facet normal 0 -0.809023 0.587777
    outer loop
      vertex 103.99 -13.7824 116.588
      vertex 109.299 -10.1287 121.617
      vertex 103.501 -10.1287 121.617
    endloop
  endfacet
  facet normal 0 -0.809023 0.587777
    outer loop
      vertex 109.299 -10.1287 121.617
      vertex 103.99 -13.7824 116.588
      vertex 108.81 -13.7824 116.588
    endloop
  endfacet
  facet normal 0.078736 -0.585971 -0.806498
    outer loop
      vertex 105.759 -9.45252 122.548
      vertex 106.4 -13.4679 125.528
      vertex 105.759 -13.4976 125.487
    endloop
  endfacet
  facet normal 0.0787087 -0.585975 -0.806498
    outer loop
      vertex 106.4 -13.4679 125.528
      vertex 105.759 -9.45252 122.548
      vertex 106.4 -9.42285 122.589
    endloop
  endfacet
  facet normal 0.233904 -0.571488 -0.786569
    outer loop
      vertex 105.133 -9.5408 122.426
      vertex 105.759 -13.4976 125.487
      vertex 105.133 -13.5859 125.365
    endloop
  endfacet
  facet normal 0.233887 -0.571492 -0.786571
    outer loop
      vertex 105.759 -13.4976 125.487
      vertex 105.133 -9.5408 122.426
      vertex 105.759 -9.45252 122.548
    endloop
  endfacet
  facet normal 0.00183906 -0.808702 0.588216
    outer loop
      vertex 102.501 -12.5775 118.247
      vertex 102.747 -12.9268 117.766
      vertex 102.35 -12.2098 118.753
    endloop
  endfacet
  facet normal 0.000210892 -0.809015 0.587788
    outer loop
      vertex 102.747 -12.9268 117.766
      vertex 103.083 -13.2493 117.322
      vertex 102.35 -12.2098 118.753
    endloop
  endfacet
  facet normal 0.924019 -0.224735 -0.309327
    outer loop
      vertex 102.542 -15.0749 123.316
      vertex 102.501 -11.0881 120.297
      vertex 102.747 -10.7387 120.778
    endloop
  endfacet
  facet normal 0.923808 -0.225044 -0.309732
    outer loop
      vertex 102.501 -11.0881 120.297
      vertex 102.542 -15.0749 123.316
      vertex 102.501 -15.1331 123.236
    endloop
  endfacet
  facet normal -0.00104992 -0.808815 0.588063
    outer loop
      vertex 102.747 -10.7387 120.778
      vertex 102.501 -11.0881 120.297
      vertex 102.35 -11.4558 119.791
    endloop
  endfacet
  facet normal 0.523048 0.500978 0.689523
    outer loop
      vertex 104.539 -18.0251 119.255
      vertex 104.539 -13.98 116.316
      vertex 104.082 -17.8604 119.482
    endloop
  endfacet
  facet normal 0.924045 0.224704 0.309272
    outer loop
      vertex 102.501 -16.6226 121.186
      vertex 102.706 -16.9137 120.785
      vertex 102.501 -12.5775 118.247
    endloop
  endfacet
  facet normal 0.760369 0.381767 0.525445
    outer loop
      vertex 103.083 -17.2944 120.261
      vertex 103.501 -13.5368 116.926
      vertex 103.083 -13.2493 117.322
    endloop
  endfacet
  facet normal 0.760369 0.381767 0.525445
    outer loop
      vertex 103.501 -13.5368 116.926
      vertex 103.083 -17.2944 120.261
      vertex 103.501 -17.5819 119.865
    endloop
  endfacet
  facet normal 0.52224 0.501269 0.689923
    outer loop
      vertex 103.99 -17.8275 119.527
      vertex 104.539 -13.98 116.316
      vertex 103.99 -13.7824 116.588
    endloop
  endfacet
  facet normal 0.518209 0.503204 0.691552
    outer loop
      vertex 104.539 -13.98 116.316
      vertex 103.99 -17.8275 119.527
      vertex 104.082 -17.8604 119.482
    endloop
  endfacet
  facet normal -0.972089 0.1379 0.189806
    outer loop
      vertex 110.299 -88.2254 14.1262
      vertex 110.45 -91.9028 17.5713
      vertex 110.45 -87.8577 14.6324
    endloop
  endfacet
  facet normal -0.972082 0.13792 0.189827
    outer loop
      vertex 110.45 -91.9028 17.5713
      vertex 110.299 -88.2254 14.1262
      vertex 110.299 -92.2705 17.0652
    endloop
  endfacet
  facet normal 0.996927 -0.0460457 -0.0633751
    outer loop
      vertex 102.342 -91.2116 18.5226
      vertex 102.3 -91.5258 18.0902
      vertex 102.3 -87.4807 15.1512
    endloop
  endfacet
  facet normal -0.000107858 -0.809223 0.587502
    outer loop
      vertex 108.261 -85.3335 18.1067
      vertex 107.667 -85.1888 18.3059
      vertex 106.4 -85.0708 18.4682
    endloop
  endfacet
  facet normal 7.72231e-05 -0.808971 0.587849
    outer loop
      vertex 110.053 -86.3867 16.6571
      vertex 108.81 -85.5311 17.8347
      vertex 108.261 -85.3335 18.1067
    endloop
  endfacet
  facet normal -0.000314891 -0.808851 0.588013
    outer loop
      vertex 103.99 -85.5311 17.8347
      vertex 103.083 -86.0642 17.1009
      vertex 102.747 -86.3867 16.6571
    endloop
  endfacet
  facet normal 0.00118633 -0.809242 0.587474
    outer loop
      vertex 110.299 -88.2254 14.1262
      vertex 110.45 -87.8577 14.6324
      vertex 110.053 -88.5748 13.6454
    endloop
  endfacet
  facet normal -0.0786365 -0.58596 -0.806515
    outer loop
      vertex 106.934 -89.1406 21.3731
      vertex 107.041 -85.1005 18.4274
      vertex 107.041 -89.1456 21.3663
    endloop
  endfacet
  facet normal -0.0784859 -0.58597 -0.806523
    outer loop
      vertex 107.041 -85.1005 18.4274
      vertex 106.934 -89.1406 21.3731
      vertex 106.4 -85.0708 18.4682
    endloop
  endfacet
  facet normal 0.00046404 -0.808979 0.587837
    outer loop
      vertex 110.45 -87.8577 14.6324
      vertex 110.299 -86.736 16.1762
      vertex 110.053 -86.3867 16.6571
    endloop
  endfacet
  facet normal -0.383294 -0.542854 -0.747258
    outer loop
      vertex 107.667 -89.2338 21.2448
      vertex 108.261 -85.3335 18.1067
      vertex 107.766 -89.258 21.2116
    endloop
  endfacet
  facet normal -0.382904 -0.542993 -0.747357
    outer loop
      vertex 108.261 -85.3335 18.1067
      vertex 107.667 -89.2338 21.2448
      vertex 107.667 -85.1888 18.3059
    endloop
  endfacet
  facet normal -0.000152109 -0.80888 0.587974
    outer loop
      vertex 108.81 -89.4304 12.4678
      vertex 109.299 -89.1848 12.8058
      vertex 107.667 -89.7727 11.9966
    endloop
  endfacet
  facet normal -0.76062 -0.381585 -0.525214
    outer loop
      vertex 109.717 -86.0642 17.1009
      vertex 109.717 -90.1093 20.0398
      vertex 109.369 -89.8697 20.3697
    endloop
  endfacet
  facet normal 0.383294 -0.542854 -0.747258
    outer loop
      vertex 104.539 -85.3335 18.1067
      vertex 105.133 -89.2338 21.2448
      vertex 105.034 -89.258 21.2116
    endloop
  endfacet
  facet normal 0.382904 -0.542993 -0.747357
    outer loop
      vertex 105.133 -89.2338 21.2448
      vertex 104.539 -85.3335 18.1067
      vertex 105.133 -85.1888 18.3059
    endloop
  endfacet
  facet normal -0.760263 -0.381879 -0.525517
    outer loop
      vertex 109.369 -89.8697 20.3697
      vertex 109.299 -85.7767 17.4967
      vertex 109.717 -86.0642 17.1009
    endloop
  endfacet
  facet normal -0.758709 -0.382903 -0.527015
    outer loop
      vertex 109.299 -85.7767 17.4967
      vertex 109.369 -89.8697 20.3697
      vertex 109.299 -89.8217 20.4356
    endloop
  endfacet
  facet normal 9.42983e-06 -0.809022 0.587778
    outer loop
      vertex 110.45 -87.8577 14.6324
      vertex 110.053 -86.3867 16.6571
      vertex 107.041 -89.861 11.8751
    endloop
  endfacet
  facet normal -1.23072e-05 -0.809014 0.58779
    outer loop
      vertex 109.299 -89.1848 12.8058
      vertex 110.45 -87.8577 14.6324
      vertex 107.667 -89.7727 11.9966
    endloop
  endfacet
  facet normal 0.996975 0.0456887 0.0628837
    outer loop
      vertex 102.3 -91.5258 18.0902
      vertex 102.35 -87.8577 14.6324
      vertex 102.3 -87.4807 15.1512
    endloop
  endfacet
  facet normal 0.996975 0.0456819 0.0628766
    outer loop
      vertex 102.35 -87.8577 14.6324
      vertex 102.3 -91.5258 18.0902
      vertex 102.35 -91.9028 17.5713
    endloop
  endfacet
  facet normal 0.852768 -0.306992 -0.422544
    outer loop
      vertex 103.083 -90.1093 20.0398
      vertex 102.747 -86.3867 16.6571
      vertex 103.083 -86.0642 17.1009
    endloop
  endfacet
  facet normal 0.852743 -0.307021 -0.422573
    outer loop
      vertex 102.747 -86.3867 16.6571
      vertex 103.083 -90.1093 20.0398
      vertex 102.747 -90.4317 19.596
    endloop
  endfacet
  facet normal 2.59257e-06 -0.809019 0.587782
    outer loop
      vertex 110.5 -87.4807 15.1512
      vertex 110.45 -87.1037 15.6701
      vertex 110.299 -86.736 16.1762
    endloop
  endfacet
  facet normal 0 -0.809019 0.587782
    outer loop
      vertex 105.759 -89.861 11.8751
      vertex 110.053 -86.3867 16.6571
      vertex 102.747 -86.3867 16.6571
    endloop
  endfacet
  facet normal 0 -0.809019 0.587782
    outer loop
      vertex 110.053 -86.3867 16.6571
      vertex 105.759 -89.861 11.8751
      vertex 107.041 -89.861 11.8751
    endloop
  endfacet
  facet normal -0.923995 0.22477 0.309373
    outer loop
      vertex 110.053 -92.6199 16.5843
      vertex 110.258 -92.3287 16.985
      vertex 110.053 -88.5748 13.6454
    endloop
  endfacet
  facet normal -0.923982 0.224791 0.309396
    outer loop
      vertex 110.258 -92.3287 16.985
      vertex 110.299 -88.2254 14.1262
      vertex 110.053 -88.5748 13.6454
    endloop
  endfacet
  facet normal -0.924029 0.224727 0.309303
    outer loop
      vertex 110.299 -88.2254 14.1262
      vertex 110.258 -92.3287 16.985
      vertex 110.299 -92.2705 17.0652
    endloop
  endfacet
  facet normal -0.996975 0.0456887 0.0628837
    outer loop
      vertex 110.45 -87.8577 14.6324
      vertex 110.5 -91.5258 18.0902
      vertex 110.5 -87.4807 15.1512
    endloop
  endfacet
  facet normal -0.996975 0.0456819 0.0628766
    outer loop
      vertex 110.5 -91.5258 18.0902
      vertex 110.45 -87.8577 14.6324
      vertex 110.45 -91.9028 17.5713
    endloop
  endfacet
  facet normal -0.382904 0.542985 0.747364
    outer loop
      vertex 107.667 -89.7727 11.9966
      vertex 108.261 -93.6731 15.1347
      vertex 108.261 -89.628 12.1958
    endloop
  endfacet
  facet normal -0.382904 0.542985 0.747364
    outer loop
      vertex 108.261 -93.6731 15.1347
      vertex 107.667 -89.7727 11.9966
      vertex 107.667 -93.8178 14.9355
    endloop
  endfacet
  facet normal -0.000209109 -0.808976 0.587842
    outer loop
      vertex 110.053 -88.5748 13.6454
      vertex 110.45 -87.8577 14.6324
      vertex 109.717 -88.8972 13.2016
    endloop
  endfacet
  facet normal -0.00038824 -0.808983 0.587832
    outer loop
      vertex 102.35 -87.8577 14.6324
      vertex 102.501 -86.736 16.1762
      vertex 102.3 -87.4807 15.1512
    endloop
  endfacet
  facet normal -0.522083 -0.501334 -0.689996
    outer loop
      vertex 108.261 -89.3786 21.0456
      vertex 108.81 -85.5311 17.8347
      vertex 108.81 -89.5761 20.7737
    endloop
  endfacet
  facet normal -0.52224 -0.501258 -0.689931
    outer loop
      vertex 108.81 -85.5311 17.8347
      vertex 108.261 -89.3786 21.0456
      vertex 108.261 -85.3335 18.1067
    endloop
  endfacet
  facet normal 0.522083 -0.501334 -0.689996
    outer loop
      vertex 103.99 -85.5311 17.8347
      vertex 104.539 -89.3786 21.0456
      vertex 103.99 -89.5761 20.7737
    endloop
  endfacet
  facet normal 0.52224 -0.501258 -0.689931
    outer loop
      vertex 104.539 -89.3786 21.0456
      vertex 103.99 -85.5311 17.8347
      vertex 104.539 -85.3335 18.1067
    endloop
  endfacet
  facet normal 0.649184 -0.447102 -0.615354
    outer loop
      vertex 103.99 -85.5311 17.8347
      vertex 103.99 -89.5761 20.7737
      vertex 103.582 -89.7808 20.492
    endloop
  endfacet
  facet normal 5.45452e-05 -0.808992 0.587819
    outer loop
      vertex 104.539 -89.628 12.1958
      vertex 105.133 -89.7727 11.9966
      vertex 103.99 -89.4304 12.4678
    endloop
  endfacet
  facet normal -0.923987 -0.224785 -0.309386
    outer loop
      vertex 110.299 -86.736 16.1762
      vertex 110.053 -90.4317 19.596
      vertex 110.053 -86.3867 16.6571
    endloop
  endfacet
  facet normal -0.923982 -0.224793 -0.309395
    outer loop
      vertex 110.053 -90.4317 19.596
      vertex 110.299 -86.736 16.1762
      vertex 110.299 -90.7811 19.1152
    endloop
  endfacet
  facet normal -0.852743 0.307017 0.422576
    outer loop
      vertex 109.717 -88.8972 13.2016
      vertex 109.773 -92.8886 16.2145
      vertex 110.053 -88.5748 13.6454
    endloop
  endfacet
  facet normal -0.852761 0.306998 0.422552
    outer loop
      vertex 109.773 -92.8886 16.2145
      vertex 109.717 -88.8972 13.2016
      vertex 109.717 -92.9423 16.1405
    endloop
  endfacet
  facet normal -0.972439 -0.137049 -0.188628
    outer loop
      vertex 110.424 -91.0875 18.6934
      vertex 110.299 -90.7811 19.1152
      vertex 110.299 -86.736 16.1762
    endloop
  endfacet
  facet normal 9.13657e-05 -0.809161 0.587586
    outer loop
      vertex 106.4 -85.0708 18.4682
      vertex 105.759 -85.1005 18.4274
      vertex 105.133 -85.1888 18.3059
    endloop
  endfacet
  facet normal 0.0786365 -0.58596 -0.806515
    outer loop
      vertex 105.759 -85.1005 18.4274
      vertex 105.866 -89.1406 21.3731
      vertex 105.759 -89.1456 21.3663
    endloop
  endfacet
  facet normal 0.0784859 -0.58597 -0.806523
    outer loop
      vertex 105.866 -89.1406 21.3731
      vertex 105.759 -85.1005 18.4274
      vertex 106.4 -85.0708 18.4682
    endloop
  endfacet
  facet normal 0.000314891 -0.808851 0.588013
    outer loop
      vertex 110.053 -86.3867 16.6571
      vertex 109.717 -86.0642 17.1009
      vertex 108.81 -85.5311 17.8347
    endloop
  endfacet
  facet normal 4.23307e-05 -0.809041 0.587752
    outer loop
      vertex 107.667 -89.7727 11.9966
      vertex 110.45 -87.8577 14.6324
      vertex 107.041 -89.861 11.8751
    endloop
  endfacet
  facet normal 0.00038824 -0.808983 0.587832
    outer loop
      vertex 110.45 -87.8577 14.6324
      vertex 110.5 -87.4807 15.1512
      vertex 110.299 -86.736 16.1762
    endloop
  endfacet
  facet normal -0.760302 0.381805 0.525516
    outer loop
      vertex 109.299 -89.1848 12.8058
      vertex 109.717 -92.9423 16.1405
      vertex 109.717 -88.8972 13.2016
    endloop
  endfacet
  facet normal -0.760302 0.381805 0.525516
    outer loop
      vertex 109.717 -92.9423 16.1405
      vertex 109.299 -89.1848 12.8058
      vertex 109.299 -93.2299 15.7447
    endloop
  endfacet
  facet normal 0.000168091 -0.809068 0.587715
    outer loop
      vertex 109.717 -88.8972 13.2016
      vertex 110.45 -87.8577 14.6324
      vertex 109.299 -89.1848 12.8058
    endloop
  endfacet
  facet normal -0.00046404 -0.808979 0.587837
    outer loop
      vertex 102.747 -86.3867 16.6571
      vertex 102.501 -86.736 16.1762
      vertex 102.35 -87.8577 14.6324
    endloop
  endfacet
  facet normal 0.924029 0.224727 0.309303
    outer loop
      vertex 102.542 -92.3287 16.985
      vertex 102.501 -88.2254 14.1262
      vertex 102.501 -92.2705 17.0652
    endloop
  endfacet
  facet normal 0.923982 0.224791 0.309396
    outer loop
      vertex 102.501 -88.2254 14.1262
      vertex 102.542 -92.3287 16.985
      vertex 102.747 -88.5748 13.6454
    endloop
  endfacet
  facet normal -0.852768 -0.306992 -0.422544
    outer loop
      vertex 110.053 -86.3867 16.6571
      vertex 109.717 -90.1093 20.0398
      vertex 109.717 -86.0642 17.1009
    endloop
  endfacet
  facet normal -0.852743 -0.307021 -0.422573
    outer loop
      vertex 109.717 -90.1093 20.0398
      vertex 110.053 -86.3867 16.6571
      vertex 110.053 -90.4317 19.596
    endloop
  endfacet
  facet normal 0.233223 -0.571581 -0.786704
    outer loop
      vertex 105.133 -85.1888 18.3059
      vertex 105.759 -89.1456 21.3663
      vertex 105.133 -89.2338 21.2448
    endloop
  endfacet
  facet normal 0.23331 -0.571559 -0.786694
    outer loop
      vertex 105.759 -89.1456 21.3663
      vertex 105.133 -85.1888 18.3059
      vertex 105.759 -85.1005 18.4274
    endloop
  endfacet
  facet normal 0.000107858 -0.809223 0.587502
    outer loop
      vertex 106.4 -85.0708 18.4682
      vertex 105.133 -85.1888 18.3059
      vertex 104.539 -85.3335 18.1067
    endloop
  endfacet
  facet normal 0.382919 -0.542981 -0.747358
    outer loop
      vertex 105.034 -89.258 21.2116
      vertex 104.539 -89.3786 21.0456
      vertex 104.539 -85.3335 18.1067
    endloop
  endfacet
  facet normal -0.382919 -0.542981 -0.747358
    outer loop
      vertex 108.261 -85.3335 18.1067
      vertex 108.261 -89.3786 21.0456
      vertex 107.766 -89.258 21.2116
    endloop
  endfacet
  facet normal 0.972439 -0.137049 -0.188628
    outer loop
      vertex 102.501 -86.736 16.1762
      vertex 102.501 -90.7811 19.1152
      vertex 102.376 -91.0875 18.6934
    endloop
  endfacet
  facet normal 0.923987 -0.224785 -0.309386
    outer loop
      vertex 102.747 -90.4317 19.596
      vertex 102.501 -86.736 16.1762
      vertex 102.747 -86.3867 16.6571
    endloop
  endfacet
  facet normal 0.923982 -0.224793 -0.309395
    outer loop
      vertex 102.501 -86.736 16.1762
      vertex 102.747 -90.4317 19.596
      vertex 102.501 -90.7811 19.1152
    endloop
  endfacet
  facet normal 0.649594 -0.446942 -0.615037
    outer loop
      vertex 103.582 -89.7808 20.492
      vertex 103.501 -85.7767 17.4967
      vertex 103.99 -85.5311 17.8347
    endloop
  endfacet
  facet normal 0.652088 -0.445629 -0.613349
    outer loop
      vertex 103.501 -85.7767 17.4967
      vertex 103.582 -89.7808 20.492
      vertex 103.501 -89.8217 20.4356
    endloop
  endfacet
  facet normal 0.0784557 -0.585969 -0.806527
    outer loop
      vertex 106.4 -85.0708 18.4682
      vertex 106.4 -89.1159 21.4071
      vertex 105.866 -89.1406 21.3731
    endloop
  endfacet
  facet normal -0.0784557 -0.585969 -0.806527
    outer loop
      vertex 106.934 -89.1406 21.3731
      vertex 106.4 -89.1159 21.4071
      vertex 106.4 -85.0708 18.4682
    endloop
  endfacet
  facet normal -0.52224 0.501258 0.689931
    outer loop
      vertex 108.261 -89.628 12.1958
      vertex 108.81 -93.4755 15.4067
      vertex 108.81 -89.4304 12.4678
    endloop
  endfacet
  facet normal -0.52224 0.501258 0.689931
    outer loop
      vertex 108.81 -93.4755 15.4067
      vertex 108.261 -89.628 12.1958
      vertex 108.261 -93.6731 15.1347
    endloop
  endfacet
  facet normal -5.45452e-05 -0.808992 0.587819
    outer loop
      vertex 108.261 -89.628 12.1958
      vertex 108.81 -89.4304 12.4678
      vertex 107.667 -89.7727 11.9966
    endloop
  endfacet
  facet normal -0.23331 0.571559 0.786694
    outer loop
      vertex 107.041 -89.861 11.8751
      vertex 107.667 -93.8178 14.9355
      vertex 107.667 -89.7727 11.9966
    endloop
  endfacet
  facet normal -0.23331 0.571559 0.786694
    outer loop
      vertex 107.667 -93.8178 14.9355
      vertex 107.041 -89.861 11.8751
      vertex 107.041 -93.9061 14.814
    endloop
  endfacet
  facet normal 0 -0.809422 0.587228
    outer loop
      vertex 106.4 -89.8906 11.8343
      vertex 107.041 -89.861 11.8751
      vertex 105.759 -89.861 11.8751
    endloop
  endfacet
  facet normal -0.996927 -0.0460457 -0.0633751
    outer loop
      vertex 110.5 -87.4807 15.1512
      vertex 110.5 -91.5258 18.0902
      vertex 110.458 -91.2116 18.5226
    endloop
  endfacet
  facet normal -9.13657e-05 -0.809161 0.587586
    outer loop
      vertex 107.667 -85.1888 18.3059
      vertex 107.041 -85.1005 18.4274
      vertex 106.4 -85.0708 18.4682
    endloop
  endfacet
  facet normal -0.233223 -0.571581 -0.786704
    outer loop
      vertex 107.041 -89.1456 21.3663
      vertex 107.667 -85.1888 18.3059
      vertex 107.667 -89.2338 21.2448
    endloop
  endfacet
  facet normal -0.23331 -0.571559 -0.786694
    outer loop
      vertex 107.667 -85.1888 18.3059
      vertex 107.041 -89.1456 21.3663
      vertex 107.041 -85.1005 18.4274
    endloop
  endfacet
  facet normal -0.852739 0.30702 0.422582
    outer loop
      vertex 110.053 -92.6199 16.5843
      vertex 110.053 -88.5748 13.6454
      vertex 109.773 -92.8886 16.2145
    endloop
  endfacet
  facet normal -0.649594 0.446878 0.615083
    outer loop
      vertex 108.81 -89.4304 12.4678
      vertex 109.299 -93.2299 15.7447
      vertex 109.299 -89.1848 12.8058
    endloop
  endfacet
  facet normal -0.649594 0.446878 0.615083
    outer loop
      vertex 109.299 -93.2299 15.7447
      vertex 108.81 -89.4304 12.4678
      vertex 108.81 -93.4755 15.4067
    endloop
  endfacet
  facet normal 1.23072e-05 -0.809014 0.58779
    outer loop
      vertex 103.501 -89.1848 12.8058
      vertex 105.133 -89.7727 11.9966
      vertex 102.35 -87.8577 14.6324
    endloop
  endfacet
  facet normal 0.52224 0.501258 0.689931
    outer loop
      vertex 103.99 -93.4755 15.4067
      vertex 104.539 -89.628 12.1958
      vertex 103.99 -89.4304 12.4678
    endloop
  endfacet
  facet normal 0.52224 0.501258 0.689931
    outer loop
      vertex 104.539 -89.628 12.1958
      vertex 103.99 -93.4755 15.4067
      vertex 104.539 -93.6731 15.1347
    endloop
  endfacet
  facet normal -0.00118633 -0.809242 0.587474
    outer loop
      vertex 102.501 -88.2254 14.1262
      vertex 102.747 -88.5748 13.6454
      vertex 102.35 -87.8577 14.6324
    endloop
  endfacet
  facet normal -0.000168091 -0.809068 0.587715
    outer loop
      vertex 103.083 -88.8972 13.2016
      vertex 103.501 -89.1848 12.8058
      vertex 102.35 -87.8577 14.6324
    endloop
  endfacet
  facet normal -4.23307e-05 -0.809041 0.587752
    outer loop
      vertex 105.133 -89.7727 11.9966
      vertex 105.759 -89.861 11.8751
      vertex 102.35 -87.8577 14.6324
    endloop
  endfacet
  facet normal 0.649594 0.446878 0.615083
    outer loop
      vertex 103.501 -93.2299 15.7447
      vertex 103.99 -89.4304 12.4678
      vertex 103.501 -89.1848 12.8058
    endloop
  endfacet
  facet normal 0.649594 0.446878 0.615083
    outer loop
      vertex 103.99 -89.4304 12.4678
      vertex 103.501 -93.2299 15.7447
      vertex 103.99 -93.4755 15.4067
    endloop
  endfacet
  facet normal -0.649184 -0.447102 -0.615354
    outer loop
      vertex 109.218 -89.7808 20.492
      vertex 108.81 -89.5761 20.7737
      vertex 108.81 -85.5311 17.8347
    endloop
  endfacet
  facet normal 0.76062 -0.381585 -0.525214
    outer loop
      vertex 103.431 -89.8697 20.3697
      vertex 103.083 -90.1093 20.0398
      vertex 103.083 -86.0642 17.1009
    endloop
  endfacet
  facet normal -9.42983e-06 -0.809022 0.587778
    outer loop
      vertex 105.759 -89.861 11.8751
      vertex 102.747 -86.3867 16.6571
      vertex 102.35 -87.8577 14.6324
    endloop
  endfacet
  facet normal 0.972082 -0.137788 -0.189923
    outer loop
      vertex 102.376 -91.0875 18.6934
      vertex 102.35 -87.1037 15.6701
      vertex 102.501 -86.736 16.1762
    endloop
  endfacet
  facet normal 0.970269 -0.142263 -0.195804
    outer loop
      vertex 102.35 -87.1037 15.6701
      vertex 102.376 -91.0875 18.6934
      vertex 102.35 -91.1488 18.6091
    endloop
  endfacet
  facet normal 0.758709 -0.382903 -0.527015
    outer loop
      vertex 103.431 -89.8697 20.3697
      vertex 103.501 -85.7767 17.4967
      vertex 103.501 -89.8217 20.4356
    endloop
  endfacet
  facet normal 0.760263 -0.381879 -0.525517
    outer loop
      vertex 103.501 -85.7767 17.4967
      vertex 103.431 -89.8697 20.3697
      vertex 103.083 -86.0642 17.1009
    endloop
  endfacet
  facet normal 0.000518477 -0.809341 0.587339
    outer loop
      vertex 103.99 -85.5311 17.8347
      vertex 103.501 -85.7767 17.4967
      vertex 103.083 -86.0642 17.1009
    endloop
  endfacet
  facet normal 0 -0.809004 0.587802
    outer loop
      vertex 110.053 -86.3867 16.6571
      vertex 106.4 -85.0708 18.4682
      vertex 102.747 -86.3867 16.6571
    endloop
  endfacet
  facet normal -3.08317e-05 -0.809034 0.587762
    outer loop
      vertex 110.053 -86.3867 16.6571
      vertex 108.261 -85.3335 18.1067
      vertex 106.4 -85.0708 18.4682
    endloop
  endfacet
  facet normal 3.08317e-05 -0.809034 0.587762
    outer loop
      vertex 106.4 -85.0708 18.4682
      vertex 104.539 -85.3335 18.1067
      vertex 102.747 -86.3867 16.6571
    endloop
  endfacet
  facet normal -7.72231e-05 -0.808971 0.587849
    outer loop
      vertex 104.539 -85.3335 18.1067
      vertex 103.99 -85.5311 17.8347
      vertex 102.747 -86.3867 16.6571
    endloop
  endfacet
  facet normal -0.972082 -0.137788 -0.189923
    outer loop
      vertex 110.45 -87.1037 15.6701
      vertex 110.424 -91.0875 18.6934
      vertex 110.299 -86.736 16.1762
    endloop
  endfacet
  facet normal -0.970269 -0.142263 -0.195804
    outer loop
      vertex 110.424 -91.0875 18.6934
      vertex 110.45 -87.1037 15.6701
      vertex 110.45 -91.1488 18.6091
    endloop
  endfacet
  facet normal -0.996975 -0.0456293 -0.0629149
    outer loop
      vertex 110.458 -91.2116 18.5226
      vertex 110.45 -87.1037 15.6701
      vertex 110.5 -87.4807 15.1512
    endloop
  endfacet
  facet normal -0.997211 -0.0438685 -0.0603786
    outer loop
      vertex 110.45 -87.1037 15.6701
      vertex 110.458 -91.2116 18.5226
      vertex 110.45 -91.1488 18.6091
    endloop
  endfacet
  facet normal 0.000209109 -0.808976 0.587842
    outer loop
      vertex 102.747 -88.5748 13.6454
      vertex 103.083 -88.8972 13.2016
      vertex 102.35 -87.8577 14.6324
    endloop
  endfacet
  facet normal 0.972089 0.1379 0.189806
    outer loop
      vertex 102.35 -91.9028 17.5713
      vertex 102.501 -88.2254 14.1262
      vertex 102.35 -87.8577 14.6324
    endloop
  endfacet
  facet normal 0.972082 0.13792 0.189827
    outer loop
      vertex 102.501 -88.2254 14.1262
      vertex 102.35 -91.9028 17.5713
      vertex 102.501 -92.2705 17.0652
    endloop
  endfacet
  facet normal 0.852743 0.307017 0.422576
    outer loop
      vertex 103.027 -92.8886 16.2145
      vertex 103.083 -88.8972 13.2016
      vertex 102.747 -88.5748 13.6454
    endloop
  endfacet
  facet normal 0.852761 0.306998 0.422552
    outer loop
      vertex 103.083 -88.8972 13.2016
      vertex 103.027 -92.8886 16.2145
      vertex 103.083 -92.9423 16.1405
    endloop
  endfacet
  facet normal 0.923995 0.22477 0.309373
    outer loop
      vertex 102.747 -92.6199 16.5843
      vertex 102.747 -88.5748 13.6454
      vertex 102.542 -92.3287 16.985
    endloop
  endfacet
  facet normal 0.760302 0.381805 0.525516
    outer loop
      vertex 103.083 -92.9423 16.1405
      vertex 103.501 -89.1848 12.8058
      vertex 103.083 -88.8972 13.2016
    endloop
  endfacet
  facet normal 0.760302 0.381805 0.525516
    outer loop
      vertex 103.501 -89.1848 12.8058
      vertex 103.083 -92.9423 16.1405
      vertex 103.501 -93.2299 15.7447
    endloop
  endfacet
  facet normal -0.000518477 -0.809341 0.587339
    outer loop
      vertex 109.717 -86.0642 17.1009
      vertex 109.299 -85.7767 17.4967
      vertex 108.81 -85.5311 17.8347
    endloop
  endfacet
  facet normal -0.649594 -0.446942 -0.615037
    outer loop
      vertex 109.299 -85.7767 17.4967
      vertex 109.218 -89.7808 20.492
      vertex 108.81 -85.5311 17.8347
    endloop
  endfacet
  facet normal -0.652088 -0.445629 -0.613349
    outer loop
      vertex 109.218 -89.7808 20.492
      vertex 109.299 -85.7767 17.4967
      vertex 109.299 -89.8217 20.4356
    endloop
  endfacet
  facet normal -2.59257e-06 -0.809019 0.587782
    outer loop
      vertex 102.501 -86.736 16.1762
      vertex 102.35 -87.1037 15.6701
      vertex 102.3 -87.4807 15.1512
    endloop
  endfacet
  facet normal 0.997211 -0.0438685 -0.0603786
    outer loop
      vertex 102.342 -91.2116 18.5226
      vertex 102.35 -87.1037 15.6701
      vertex 102.35 -91.1488 18.6091
    endloop
  endfacet
  facet normal 0.996975 -0.0456293 -0.0629149
    outer loop
      vertex 102.35 -87.1037 15.6701
      vertex 102.342 -91.2116 18.5226
      vertex 102.3 -87.4807 15.1512
    endloop
  endfacet
  facet normal 0.382904 0.542985 0.747364
    outer loop
      vertex 104.539 -93.6731 15.1347
      vertex 105.133 -89.7727 11.9966
      vertex 104.539 -89.628 12.1958
    endloop
  endfacet
  facet normal 0.382904 0.542985 0.747364
    outer loop
      vertex 105.133 -89.7727 11.9966
      vertex 104.539 -93.6731 15.1347
      vertex 105.133 -93.8178 14.9355
    endloop
  endfacet
  facet normal 0.000152109 -0.80888 0.587974
    outer loop
      vertex 103.99 -89.4304 12.4678
      vertex 105.133 -89.7727 11.9966
      vertex 103.501 -89.1848 12.8058
    endloop
  endfacet
  facet normal -0.078395 0.585971 0.806531
    outer loop
      vertex 106.4 -89.8906 11.8343
      vertex 107.041 -93.9061 14.814
      vertex 107.041 -89.861 11.8751
    endloop
  endfacet
  facet normal -0.078395 0.585971 0.806531
    outer loop
      vertex 107.041 -93.9061 14.814
      vertex 106.4 -89.8906 11.8343
      vertex 106.4 -93.9357 14.7732
    endloop
  endfacet
  facet normal 0.852739 0.30702 0.422582
    outer loop
      vertex 102.747 -92.6199 16.5843
      vertex 103.027 -92.8886 16.2145
      vertex 102.747 -88.5748 13.6454
    endloop
  endfacet
  facet normal 0.23331 0.571559 0.786694
    outer loop
      vertex 105.133 -93.8178 14.9355
      vertex 105.759 -89.861 11.8751
      vertex 105.133 -89.7727 11.9966
    endloop
  endfacet
  facet normal 0.23331 0.571559 0.786694
    outer loop
      vertex 105.759 -89.861 11.8751
      vertex 105.133 -93.8178 14.9355
      vertex 105.759 -93.9061 14.814
    endloop
  endfacet
  facet normal 0.078395 0.585971 0.806531
    outer loop
      vertex 105.759 -93.9061 14.814
      vertex 106.4 -89.8906 11.8343
      vertex 105.759 -89.861 11.8751
    endloop
  endfacet
  facet normal 0.078395 0.585971 0.806531
    outer loop
      vertex 106.4 -89.8906 11.8343
      vertex 105.759 -93.9061 14.814
      vertex 106.4 -93.9357 14.7732
    endloop
  endfacet
  facet normal -0.996918 0.0461138 0.0634672
    outer loop
      vertex -12.3 -15.8778 122.211
      vertex -12.3 -11.8328 119.272
      vertex -12.3421 -16.192 121.778
    endloop
  endfacet
  facet normal 0.000274799 -0.808795 0.58809
    outer loop
      vertex -13.5009 -10.1287 121.617
      vertex -13.9901 -9.8831 121.955
      vertex -14.5386 -9.68551 122.227
    endloop
  endfacet
  facet normal -0.522965 -0.501008 -0.689564
    outer loop
      vertex -13.9901 -9.8831 121.955
      vertex -13.9901 -13.9282 124.894
      vertex -14.4472 -13.7635 125.121
    endloop
  endfacet
  facet normal -0.996916 0.0461293 0.0634942
    outer loop
      vertex -12.3505 -12.2098 118.753
      vertex -12.3421 -16.192 121.778
      vertex -12.3 -11.8328 119.272
    endloop
  endfacet
  facet normal -0.996903 0.0462234 0.0636181
    outer loop
      vertex -12.3421 -16.192 121.778
      vertex -12.3505 -12.2098 118.753
      vertex -12.3505 -16.2548 121.692
    endloop
  endfacet
  facet normal -0.996917 -0.046118 -0.0634747
    outer loop
      vertex -12.3084 -15.815 122.297
      vertex -12.3505 -15.5009 122.73
      vertex -12.3505 -11.4558 119.791
    endloop
  endfacet
  facet normal 0.996916 -0.0461293 -0.0634942
    outer loop
      vertex -20.4916 -15.815 122.297
      vertex -20.5 -11.8328 119.272
      vertex -20.4495 -11.4558 119.791
    endloop
  endfacet
  facet normal 0.996903 -0.0462234 -0.0636181
    outer loop
      vertex -20.5 -11.8328 119.272
      vertex -20.4916 -15.815 122.297
      vertex -20.5 -15.8778 122.211
    endloop
  endfacet
  facet normal -2.87307e-05 -0.809073 0.587708
    outer loop
      vertex -19.717 -13.2493 117.322
      vertex -20.4495 -11.4558 119.791
      vertex -20.4495 -12.2098 118.753
    endloop
  endfacet
  facet normal 0.000803672 -0.808185 0.588929
    outer loop
      vertex -13.5009 -10.1287 121.617
      vertex -15.133 -9.5408 122.426
      vertex -15.7586 -9.45252 122.548
    endloop
  endfacet
  facet normal -0.00182199 -0.808706 0.588211
    outer loop
      vertex -12.5007 -12.5775 118.247
      vertex -12.3505 -12.2098 118.753
      vertex -12.7469 -12.9268 117.766
    endloop
  endfacet
  facet normal -0.64944 0.446965 0.615182
    outer loop
      vertex -13.9901 -13.7824 116.588
      vertex -13.5009 -17.5819 119.865
      vertex -13.5009 -13.5368 116.926
    endloop
  endfacet
  facet normal -0.64944 0.446965 0.615182
    outer loop
      vertex -13.5009 -17.5819 119.865
      vertex -13.9901 -13.7824 116.588
      vertex -13.9901 -17.8275 119.527
    endloop
  endfacet
  facet normal 0.522965 -0.501008 -0.689564
    outer loop
      vertex -18.3528 -13.7635 125.121
      vertex -18.8099 -13.9282 124.894
      vertex -18.8099 -9.8831 121.955
    endloop
  endfacet
  facet normal 0.923909 -0.224896 -0.309538
    outer loop
      vertex -20.2583 -15.0749 123.316
      vertex -20.2993 -11.0881 120.297
      vertex -20.0531 -10.7387 120.778
    endloop
  endfacet
  facet normal 0.923808 -0.225044 -0.309732
    outer loop
      vertex -20.2993 -11.0881 120.297
      vertex -20.2583 -15.0749 123.316
      vertex -20.2993 -15.1331 123.236
    endloop
  endfacet
  facet normal 0.000405965 -0.809346 0.587332
    outer loop
      vertex -17.667 -9.5408 122.426
      vertex -18.2614 -9.68551 122.227
      vertex -19.2991 -10.1287 121.617
    endloop
  endfacet
  facet normal 0.972294 0.137403 0.189115
    outer loop
      vertex -20.2993 -16.6226 121.186
      vertex -20.2993 -12.5775 118.247
      vertex -20.4245 -16.3161 121.607
    endloop
  endfacet
  facet normal -0.000831746 -0.809175 0.587568
    outer loop
      vertex -12.3505 -11.4558 119.791
      vertex -12.7469 -10.7387 120.778
      vertex -13.5009 -10.1287 121.617
    endloop
  endfacet
  facet normal -0.000210398 -0.809015 0.587788
    outer loop
      vertex -12.7469 -12.9268 117.766
      vertex -12.3505 -12.2098 118.753
      vertex -13.083 -13.2493 117.322
    endloop
  endfacet
  facet normal -0.000325109 -0.809023 0.587777
    outer loop
      vertex -13.083 -13.2493 117.322
      vertex -12.3505 -11.4558 119.791
      vertex -13.5009 -10.1287 121.617
    endloop
  endfacet
  facet normal 0 -0.810127 0.586255
    outer loop
      vertex -15.7586 -9.45252 122.548
      vertex -16.4 -9.42285 122.589
      vertex -17.0414 -9.45252 122.548
    endloop
  endfacet
  facet normal 0 -0.809023 0.587777
    outer loop
      vertex -18.8099 -13.7824 116.588
      vertex -13.5009 -10.1287 121.617
      vertex -19.2991 -10.1287 121.617
    endloop
  endfacet
  facet normal 0 -0.809023 0.587777
    outer loop
      vertex -13.5009 -10.1287 121.617
      vertex -18.8099 -13.7824 116.588
      vertex -13.9901 -13.7824 116.588
    endloop
  endfacet
  facet normal -0.520691 -0.502057 -0.690521
    outer loop
      vertex -14.5386 -13.7306 125.166
      vertex -13.9901 -9.8831 121.955
      vertex -14.4472 -13.7635 125.121
    endloop
  endfacet
  facet normal -0.52258 -0.501148 -0.689754
    outer loop
      vertex -13.9901 -9.8831 121.955
      vertex -14.5386 -13.7306 125.166
      vertex -14.5386 -9.68551 122.227
    endloop
  endfacet
  facet normal 0.972337 -0.137299 -0.188972
    outer loop
      vertex -20.3244 -15.1944 123.151
      vertex -20.4495 -15.5009 122.73
      vertex -20.4495 -11.4558 119.791
    endloop
  endfacet
  facet normal 0.000246537 -0.809221 0.587504
    outer loop
      vertex -15.133 -14.1247 116.117
      vertex -13.9901 -13.7824 116.588
      vertex -16.4 -14.2427 115.955
    endloop
  endfacet
  facet normal -0.972358 0.137222 0.188916
    outer loop
      vertex -12.3755 -16.3161 121.607
      vertex -12.3505 -12.2098 118.753
      vertex -12.5007 -12.5775 118.247
    endloop
  endfacet
  facet normal -0.972705 0.136396 0.187724
    outer loop
      vertex -12.3505 -12.2098 118.753
      vertex -12.3755 -16.3161 121.607
      vertex -12.3505 -16.2548 121.692
    endloop
  endfacet
  facet normal -0.923909 -0.224896 -0.309538
    outer loop
      vertex -12.5007 -11.0881 120.297
      vertex -12.5417 -15.0749 123.316
      vertex -12.7469 -10.7387 120.778
    endloop
  endfacet
  facet normal -0.923808 -0.225044 -0.309732
    outer loop
      vertex -12.5417 -15.0749 123.316
      vertex -12.5007 -11.0881 120.297
      vertex -12.5007 -15.1331 123.236
    endloop
  endfacet
  facet normal -0.996916 -0.0461293 -0.0634942
    outer loop
      vertex -12.3 -11.8328 119.272
      vertex -12.3084 -15.815 122.297
      vertex -12.3505 -11.4558 119.791
    endloop
  endfacet
  facet normal -0.996903 -0.0462234 -0.0636181
    outer loop
      vertex -12.3084 -15.815 122.297
      vertex -12.3 -11.8328 119.272
      vertex -12.3 -15.8778 122.211
    endloop
  endfacet
  facet normal 0.00127484 -0.80986 0.586621
    outer loop
      vertex -13.5009 -13.5368 116.926
      vertex -13.083 -13.2493 117.322
      vertex -13.9901 -13.7824 116.588
    endloop
  endfacet
  facet normal -0.000164759 -0.809016 0.587787
    outer loop
      vertex -13.083 -13.2493 117.322
      vertex -13.5009 -10.1287 121.617
      vertex -13.9901 -13.7824 116.588
    endloop
  endfacet
  facet normal -0.923896 0.224897 0.309577
    outer loop
      vertex -12.7469 -12.9268 117.766
      vertex -12.7058 -16.9137 120.785
      vertex -12.5007 -12.5775 118.247
    endloop
  endfacet
  facet normal -0.923478 0.225508 0.310379
    outer loop
      vertex -12.7058 -16.9137 120.785
      vertex -12.7469 -12.9268 117.766
      vertex -12.7469 -16.9719 120.705
    endloop
  endfacet
  facet normal 0.972705 0.136396 0.187724
    outer loop
      vertex -20.4245 -16.3161 121.607
      vertex -20.4495 -12.2098 118.753
      vertex -20.4495 -16.2548 121.692
    endloop
  endfacet
  facet normal 0.972358 0.137222 0.188916
    outer loop
      vertex -20.4495 -12.2098 118.753
      vertex -20.4245 -16.3161 121.607
      vertex -20.2993 -12.5775 118.247
    endloop
  endfacet
  facet normal 0.996918 0.0461138 0.0634672
    outer loop
      vertex -20.5 -15.8778 122.211
      vertex -20.4579 -16.192 121.778
      vertex -20.5 -11.8328 119.272
    endloop
  endfacet
  facet normal -0.00041301 -0.806764 0.590873
    outer loop
      vertex -15.7586 -14.213 115.996
      vertex -15.133 -14.1247 116.117
      vertex -16.4 -14.2427 115.955
    endloop
  endfacet
  facet normal -0.522586 0.501145 0.689752
    outer loop
      vertex -14.5386 -13.98 116.316
      vertex -13.9901 -17.8275 119.527
      vertex -13.9901 -13.7824 116.588
    endloop
  endfacet
  facet normal -0.520691 0.502057 0.690521
    outer loop
      vertex -13.9901 -17.8275 119.527
      vertex -14.5386 -13.98 116.316
      vertex -14.0815 -17.8604 119.482
    endloop
  endfacet
  facet normal 0.000164759 -0.809016 0.587787
    outer loop
      vertex -18.8099 -13.7824 116.588
      vertex -19.2991 -10.1287 121.617
      vertex -19.717 -13.2493 117.322
    endloop
  endfacet
  facet normal -0.382721 -0.543041 -0.747416
    outer loop
      vertex -14.6377 -13.7065 125.199
      vertex -15.133 -13.5859 125.365
      vertex -15.133 -9.5408 122.426
    endloop
  endfacet
  facet normal -0.0786872 -0.585973 -0.806501
    outer loop
      vertex -16.4 -13.4679 125.528
      vertex -15.7586 -9.45252 122.548
      vertex -15.7586 -13.4976 125.487
    endloop
  endfacet
  facet normal -0.0786599 -0.585977 -0.806501
    outer loop
      vertex -15.7586 -9.45252 122.548
      vertex -16.4 -13.4679 125.528
      vertex -16.4 -9.42285 122.589
    endloop
  endfacet
  facet normal -0.234045 -0.571468 -0.786541
    outer loop
      vertex -15.7586 -13.4976 125.487
      vertex -15.133 -9.5408 122.426
      vertex -15.133 -13.5859 125.365
    endloop
  endfacet
  facet normal -0.234028 -0.571472 -0.786543
    outer loop
      vertex -15.133 -9.5408 122.426
      vertex -15.7586 -13.4976 125.487
      vertex -15.7586 -9.45252 122.548
    endloop
  endfacet
  facet normal 0 -0.808775 0.588119
    outer loop
      vertex -16.4 -14.2427 115.955
      vertex -13.9901 -13.7824 116.588
      vertex -18.8099 -13.7824 116.588
    endloop
  endfacet
  facet normal 0.0040885 -0.807062 0.590453
    outer loop
      vertex -12.7469 -10.7387 120.778
      vertex -13.083 -10.4163 121.221
      vertex -13.5009 -10.1287 121.617
    endloop
  endfacet
  facet normal 2.87307e-05 -0.809073 0.587708
    outer loop
      vertex -12.3505 -12.2098 118.753
      vertex -12.3505 -11.4558 119.791
      vertex -13.083 -13.2493 117.322
    endloop
  endfacet
  facet normal -9.68183e-14 -0.809073 0.587708
    outer loop
      vertex -12.3 -11.8328 119.272
      vertex -12.3505 -11.4558 119.791
      vertex -12.3505 -12.2098 118.753
    endloop
  endfacet
  facet normal -0.852398 -0.307358 -0.423022
    outer loop
      vertex -12.7469 -10.7387 120.778
      vertex -13.083 -14.4613 124.16
      vertex -13.083 -10.4163 121.221
    endloop
  endfacet
  facet normal -0.852423 -0.307329 -0.422993
    outer loop
      vertex -13.083 -14.4613 124.16
      vertex -12.7469 -10.7387 120.778
      vertex -12.7469 -14.7838 123.717
    endloop
  endfacet
  facet normal -0.972337 -0.137299 -0.188972
    outer loop
      vertex -12.3505 -11.4558 119.791
      vertex -12.3505 -15.5009 122.73
      vertex -12.4756 -15.1944 123.151
    endloop
  endfacet
  facet normal -0.760446 0.381714 0.525373
    outer loop
      vertex -13.5009 -13.5368 116.926
      vertex -13.083 -17.2944 120.261
      vertex -13.083 -13.2493 117.322
    endloop
  endfacet
  facet normal -0.760446 0.381714 0.525373
    outer loop
      vertex -13.083 -17.2944 120.261
      vertex -13.5009 -13.5368 116.926
      vertex -13.5009 -17.5819 119.865
    endloop
  endfacet
  facet normal -0.852767 0.307 0.42254
    outer loop
      vertex -13.083 -13.2493 117.322
      vertex -12.7469 -16.9719 120.705
      vertex -12.7469 -12.9268 117.766
    endloop
  endfacet
  facet normal -0.852767 0.307 0.42254
    outer loop
      vertex -12.7469 -16.9719 120.705
      vertex -13.083 -13.2493 117.322
      vertex -13.083 -17.2944 120.261
    endloop
  endfacet
  facet normal -0.923979 0.224797 0.3094
    outer loop
      vertex -12.5007 -16.6226 121.186
      vertex -12.5007 -12.5775 118.247
      vertex -12.7058 -16.9137 120.785
    endloop
  endfacet
  facet normal -0.972294 0.137403 0.189115
    outer loop
      vertex -12.5007 -16.6226 121.186
      vertex -12.3755 -16.3161 121.607
      vertex -12.5007 -12.5775 118.247
    endloop
  endfacet
  facet normal 0.996916 0.0461293 0.0634942
    outer loop
      vertex -20.4579 -16.192 121.778
      vertex -20.4495 -12.2098 118.753
      vertex -20.5 -11.8328 119.272
    endloop
  endfacet
  facet normal 0.996903 0.0462234 0.0636181
    outer loop
      vertex -20.4495 -12.2098 118.753
      vertex -20.4579 -16.192 121.778
      vertex -20.4495 -16.2548 121.692
    endloop
  endfacet
  facet normal 9.68183e-14 -0.809073 0.587708
    outer loop
      vertex -20.4495 -12.2098 118.753
      vertex -20.4495 -11.4558 119.791
      vertex -20.5 -11.8328 119.272
    endloop
  endfacet
  facet normal -0.382655 0.543057 0.747438
    outer loop
      vertex -14.5386 -18.0251 119.255
      vertex -14.5386 -13.98 116.316
      vertex -15.034 -18.1457 119.089
    endloop
  endfacet
  facet normal -0.0786872 0.585971 0.806503
    outer loop
      vertex -16.4 -14.2427 115.955
      vertex -15.7586 -18.2581 118.935
      vertex -15.7586 -14.213 115.996
    endloop
  endfacet
  facet normal -0.0786872 0.585971 0.806503
    outer loop
      vertex -15.7586 -18.2581 118.935
      vertex -16.4 -14.2427 115.955
      vertex -16.4 -18.2878 118.894
    endloop
  endfacet
  facet normal -0.522965 0.501008 0.689564
    outer loop
      vertex -14.5386 -18.0251 119.255
      vertex -14.0815 -17.8604 119.482
      vertex -14.5386 -13.98 116.316
    endloop
  endfacet
  facet normal -0.232856 0.571636 0.786772
    outer loop
      vertex -15.7586 -14.213 115.996
      vertex -15.133 -18.1698 119.056
      vertex -15.133 -14.1247 116.117
    endloop
  endfacet
  facet normal -0.232856 0.571636 0.786772
    outer loop
      vertex -15.133 -18.1698 119.056
      vertex -15.7586 -14.213 115.996
      vertex -15.7586 -18.2581 118.935
    endloop
  endfacet
  facet normal -0.382469 0.543085 0.747513
    outer loop
      vertex -15.133 -14.1247 116.117
      vertex -15.034 -18.1457 119.089
      vertex -14.5386 -13.98 116.316
    endloop
  endfacet
  facet normal -0.381536 0.543329 0.747813
    outer loop
      vertex -15.034 -18.1457 119.089
      vertex -15.133 -14.1247 116.117
      vertex -15.133 -18.1698 119.056
    endloop
  endfacet
  facet normal 0.000554871 -0.809576 0.587014
    outer loop
      vertex -14.5386 -13.98 116.316
      vertex -13.9901 -13.7824 116.588
      vertex -15.133 -14.1247 116.117
    endloop
  endfacet
  facet normal -0.000803672 -0.808185 0.588929
    outer loop
      vertex -17.0414 -9.45252 122.548
      vertex -17.667 -9.5408 122.426
      vertex -19.2991 -10.1287 121.617
    endloop
  endfacet
  facet normal 0.996917 -0.046118 -0.0634747
    outer loop
      vertex -20.4495 -11.4558 119.791
      vertex -20.4495 -15.5009 122.73
      vertex -20.4916 -15.815 122.297
    endloop
  endfacet
  facet normal 0.760484 -0.381687 -0.525336
    outer loop
      vertex -19.2991 -14.1738 124.556
      vertex -19.717 -10.4163 121.221
      vertex -19.2991 -10.1287 121.617
    endloop
  endfacet
  facet normal 0.760446 -0.38172 -0.525368
    outer loop
      vertex -19.717 -10.4163 121.221
      vertex -19.2991 -14.1738 124.556
      vertex -19.717 -14.4613 124.16
    endloop
  endfacet
  facet normal 0.0786872 -0.585973 -0.806501
    outer loop
      vertex -17.0414 -9.45252 122.548
      vertex -16.4 -13.4679 125.528
      vertex -17.0414 -13.4976 125.487
    endloop
  endfacet
  facet normal 0.0786599 -0.585977 -0.806501
    outer loop
      vertex -16.4 -13.4679 125.528
      vertex -17.0414 -9.45252 122.548
      vertex -16.4 -9.42285 122.589
    endloop
  endfacet
  facet normal 0.234045 -0.571468 -0.786541
    outer loop
      vertex -17.667 -9.5408 122.426
      vertex -17.0414 -13.4976 125.487
      vertex -17.667 -13.5859 125.365
    endloop
  endfacet
  facet normal 0.234028 -0.571472 -0.786543
    outer loop
      vertex -17.0414 -13.4976 125.487
      vertex -17.667 -9.5408 122.426
      vertex -17.0414 -9.45252 122.548
    endloop
  endfacet
  facet normal 0.000325109 -0.809023 0.587777
    outer loop
      vertex -19.717 -13.2493 117.322
      vertex -19.2991 -10.1287 121.617
      vertex -20.4495 -11.4558 119.791
    endloop
  endfacet
  facet normal -0.381207 -0.54341 -0.747922
    outer loop
      vertex -14.6377 -13.7065 125.199
      vertex -14.5386 -9.68551 122.227
      vertex -14.5386 -13.7306 125.166
    endloop
  endfacet
  facet normal -0.382477 -0.543078 -0.747515
    outer loop
      vertex -14.5386 -9.68551 122.227
      vertex -14.6377 -13.7065 125.199
      vertex -15.133 -9.5408 122.426
    endloop
  endfacet
  facet normal -0.000405965 -0.809346 0.587332
    outer loop
      vertex -13.5009 -10.1287 121.617
      vertex -14.5386 -9.68551 122.227
      vertex -15.133 -9.5408 122.426
    endloop
  endfacet
  facet normal -0.000246537 -0.809221 0.587504
    outer loop
      vertex -17.667 -14.1247 116.117
      vertex -16.4 -14.2427 115.955
      vertex -18.8099 -13.7824 116.588
    endloop
  endfacet
  facet normal 0.00041301 -0.806764 0.590873
    outer loop
      vertex -17.0414 -14.213 115.996
      vertex -16.4 -14.2427 115.955
      vertex -17.667 -14.1247 116.117
    endloop
  endfacet
  facet normal -0.00127484 -0.80986 0.586621
    outer loop
      vertex -19.2991 -13.5368 116.926
      vertex -18.8099 -13.7824 116.588
      vertex -19.717 -13.2493 117.322
    endloop
  endfacet
  facet normal 0.382655 0.543057 0.747438
    outer loop
      vertex -18.2614 -18.0251 119.255
      vertex -17.766 -18.1457 119.089
      vertex -18.2614 -13.98 116.316
    endloop
  endfacet
  facet normal -0.760484 -0.381687 -0.525336
    outer loop
      vertex -13.083 -10.4163 121.221
      vertex -13.5009 -14.1738 124.556
      vertex -13.5009 -10.1287 121.617
    endloop
  endfacet
  facet normal -0.760446 -0.38172 -0.525368
    outer loop
      vertex -13.5009 -14.1738 124.556
      vertex -13.083 -10.4163 121.221
      vertex -13.083 -14.4613 124.16
    endloop
  endfacet
  facet normal -0.64944 -0.446965 -0.615182
    outer loop
      vertex -13.5009 -10.1287 121.617
      vertex -13.9901 -13.9282 124.894
      vertex -13.9901 -9.8831 121.955
    endloop
  endfacet
  facet normal -0.64944 -0.446965 -0.615182
    outer loop
      vertex -13.9901 -13.9282 124.894
      vertex -13.5009 -10.1287 121.617
      vertex -13.5009 -14.1738 124.556
    endloop
  endfacet
  facet normal -0.972358 -0.137238 -0.188905
    outer loop
      vertex -12.4756 -15.1944 123.151
      vertex -12.5007 -11.0881 120.297
      vertex -12.3505 -11.4558 119.791
    endloop
  endfacet
  facet normal -0.972496 -0.136912 -0.188435
    outer loop
      vertex -12.5007 -11.0881 120.297
      vertex -12.4756 -15.1944 123.151
      vertex -12.5007 -15.1331 123.236
    endloop
  endfacet
  facet normal 0.00104017 -0.808817 0.58806
    outer loop
      vertex -12.3505 -11.4558 119.791
      vertex -12.5007 -11.0881 120.297
      vertex -12.7469 -10.7387 120.778
    endloop
  endfacet
  facet normal -0.923913 -0.224891 -0.309529
    outer loop
      vertex -12.5417 -15.0749 123.316
      vertex -12.7469 -14.7838 123.717
      vertex -12.7469 -10.7387 120.778
    endloop
  endfacet
  facet normal 0.923896 0.224897 0.309577
    outer loop
      vertex -20.0942 -16.9137 120.785
      vertex -20.0531 -12.9268 117.766
      vertex -20.2993 -12.5775 118.247
    endloop
  endfacet
  facet normal 0.923478 0.225508 0.310379
    outer loop
      vertex -20.0531 -12.9268 117.766
      vertex -20.0942 -16.9137 120.785
      vertex -20.0531 -16.9719 120.705
    endloop
  endfacet
  facet normal 0 -0.809112 0.587654
    outer loop
      vertex -19.2991 -10.1287 121.617
      vertex -15.7586 -9.45252 122.548
      vertex -17.0414 -9.45252 122.548
    endloop
  endfacet
  facet normal 0 -0.809112 0.587654
    outer loop
      vertex -15.7586 -9.45252 122.548
      vertex -19.2991 -10.1287 121.617
      vertex -13.5009 -10.1287 121.617
    endloop
  endfacet
  facet normal -0.00104017 -0.808817 0.58806
    outer loop
      vertex -20.0531 -10.7387 120.778
      vertex -20.2993 -11.0881 120.297
      vertex -20.4495 -11.4558 119.791
    endloop
  endfacet
  facet normal 0.972496 -0.136912 -0.188435
    outer loop
      vertex -20.3244 -15.1944 123.151
      vertex -20.2993 -11.0881 120.297
      vertex -20.2993 -15.1331 123.236
    endloop
  endfacet
  facet normal 0.972358 -0.137238 -0.188905
    outer loop
      vertex -20.2993 -11.0881 120.297
      vertex -20.3244 -15.1944 123.151
      vertex -20.4495 -11.4558 119.791
    endloop
  endfacet
  facet normal -0.000554871 -0.809576 0.587014
    outer loop
      vertex -18.2614 -13.98 116.316
      vertex -17.667 -14.1247 116.117
      vertex -18.8099 -13.7824 116.588
    endloop
  endfacet
  facet normal 0.760446 0.381714 0.525373
    outer loop
      vertex -19.717 -17.2944 120.261
      vertex -19.2991 -13.5368 116.926
      vertex -19.717 -13.2493 117.322
    endloop
  endfacet
  facet normal 0.760446 0.381714 0.525373
    outer loop
      vertex -19.2991 -13.5368 116.926
      vertex -19.717 -17.2944 120.261
      vertex -19.2991 -17.5819 119.865
    endloop
  endfacet
  facet normal 0.382721 -0.543041 -0.747416
    outer loop
      vertex -17.667 -9.5408 122.426
      vertex -17.667 -13.5859 125.365
      vertex -18.1623 -13.7065 125.199
    endloop
  endfacet
  facet normal 0.00182199 -0.808706 0.588211
    outer loop
      vertex -20.2993 -12.5775 118.247
      vertex -20.0531 -12.9268 117.766
      vertex -20.4495 -12.2098 118.753
    endloop
  endfacet
  facet normal 0.000210398 -0.809015 0.587788
    outer loop
      vertex -20.0531 -12.9268 117.766
      vertex -19.717 -13.2493 117.322
      vertex -20.4495 -12.2098 118.753
    endloop
  endfacet
  facet normal 0.0786872 0.585971 0.806503
    outer loop
      vertex -17.0414 -18.2581 118.935
      vertex -16.4 -14.2427 115.955
      vertex -17.0414 -14.213 115.996
    endloop
  endfacet
  facet normal 0.0786872 0.585971 0.806503
    outer loop
      vertex -16.4 -14.2427 115.955
      vertex -17.0414 -18.2581 118.935
      vertex -16.4 -18.2878 118.894
    endloop
  endfacet
  facet normal -0.000274799 -0.808795 0.58809
    outer loop
      vertex -18.2614 -9.68551 122.227
      vertex -18.8099 -9.8831 121.955
      vertex -19.2991 -10.1287 121.617
    endloop
  endfacet
  facet normal 0.64944 -0.446965 -0.615182
    outer loop
      vertex -18.8099 -13.9282 124.894
      vertex -19.2991 -10.1287 121.617
      vertex -18.8099 -9.8831 121.955
    endloop
  endfacet
  facet normal 0.64944 -0.446965 -0.615182
    outer loop
      vertex -19.2991 -10.1287 121.617
      vertex -18.8099 -13.9282 124.894
      vertex -19.2991 -14.1738 124.556
    endloop
  endfacet
  facet normal 0.923913 -0.224891 -0.309529
    outer loop
      vertex -20.0531 -10.7387 120.778
      vertex -20.0531 -14.7838 123.717
      vertex -20.2583 -15.0749 123.316
    endloop
  endfacet
  facet normal 0.852398 -0.307358 -0.423022
    outer loop
      vertex -19.717 -14.4613 124.16
      vertex -20.0531 -10.7387 120.778
      vertex -19.717 -10.4163 121.221
    endloop
  endfacet
  facet normal 0.852423 -0.307329 -0.422993
    outer loop
      vertex -20.0531 -10.7387 120.778
      vertex -19.717 -14.4613 124.16
      vertex -20.0531 -14.7838 123.717
    endloop
  endfacet
  facet normal 0.381536 0.543329 0.747813
    outer loop
      vertex -17.667 -14.1247 116.117
      vertex -17.766 -18.1457 119.089
      vertex -17.667 -18.1698 119.056
    endloop
  endfacet
  facet normal 0.382469 0.543085 0.747513
    outer loop
      vertex -17.766 -18.1457 119.089
      vertex -17.667 -14.1247 116.117
      vertex -18.2614 -13.98 116.316
    endloop
  endfacet
  facet normal 0.232856 0.571636 0.786772
    outer loop
      vertex -17.667 -18.1698 119.056
      vertex -17.0414 -14.213 115.996
      vertex -17.667 -14.1247 116.117
    endloop
  endfacet
  facet normal 0.232856 0.571636 0.786772
    outer loop
      vertex -17.0414 -14.213 115.996
      vertex -17.667 -18.1698 119.056
      vertex -17.0414 -18.2581 118.935
    endloop
  endfacet
  facet normal 0.64944 0.446965 0.615182
    outer loop
      vertex -19.2991 -17.5819 119.865
      vertex -18.8099 -13.7824 116.588
      vertex -19.2991 -13.5368 116.926
    endloop
  endfacet
  facet normal 0.64944 0.446965 0.615182
    outer loop
      vertex -18.8099 -13.7824 116.588
      vertex -19.2991 -17.5819 119.865
      vertex -18.8099 -17.8275 119.527
    endloop
  endfacet
  facet normal 0.522965 0.501008 0.689564
    outer loop
      vertex -18.2614 -18.0251 119.255
      vertex -18.2614 -13.98 116.316
      vertex -18.7185 -17.8604 119.482
    endloop
  endfacet
  facet normal 0.522586 0.501145 0.689752
    outer loop
      vertex -18.8099 -17.8275 119.527
      vertex -18.2614 -13.98 116.316
      vertex -18.8099 -13.7824 116.588
    endloop
  endfacet
  facet normal 0.520691 0.502057 0.690521
    outer loop
      vertex -18.2614 -13.98 116.316
      vertex -18.8099 -17.8275 119.527
      vertex -18.7185 -17.8604 119.482
    endloop
  endfacet
  facet normal 0.923979 0.224797 0.3094
    outer loop
      vertex -20.2993 -16.6226 121.186
      vertex -20.0942 -16.9137 120.785
      vertex -20.2993 -12.5775 118.247
    endloop
  endfacet
  facet normal 0.852767 0.307 0.42254
    outer loop
      vertex -20.0531 -16.9719 120.705
      vertex -19.717 -13.2493 117.322
      vertex -20.0531 -12.9268 117.766
    endloop
  endfacet
  facet normal 0.852767 0.307 0.42254
    outer loop
      vertex -19.717 -13.2493 117.322
      vertex -20.0531 -16.9719 120.705
      vertex -19.717 -17.2944 120.261
    endloop
  endfacet
  facet normal 0.520691 -0.502057 -0.690521
    outer loop
      vertex -18.8099 -9.8831 121.955
      vertex -18.2614 -13.7306 125.166
      vertex -18.3528 -13.7635 125.121
    endloop
  endfacet
  facet normal 0.52258 -0.501148 -0.689754
    outer loop
      vertex -18.2614 -13.7306 125.166
      vertex -18.8099 -9.8831 121.955
      vertex -18.2614 -9.68551 122.227
    endloop
  endfacet
  facet normal 0.381207 -0.54341 -0.747922
    outer loop
      vertex -18.2614 -9.68551 122.227
      vertex -18.1623 -13.7065 125.199
      vertex -18.2614 -13.7306 125.166
    endloop
  endfacet
  facet normal 0.382477 -0.543078 -0.747515
    outer loop
      vertex -18.1623 -13.7065 125.199
      vertex -18.2614 -9.68551 122.227
      vertex -17.667 -9.5408 122.426
    endloop
  endfacet
  facet normal -0.0040885 -0.807062 0.590453
    outer loop
      vertex -19.2991 -10.1287 121.617
      vertex -19.717 -10.4163 121.221
      vertex -20.0531 -10.7387 120.778
    endloop
  endfacet
  facet normal 0.000831746 -0.809175 0.587568
    outer loop
      vertex -19.2991 -10.1287 121.617
      vertex -20.0531 -10.7387 120.778
      vertex -20.4495 -11.4558 119.791
    endloop
  endfacet
  facet normal -0.972372 0.137209 0.188855
    outer loop
      vertex -12.5007 -88.2254 14.1262
      vertex -12.3505 -91.9028 17.5713
      vertex -12.3505 -87.8577 14.6324
    endloop
  endfacet
  facet normal -0.972365 0.137229 0.188876
    outer loop
      vertex -12.3505 -91.9028 17.5713
      vertex -12.5007 -88.2254 14.1262
      vertex -12.5007 -92.2705 17.0652
    endloop
  endfacet
  facet normal 0.996912 -0.0461546 -0.063525
    outer loop
      vertex -20.4579 -91.2116 18.5226
      vertex -20.5 -91.5258 18.0902
      vertex -20.5 -87.4807 15.1512
    endloop
  endfacet
  facet normal -0.000107903 -0.809223 0.587502
    outer loop
      vertex -14.5386 -85.3335 18.1067
      vertex -15.133 -85.1888 18.3059
      vertex -16.4 -85.0708 18.4682
    endloop
  endfacet
  facet normal 7.73845e-05 -0.80897 0.587849
    outer loop
      vertex -12.7469 -86.3867 16.6571
      vertex -13.9901 -85.5311 17.8347
      vertex -14.5386 -85.3335 18.1067
    endloop
  endfacet
  facet normal -0.000314949 -0.808851 0.588013
    outer loop
      vertex -18.8099 -85.5311 17.8347
      vertex -19.717 -86.0642 17.1009
      vertex -20.0531 -86.3867 16.6571
    endloop
  endfacet
  facet normal 0.00117533 -0.80924 0.587477
    outer loop
      vertex -12.5007 -88.2254 14.1262
      vertex -12.3505 -87.8577 14.6324
      vertex -12.7469 -88.5748 13.6454
    endloop
  endfacet
  facet normal -0.0787096 -0.585957 -0.806511
    outer loop
      vertex -15.8655 -89.1406 21.3731
      vertex -15.7586 -85.1005 18.4274
      vertex -15.7586 -89.1456 21.3663
    endloop
  endfacet
  facet normal -0.0784372 -0.585974 -0.806525
    outer loop
      vertex -15.7586 -85.1005 18.4274
      vertex -15.8655 -89.1406 21.3731
      vertex -16.4 -85.0708 18.4682
    endloop
  endfacet
  facet normal 0.000462995 -0.80898 0.587836
    outer loop
      vertex -12.3505 -87.8577 14.6324
      vertex -12.5007 -86.736 16.1762
      vertex -12.7469 -86.3867 16.6571
    endloop
  endfacet
  facet normal -0.383293 -0.54283 -0.747276
    outer loop
      vertex -15.133 -89.2338 21.2448
      vertex -14.5386 -85.3335 18.1067
      vertex -15.034 -89.258 21.2116
    endloop
  endfacet
  facet normal -0.382684 -0.543047 -0.747431
    outer loop
      vertex -14.5386 -85.3335 18.1067
      vertex -15.133 -89.2338 21.2448
      vertex -15.133 -85.1888 18.3059
    endloop
  endfacet
  facet normal -0.000152234 -0.80888 0.587974
    outer loop
      vertex -13.9901 -89.4304 12.4678
      vertex -13.5009 -89.1848 12.8058
      vertex -15.133 -89.7727 11.9966
    endloop
  endfacet
  facet normal -0.760436 -0.381712 -0.525388
    outer loop
      vertex -13.083 -86.0642 17.1009
      vertex -13.083 -90.1093 20.0398
      vertex -13.4312 -89.8697 20.3697
    endloop
  endfacet
  facet normal 0.383293 -0.54283 -0.747276
    outer loop
      vertex -18.2614 -85.3335 18.1067
      vertex -17.667 -89.2338 21.2448
      vertex -17.766 -89.258 21.2116
    endloop
  endfacet
  facet normal 0.382684 -0.543047 -0.747431
    outer loop
      vertex -17.667 -89.2338 21.2448
      vertex -18.2614 -85.3335 18.1067
      vertex -17.667 -85.1888 18.3059
    endloop
  endfacet
  facet normal -0.76034 -0.381791 -0.52547
    outer loop
      vertex -13.4312 -89.8697 20.3697
      vertex -13.5009 -85.7767 17.4967
      vertex -13.083 -86.0642 17.1009
    endloop
  endfacet
  facet normal -0.76009 -0.381956 -0.525711
    outer loop
      vertex -13.5009 -85.7767 17.4967
      vertex -13.4312 -89.8697 20.3697
      vertex -13.5009 -89.8217 20.4356
    endloop
  endfacet
  facet normal 9.43393e-06 -0.809022 0.587778
    outer loop
      vertex -12.3505 -87.8577 14.6324
      vertex -12.7469 -86.3867 16.6571
      vertex -15.7586 -89.861 11.8751
    endloop
  endfacet
  facet normal -1.23032e-05 -0.809014 0.58779
    outer loop
      vertex -13.5009 -89.1848 12.8058
      vertex -12.3505 -87.8577 14.6324
      vertex -15.133 -89.7727 11.9966
    endloop
  endfacet
  facet normal 0.996914 0.0461428 0.0635087
    outer loop
      vertex -20.5 -91.5258 18.0902
      vertex -20.4495 -87.8577 14.6324
      vertex -20.5 -87.4807 15.1512
    endloop
  endfacet
  facet normal 0.996915 0.046136 0.0635015
    outer loop
      vertex -20.4495 -87.8577 14.6324
      vertex -20.5 -91.5258 18.0902
      vertex -20.4495 -91.9028 17.5713
    endloop
  endfacet
  facet normal 0.852698 -0.307059 -0.422635
    outer loop
      vertex -19.717 -90.1093 20.0398
      vertex -20.0531 -86.3867 16.6571
      vertex -19.717 -86.0642 17.1009
    endloop
  endfacet
  facet normal 0.852673 -0.307087 -0.422665
    outer loop
      vertex -20.0531 -86.3867 16.6571
      vertex -19.717 -90.1093 20.0398
      vertex -20.0531 -90.4317 19.596
    endloop
  endfacet
  facet normal 2.62565e-06 -0.809019 0.587782
    outer loop
      vertex -12.3 -87.4807 15.1512
      vertex -12.3505 -87.1037 15.6701
      vertex -12.5007 -86.736 16.1762
    endloop
  endfacet
  facet normal 0 -0.809019 0.587782
    outer loop
      vertex -17.0414 -89.861 11.8751
      vertex -12.7469 -86.3867 16.6571
      vertex -20.0531 -86.3867 16.6571
    endloop
  endfacet
  facet normal 0 -0.809019 0.587782
    outer loop
      vertex -12.7469 -86.3867 16.6571
      vertex -17.0414 -89.861 11.8751
      vertex -15.7586 -89.861 11.8751
    endloop
  endfacet
  facet normal -0.923863 0.224957 0.309631
    outer loop
      vertex -12.7469 -92.6199 16.5843
      vertex -12.5417 -92.3287 16.985
      vertex -12.7469 -88.5748 13.6454
    endloop
  endfacet
  facet normal -0.923872 0.224942 0.309614
    outer loop
      vertex -12.5417 -92.3287 16.985
      vertex -12.5007 -88.2254 14.1262
      vertex -12.7469 -88.5748 13.6454
    endloop
  endfacet
  facet normal -0.924029 0.224727 0.309303
    outer loop
      vertex -12.5007 -88.2254 14.1262
      vertex -12.5417 -92.3287 16.985
      vertex -12.5007 -92.2705 17.0652
    endloop
  endfacet
  facet normal -0.996914 0.0461428 0.0635087
    outer loop
      vertex -12.3505 -87.8577 14.6324
      vertex -12.3 -91.5258 18.0902
      vertex -12.3 -87.4807 15.1512
    endloop
  endfacet
  facet normal -0.996915 0.046136 0.0635015
    outer loop
      vertex -12.3 -91.5258 18.0902
      vertex -12.3505 -87.8577 14.6324
      vertex -12.3505 -91.9028 17.5713
    endloop
  endfacet
  facet normal -0.382684 0.543038 0.747437
    outer loop
      vertex -15.133 -89.7727 11.9966
      vertex -14.5386 -93.6731 15.1347
      vertex -14.5386 -89.628 12.1958
    endloop
  endfacet
  facet normal -0.382684 0.543038 0.747437
    outer loop
      vertex -14.5386 -93.6731 15.1347
      vertex -15.133 -89.7727 11.9966
      vertex -15.133 -93.8178 14.9355
    endloop
  endfacet
  facet normal -0.000208619 -0.808976 0.587841
    outer loop
      vertex -12.7469 -88.5748 13.6454
      vertex -12.3505 -87.8577 14.6324
      vertex -13.083 -88.8972 13.2016
    endloop
  endfacet
  facet normal -0.000387351 -0.808983 0.587832
    outer loop
      vertex -20.4495 -87.8577 14.6324
      vertex -20.2993 -86.736 16.1762
      vertex -20.5 -87.4807 15.1512
    endloop
  endfacet
  facet normal -0.522429 -0.50121 -0.689824
    outer loop
      vertex -14.5386 -89.3786 21.0456
      vertex -13.9901 -85.5311 17.8347
      vertex -13.9901 -89.5761 20.7737
    endloop
  endfacet
  facet normal -0.522586 -0.501134 -0.68976
    outer loop
      vertex -13.9901 -85.5311 17.8347
      vertex -14.5386 -89.3786 21.0456
      vertex -14.5386 -85.3335 18.1067
    endloop
  endfacet
  facet normal 0.522429 -0.50121 -0.689824
    outer loop
      vertex -18.8099 -85.5311 17.8347
      vertex -18.2614 -89.3786 21.0456
      vertex -18.8099 -89.5761 20.7737
    endloop
  endfacet
  facet normal 0.522586 -0.501134 -0.68976
    outer loop
      vertex -18.2614 -89.3786 21.0456
      vertex -18.8099 -85.5311 17.8347
      vertex -18.2614 -85.3335 18.1067
    endloop
  endfacet
  facet normal 0.64946 -0.446963 -0.615163
    outer loop
      vertex -18.8099 -85.5311 17.8347
      vertex -18.8099 -89.5761 20.7737
      vertex -19.2176 -89.7808 20.492
    endloop
  endfacet
  facet normal 5.43284e-05 -0.808993 0.587819
    outer loop
      vertex -18.2614 -89.628 12.1958
      vertex -17.667 -89.7727 11.9966
      vertex -18.8099 -89.4304 12.4678
    endloop
  endfacet
  facet normal -0.923877 -0.224941 -0.3096
    outer loop
      vertex -12.5007 -86.736 16.1762
      vertex -12.7469 -90.4317 19.596
      vertex -12.7469 -86.3867 16.6571
    endloop
  endfacet
  facet normal -0.923872 -0.224949 -0.309609
    outer loop
      vertex -12.7469 -90.4317 19.596
      vertex -12.5007 -86.736 16.1762
      vertex -12.5007 -90.7811 19.1152
    endloop
  endfacet
  facet normal -0.852673 0.307085 0.422666
    outer loop
      vertex -13.083 -88.8972 13.2016
      vertex -13.027 -92.8886 16.2145
      vertex -12.7469 -88.5748 13.6454
    endloop
  endfacet
  facet normal -0.852761 0.306998 0.422552
    outer loop
      vertex -13.027 -92.8886 16.2145
      vertex -13.083 -88.8972 13.2016
      vertex -13.083 -92.9423 16.1405
    endloop
  endfacet
  facet normal -0.972354 -0.137256 -0.188913
    outer loop
      vertex -12.3755 -91.0875 18.6934
      vertex -12.5007 -90.7811 19.1152
      vertex -12.5007 -86.736 16.1762
    endloop
  endfacet
  facet normal 9.12525e-05 -0.809161 0.587587
    outer loop
      vertex -16.4 -85.0708 18.4682
      vertex -17.0414 -85.1005 18.4274
      vertex -17.667 -85.1888 18.3059
    endloop
  endfacet
  facet normal 0.0787096 -0.585957 -0.806511
    outer loop
      vertex -17.0414 -85.1005 18.4274
      vertex -16.9345 -89.1406 21.3731
      vertex -17.0414 -89.1456 21.3663
    endloop
  endfacet
  facet normal 0.0784372 -0.585974 -0.806525
    outer loop
      vertex -16.9345 -89.1406 21.3731
      vertex -17.0414 -85.1005 18.4274
      vertex -16.4 -85.0708 18.4682
    endloop
  endfacet
  facet normal 0.000314949 -0.808851 0.588013
    outer loop
      vertex -12.7469 -86.3867 16.6571
      vertex -13.083 -86.0642 17.1009
      vertex -13.9901 -85.5311 17.8347
    endloop
  endfacet
  facet normal 4.23627e-05 -0.809041 0.587752
    outer loop
      vertex -15.133 -89.7727 11.9966
      vertex -12.3505 -87.8577 14.6324
      vertex -15.7586 -89.861 11.8751
    endloop
  endfacet
  facet normal 0.000387351 -0.808983 0.587832
    outer loop
      vertex -12.3505 -87.8577 14.6324
      vertex -12.3 -87.4807 15.1512
      vertex -12.5007 -86.736 16.1762
    endloop
  endfacet
  facet normal -0.760378 0.381752 0.525443
    outer loop
      vertex -13.5009 -89.1848 12.8058
      vertex -13.083 -92.9423 16.1405
      vertex -13.083 -88.8972 13.2016
    endloop
  endfacet
  facet normal -0.760378 0.381752 0.525443
    outer loop
      vertex -13.083 -92.9423 16.1405
      vertex -13.5009 -89.1848 12.8058
      vertex -13.5009 -93.2299 15.7447
    endloop
  endfacet
  facet normal 0.000168061 -0.809068 0.587715
    outer loop
      vertex -13.083 -88.8972 13.2016
      vertex -12.3505 -87.8577 14.6324
      vertex -13.5009 -89.1848 12.8058
    endloop
  endfacet
  facet normal -0.000462995 -0.80898 0.587836
    outer loop
      vertex -20.0531 -86.3867 16.6571
      vertex -20.2993 -86.736 16.1762
      vertex -20.4495 -87.8577 14.6324
    endloop
  endfacet
  facet normal 0.924029 0.224727 0.309303
    outer loop
      vertex -20.2583 -92.3287 16.985
      vertex -20.2993 -88.2254 14.1262
      vertex -20.2993 -92.2705 17.0652
    endloop
  endfacet
  facet normal 0.923872 0.224942 0.309614
    outer loop
      vertex -20.2993 -88.2254 14.1262
      vertex -20.2583 -92.3287 16.985
      vertex -20.0531 -88.5748 13.6454
    endloop
  endfacet
  facet normal -0.852698 -0.307059 -0.422635
    outer loop
      vertex -12.7469 -86.3867 16.6571
      vertex -13.083 -90.1093 20.0398
      vertex -13.083 -86.0642 17.1009
    endloop
  endfacet
  facet normal -0.852673 -0.307087 -0.422665
    outer loop
      vertex -13.083 -90.1093 20.0398
      vertex -12.7469 -86.3867 16.6571
      vertex -12.7469 -90.4317 19.596
    endloop
  endfacet
  facet normal 0.233364 -0.571561 -0.786676
    outer loop
      vertex -17.667 -85.1888 18.3059
      vertex -17.0414 -89.1456 21.3663
      vertex -17.667 -89.2338 21.2448
    endloop
  endfacet
  facet normal 0.233451 -0.571539 -0.786666
    outer loop
      vertex -17.0414 -89.1456 21.3663
      vertex -17.667 -85.1888 18.3059
      vertex -17.0414 -85.1005 18.4274
    endloop
  endfacet
  facet normal 0.000107903 -0.809223 0.587502
    outer loop
      vertex -16.4 -85.0708 18.4682
      vertex -17.667 -85.1888 18.3059
      vertex -18.2614 -85.3335 18.1067
    endloop
  endfacet
  facet normal 0.382655 -0.543045 -0.747447
    outer loop
      vertex -17.766 -89.258 21.2116
      vertex -18.2614 -89.3786 21.0456
      vertex -18.2614 -85.3335 18.1067
    endloop
  endfacet
  facet normal -0.382655 -0.543045 -0.747447
    outer loop
      vertex -14.5386 -85.3335 18.1067
      vertex -14.5386 -89.3786 21.0456
      vertex -15.034 -89.258 21.2116
    endloop
  endfacet
  facet normal 0.972354 -0.137256 -0.188913
    outer loop
      vertex -20.2993 -86.736 16.1762
      vertex -20.2993 -90.7811 19.1152
      vertex -20.4245 -91.0875 18.6934
    endloop
  endfacet
  facet normal 0.923877 -0.224941 -0.3096
    outer loop
      vertex -20.0531 -90.4317 19.596
      vertex -20.2993 -86.736 16.1762
      vertex -20.0531 -86.3867 16.6571
    endloop
  endfacet
  facet normal 0.923872 -0.224949 -0.309609
    outer loop
      vertex -20.2993 -86.736 16.1762
      vertex -20.0531 -90.4317 19.596
      vertex -20.2993 -90.7811 19.1152
    endloop
  endfacet
  facet normal 0.64944 -0.44697 -0.615178
    outer loop
      vertex -19.2176 -89.7808 20.492
      vertex -19.2991 -85.7767 17.4967
      vertex -18.8099 -85.5311 17.8347
    endloop
  endfacet
  facet normal 0.649779 -0.446793 -0.61495
    outer loop
      vertex -19.2991 -85.7767 17.4967
      vertex -19.2176 -89.7808 20.492
      vertex -19.2991 -89.8217 20.4356
    endloop
  endfacet
  facet normal 0.0783827 -0.585972 -0.806531
    outer loop
      vertex -16.4 -85.0708 18.4682
      vertex -16.4 -89.1159 21.4071
      vertex -16.9345 -89.1406 21.3731
    endloop
  endfacet
  facet normal -0.0783827 -0.585972 -0.806531
    outer loop
      vertex -15.8655 -89.1406 21.3731
      vertex -16.4 -89.1159 21.4071
      vertex -16.4 -85.0708 18.4682
    endloop
  endfacet
  facet normal -0.522586 0.501134 0.68976
    outer loop
      vertex -14.5386 -89.628 12.1958
      vertex -13.9901 -93.4755 15.4067
      vertex -13.9901 -89.4304 12.4678
    endloop
  endfacet
  facet normal -0.522586 0.501134 0.68976
    outer loop
      vertex -13.9901 -93.4755 15.4067
      vertex -14.5386 -89.628 12.1958
      vertex -14.5386 -93.6731 15.1347
    endloop
  endfacet
  facet normal -5.43284e-05 -0.808993 0.587819
    outer loop
      vertex -14.5386 -89.628 12.1958
      vertex -13.9901 -89.4304 12.4678
      vertex -15.133 -89.7727 11.9966
    endloop
  endfacet
  facet normal -0.233451 0.571539 0.786666
    outer loop
      vertex -15.7586 -89.861 11.8751
      vertex -15.133 -93.8178 14.9355
      vertex -15.133 -89.7727 11.9966
    endloop
  endfacet
  facet normal -0.233451 0.571539 0.786666
    outer loop
      vertex -15.133 -93.8178 14.9355
      vertex -15.7586 -89.861 11.8751
      vertex -15.7586 -93.9061 14.814
    endloop
  endfacet
  facet normal 0 -0.809422 0.587228
    outer loop
      vertex -16.4 -89.8906 11.8343
      vertex -15.7586 -89.861 11.8751
      vertex -17.0414 -89.861 11.8751
    endloop
  endfacet
  facet normal -0.996912 -0.0461546 -0.063525
    outer loop
      vertex -12.3 -87.4807 15.1512
      vertex -12.3 -91.5258 18.0902
      vertex -12.3421 -91.2116 18.5226
    endloop
  endfacet
  facet normal -9.12525e-05 -0.809161 0.587587
    outer loop
      vertex -15.133 -85.1888 18.3059
      vertex -15.7586 -85.1005 18.4274
      vertex -16.4 -85.0708 18.4682
    endloop
  endfacet
  facet normal -0.233364 -0.571561 -0.786676
    outer loop
      vertex -15.7586 -89.1456 21.3663
      vertex -15.133 -85.1888 18.3059
      vertex -15.133 -89.2338 21.2448
    endloop
  endfacet
  facet normal -0.233451 -0.571539 -0.786666
    outer loop
      vertex -15.133 -85.1888 18.3059
      vertex -15.7586 -89.1456 21.3663
      vertex -15.7586 -85.1005 18.4274
    endloop
  endfacet
  facet normal -0.852656 0.307099 0.422691
    outer loop
      vertex -12.7469 -92.6199 16.5843
      vertex -12.7469 -88.5748 13.6454
      vertex -13.027 -92.8886 16.2145
    endloop
  endfacet
  facet normal -0.64944 0.446956 0.615189
    outer loop
      vertex -13.9901 -89.4304 12.4678
      vertex -13.5009 -93.2299 15.7447
      vertex -13.5009 -89.1848 12.8058
    endloop
  endfacet
  facet normal -0.64944 0.446956 0.615189
    outer loop
      vertex -13.5009 -93.2299 15.7447
      vertex -13.9901 -89.4304 12.4678
      vertex -13.9901 -93.4755 15.4067
    endloop
  endfacet
  facet normal 1.23032e-05 -0.809014 0.58779
    outer loop
      vertex -19.2991 -89.1848 12.8058
      vertex -17.667 -89.7727 11.9966
      vertex -20.4495 -87.8577 14.6324
    endloop
  endfacet
  facet normal 0.522586 0.501134 0.68976
    outer loop
      vertex -18.8099 -93.4755 15.4067
      vertex -18.2614 -89.628 12.1958
      vertex -18.8099 -89.4304 12.4678
    endloop
  endfacet
  facet normal 0.522586 0.501134 0.68976
    outer loop
      vertex -18.2614 -89.628 12.1958
      vertex -18.8099 -93.4755 15.4067
      vertex -18.2614 -93.6731 15.1347
    endloop
  endfacet
  facet normal -0.00117533 -0.80924 0.587477
    outer loop
      vertex -20.2993 -88.2254 14.1262
      vertex -20.0531 -88.5748 13.6454
      vertex -20.4495 -87.8577 14.6324
    endloop
  endfacet
  facet normal -0.000168061 -0.809068 0.587715
    outer loop
      vertex -19.717 -88.8972 13.2016
      vertex -19.2991 -89.1848 12.8058
      vertex -20.4495 -87.8577 14.6324
    endloop
  endfacet
  facet normal -4.23627e-05 -0.809041 0.587752
    outer loop
      vertex -17.667 -89.7727 11.9966
      vertex -17.0414 -89.861 11.8751
      vertex -20.4495 -87.8577 14.6324
    endloop
  endfacet
  facet normal 0.64944 0.446956 0.615189
    outer loop
      vertex -19.2991 -93.2299 15.7447
      vertex -18.8099 -89.4304 12.4678
      vertex -19.2991 -89.1848 12.8058
    endloop
  endfacet
  facet normal 0.64944 0.446956 0.615189
    outer loop
      vertex -18.8099 -89.4304 12.4678
      vertex -19.2991 -93.2299 15.7447
      vertex -18.8099 -93.4755 15.4067
    endloop
  endfacet
  facet normal -0.64946 -0.446963 -0.615163
    outer loop
      vertex -13.5824 -89.7808 20.492
      vertex -13.9901 -89.5761 20.7737
      vertex -13.9901 -85.5311 17.8347
    endloop
  endfacet
  facet normal 0.760436 -0.381712 -0.525388
    outer loop
      vertex -19.3688 -89.8697 20.3697
      vertex -19.717 -90.1093 20.0398
      vertex -19.717 -86.0642 17.1009
    endloop
  endfacet
  facet normal -9.43393e-06 -0.809022 0.587778
    outer loop
      vertex -17.0414 -89.861 11.8751
      vertex -20.0531 -86.3867 16.6571
      vertex -20.4495 -87.8577 14.6324
    endloop
  endfacet
  facet normal 0.972365 -0.137233 -0.188873
    outer loop
      vertex -20.4245 -91.0875 18.6934
      vertex -20.4495 -87.1037 15.6701
      vertex -20.2993 -86.736 16.1762
    endloop
  endfacet
  facet normal 0.97242 -0.137095 -0.18869
    outer loop
      vertex -20.4495 -87.1037 15.6701
      vertex -20.4245 -91.0875 18.6934
      vertex -20.4495 -91.1488 18.6091
    endloop
  endfacet
  facet normal 0.76009 -0.381956 -0.525711
    outer loop
      vertex -19.3688 -89.8697 20.3697
      vertex -19.2991 -85.7767 17.4967
      vertex -19.2991 -89.8217 20.4356
    endloop
  endfacet
  facet normal 0.76034 -0.381791 -0.52547
    outer loop
      vertex -19.2991 -85.7767 17.4967
      vertex -19.3688 -89.8697 20.3697
      vertex -19.717 -86.0642 17.1009
    endloop
  endfacet
  facet normal 0.000517358 -0.80934 0.58734
    outer loop
      vertex -18.8099 -85.5311 17.8347
      vertex -19.2991 -85.7767 17.4967
      vertex -19.717 -86.0642 17.1009
    endloop
  endfacet
  facet normal 0 -0.809004 0.587802
    outer loop
      vertex -12.7469 -86.3867 16.6571
      vertex -16.4 -85.0708 18.4682
      vertex -20.0531 -86.3867 16.6571
    endloop
  endfacet
  facet normal -3.08213e-05 -0.809034 0.587762
    outer loop
      vertex -12.7469 -86.3867 16.6571
      vertex -14.5386 -85.3335 18.1067
      vertex -16.4 -85.0708 18.4682
    endloop
  endfacet
  facet normal 3.08213e-05 -0.809034 0.587762
    outer loop
      vertex -16.4 -85.0708 18.4682
      vertex -18.2614 -85.3335 18.1067
      vertex -20.0531 -86.3867 16.6571
    endloop
  endfacet
  facet normal -7.73845e-05 -0.80897 0.587849
    outer loop
      vertex -18.2614 -85.3335 18.1067
      vertex -18.8099 -85.5311 17.8347
      vertex -20.0531 -86.3867 16.6571
    endloop
  endfacet
  facet normal -0.972365 -0.137233 -0.188873
    outer loop
      vertex -12.3505 -87.1037 15.6701
      vertex -12.3755 -91.0875 18.6934
      vertex -12.5007 -86.736 16.1762
    endloop
  endfacet
  facet normal -0.97242 -0.137095 -0.18869
    outer loop
      vertex -12.3755 -91.0875 18.6934
      vertex -12.3505 -87.1037 15.6701
      vertex -12.3505 -91.1488 18.6091
    endloop
  endfacet
  facet normal -0.996915 -0.0461344 -0.0635027
    outer loop
      vertex -12.3421 -91.2116 18.5226
      vertex -12.3505 -87.1037 15.6701
      vertex -12.3 -87.4807 15.1512
    endloop
  endfacet
  facet normal -0.996927 -0.0460488 -0.0633794
    outer loop
      vertex -12.3505 -87.1037 15.6701
      vertex -12.3421 -91.2116 18.5226
      vertex -12.3505 -91.1488 18.6091
    endloop
  endfacet
  facet normal 0.000208619 -0.808976 0.587841
    outer loop
      vertex -20.0531 -88.5748 13.6454
      vertex -19.717 -88.8972 13.2016
      vertex -20.4495 -87.8577 14.6324
    endloop
  endfacet
  facet normal 0.972372 0.137209 0.188855
    outer loop
      vertex -20.4495 -91.9028 17.5713
      vertex -20.2993 -88.2254 14.1262
      vertex -20.4495 -87.8577 14.6324
    endloop
  endfacet
  facet normal 0.972365 0.137229 0.188876
    outer loop
      vertex -20.2993 -88.2254 14.1262
      vertex -20.4495 -91.9028 17.5713
      vertex -20.2993 -92.2705 17.0652
    endloop
  endfacet
  facet normal 0.852673 0.307085 0.422666
    outer loop
      vertex -19.773 -92.8886 16.2145
      vertex -19.717 -88.8972 13.2016
      vertex -20.0531 -88.5748 13.6454
    endloop
  endfacet
  facet normal 0.852761 0.306998 0.422552
    outer loop
      vertex -19.717 -88.8972 13.2016
      vertex -19.773 -92.8886 16.2145
      vertex -19.717 -92.9423 16.1405
    endloop
  endfacet
  facet normal 0.923863 0.224957 0.309631
    outer loop
      vertex -20.0531 -92.6199 16.5843
      vertex -20.0531 -88.5748 13.6454
      vertex -20.2583 -92.3287 16.985
    endloop
  endfacet
  facet normal 0.760378 0.381752 0.525443
    outer loop
      vertex -19.717 -92.9423 16.1405
      vertex -19.2991 -89.1848 12.8058
      vertex -19.717 -88.8972 13.2016
    endloop
  endfacet
  facet normal 0.760378 0.381752 0.525443
    outer loop
      vertex -19.2991 -89.1848 12.8058
      vertex -19.717 -92.9423 16.1405
      vertex -19.2991 -93.2299 15.7447
    endloop
  endfacet
  facet normal -0.000517358 -0.80934 0.58734
    outer loop
      vertex -13.083 -86.0642 17.1009
      vertex -13.5009 -85.7767 17.4967
      vertex -13.9901 -85.5311 17.8347
    endloop
  endfacet
  facet normal -0.64944 -0.44697 -0.615178
    outer loop
      vertex -13.5009 -85.7767 17.4967
      vertex -13.5824 -89.7808 20.492
      vertex -13.9901 -85.5311 17.8347
    endloop
  endfacet
  facet normal -0.649779 -0.446793 -0.61495
    outer loop
      vertex -13.5824 -89.7808 20.492
      vertex -13.5009 -85.7767 17.4967
      vertex -13.5009 -89.8217 20.4356
    endloop
  endfacet
  facet normal -2.62565e-06 -0.809019 0.587782
    outer loop
      vertex -20.2993 -86.736 16.1762
      vertex -20.4495 -87.1037 15.6701
      vertex -20.5 -87.4807 15.1512
    endloop
  endfacet
  facet normal 0.996927 -0.0460488 -0.0633794
    outer loop
      vertex -20.4579 -91.2116 18.5226
      vertex -20.4495 -87.1037 15.6701
      vertex -20.4495 -91.1488 18.6091
    endloop
  endfacet
  facet normal 0.996915 -0.0461344 -0.0635027
    outer loop
      vertex -20.4495 -87.1037 15.6701
      vertex -20.4579 -91.2116 18.5226
      vertex -20.5 -87.4807 15.1512
    endloop
  endfacet
  facet normal 0.382684 0.543038 0.747437
    outer loop
      vertex -18.2614 -93.6731 15.1347
      vertex -17.667 -89.7727 11.9966
      vertex -18.2614 -89.628 12.1958
    endloop
  endfacet
  facet normal 0.382684 0.543038 0.747437
    outer loop
      vertex -17.667 -89.7727 11.9966
      vertex -18.2614 -93.6731 15.1347
      vertex -17.667 -93.8178 14.9355
    endloop
  endfacet
  facet normal 0.000152234 -0.80888 0.587974
    outer loop
      vertex -18.8099 -89.4304 12.4678
      vertex -17.667 -89.7727 11.9966
      vertex -19.2991 -89.1848 12.8058
    endloop
  endfacet
  facet normal -0.0783464 0.585974 0.806534
    outer loop
      vertex -16.4 -89.8906 11.8343
      vertex -15.7586 -93.9061 14.814
      vertex -15.7586 -89.861 11.8751
    endloop
  endfacet
  facet normal -0.0783464 0.585974 0.806534
    outer loop
      vertex -15.7586 -93.9061 14.814
      vertex -16.4 -89.8906 11.8343
      vertex -16.4 -93.9357 14.7732
    endloop
  endfacet
  facet normal 0.852656 0.307099 0.422691
    outer loop
      vertex -20.0531 -92.6199 16.5843
      vertex -19.773 -92.8886 16.2145
      vertex -20.0531 -88.5748 13.6454
    endloop
  endfacet
  facet normal 0.233451 0.571539 0.786666
    outer loop
      vertex -17.667 -93.8178 14.9355
      vertex -17.0414 -89.861 11.8751
      vertex -17.667 -89.7727 11.9966
    endloop
  endfacet
  facet normal 0.233451 0.571539 0.786666
    outer loop
      vertex -17.0414 -89.861 11.8751
      vertex -17.667 -93.8178 14.9355
      vertex -17.0414 -93.9061 14.814
    endloop
  endfacet
  facet normal 0.0783464 0.585974 0.806534
    outer loop
      vertex -17.0414 -93.9061 14.814
      vertex -16.4 -89.8906 11.8343
      vertex -17.0414 -89.861 11.8751
    endloop
  endfacet
  facet normal 0.0783464 0.585974 0.806534
    outer loop
      vertex -16.4 -89.8906 11.8343
      vertex -17.0414 -93.9061 14.814
      vertex -16.4 -93.9357 14.7732
    endloop
  endfacet
  facet normal -0.996918 0.0461138 0.0634672
    outer loop
      vertex 20.5 -15.8778 122.211
      vertex 20.5 -11.8328 119.272
      vertex 20.4579 -16.192 121.778
    endloop
  endfacet
  facet normal -0.000405965 -0.809346 0.587332
    outer loop
      vertex 19.2991 -10.1287 121.617
      vertex 18.2614 -9.68551 122.227
      vertex 17.667 -9.5408 122.426
    endloop
  endfacet
  facet normal -0.996916 0.0461293 0.0634942
    outer loop
      vertex 20.4495 -12.2098 118.753
      vertex 20.4579 -16.192 121.778
      vertex 20.5 -11.8328 119.272
    endloop
  endfacet
  facet normal -0.996903 0.0462234 0.0636181
    outer loop
      vertex 20.4579 -16.192 121.778
      vertex 20.4495 -12.2098 118.753
      vertex 20.4495 -16.2548 121.692
    endloop
  endfacet
  facet normal 0.996916 -0.0461293 -0.0634942
    outer loop
      vertex 12.3084 -15.815 122.297
      vertex 12.3 -11.8328 119.272
      vertex 12.3505 -11.4558 119.791
    endloop
  endfacet
  facet normal 0.996903 -0.0462234 -0.0636181
    outer loop
      vertex 12.3 -11.8328 119.272
      vertex 12.3084 -15.815 122.297
      vertex 12.3 -15.8778 122.211
    endloop
  endfacet
  facet normal 0.972294 0.137403 0.189115
    outer loop
      vertex 12.5007 -16.6226 121.186
      vertex 12.5007 -12.5775 118.247
      vertex 12.3755 -16.3161 121.607
    endloop
  endfacet
  facet normal -2.87307e-05 -0.809073 0.587708
    outer loop
      vertex 13.083 -13.2493 117.322
      vertex 12.3505 -11.4558 119.791
      vertex 12.3505 -12.2098 118.753
    endloop
  endfacet
  facet normal -0.852398 -0.307358 -0.423022
    outer loop
      vertex 20.0531 -10.7387 120.778
      vertex 19.717 -14.4613 124.16
      vertex 19.717 -10.4163 121.221
    endloop
  endfacet
  facet normal -0.852423 -0.307329 -0.422993
    outer loop
      vertex 19.717 -14.4613 124.16
      vertex 20.0531 -10.7387 120.778
      vertex 20.0531 -14.7838 123.717
    endloop
  endfacet
  facet normal -0.00182199 -0.808706 0.588211
    outer loop
      vertex 20.2993 -12.5775 118.247
      vertex 20.4495 -12.2098 118.753
      vertex 20.0531 -12.9268 117.766
    endloop
  endfacet
  facet normal -0.64944 0.446965 0.615182
    outer loop
      vertex 18.8099 -13.7824 116.588
      vertex 19.2991 -17.5819 119.865
      vertex 19.2991 -13.5368 116.926
    endloop
  endfacet
  facet normal -0.64944 0.446965 0.615182
    outer loop
      vertex 19.2991 -17.5819 119.865
      vertex 18.8099 -13.7824 116.588
      vertex 18.8099 -17.8275 119.527
    endloop
  endfacet
  facet normal 0 -0.808775 0.588119
    outer loop
      vertex 16.4 -14.2427 115.955
      vertex 18.8099 -13.7824 116.588
      vertex 13.9901 -13.7824 116.588
    endloop
  endfacet
  facet normal 0.972337 -0.137299 -0.188972
    outer loop
      vertex 12.4756 -15.1944 123.151
      vertex 12.3505 -15.5009 122.73
      vertex 12.3505 -11.4558 119.791
    endloop
  endfacet
  facet normal 0.000325109 -0.809023 0.587777
    outer loop
      vertex 13.083 -13.2493 117.322
      vertex 13.5009 -10.1287 121.617
      vertex 12.3505 -11.4558 119.791
    endloop
  endfacet
  facet normal -0.000831746 -0.809175 0.587568
    outer loop
      vertex 20.4495 -11.4558 119.791
      vertex 20.0531 -10.7387 120.778
      vertex 19.2991 -10.1287 121.617
    endloop
  endfacet
  facet normal -0.996917 -0.046118 -0.0634747
    outer loop
      vertex 20.4916 -15.815 122.297
      vertex 20.4495 -15.5009 122.73
      vertex 20.4495 -11.4558 119.791
    endloop
  endfacet
  facet normal -0.000210398 -0.809015 0.587788
    outer loop
      vertex 20.0531 -12.9268 117.766
      vertex 20.4495 -12.2098 118.753
      vertex 19.717 -13.2493 117.322
    endloop
  endfacet
  facet normal -0.000325109 -0.809023 0.587777
    outer loop
      vertex 19.717 -13.2493 117.322
      vertex 20.4495 -11.4558 119.791
      vertex 19.2991 -10.1287 121.617
    endloop
  endfacet
  facet normal 0.520691 -0.502057 -0.690521
    outer loop
      vertex 13.9901 -9.8831 121.955
      vertex 14.5386 -13.7306 125.166
      vertex 14.4472 -13.7635 125.121
    endloop
  endfacet
  facet normal 0.52258 -0.501148 -0.689754
    outer loop
      vertex 14.5386 -13.7306 125.166
      vertex 13.9901 -9.8831 121.955
      vertex 14.5386 -9.68551 122.227
    endloop
  endfacet
  facet normal -0.00127484 -0.80986 0.586621
    outer loop
      vertex 13.5009 -13.5368 116.926
      vertex 13.9901 -13.7824 116.588
      vertex 13.083 -13.2493 117.322
    endloop
  endfacet
  facet normal -0.000554871 -0.809576 0.587014
    outer loop
      vertex 14.5386 -13.98 116.316
      vertex 15.133 -14.1247 116.117
      vertex 13.9901 -13.7824 116.588
    endloop
  endfacet
  facet normal -0.234045 -0.571468 -0.786541
    outer loop
      vertex 17.0414 -13.4976 125.487
      vertex 17.667 -9.5408 122.426
      vertex 17.667 -13.5859 125.365
    endloop
  endfacet
  facet normal -0.234028 -0.571472 -0.786543
    outer loop
      vertex 17.667 -9.5408 122.426
      vertex 17.0414 -13.4976 125.487
      vertex 17.0414 -9.45252 122.548
    endloop
  endfacet
  facet normal 0 -0.809112 0.587654
    outer loop
      vertex 13.5009 -10.1287 121.617
      vertex 17.0414 -9.45252 122.548
      vertex 15.7586 -9.45252 122.548
    endloop
  endfacet
  facet normal 0 -0.809112 0.587654
    outer loop
      vertex 17.0414 -9.45252 122.548
      vertex 13.5009 -10.1287 121.617
      vertex 19.2991 -10.1287 121.617
    endloop
  endfacet
  facet normal -0.0040885 -0.807062 0.590453
    outer loop
      vertex 13.5009 -10.1287 121.617
      vertex 13.083 -10.4163 121.221
      vertex 12.7469 -10.7387 120.778
    endloop
  endfacet
  facet normal 0.000246537 -0.809221 0.587504
    outer loop
      vertex 17.667 -14.1247 116.117
      vertex 18.8099 -13.7824 116.588
      vertex 16.4 -14.2427 115.955
    endloop
  endfacet
  facet normal -0.0786872 -0.585973 -0.806501
    outer loop
      vertex 16.4 -13.4679 125.528
      vertex 17.0414 -9.45252 122.548
      vertex 17.0414 -13.4976 125.487
    endloop
  endfacet
  facet normal -0.0786599 -0.585977 -0.806501
    outer loop
      vertex 17.0414 -9.45252 122.548
      vertex 16.4 -13.4679 125.528
      vertex 16.4 -9.42285 122.589
    endloop
  endfacet
  facet normal -0.382721 -0.543041 -0.747416
    outer loop
      vertex 18.1623 -13.7065 125.199
      vertex 17.667 -13.5859 125.365
      vertex 17.667 -9.5408 122.426
    endloop
  endfacet
  facet normal -0.923913 -0.224891 -0.309529
    outer loop
      vertex 20.2583 -15.0749 123.316
      vertex 20.0531 -14.7838 123.717
      vertex 20.0531 -10.7387 120.778
    endloop
  endfacet
  facet normal 0.0040885 -0.807062 0.590453
    outer loop
      vertex 20.0531 -10.7387 120.778
      vertex 19.717 -10.4163 121.221
      vertex 19.2991 -10.1287 121.617
    endloop
  endfacet
  facet normal -0.923909 -0.224896 -0.309538
    outer loop
      vertex 20.2993 -11.0881 120.297
      vertex 20.2583 -15.0749 123.316
      vertex 20.0531 -10.7387 120.778
    endloop
  endfacet
  facet normal -0.923808 -0.225044 -0.309732
    outer loop
      vertex 20.2583 -15.0749 123.316
      vertex 20.2993 -11.0881 120.297
      vertex 20.2993 -15.1331 123.236
    endloop
  endfacet
  facet normal -0.972358 0.137222 0.188916
    outer loop
      vertex 20.4245 -16.3161 121.607
      vertex 20.4495 -12.2098 118.753
      vertex 20.2993 -12.5775 118.247
    endloop
  endfacet
  facet normal -0.972705 0.136396 0.187724
    outer loop
      vertex 20.4495 -12.2098 118.753
      vertex 20.4245 -16.3161 121.607
      vertex 20.4495 -16.2548 121.692
    endloop
  endfacet
  facet normal -0.996916 -0.0461293 -0.0634942
    outer loop
      vertex 20.5 -11.8328 119.272
      vertex 20.4916 -15.815 122.297
      vertex 20.4495 -11.4558 119.791
    endloop
  endfacet
  facet normal -0.996903 -0.0462234 -0.0636181
    outer loop
      vertex 20.4916 -15.815 122.297
      vertex 20.5 -11.8328 119.272
      vertex 20.5 -15.8778 122.211
    endloop
  endfacet
  facet normal 0.00127484 -0.80986 0.586621
    outer loop
      vertex 19.2991 -13.5368 116.926
      vertex 19.717 -13.2493 117.322
      vertex 18.8099 -13.7824 116.588
    endloop
  endfacet
  facet normal -0.000164759 -0.809016 0.587787
    outer loop
      vertex 19.717 -13.2493 117.322
      vertex 19.2991 -10.1287 121.617
      vertex 18.8099 -13.7824 116.588
    endloop
  endfacet
  facet normal -0.923896 0.224897 0.309577
    outer loop
      vertex 20.0531 -12.9268 117.766
      vertex 20.0942 -16.9137 120.785
      vertex 20.2993 -12.5775 118.247
    endloop
  endfacet
  facet normal -0.923478 0.225508 0.310379
    outer loop
      vertex 20.0942 -16.9137 120.785
      vertex 20.0531 -12.9268 117.766
      vertex 20.0531 -16.9719 120.705
    endloop
  endfacet
  facet normal 0.972705 0.136396 0.187724
    outer loop
      vertex 12.3755 -16.3161 121.607
      vertex 12.3505 -12.2098 118.753
      vertex 12.3505 -16.2548 121.692
    endloop
  endfacet
  facet normal 0.972358 0.137222 0.188916
    outer loop
      vertex 12.3505 -12.2098 118.753
      vertex 12.3755 -16.3161 121.607
      vertex 12.5007 -12.5775 118.247
    endloop
  endfacet
  facet normal 0.996918 0.0461138 0.0634672
    outer loop
      vertex 12.3 -15.8778 122.211
      vertex 12.3421 -16.192 121.778
      vertex 12.3 -11.8328 119.272
    endloop
  endfacet
  facet normal -0.00041301 -0.806764 0.590873
    outer loop
      vertex 17.0414 -14.213 115.996
      vertex 17.667 -14.1247 116.117
      vertex 16.4 -14.2427 115.955
    endloop
  endfacet
  facet normal -0.522586 0.501145 0.689752
    outer loop
      vertex 18.2614 -13.98 116.316
      vertex 18.8099 -17.8275 119.527
      vertex 18.8099 -13.7824 116.588
    endloop
  endfacet
  facet normal -0.520691 0.502057 0.690521
    outer loop
      vertex 18.8099 -17.8275 119.527
      vertex 18.2614 -13.98 116.316
      vertex 18.7185 -17.8604 119.482
    endloop
  endfacet
  facet normal 0.000803672 -0.808185 0.588929
    outer loop
      vertex 19.2991 -10.1287 121.617
      vertex 17.667 -9.5408 122.426
      vertex 17.0414 -9.45252 122.548
    endloop
  endfacet
  facet normal 0.381207 -0.54341 -0.747922
    outer loop
      vertex 14.5386 -9.68551 122.227
      vertex 14.6377 -13.7065 125.199
      vertex 14.5386 -13.7306 125.166
    endloop
  endfacet
  facet normal 0.382477 -0.543078 -0.747515
    outer loop
      vertex 14.6377 -13.7065 125.199
      vertex 14.5386 -9.68551 122.227
      vertex 15.133 -9.5408 122.426
    endloop
  endfacet
  facet normal -0.522965 -0.501008 -0.689564
    outer loop
      vertex 18.8099 -9.8831 121.955
      vertex 18.8099 -13.9282 124.894
      vertex 18.3528 -13.7635 125.121
    endloop
  endfacet
  facet normal -0.760484 -0.381687 -0.525336
    outer loop
      vertex 19.717 -10.4163 121.221
      vertex 19.2991 -14.1738 124.556
      vertex 19.2991 -10.1287 121.617
    endloop
  endfacet
  facet normal -0.760446 -0.38172 -0.525368
    outer loop
      vertex 19.2991 -14.1738 124.556
      vertex 19.717 -10.4163 121.221
      vertex 19.717 -14.4613 124.16
    endloop
  endfacet
  facet normal -0.000803672 -0.808185 0.588929
    outer loop
      vertex 15.7586 -9.45252 122.548
      vertex 15.133 -9.5408 122.426
      vertex 13.5009 -10.1287 121.617
    endloop
  endfacet
  facet normal 0 -0.810127 0.586255
    outer loop
      vertex 17.0414 -9.45252 122.548
      vertex 16.4 -9.42285 122.589
      vertex 15.7586 -9.45252 122.548
    endloop
  endfacet
  facet normal 0.000274799 -0.808795 0.58809
    outer loop
      vertex 19.2991 -10.1287 121.617
      vertex 18.8099 -9.8831 121.955
      vertex 18.2614 -9.68551 122.227
    endloop
  endfacet
  facet normal -0.972337 -0.137299 -0.188972
    outer loop
      vertex 20.4495 -11.4558 119.791
      vertex 20.4495 -15.5009 122.73
      vertex 20.3244 -15.1944 123.151
    endloop
  endfacet
  facet normal 2.87307e-05 -0.809073 0.587708
    outer loop
      vertex 20.4495 -12.2098 118.753
      vertex 20.4495 -11.4558 119.791
      vertex 19.717 -13.2493 117.322
    endloop
  endfacet
  facet normal -9.68183e-14 -0.809073 0.587708
    outer loop
      vertex 20.5 -11.8328 119.272
      vertex 20.4495 -11.4558 119.791
      vertex 20.4495 -12.2098 118.753
    endloop
  endfacet
  facet normal -0.972358 -0.137238 -0.188905
    outer loop
      vertex 20.3244 -15.1944 123.151
      vertex 20.2993 -11.0881 120.297
      vertex 20.4495 -11.4558 119.791
    endloop
  endfacet
  facet normal -0.972496 -0.136912 -0.188435
    outer loop
      vertex 20.2993 -11.0881 120.297
      vertex 20.3244 -15.1944 123.151
      vertex 20.2993 -15.1331 123.236
    endloop
  endfacet
  facet normal 0.00104017 -0.808817 0.58806
    outer loop
      vertex 20.4495 -11.4558 119.791
      vertex 20.2993 -11.0881 120.297
      vertex 20.0531 -10.7387 120.778
    endloop
  endfacet
  facet normal -0.760446 0.381714 0.525373
    outer loop
      vertex 19.2991 -13.5368 116.926
      vertex 19.717 -17.2944 120.261
      vertex 19.717 -13.2493 117.322
    endloop
  endfacet
  facet normal -0.760446 0.381714 0.525373
    outer loop
      vertex 19.717 -17.2944 120.261
      vertex 19.2991 -13.5368 116.926
      vertex 19.2991 -17.5819 119.865
    endloop
  endfacet
  facet normal -0.852767 0.307 0.42254
    outer loop
      vertex 19.717 -13.2493 117.322
      vertex 20.0531 -16.9719 120.705
      vertex 20.0531 -12.9268 117.766
    endloop
  endfacet
  facet normal -0.852767 0.307 0.42254
    outer loop
      vertex 20.0531 -16.9719 120.705
      vertex 19.717 -13.2493 117.322
      vertex 19.717 -17.2944 120.261
    endloop
  endfacet
  facet normal -0.923979 0.224797 0.3094
    outer loop
      vertex 20.2993 -16.6226 121.186
      vertex 20.2993 -12.5775 118.247
      vertex 20.0942 -16.9137 120.785
    endloop
  endfacet
  facet normal -0.972294 0.137403 0.189115
    outer loop
      vertex 20.2993 -16.6226 121.186
      vertex 20.4245 -16.3161 121.607
      vertex 20.2993 -12.5775 118.247
    endloop
  endfacet
  facet normal 0.996916 0.0461293 0.0634942
    outer loop
      vertex 12.3421 -16.192 121.778
      vertex 12.3505 -12.2098 118.753
      vertex 12.3 -11.8328 119.272
    endloop
  endfacet
  facet normal 0.996903 0.0462234 0.0636181
    outer loop
      vertex 12.3505 -12.2098 118.753
      vertex 12.3421 -16.192 121.778
      vertex 12.3505 -16.2548 121.692
    endloop
  endfacet
  facet normal 9.68183e-14 -0.809073 0.587708
    outer loop
      vertex 12.3505 -12.2098 118.753
      vertex 12.3505 -11.4558 119.791
      vertex 12.3 -11.8328 119.272
    endloop
  endfacet
  facet normal -0.382655 0.543057 0.747438
    outer loop
      vertex 18.2614 -18.0251 119.255
      vertex 18.2614 -13.98 116.316
      vertex 17.766 -18.1457 119.089
    endloop
  endfacet
  facet normal -0.0786872 0.585971 0.806503
    outer loop
      vertex 16.4 -14.2427 115.955
      vertex 17.0414 -18.2581 118.935
      vertex 17.0414 -14.213 115.996
    endloop
  endfacet
  facet normal -0.0786872 0.585971 0.806503
    outer loop
      vertex 17.0414 -18.2581 118.935
      vertex 16.4 -14.2427 115.955
      vertex 16.4 -18.2878 118.894
    endloop
  endfacet
  facet normal -0.522965 0.501008 0.689564
    outer loop
      vertex 18.2614 -18.0251 119.255
      vertex 18.7185 -17.8604 119.482
      vertex 18.2614 -13.98 116.316
    endloop
  endfacet
  facet normal -0.232856 0.571636 0.786772
    outer loop
      vertex 17.0414 -14.213 115.996
      vertex 17.667 -18.1698 119.056
      vertex 17.667 -14.1247 116.117
    endloop
  endfacet
  facet normal -0.232856 0.571636 0.786772
    outer loop
      vertex 17.667 -18.1698 119.056
      vertex 17.0414 -14.213 115.996
      vertex 17.0414 -18.2581 118.935
    endloop
  endfacet
  facet normal -0.382469 0.543085 0.747513
    outer loop
      vertex 17.667 -14.1247 116.117
      vertex 17.766 -18.1457 119.089
      vertex 18.2614 -13.98 116.316
    endloop
  endfacet
  facet normal -0.381536 0.543329 0.747813
    outer loop
      vertex 17.766 -18.1457 119.089
      vertex 17.667 -14.1247 116.117
      vertex 17.667 -18.1698 119.056
    endloop
  endfacet
  facet normal 0.000554871 -0.809576 0.587014
    outer loop
      vertex 18.2614 -13.98 116.316
      vertex 18.8099 -13.7824 116.588
      vertex 17.667 -14.1247 116.117
    endloop
  endfacet
  facet normal 0.996917 -0.046118 -0.0634747
    outer loop
      vertex 12.3505 -11.4558 119.791
      vertex 12.3505 -15.5009 122.73
      vertex 12.3084 -15.815 122.297
    endloop
  endfacet
  facet normal 0.64944 0.446965 0.615182
    outer loop
      vertex 13.5009 -17.5819 119.865
      vertex 13.9901 -13.7824 116.588
      vertex 13.5009 -13.5368 116.926
    endloop
  endfacet
  facet normal 0.64944 0.446965 0.615182
    outer loop
      vertex 13.9901 -13.7824 116.588
      vertex 13.5009 -17.5819 119.865
      vertex 13.9901 -17.8275 119.527
    endloop
  endfacet
  facet normal 0.000831746 -0.809175 0.587568
    outer loop
      vertex 13.5009 -10.1287 121.617
      vertex 12.7469 -10.7387 120.778
      vertex 12.3505 -11.4558 119.791
    endloop
  endfacet
  facet normal 0.522965 -0.501008 -0.689564
    outer loop
      vertex 14.4472 -13.7635 125.121
      vertex 13.9901 -13.9282 124.894
      vertex 13.9901 -9.8831 121.955
    endloop
  endfacet
  facet normal 0.000405965 -0.809346 0.587332
    outer loop
      vertex 15.133 -9.5408 122.426
      vertex 14.5386 -9.68551 122.227
      vertex 13.5009 -10.1287 121.617
    endloop
  endfacet
  facet normal -0.000246537 -0.809221 0.587504
    outer loop
      vertex 15.133 -14.1247 116.117
      vertex 16.4 -14.2427 115.955
      vertex 13.9901 -13.7824 116.588
    endloop
  endfacet
  facet normal 0.00041301 -0.806764 0.590873
    outer loop
      vertex 15.7586 -14.213 115.996
      vertex 16.4 -14.2427 115.955
      vertex 15.133 -14.1247 116.117
    endloop
  endfacet
  facet normal 0.382655 0.543057 0.747438
    outer loop
      vertex 14.5386 -18.0251 119.255
      vertex 15.034 -18.1457 119.089
      vertex 14.5386 -13.98 116.316
    endloop
  endfacet
  facet normal -0.520691 -0.502057 -0.690521
    outer loop
      vertex 18.2614 -13.7306 125.166
      vertex 18.8099 -9.8831 121.955
      vertex 18.3528 -13.7635 125.121
    endloop
  endfacet
  facet normal -0.52258 -0.501148 -0.689754
    outer loop
      vertex 18.8099 -9.8831 121.955
      vertex 18.2614 -13.7306 125.166
      vertex 18.2614 -9.68551 122.227
    endloop
  endfacet
  facet normal -0.381207 -0.54341 -0.747922
    outer loop
      vertex 18.1623 -13.7065 125.199
      vertex 18.2614 -9.68551 122.227
      vertex 18.2614 -13.7306 125.166
    endloop
  endfacet
  facet normal -0.382477 -0.543078 -0.747515
    outer loop
      vertex 18.2614 -9.68551 122.227
      vertex 18.1623 -13.7065 125.199
      vertex 17.667 -9.5408 122.426
    endloop
  endfacet
  facet normal 0.382721 -0.543041 -0.747416
    outer loop
      vertex 15.133 -9.5408 122.426
      vertex 15.133 -13.5859 125.365
      vertex 14.6377 -13.7065 125.199
    endloop
  endfacet
  facet normal -0.64944 -0.446965 -0.615182
    outer loop
      vertex 19.2991 -10.1287 121.617
      vertex 18.8099 -13.9282 124.894
      vertex 18.8099 -9.8831 121.955
    endloop
  endfacet
  facet normal -0.64944 -0.446965 -0.615182
    outer loop
      vertex 18.8099 -13.9282 124.894
      vertex 19.2991 -10.1287 121.617
      vertex 19.2991 -14.1738 124.556
    endloop
  endfacet
  facet normal 0.923896 0.224897 0.309577
    outer loop
      vertex 12.7058 -16.9137 120.785
      vertex 12.7469 -12.9268 117.766
      vertex 12.5007 -12.5775 118.247
    endloop
  endfacet
  facet normal 0.923478 0.225508 0.310379
    outer loop
      vertex 12.7469 -12.9268 117.766
      vertex 12.7058 -16.9137 120.785
      vertex 12.7469 -16.9719 120.705
    endloop
  endfacet
  facet normal 0.852767 0.307 0.42254
    outer loop
      vertex 12.7469 -16.9719 120.705
      vertex 13.083 -13.2493 117.322
      vertex 12.7469 -12.9268 117.766
    endloop
  endfacet
  facet normal 0.852767 0.307 0.42254
    outer loop
      vertex 13.083 -13.2493 117.322
      vertex 12.7469 -16.9719 120.705
      vertex 13.083 -17.2944 120.261
    endloop
  endfacet
  facet normal 0.852398 -0.307358 -0.423022
    outer loop
      vertex 13.083 -14.4613 124.16
      vertex 12.7469 -10.7387 120.778
      vertex 13.083 -10.4163 121.221
    endloop
  endfacet
  facet normal 0.852423 -0.307329 -0.422993
    outer loop
      vertex 12.7469 -10.7387 120.778
      vertex 13.083 -14.4613 124.16
      vertex 12.7469 -14.7838 123.717
    endloop
  endfacet
  facet normal 0.972496 -0.136912 -0.188435
    outer loop
      vertex 12.4756 -15.1944 123.151
      vertex 12.5007 -11.0881 120.297
      vertex 12.5007 -15.1331 123.236
    endloop
  endfacet
  facet normal 0.972358 -0.137238 -0.188905
    outer loop
      vertex 12.5007 -11.0881 120.297
      vertex 12.4756 -15.1944 123.151
      vertex 12.3505 -11.4558 119.791
    endloop
  endfacet
  facet normal 0.923913 -0.224891 -0.309529
    outer loop
      vertex 12.7469 -10.7387 120.778
      vertex 12.7469 -14.7838 123.717
      vertex 12.5417 -15.0749 123.316
    endloop
  endfacet
  facet normal 0.760484 -0.381687 -0.525336
    outer loop
      vertex 13.5009 -14.1738 124.556
      vertex 13.083 -10.4163 121.221
      vertex 13.5009 -10.1287 121.617
    endloop
  endfacet
  facet normal 0.760446 -0.38172 -0.525368
    outer loop
      vertex 13.083 -10.4163 121.221
      vertex 13.5009 -14.1738 124.556
      vertex 13.083 -14.4613 124.16
    endloop
  endfacet
  facet normal -0.000274799 -0.808795 0.58809
    outer loop
      vertex 14.5386 -9.68551 122.227
      vertex 13.9901 -9.8831 121.955
      vertex 13.5009 -10.1287 121.617
    endloop
  endfacet
  facet normal 0.64944 -0.446965 -0.615182
    outer loop
      vertex 13.9901 -13.9282 124.894
      vertex 13.5009 -10.1287 121.617
      vertex 13.9901 -9.8831 121.955
    endloop
  endfacet
  facet normal 0.64944 -0.446965 -0.615182
    outer loop
      vertex 13.5009 -10.1287 121.617
      vertex 13.9901 -13.9282 124.894
      vertex 13.5009 -14.1738 124.556
    endloop
  endfacet
  facet normal 0.381536 0.543329 0.747813
    outer loop
      vertex 15.133 -14.1247 116.117
      vertex 15.034 -18.1457 119.089
      vertex 15.133 -18.1698 119.056
    endloop
  endfacet
  facet normal 0.382469 0.543085 0.747513
    outer loop
      vertex 15.034 -18.1457 119.089
      vertex 15.133 -14.1247 116.117
      vertex 14.5386 -13.98 116.316
    endloop
  endfacet
  facet normal 0.232856 0.571636 0.786772
    outer loop
      vertex 15.133 -18.1698 119.056
      vertex 15.7586 -14.213 115.996
      vertex 15.133 -14.1247 116.117
    endloop
  endfacet
  facet normal 0.232856 0.571636 0.786772
    outer loop
      vertex 15.7586 -14.213 115.996
      vertex 15.133 -18.1698 119.056
      vertex 15.7586 -18.2581 118.935
    endloop
  endfacet
  facet normal 0.000164759 -0.809016 0.587787
    outer loop
      vertex 13.9901 -13.7824 116.588
      vertex 13.5009 -10.1287 121.617
      vertex 13.083 -13.2493 117.322
    endloop
  endfacet
  facet normal 0 -0.809023 0.587777
    outer loop
      vertex 13.9901 -13.7824 116.588
      vertex 19.2991 -10.1287 121.617
      vertex 13.5009 -10.1287 121.617
    endloop
  endfacet
  facet normal 0 -0.809023 0.587777
    outer loop
      vertex 19.2991 -10.1287 121.617
      vertex 13.9901 -13.7824 116.588
      vertex 18.8099 -13.7824 116.588
    endloop
  endfacet
  facet normal 0.0786872 -0.585973 -0.806501
    outer loop
      vertex 15.7586 -9.45252 122.548
      vertex 16.4 -13.4679 125.528
      vertex 15.7586 -13.4976 125.487
    endloop
  endfacet
  facet normal 0.0786599 -0.585977 -0.806501
    outer loop
      vertex 16.4 -13.4679 125.528
      vertex 15.7586 -9.45252 122.548
      vertex 16.4 -9.42285 122.589
    endloop
  endfacet
  facet normal 0.234045 -0.571468 -0.786541
    outer loop
      vertex 15.133 -9.5408 122.426
      vertex 15.7586 -13.4976 125.487
      vertex 15.133 -13.5859 125.365
    endloop
  endfacet
  facet normal 0.234028 -0.571472 -0.786543
    outer loop
      vertex 15.7586 -13.4976 125.487
      vertex 15.133 -9.5408 122.426
      vertex 15.7586 -9.45252 122.548
    endloop
  endfacet
  facet normal 0.00182199 -0.808706 0.588211
    outer loop
      vertex 12.5007 -12.5775 118.247
      vertex 12.7469 -12.9268 117.766
      vertex 12.3505 -12.2098 118.753
    endloop
  endfacet
  facet normal 0.000210398 -0.809015 0.587788
    outer loop
      vertex 12.7469 -12.9268 117.766
      vertex 13.083 -13.2493 117.322
      vertex 12.3505 -12.2098 118.753
    endloop
  endfacet
  facet normal 0.0786872 0.585971 0.806503
    outer loop
      vertex 15.7586 -18.2581 118.935
      vertex 16.4 -14.2427 115.955
      vertex 15.7586 -14.213 115.996
    endloop
  endfacet
  facet normal 0.0786872 0.585971 0.806503
    outer loop
      vertex 16.4 -14.2427 115.955
      vertex 15.7586 -18.2581 118.935
      vertex 16.4 -18.2878 118.894
    endloop
  endfacet
  facet normal 0.923909 -0.224896 -0.309538
    outer loop
      vertex 12.5417 -15.0749 123.316
      vertex 12.5007 -11.0881 120.297
      vertex 12.7469 -10.7387 120.778
    endloop
  endfacet
  facet normal 0.923808 -0.225044 -0.309732
    outer loop
      vertex 12.5007 -11.0881 120.297
      vertex 12.5417 -15.0749 123.316
      vertex 12.5007 -15.1331 123.236
    endloop
  endfacet
  facet normal -0.00104017 -0.808817 0.58806
    outer loop
      vertex 12.7469 -10.7387 120.778
      vertex 12.5007 -11.0881 120.297
      vertex 12.3505 -11.4558 119.791
    endloop
  endfacet
  facet normal 0.522965 0.501008 0.689564
    outer loop
      vertex 14.5386 -18.0251 119.255
      vertex 14.5386 -13.98 116.316
      vertex 14.0815 -17.8604 119.482
    endloop
  endfacet
  facet normal 0.923979 0.224797 0.3094
    outer loop
      vertex 12.5007 -16.6226 121.186
      vertex 12.7058 -16.9137 120.785
      vertex 12.5007 -12.5775 118.247
    endloop
  endfacet
  facet normal 0.760446 0.381714 0.525373
    outer loop
      vertex 13.083 -17.2944 120.261
      vertex 13.5009 -13.5368 116.926
      vertex 13.083 -13.2493 117.322
    endloop
  endfacet
  facet normal 0.760446 0.381714 0.525373
    outer loop
      vertex 13.5009 -13.5368 116.926
      vertex 13.083 -17.2944 120.261
      vertex 13.5009 -17.5819 119.865
    endloop
  endfacet
  facet normal 0.522586 0.501145 0.689752
    outer loop
      vertex 13.9901 -17.8275 119.527
      vertex 14.5386 -13.98 116.316
      vertex 13.9901 -13.7824 116.588
    endloop
  endfacet
  facet normal 0.520691 0.502057 0.690521
    outer loop
      vertex 14.5386 -13.98 116.316
      vertex 13.9901 -17.8275 119.527
      vertex 14.0815 -17.8604 119.482
    endloop
  endfacet
  facet normal -0.972372 0.137209 0.188855
    outer loop
      vertex 20.2993 -88.2254 14.1262
      vertex 20.4495 -91.9028 17.5713
      vertex 20.4495 -87.8577 14.6324
    endloop
  endfacet
  facet normal -0.972365 0.137229 0.188876
    outer loop
      vertex 20.4495 -91.9028 17.5713
      vertex 20.2993 -88.2254 14.1262
      vertex 20.2993 -92.2705 17.0652
    endloop
  endfacet
  facet normal 0.996912 -0.0461546 -0.063525
    outer loop
      vertex 12.3421 -91.2116 18.5226
      vertex 12.3 -91.5258 18.0902
      vertex 12.3 -87.4807 15.1512
    endloop
  endfacet
  facet normal -0.000107903 -0.809223 0.587502
    outer loop
      vertex 18.2614 -85.3335 18.1067
      vertex 17.667 -85.1888 18.3059
      vertex 16.4 -85.0708 18.4682
    endloop
  endfacet
  facet normal 7.73845e-05 -0.80897 0.587849
    outer loop
      vertex 20.0531 -86.3867 16.6571
      vertex 18.8099 -85.5311 17.8347
      vertex 18.2614 -85.3335 18.1067
    endloop
  endfacet
  facet normal -0.000314949 -0.808851 0.588013
    outer loop
      vertex 13.9901 -85.5311 17.8347
      vertex 13.083 -86.0642 17.1009
      vertex 12.7469 -86.3867 16.6571
    endloop
  endfacet
  facet normal 0.00117533 -0.80924 0.587477
    outer loop
      vertex 20.2993 -88.2254 14.1262
      vertex 20.4495 -87.8577 14.6324
      vertex 20.0531 -88.5748 13.6454
    endloop
  endfacet
  facet normal -0.0787096 -0.585957 -0.806511
    outer loop
      vertex 16.9345 -89.1406 21.3731
      vertex 17.0414 -85.1005 18.4274
      vertex 17.0414 -89.1456 21.3663
    endloop
  endfacet
  facet normal -0.0784372 -0.585974 -0.806525
    outer loop
      vertex 17.0414 -85.1005 18.4274
      vertex 16.9345 -89.1406 21.3731
      vertex 16.4 -85.0708 18.4682
    endloop
  endfacet
  facet normal 0.000462995 -0.80898 0.587836
    outer loop
      vertex 20.4495 -87.8577 14.6324
      vertex 20.2993 -86.736 16.1762
      vertex 20.0531 -86.3867 16.6571
    endloop
  endfacet
  facet normal -0.383293 -0.54283 -0.747276
    outer loop
      vertex 17.667 -89.2338 21.2448
      vertex 18.2614 -85.3335 18.1067
      vertex 17.766 -89.258 21.2116
    endloop
  endfacet
  facet normal -0.382684 -0.543047 -0.747431
    outer loop
      vertex 18.2614 -85.3335 18.1067
      vertex 17.667 -89.2338 21.2448
      vertex 17.667 -85.1888 18.3059
    endloop
  endfacet
  facet normal -0.000152234 -0.80888 0.587974
    outer loop
      vertex 18.8099 -89.4304 12.4678
      vertex 19.2991 -89.1848 12.8058
      vertex 17.667 -89.7727 11.9966
    endloop
  endfacet
  facet normal -0.760436 -0.381712 -0.525388
    outer loop
      vertex 19.717 -86.0642 17.1009
      vertex 19.717 -90.1093 20.0398
      vertex 19.3688 -89.8697 20.3697
    endloop
  endfacet
  facet normal 0.383293 -0.54283 -0.747276
    outer loop
      vertex 14.5386 -85.3335 18.1067
      vertex 15.133 -89.2338 21.2448
      vertex 15.034 -89.258 21.2116
    endloop
  endfacet
  facet normal 0.382684 -0.543047 -0.747431
    outer loop
      vertex 15.133 -89.2338 21.2448
      vertex 14.5386 -85.3335 18.1067
      vertex 15.133 -85.1888 18.3059
    endloop
  endfacet
  facet normal -0.76034 -0.381791 -0.52547
    outer loop
      vertex 19.3688 -89.8697 20.3697
      vertex 19.2991 -85.7767 17.4967
      vertex 19.717 -86.0642 17.1009
    endloop
  endfacet
  facet normal -0.76009 -0.381956 -0.525711
    outer loop
      vertex 19.2991 -85.7767 17.4967
      vertex 19.3688 -89.8697 20.3697
      vertex 19.2991 -89.8217 20.4356
    endloop
  endfacet
  facet normal 9.43393e-06 -0.809022 0.587778
    outer loop
      vertex 20.4495 -87.8577 14.6324
      vertex 20.0531 -86.3867 16.6571
      vertex 17.0414 -89.861 11.8751
    endloop
  endfacet
  facet normal -1.23032e-05 -0.809014 0.58779
    outer loop
      vertex 19.2991 -89.1848 12.8058
      vertex 20.4495 -87.8577 14.6324
      vertex 17.667 -89.7727 11.9966
    endloop
  endfacet
  facet normal 0.996914 0.0461428 0.0635087
    outer loop
      vertex 12.3 -91.5258 18.0902
      vertex 12.3505 -87.8577 14.6324
      vertex 12.3 -87.4807 15.1512
    endloop
  endfacet
  facet normal 0.996915 0.046136 0.0635015
    outer loop
      vertex 12.3505 -87.8577 14.6324
      vertex 12.3 -91.5258 18.0902
      vertex 12.3505 -91.9028 17.5713
    endloop
  endfacet
  facet normal 0.852698 -0.307059 -0.422635
    outer loop
      vertex 13.083 -90.1093 20.0398
      vertex 12.7469 -86.3867 16.6571
      vertex 13.083 -86.0642 17.1009
    endloop
  endfacet
  facet normal 0.852673 -0.307087 -0.422665
    outer loop
      vertex 12.7469 -86.3867 16.6571
      vertex 13.083 -90.1093 20.0398
      vertex 12.7469 -90.4317 19.596
    endloop
  endfacet
  facet normal 2.62565e-06 -0.809019 0.587782
    outer loop
      vertex 20.5 -87.4807 15.1512
      vertex 20.4495 -87.1037 15.6701
      vertex 20.2993 -86.736 16.1762
    endloop
  endfacet
  facet normal 0 -0.809019 0.587782
    outer loop
      vertex 15.7586 -89.861 11.8751
      vertex 20.0531 -86.3867 16.6571
      vertex 12.7469 -86.3867 16.6571
    endloop
  endfacet
  facet normal 0 -0.809019 0.587782
    outer loop
      vertex 20.0531 -86.3867 16.6571
      vertex 15.7586 -89.861 11.8751
      vertex 17.0414 -89.861 11.8751
    endloop
  endfacet
  facet normal -0.923863 0.224957 0.309631
    outer loop
      vertex 20.0531 -92.6199 16.5843
      vertex 20.2583 -92.3287 16.985
      vertex 20.0531 -88.5748 13.6454
    endloop
  endfacet
  facet normal -0.923872 0.224942 0.309614
    outer loop
      vertex 20.2583 -92.3287 16.985
      vertex 20.2993 -88.2254 14.1262
      vertex 20.0531 -88.5748 13.6454
    endloop
  endfacet
  facet normal -0.924029 0.224727 0.309303
    outer loop
      vertex 20.2993 -88.2254 14.1262
      vertex 20.2583 -92.3287 16.985
      vertex 20.2993 -92.2705 17.0652
    endloop
  endfacet
  facet normal -0.996914 0.0461428 0.0635087
    outer loop
      vertex 20.4495 -87.8577 14.6324
      vertex 20.5 -91.5258 18.0902
      vertex 20.5 -87.4807 15.1512
    endloop
  endfacet
  facet normal -0.996915 0.046136 0.0635015
    outer loop
      vertex 20.5 -91.5258 18.0902
      vertex 20.4495 -87.8577 14.6324
      vertex 20.4495 -91.9028 17.5713
    endloop
  endfacet
  facet normal -0.382684 0.543038 0.747437
    outer loop
      vertex 17.667 -89.7727 11.9966
      vertex 18.2614 -93.6731 15.1347
      vertex 18.2614 -89.628 12.1958
    endloop
  endfacet
  facet normal -0.382684 0.543038 0.747437
    outer loop
      vertex 18.2614 -93.6731 15.1347
      vertex 17.667 -89.7727 11.9966
      vertex 17.667 -93.8178 14.9355
    endloop
  endfacet
  facet normal -0.000208619 -0.808976 0.587841
    outer loop
      vertex 20.0531 -88.5748 13.6454
      vertex 20.4495 -87.8577 14.6324
      vertex 19.717 -88.8972 13.2016
    endloop
  endfacet
  facet normal -0.000387351 -0.808983 0.587832
    outer loop
      vertex 12.3505 -87.8577 14.6324
      vertex 12.5007 -86.736 16.1762
      vertex 12.3 -87.4807 15.1512
    endloop
  endfacet
  facet normal -0.522429 -0.50121 -0.689824
    outer loop
      vertex 18.2614 -89.3786 21.0456
      vertex 18.8099 -85.5311 17.8347
      vertex 18.8099 -89.5761 20.7737
    endloop
  endfacet
  facet normal -0.522586 -0.501134 -0.68976
    outer loop
      vertex 18.8099 -85.5311 17.8347
      vertex 18.2614 -89.3786 21.0456
      vertex 18.2614 -85.3335 18.1067
    endloop
  endfacet
  facet normal 0.522429 -0.50121 -0.689824
    outer loop
      vertex 13.9901 -85.5311 17.8347
      vertex 14.5386 -89.3786 21.0456
      vertex 13.9901 -89.5761 20.7737
    endloop
  endfacet
  facet normal 0.522586 -0.501134 -0.68976
    outer loop
      vertex 14.5386 -89.3786 21.0456
      vertex 13.9901 -85.5311 17.8347
      vertex 14.5386 -85.3335 18.1067
    endloop
  endfacet
  facet normal 0.64946 -0.446963 -0.615163
    outer loop
      vertex 13.9901 -85.5311 17.8347
      vertex 13.9901 -89.5761 20.7737
      vertex 13.5824 -89.7808 20.492
    endloop
  endfacet
  facet normal 5.43284e-05 -0.808993 0.587819
    outer loop
      vertex 14.5386 -89.628 12.1958
      vertex 15.133 -89.7727 11.9966
      vertex 13.9901 -89.4304 12.4678
    endloop
  endfacet
  facet normal -0.923877 -0.224941 -0.3096
    outer loop
      vertex 20.2993 -86.736 16.1762
      vertex 20.0531 -90.4317 19.596
      vertex 20.0531 -86.3867 16.6571
    endloop
  endfacet
  facet normal -0.923872 -0.224949 -0.309609
    outer loop
      vertex 20.0531 -90.4317 19.596
      vertex 20.2993 -86.736 16.1762
      vertex 20.2993 -90.7811 19.1152
    endloop
  endfacet
  facet normal -0.852673 0.307085 0.422666
    outer loop
      vertex 19.717 -88.8972 13.2016
      vertex 19.773 -92.8886 16.2145
      vertex 20.0531 -88.5748 13.6454
    endloop
  endfacet
  facet normal -0.852761 0.306998 0.422552
    outer loop
      vertex 19.773 -92.8886 16.2145
      vertex 19.717 -88.8972 13.2016
      vertex 19.717 -92.9423 16.1405
    endloop
  endfacet
  facet normal -0.972354 -0.137256 -0.188913
    outer loop
      vertex 20.4245 -91.0875 18.6934
      vertex 20.2993 -90.7811 19.1152
      vertex 20.2993 -86.736 16.1762
    endloop
  endfacet
  facet normal 9.12525e-05 -0.809161 0.587587
    outer loop
      vertex 16.4 -85.0708 18.4682
      vertex 15.7586 -85.1005 18.4274
      vertex 15.133 -85.1888 18.3059
    endloop
  endfacet
  facet normal 0.0787096 -0.585957 -0.806511
    outer loop
      vertex 15.7586 -85.1005 18.4274
      vertex 15.8655 -89.1406 21.3731
      vertex 15.7586 -89.1456 21.3663
    endloop
  endfacet
  facet normal 0.0784372 -0.585974 -0.806525
    outer loop
      vertex 15.8655 -89.1406 21.3731
      vertex 15.7586 -85.1005 18.4274
      vertex 16.4 -85.0708 18.4682
    endloop
  endfacet
  facet normal 0.000314949 -0.808851 0.588013
    outer loop
      vertex 20.0531 -86.3867 16.6571
      vertex 19.717 -86.0642 17.1009
      vertex 18.8099 -85.5311 17.8347
    endloop
  endfacet
  facet normal 4.23627e-05 -0.809041 0.587752
    outer loop
      vertex 17.667 -89.7727 11.9966
      vertex 20.4495 -87.8577 14.6324
      vertex 17.0414 -89.861 11.8751
    endloop
  endfacet
  facet normal 0.000387351 -0.808983 0.587832
    outer loop
      vertex 20.4495 -87.8577 14.6324
      vertex 20.5 -87.4807 15.1512
      vertex 20.2993 -86.736 16.1762
    endloop
  endfacet
  facet normal -0.760378 0.381752 0.525443
    outer loop
      vertex 19.2991 -89.1848 12.8058
      vertex 19.717 -92.9423 16.1405
      vertex 19.717 -88.8972 13.2016
    endloop
  endfacet
  facet normal -0.760378 0.381752 0.525443
    outer loop
      vertex 19.717 -92.9423 16.1405
      vertex 19.2991 -89.1848 12.8058
      vertex 19.2991 -93.2299 15.7447
    endloop
  endfacet
  facet normal 0.000168061 -0.809068 0.587715
    outer loop
      vertex 19.717 -88.8972 13.2016
      vertex 20.4495 -87.8577 14.6324
      vertex 19.2991 -89.1848 12.8058
    endloop
  endfacet
  facet normal -0.000462995 -0.80898 0.587836
    outer loop
      vertex 12.7469 -86.3867 16.6571
      vertex 12.5007 -86.736 16.1762
      vertex 12.3505 -87.8577 14.6324
    endloop
  endfacet
  facet normal 0.924029 0.224727 0.309303
    outer loop
      vertex 12.5417 -92.3287 16.985
      vertex 12.5007 -88.2254 14.1262
      vertex 12.5007 -92.2705 17.0652
    endloop
  endfacet
  facet normal 0.923872 0.224942 0.309614
    outer loop
      vertex 12.5007 -88.2254 14.1262
      vertex 12.5417 -92.3287 16.985
      vertex 12.7469 -88.5748 13.6454
    endloop
  endfacet
  facet normal -0.852698 -0.307059 -0.422635
    outer loop
      vertex 20.0531 -86.3867 16.6571
      vertex 19.717 -90.1093 20.0398
      vertex 19.717 -86.0642 17.1009
    endloop
  endfacet
  facet normal -0.852673 -0.307087 -0.422665
    outer loop
      vertex 19.717 -90.1093 20.0398
      vertex 20.0531 -86.3867 16.6571
      vertex 20.0531 -90.4317 19.596
    endloop
  endfacet
  facet normal 0.233364 -0.571561 -0.786676
    outer loop
      vertex 15.133 -85.1888 18.3059
      vertex 15.7586 -89.1456 21.3663
      vertex 15.133 -89.2338 21.2448
    endloop
  endfacet
  facet normal 0.233451 -0.571539 -0.786666
    outer loop
      vertex 15.7586 -89.1456 21.3663
      vertex 15.133 -85.1888 18.3059
      vertex 15.7586 -85.1005 18.4274
    endloop
  endfacet
  facet normal 0.000107903 -0.809223 0.587502
    outer loop
      vertex 16.4 -85.0708 18.4682
      vertex 15.133 -85.1888 18.3059
      vertex 14.5386 -85.3335 18.1067
    endloop
  endfacet
  facet normal 0.382655 -0.543045 -0.747447
    outer loop
      vertex 15.034 -89.258 21.2116
      vertex 14.5386 -89.3786 21.0456
      vertex 14.5386 -85.3335 18.1067
    endloop
  endfacet
  facet normal -0.382655 -0.543045 -0.747447
    outer loop
      vertex 18.2614 -85.3335 18.1067
      vertex 18.2614 -89.3786 21.0456
      vertex 17.766 -89.258 21.2116
    endloop
  endfacet
  facet normal 0.972354 -0.137256 -0.188913
    outer loop
      vertex 12.5007 -86.736 16.1762
      vertex 12.5007 -90.7811 19.1152
      vertex 12.3755 -91.0875 18.6934
    endloop
  endfacet
  facet normal 0.64944 -0.44697 -0.615178
    outer loop
      vertex 13.5824 -89.7808 20.492
      vertex 13.5009 -85.7767 17.4967
      vertex 13.9901 -85.5311 17.8347
    endloop
  endfacet
  facet normal 0.649779 -0.446793 -0.61495
    outer loop
      vertex 13.5009 -85.7767 17.4967
      vertex 13.5824 -89.7808 20.492
      vertex 13.5009 -89.8217 20.4356
    endloop
  endfacet
  facet normal 0.0783827 -0.585972 -0.806531
    outer loop
      vertex 16.4 -85.0708 18.4682
      vertex 16.4 -89.1159 21.4071
      vertex 15.8655 -89.1406 21.3731
    endloop
  endfacet
  facet normal -0.0783827 -0.585972 -0.806531
    outer loop
      vertex 16.9345 -89.1406 21.3731
      vertex 16.4 -89.1159 21.4071
      vertex 16.4 -85.0708 18.4682
    endloop
  endfacet
  facet normal -0.522586 0.501134 0.68976
    outer loop
      vertex 18.2614 -89.628 12.1958
      vertex 18.8099 -93.4755 15.4067
      vertex 18.8099 -89.4304 12.4678
    endloop
  endfacet
  facet normal -0.522586 0.501134 0.68976
    outer loop
      vertex 18.8099 -93.4755 15.4067
      vertex 18.2614 -89.628 12.1958
      vertex 18.2614 -93.6731 15.1347
    endloop
  endfacet
  facet normal -5.43284e-05 -0.808993 0.587819
    outer loop
      vertex 18.2614 -89.628 12.1958
      vertex 18.8099 -89.4304 12.4678
      vertex 17.667 -89.7727 11.9966
    endloop
  endfacet
  facet normal -0.233451 0.571539 0.786666
    outer loop
      vertex 17.0414 -89.861 11.8751
      vertex 17.667 -93.8178 14.9355
      vertex 17.667 -89.7727 11.9966
    endloop
  endfacet
  facet normal -0.233451 0.571539 0.786666
    outer loop
      vertex 17.667 -93.8178 14.9355
      vertex 17.0414 -89.861 11.8751
      vertex 17.0414 -93.9061 14.814
    endloop
  endfacet
  facet normal 0 -0.809422 0.587228
    outer loop
      vertex 16.4 -89.8906 11.8343
      vertex 17.0414 -89.861 11.8751
      vertex 15.7586 -89.861 11.8751
    endloop
  endfacet
  facet normal -0.996912 -0.0461546 -0.063525
    outer loop
      vertex 20.5 -87.4807 15.1512
      vertex 20.5 -91.5258 18.0902
      vertex 20.4579 -91.2116 18.5226
    endloop
  endfacet
  facet normal -9.12525e-05 -0.809161 0.587587
    outer loop
      vertex 17.667 -85.1888 18.3059
      vertex 17.0414 -85.1005 18.4274
      vertex 16.4 -85.0708 18.4682
    endloop
  endfacet
  facet normal -0.233364 -0.571561 -0.786676
    outer loop
      vertex 17.0414 -89.1456 21.3663
      vertex 17.667 -85.1888 18.3059
      vertex 17.667 -89.2338 21.2448
    endloop
  endfacet
  facet normal -0.233451 -0.571539 -0.786666
    outer loop
      vertex 17.667 -85.1888 18.3059
      vertex 17.0414 -89.1456 21.3663
      vertex 17.0414 -85.1005 18.4274
    endloop
  endfacet
  facet normal -0.852656 0.307099 0.422691
    outer loop
      vertex 20.0531 -92.6199 16.5843
      vertex 20.0531 -88.5748 13.6454
      vertex 19.773 -92.8886 16.2145
    endloop
  endfacet
  facet normal -0.64944 0.446956 0.615189
    outer loop
      vertex 18.8099 -89.4304 12.4678
      vertex 19.2991 -93.2299 15.7447
      vertex 19.2991 -89.1848 12.8058
    endloop
  endfacet
  facet normal -0.64944 0.446956 0.615189
    outer loop
      vertex 19.2991 -93.2299 15.7447
      vertex 18.8099 -89.4304 12.4678
      vertex 18.8099 -93.4755 15.4067
    endloop
  endfacet
  facet normal 1.23032e-05 -0.809014 0.58779
    outer loop
      vertex 13.5009 -89.1848 12.8058
      vertex 15.133 -89.7727 11.9966
      vertex 12.3505 -87.8577 14.6324
    endloop
  endfacet
  facet normal -0.00117533 -0.80924 0.587477
    outer loop
      vertex 12.5007 -88.2254 14.1262
      vertex 12.7469 -88.5748 13.6454
      vertex 12.3505 -87.8577 14.6324
    endloop
  endfacet
  facet normal -0.000168061 -0.809068 0.587715
    outer loop
      vertex 13.083 -88.8972 13.2016
      vertex 13.5009 -89.1848 12.8058
      vertex 12.3505 -87.8577 14.6324
    endloop
  endfacet
  facet normal -4.23627e-05 -0.809041 0.587752
    outer loop
      vertex 15.133 -89.7727 11.9966
      vertex 15.7586 -89.861 11.8751
      vertex 12.3505 -87.8577 14.6324
    endloop
  endfacet
  facet normal 0.64944 0.446956 0.615189
    outer loop
      vertex 13.5009 -93.2299 15.7447
      vertex 13.9901 -89.4304 12.4678
      vertex 13.5009 -89.1848 12.8058
    endloop
  endfacet
  facet normal 0.64944 0.446956 0.615189
    outer loop
      vertex 13.9901 -89.4304 12.4678
      vertex 13.5009 -93.2299 15.7447
      vertex 13.9901 -93.4755 15.4067
    endloop
  endfacet
  facet normal -0.64946 -0.446963 -0.615163
    outer loop
      vertex 19.2176 -89.7808 20.492
      vertex 18.8099 -89.5761 20.7737
      vertex 18.8099 -85.5311 17.8347
    endloop
  endfacet
  facet normal 0.760436 -0.381712 -0.525388
    outer loop
      vertex 13.4312 -89.8697 20.3697
      vertex 13.083 -90.1093 20.0398
      vertex 13.083 -86.0642 17.1009
    endloop
  endfacet
  facet normal 0.923877 -0.224941 -0.3096
    outer loop
      vertex 12.7469 -90.4317 19.596
      vertex 12.5007 -86.736 16.1762
      vertex 12.7469 -86.3867 16.6571
    endloop
  endfacet
  facet normal 0.923872 -0.224949 -0.309609
    outer loop
      vertex 12.5007 -86.736 16.1762
      vertex 12.7469 -90.4317 19.596
      vertex 12.5007 -90.7811 19.1152
    endloop
  endfacet
  facet normal -9.43393e-06 -0.809022 0.587778
    outer loop
      vertex 15.7586 -89.861 11.8751
      vertex 12.7469 -86.3867 16.6571
      vertex 12.3505 -87.8577 14.6324
    endloop
  endfacet
  facet normal 0.972365 -0.137233 -0.188873
    outer loop
      vertex 12.3755 -91.0875 18.6934
      vertex 12.3505 -87.1037 15.6701
      vertex 12.5007 -86.736 16.1762
    endloop
  endfacet
  facet normal 0.97242 -0.137095 -0.18869
    outer loop
      vertex 12.3505 -87.1037 15.6701
      vertex 12.3755 -91.0875 18.6934
      vertex 12.3505 -91.1488 18.6091
    endloop
  endfacet
  facet normal 0.76009 -0.381956 -0.525711
    outer loop
      vertex 13.4312 -89.8697 20.3697
      vertex 13.5009 -85.7767 17.4967
      vertex 13.5009 -89.8217 20.4356
    endloop
  endfacet
  facet normal 0.76034 -0.381791 -0.52547
    outer loop
      vertex 13.5009 -85.7767 17.4967
      vertex 13.4312 -89.8697 20.3697
      vertex 13.083 -86.0642 17.1009
    endloop
  endfacet
  facet normal 0.000517358 -0.80934 0.58734
    outer loop
      vertex 13.9901 -85.5311 17.8347
      vertex 13.5009 -85.7767 17.4967
      vertex 13.083 -86.0642 17.1009
    endloop
  endfacet
  facet normal 0 -0.809004 0.587802
    outer loop
      vertex 20.0531 -86.3867 16.6571
      vertex 16.4 -85.0708 18.4682
      vertex 12.7469 -86.3867 16.6571
    endloop
  endfacet
  facet normal -3.08213e-05 -0.809034 0.587762
    outer loop
      vertex 20.0531 -86.3867 16.6571
      vertex 18.2614 -85.3335 18.1067
      vertex 16.4 -85.0708 18.4682
    endloop
  endfacet
  facet normal 3.08213e-05 -0.809034 0.587762
    outer loop
      vertex 16.4 -85.0708 18.4682
      vertex 14.5386 -85.3335 18.1067
      vertex 12.7469 -86.3867 16.6571
    endloop
  endfacet
  facet normal -7.73845e-05 -0.80897 0.587849
    outer loop
      vertex 14.5386 -85.3335 18.1067
      vertex 13.9901 -85.5311 17.8347
      vertex 12.7469 -86.3867 16.6571
    endloop
  endfacet
  facet normal -0.972365 -0.137233 -0.188873
    outer loop
      vertex 20.4495 -87.1037 15.6701
      vertex 20.4245 -91.0875 18.6934
      vertex 20.2993 -86.736 16.1762
    endloop
  endfacet
  facet normal -0.97242 -0.137095 -0.18869
    outer loop
      vertex 20.4245 -91.0875 18.6934
      vertex 20.4495 -87.1037 15.6701
      vertex 20.4495 -91.1488 18.6091
    endloop
  endfacet
  facet normal -0.996915 -0.0461344 -0.0635027
    outer loop
      vertex 20.4579 -91.2116 18.5226
      vertex 20.4495 -87.1037 15.6701
      vertex 20.5 -87.4807 15.1512
    endloop
  endfacet
  facet normal -0.996927 -0.0460488 -0.0633794
    outer loop
      vertex 20.4495 -87.1037 15.6701
      vertex 20.4579 -91.2116 18.5226
      vertex 20.4495 -91.1488 18.6091
    endloop
  endfacet
  facet normal 0.000208619 -0.808976 0.587841
    outer loop
      vertex 12.7469 -88.5748 13.6454
      vertex 13.083 -88.8972 13.2016
      vertex 12.3505 -87.8577 14.6324
    endloop
  endfacet
  facet normal 0.972372 0.137209 0.188855
    outer loop
      vertex 12.3505 -91.9028 17.5713
      vertex 12.5007 -88.2254 14.1262
      vertex 12.3505 -87.8577 14.6324
    endloop
  endfacet
  facet normal 0.972365 0.137229 0.188876
    outer loop
      vertex 12.5007 -88.2254 14.1262
      vertex 12.3505 -91.9028 17.5713
      vertex 12.5007 -92.2705 17.0652
    endloop
  endfacet
  facet normal 0.852673 0.307085 0.422666
    outer loop
      vertex 13.027 -92.8886 16.2145
      vertex 13.083 -88.8972 13.2016
      vertex 12.7469 -88.5748 13.6454
    endloop
  endfacet
  facet normal 0.852761 0.306998 0.422552
    outer loop
      vertex 13.083 -88.8972 13.2016
      vertex 13.027 -92.8886 16.2145
      vertex 13.083 -92.9423 16.1405
    endloop
  endfacet
  facet normal 0.923863 0.224957 0.309631
    outer loop
      vertex 12.7469 -92.6199 16.5843
      vertex 12.7469 -88.5748 13.6454
      vertex 12.5417 -92.3287 16.985
    endloop
  endfacet
  facet normal 0.760378 0.381752 0.525443
    outer loop
      vertex 13.083 -92.9423 16.1405
      vertex 13.5009 -89.1848 12.8058
      vertex 13.083 -88.8972 13.2016
    endloop
  endfacet
  facet normal 0.760378 0.381752 0.525443
    outer loop
      vertex 13.5009 -89.1848 12.8058
      vertex 13.083 -92.9423 16.1405
      vertex 13.5009 -93.2299 15.7447
    endloop
  endfacet
  facet normal -0.000517358 -0.80934 0.58734
    outer loop
      vertex 19.717 -86.0642 17.1009
      vertex 19.2991 -85.7767 17.4967
      vertex 18.8099 -85.5311 17.8347
    endloop
  endfacet
  facet normal -0.64944 -0.44697 -0.615178
    outer loop
      vertex 19.2991 -85.7767 17.4967
      vertex 19.2176 -89.7808 20.492
      vertex 18.8099 -85.5311 17.8347
    endloop
  endfacet
  facet normal -0.649779 -0.446793 -0.61495
    outer loop
      vertex 19.2176 -89.7808 20.492
      vertex 19.2991 -85.7767 17.4967
      vertex 19.2991 -89.8217 20.4356
    endloop
  endfacet
  facet normal -2.62565e-06 -0.809019 0.587782
    outer loop
      vertex 12.5007 -86.736 16.1762
      vertex 12.3505 -87.1037 15.6701
      vertex 12.3 -87.4807 15.1512
    endloop
  endfacet
  facet normal 0.996927 -0.0460488 -0.0633794
    outer loop
      vertex 12.3421 -91.2116 18.5226
      vertex 12.3505 -87.1037 15.6701
      vertex 12.3505 -91.1488 18.6091
    endloop
  endfacet
  facet normal 0.996915 -0.0461344 -0.0635027
    outer loop
      vertex 12.3505 -87.1037 15.6701
      vertex 12.3421 -91.2116 18.5226
      vertex 12.3 -87.4807 15.1512
    endloop
  endfacet
  facet normal 0.382684 0.543038 0.747437
    outer loop
      vertex 14.5386 -93.6731 15.1347
      vertex 15.133 -89.7727 11.9966
      vertex 14.5386 -89.628 12.1958
    endloop
  endfacet
  facet normal 0.382684 0.543038 0.747437
    outer loop
      vertex 15.133 -89.7727 11.9966
      vertex 14.5386 -93.6731 15.1347
      vertex 15.133 -93.8178 14.9355
    endloop
  endfacet
  facet normal 0.000152234 -0.80888 0.587974
    outer loop
      vertex 13.9901 -89.4304 12.4678
      vertex 15.133 -89.7727 11.9966
      vertex 13.5009 -89.1848 12.8058
    endloop
  endfacet
  facet normal 0.522586 0.501134 0.68976
    outer loop
      vertex 13.9901 -93.4755 15.4067
      vertex 14.5386 -89.628 12.1958
      vertex 13.9901 -89.4304 12.4678
    endloop
  endfacet
  facet normal 0.522586 0.501134 0.68976
    outer loop
      vertex 14.5386 -89.628 12.1958
      vertex 13.9901 -93.4755 15.4067
      vertex 14.5386 -93.6731 15.1347
    endloop
  endfacet
  facet normal -0.0783464 0.585974 0.806534
    outer loop
      vertex 16.4 -89.8906 11.8343
      vertex 17.0414 -93.9061 14.814
      vertex 17.0414 -89.861 11.8751
    endloop
  endfacet
  facet normal -0.0783464 0.585974 0.806534
    outer loop
      vertex 17.0414 -93.9061 14.814
      vertex 16.4 -89.8906 11.8343
      vertex 16.4 -93.9357 14.7732
    endloop
  endfacet
  facet normal 0.852656 0.307099 0.422691
    outer loop
      vertex 12.7469 -92.6199 16.5843
      vertex 13.027 -92.8886 16.2145
      vertex 12.7469 -88.5748 13.6454
    endloop
  endfacet
  facet normal 0.233451 0.571539 0.786666
    outer loop
      vertex 15.133 -93.8178 14.9355
      vertex 15.7586 -89.861 11.8751
      vertex 15.133 -89.7727 11.9966
    endloop
  endfacet
  facet normal 0.233451 0.571539 0.786666
    outer loop
      vertex 15.7586 -89.861 11.8751
      vertex 15.133 -93.8178 14.9355
      vertex 15.7586 -93.9061 14.814
    endloop
  endfacet
  facet normal 0.0783464 0.585974 0.806534
    outer loop
      vertex 15.7586 -93.9061 14.814
      vertex 16.4 -89.8906 11.8343
      vertex 15.7586 -89.861 11.8751
    endloop
  endfacet
  facet normal 0.0783464 0.585974 0.806534
    outer loop
      vertex 16.4 -89.8906 11.8343
      vertex 15.7586 -93.9061 14.814
      vertex 16.4 -93.9357 14.7732
    endloop
  endfacet
  facet normal 0 0.97237 -0.233443
    outer loop
      vertex -114.4 -9.92613 20.9386
      vertex -116.4 -9.70634 21.8541
      vertex -114.4 -9.70634 21.8541
    endloop
  endfacet
  facet normal 0 0.97237 -0.233443
    outer loop
      vertex -116.4 -9.70634 21.8541
      vertex -114.4 -9.92613 20.9386
      vertex -116.4 -9.92613 20.9386
    endloop
  endfacet
  facet normal 0 0.923873 0.382699
    outer loop
      vertex -114.4 -9.34604 17.2761
      vertex -116.4 -9.70634 18.1459
      vertex -114.4 -9.70634 18.1459
    endloop
  endfacet
  facet normal 0 0.923873 0.382699
    outer loop
      vertex -116.4 -9.70634 18.1459
      vertex -114.4 -9.34604 17.2761
      vertex -116.4 -9.34604 17.2761
    endloop
  endfacet
  facet normal 0 0.852648 -0.522486
    outer loop
      vertex -114.4 -9.34604 22.7239
      vertex -116.4 -8.8541 23.5267
      vertex -114.4 -8.8541 23.5267
    endloop
  endfacet
  facet normal 0 0.852648 -0.522486
    outer loop
      vertex -116.4 -8.8541 23.5267
      vertex -114.4 -9.34604 22.7239
      vertex -116.4 -9.34604 22.7239
    endloop
  endfacet
  facet normal -0 0.522469 0.852658
    outer loop
      vertex -116.4 -6.72394 14.654
      vertex -114.4 -7.52671 15.1459
      vertex -114.4 -6.72394 14.654
    endloop
  endfacet
  facet normal 0 0.522469 0.852658
    outer loop
      vertex -114.4 -7.52671 15.1459
      vertex -116.4 -6.72394 14.654
      vertex -116.4 -7.52671 15.1459
    endloop
  endfacet
  facet normal -0 0.233456 0.972367
    outer loop
      vertex -116.4 -4.93861 14.0739
      vertex -114.4 -5.8541 14.2937
      vertex -114.4 -4.93861 14.0739
    endloop
  endfacet
  facet normal 0 0.233456 0.972367
    outer loop
      vertex -114.4 -5.8541 14.2937
      vertex -116.4 -4.93861 14.0739
      vertex -116.4 -5.8541 14.2937
    endloop
  endfacet
  facet normal 0 0.97237 0.233443
    outer loop
      vertex -114.4 -9.70634 18.1459
      vertex -116.4 -9.92613 19.0614
      vertex -114.4 -9.92613 19.0614
    endloop
  endfacet
  facet normal 0 0.97237 0.233443
    outer loop
      vertex -116.4 -9.92613 19.0614
      vertex -114.4 -9.70634 18.1459
      vertex -116.4 -9.70634 18.1459
    endloop
  endfacet
  facet normal -1 0 0
    outer loop
      vertex -113.4 -2 14
      vertex -113.4 0 26
      vertex -113.4 0 14
    endloop
  endfacet
  facet normal -1 -0 0
    outer loop
      vertex -113.4 0 26
      vertex -113.4 -2 14
      vertex -113.4 -2 26
    endloop
  endfacet
  facet normal 0 0 1
    outer loop
      vertex -113.4 0 14
      vertex -114.4 -2 14
      vertex -113.4 -2 14
    endloop
  endfacet
  facet normal -0 0 1
    outer loop
      vertex -116.4 0 14
      vertex -114.4 -2 14
      vertex -113.4 0 14
    endloop
  endfacet
  facet normal 0 0 1
    outer loop
      vertex -116.4 -4 14
      vertex -114.4 -2 14
      vertex -116.4 0 14
    endloop
  endfacet
  facet normal 0 0 1
    outer loop
      vertex -114.4 -2 14
      vertex -116.4 -4 14
      vertex -114.4 -4 14
    endloop
  endfacet
  facet normal 0 0.382684 -0.923879
    outer loop
      vertex -116.4 -6.72394 25.346
      vertex -114.4 -5.8541 25.7063
      vertex -114.4 -6.72394 25.346
    endloop
  endfacet
  facet normal 0 0.382684 -0.923879
    outer loop
      vertex -114.4 -5.8541 25.7063
      vertex -116.4 -6.72394 25.346
      vertex -116.4 -5.8541 25.7063
    endloop
  endfacet
  facet normal 0 0.233456 -0.972367
    outer loop
      vertex -116.4 -5.8541 25.7063
      vertex -114.4 -4.93861 25.9261
      vertex -114.4 -5.8541 25.7063
    endloop
  endfacet
  facet normal 0 0.233456 -0.972367
    outer loop
      vertex -114.4 -4.93861 25.9261
      vertex -116.4 -5.8541 25.7063
      vertex -116.4 -4.93861 25.9261
    endloop
  endfacet
  facet normal 0 0 -1
    outer loop
      vertex -114.4 -4 26
      vertex -116.4 -4 26
      vertex -114.4 -2 26
    endloop
  endfacet
  facet normal 0 0 -1
    outer loop
      vertex -114.4 -2 26
      vertex -113.4 0 26
      vertex -113.4 -2 26
    endloop
  endfacet
  facet normal 0 0 -1
    outer loop
      vertex -116.4 0 26
      vertex -114.4 -2 26
      vertex -116.4 -4 26
    endloop
  endfacet
  facet normal 0 0 -1
    outer loop
      vertex -114.4 -2 26
      vertex -116.4 0 26
      vertex -113.4 0 26
    endloop
  endfacet
  facet normal 0 0.760394 0.649463
    outer loop
      vertex -114.4 -8.24264 15.7574
      vertex -116.4 -8.8541 16.4733
      vertex -114.4 -8.8541 16.4733
    endloop
  endfacet
  facet normal 0 0.760394 0.649463
    outer loop
      vertex -116.4 -8.8541 16.4733
      vertex -114.4 -8.24264 15.7574
      vertex -116.4 -8.24264 15.7574
    endloop
  endfacet
  facet normal 0 0.760394 -0.649463
    outer loop
      vertex -114.4 -8.8541 23.5267
      vertex -116.4 -8.24264 24.2426
      vertex -114.4 -8.24264 24.2426
    endloop
  endfacet
  facet normal 0 0.760394 -0.649463
    outer loop
      vertex -116.4 -8.24264 24.2426
      vertex -114.4 -8.8541 23.5267
      vertex -116.4 -8.8541 23.5267
    endloop
  endfacet
  facet normal 0 0.996917 0.0784597
    outer loop
      vertex -114.4 -9.92613 19.0614
      vertex -116.4 -10 20
      vertex -114.4 -10 20
    endloop
  endfacet
  facet normal 0 0.996917 0.0784597
    outer loop
      vertex -116.4 -10 20
      vertex -114.4 -9.92613 19.0614
      vertex -116.4 -9.92613 19.0614
    endloop
  endfacet
  facet normal 0 0.996917 -0.0784597
    outer loop
      vertex -114.4 -10 20
      vertex -116.4 -9.92613 20.9386
      vertex -114.4 -9.92613 20.9386
    endloop
  endfacet
  facet normal 0 0.996917 -0.0784597
    outer loop
      vertex -116.4 -9.92613 20.9386
      vertex -114.4 -10 20
      vertex -116.4 -10 20
    endloop
  endfacet
  facet normal 0 0.0784905 -0.996915
    outer loop
      vertex -116.4 -4.93861 25.9261
      vertex -114.4 -4 26
      vertex -114.4 -4.93861 25.9261
    endloop
  endfacet
  facet normal 0 0.0784905 -0.996915
    outer loop
      vertex -114.4 -4 26
      vertex -116.4 -4.93861 25.9261
      vertex -116.4 -4 26
    endloop
  endfacet
  facet normal -0 0.649471 0.760386
    outer loop
      vertex -116.4 -7.52671 15.1459
      vertex -114.4 -8.24264 15.7574
      vertex -114.4 -7.52671 15.1459
    endloop
  endfacet
  facet normal 0 0.649471 0.760386
    outer loop
      vertex -114.4 -8.24264 15.7574
      vertex -116.4 -7.52671 15.1459
      vertex -116.4 -8.24264 15.7574
    endloop
  endfacet
  facet normal 0 0.923873 -0.382699
    outer loop
      vertex -114.4 -9.70634 21.8541
      vertex -116.4 -9.34604 22.7239
      vertex -114.4 -9.34604 22.7239
    endloop
  endfacet
  facet normal 0 0.923873 -0.382699
    outer loop
      vertex -116.4 -9.34604 22.7239
      vertex -114.4 -9.70634 21.8541
      vertex -116.4 -9.70634 21.8541
    endloop
  endfacet
  facet normal -0 0.382684 0.923879
    outer loop
      vertex -116.4 -5.8541 14.2937
      vertex -114.4 -6.72394 14.654
      vertex -114.4 -5.8541 14.2937
    endloop
  endfacet
  facet normal 0 0.382684 0.923879
    outer loop
      vertex -114.4 -6.72394 14.654
      vertex -116.4 -5.8541 14.2937
      vertex -116.4 -6.72394 14.654
    endloop
  endfacet
  facet normal 0 0.522469 -0.852658
    outer loop
      vertex -116.4 -7.52671 24.8541
      vertex -114.4 -6.72394 25.346
      vertex -114.4 -7.52671 24.8541
    endloop
  endfacet
  facet normal 0 0.522469 -0.852658
    outer loop
      vertex -114.4 -6.72394 25.346
      vertex -116.4 -7.52671 24.8541
      vertex -116.4 -6.72394 25.346
    endloop
  endfacet
  facet normal 0 0.852648 0.522486
    outer loop
      vertex -114.4 -8.8541 16.4733
      vertex -116.4 -9.34604 17.2761
      vertex -114.4 -9.34604 17.2761
    endloop
  endfacet
  facet normal 0 0.852648 0.522486
    outer loop
      vertex -116.4 -9.34604 17.2761
      vertex -114.4 -8.8541 16.4733
      vertex -116.4 -8.8541 16.4733
    endloop
  endfacet
  facet normal -0 0.0784905 0.996915
    outer loop
      vertex -116.4 -4 14
      vertex -114.4 -4.93861 14.0739
      vertex -114.4 -4 14
    endloop
  endfacet
  facet normal 0 0.0784905 0.996915
    outer loop
      vertex -114.4 -4.93861 14.0739
      vertex -116.4 -4 14
      vertex -116.4 -4.93861 14.0739
    endloop
  endfacet
  facet normal 0 0.649471 -0.760386
    outer loop
      vertex -116.4 -8.24264 24.2426
      vertex -114.4 -7.52671 24.8541
      vertex -114.4 -8.24264 24.2426
    endloop
  endfacet
  facet normal 0 0.649471 -0.760386
    outer loop
      vertex -114.4 -7.52671 24.8541
      vertex -116.4 -8.24264 24.2426
      vertex -116.4 -7.52671 24.8541
    endloop
  endfacet
  facet normal 0 0.97237 -0.233443
    outer loop
      vertex 116.4 -9.92613 20.9386
      vertex 114.4 -9.70634 21.8541
      vertex 116.4 -9.70634 21.8541
    endloop
  endfacet
  facet normal 0 0.97237 -0.233443
    outer loop
      vertex 114.4 -9.70634 21.8541
      vertex 116.4 -9.92613 20.9386
      vertex 114.4 -9.92613 20.9386
    endloop
  endfacet
  facet normal 1 -0 0
    outer loop
      vertex 113.4 -2 26
      vertex 113.4 0 14
      vertex 113.4 0 26
    endloop
  endfacet
  facet normal 1 0 0
    outer loop
      vertex 113.4 0 14
      vertex 113.4 -2 26
      vertex 113.4 -2 14
    endloop
  endfacet
  facet normal 0 0.923873 0.382699
    outer loop
      vertex 116.4 -9.34604 17.2761
      vertex 114.4 -9.70634 18.1459
      vertex 116.4 -9.70634 18.1459
    endloop
  endfacet
  facet normal 0 0.923873 0.382699
    outer loop
      vertex 114.4 -9.70634 18.1459
      vertex 116.4 -9.34604 17.2761
      vertex 114.4 -9.34604 17.2761
    endloop
  endfacet
  facet normal 0 0.852648 -0.522486
    outer loop
      vertex 116.4 -9.34604 22.7239
      vertex 114.4 -8.8541 23.5267
      vertex 116.4 -8.8541 23.5267
    endloop
  endfacet
  facet normal 0 0.852648 -0.522486
    outer loop
      vertex 114.4 -8.8541 23.5267
      vertex 116.4 -9.34604 22.7239
      vertex 114.4 -9.34604 22.7239
    endloop
  endfacet
  facet normal -0 0.522469 0.852658
    outer loop
      vertex 114.4 -6.72394 14.654
      vertex 116.4 -7.52671 15.1459
      vertex 116.4 -6.72394 14.654
    endloop
  endfacet
  facet normal 0 0.522469 0.852658
    outer loop
      vertex 116.4 -7.52671 15.1459
      vertex 114.4 -6.72394 14.654
      vertex 114.4 -7.52671 15.1459
    endloop
  endfacet
  facet normal -0 0.233456 0.972367
    outer loop
      vertex 114.4 -4.93861 14.0739
      vertex 116.4 -5.8541 14.2937
      vertex 116.4 -4.93861 14.0739
    endloop
  endfacet
  facet normal 0 0.233456 0.972367
    outer loop
      vertex 116.4 -5.8541 14.2937
      vertex 114.4 -4.93861 14.0739
      vertex 114.4 -5.8541 14.2937
    endloop
  endfacet
  facet normal 0 0.97237 0.233443
    outer loop
      vertex 116.4 -9.70634 18.1459
      vertex 114.4 -9.92613 19.0614
      vertex 116.4 -9.92613 19.0614
    endloop
  endfacet
  facet normal 0 0.97237 0.233443
    outer loop
      vertex 114.4 -9.92613 19.0614
      vertex 116.4 -9.70634 18.1459
      vertex 114.4 -9.70634 18.1459
    endloop
  endfacet
  facet normal 0 0 1
    outer loop
      vertex 116.4 0 14
      vertex 114.4 -2 14
      vertex 116.4 -4 14
    endloop
  endfacet
  facet normal -0 0 1
    outer loop
      vertex 113.4 0 14
      vertex 114.4 -2 14
      vertex 116.4 0 14
    endloop
  endfacet
  facet normal 0 0 1
    outer loop
      vertex 114.4 -2 14
      vertex 113.4 0 14
      vertex 113.4 -2 14
    endloop
  endfacet
  facet normal 0 0 1
    outer loop
      vertex 116.4 -4 14
      vertex 114.4 -2 14
      vertex 114.4 -4 14
    endloop
  endfacet
  facet normal 0 0.382684 -0.923879
    outer loop
      vertex 114.4 -6.72394 25.346
      vertex 116.4 -5.8541 25.7063
      vertex 116.4 -6.72394 25.346
    endloop
  endfacet
  facet normal 0 0.382684 -0.923879
    outer loop
      vertex 116.4 -5.8541 25.7063
      vertex 114.4 -6.72394 25.346
      vertex 114.4 -5.8541 25.7063
    endloop
  endfacet
  facet normal 0 0.233456 -0.972367
    outer loop
      vertex 114.4 -5.8541 25.7063
      vertex 116.4 -4.93861 25.9261
      vertex 116.4 -5.8541 25.7063
    endloop
  endfacet
  facet normal 0 0.233456 -0.972367
    outer loop
      vertex 116.4 -4.93861 25.9261
      vertex 114.4 -5.8541 25.7063
      vertex 114.4 -4.93861 25.9261
    endloop
  endfacet
  facet normal 0 0 -1
    outer loop
      vertex 114.4 -2 26
      vertex 116.4 -4 26
      vertex 114.4 -4 26
    endloop
  endfacet
  facet normal 0 0 -1
    outer loop
      vertex 116.4 -4 26
      vertex 114.4 -2 26
      vertex 116.4 0 26
    endloop
  endfacet
  facet normal 0 0 -1
    outer loop
      vertex 113.4 0 26
      vertex 114.4 -2 26
      vertex 113.4 -2 26
    endloop
  endfacet
  facet normal 0 0 -1
    outer loop
      vertex 114.4 -2 26
      vertex 113.4 0 26
      vertex 116.4 0 26
    endloop
  endfacet
  facet normal 0 0.760394 0.649463
    outer loop
      vertex 116.4 -8.24264 15.7574
      vertex 114.4 -8.8541 16.4733
      vertex 116.4 -8.8541 16.4733
    endloop
  endfacet
  facet normal 0 0.760394 0.649463
    outer loop
      vertex 114.4 -8.8541 16.4733
      vertex 116.4 -8.24264 15.7574
      vertex 114.4 -8.24264 15.7574
    endloop
  endfacet
  facet normal 0 0.760394 -0.649463
    outer loop
      vertex 116.4 -8.8541 23.5267
      vertex 114.4 -8.24264 24.2426
      vertex 116.4 -8.24264 24.2426
    endloop
  endfacet
  facet normal 0 0.760394 -0.649463
    outer loop
      vertex 114.4 -8.24264 24.2426
      vertex 116.4 -8.8541 23.5267
      vertex 114.4 -8.8541 23.5267
    endloop
  endfacet
  facet normal 0 0.996917 0.0784597
    outer loop
      vertex 116.4 -9.92613 19.0614
      vertex 114.4 -10 20
      vertex 116.4 -10 20
    endloop
  endfacet
  facet normal 0 0.996917 0.0784597
    outer loop
      vertex 114.4 -10 20
      vertex 116.4 -9.92613 19.0614
      vertex 114.4 -9.92613 19.0614
    endloop
  endfacet
  facet normal 0 0.996917 -0.0784597
    outer loop
      vertex 116.4 -10 20
      vertex 114.4 -9.92613 20.9386
      vertex 116.4 -9.92613 20.9386
    endloop
  endfacet
  facet normal 0 0.996917 -0.0784597
    outer loop
      vertex 114.4 -9.92613 20.9386
      vertex 116.4 -10 20
      vertex 114.4 -10 20
    endloop
  endfacet
  facet normal 0 0.0784905 -0.996915
    outer loop
      vertex 114.4 -4.93861 25.9261
      vertex 116.4 -4 26
      vertex 116.4 -4.93861 25.9261
    endloop
  endfacet
  facet normal 0 0.0784905 -0.996915
    outer loop
      vertex 116.4 -4 26
      vertex 114.4 -4.93861 25.9261
      vertex 114.4 -4 26
    endloop
  endfacet
  facet normal -0 0.649471 0.760386
    outer loop
      vertex 114.4 -7.52671 15.1459
      vertex 116.4 -8.24264 15.7574
      vertex 116.4 -7.52671 15.1459
    endloop
  endfacet
  facet normal 0 0.649471 0.760386
    outer loop
      vertex 116.4 -8.24264 15.7574
      vertex 114.4 -7.52671 15.1459
      vertex 114.4 -8.24264 15.7574
    endloop
  endfacet
  facet normal 0 0.923873 -0.382699
    outer loop
      vertex 116.4 -9.70634 21.8541
      vertex 114.4 -9.34604 22.7239
      vertex 116.4 -9.34604 22.7239
    endloop
  endfacet
  facet normal 0 0.923873 -0.382699
    outer loop
      vertex 114.4 -9.34604 22.7239
      vertex 116.4 -9.70634 21.8541
      vertex 114.4 -9.70634 21.8541
    endloop
  endfacet
  facet normal -0 0.382684 0.923879
    outer loop
      vertex 114.4 -5.8541 14.2937
      vertex 116.4 -6.72394 14.654
      vertex 116.4 -5.8541 14.2937
    endloop
  endfacet
  facet normal 0 0.382684 0.923879
    outer loop
      vertex 116.4 -6.72394 14.654
      vertex 114.4 -5.8541 14.2937
      vertex 114.4 -6.72394 14.654
    endloop
  endfacet
  facet normal 0 0.522469 -0.852658
    outer loop
      vertex 114.4 -7.52671 24.8541
      vertex 116.4 -6.72394 25.346
      vertex 116.4 -7.52671 24.8541
    endloop
  endfacet
  facet normal 0 0.522469 -0.852658
    outer loop
      vertex 116.4 -6.72394 25.346
      vertex 114.4 -7.52671 24.8541
      vertex 114.4 -6.72394 25.346
    endloop
  endfacet
  facet normal 0 0.852648 0.522486
    outer loop
      vertex 116.4 -8.8541 16.4733
      vertex 114.4 -9.34604 17.2761
      vertex 116.4 -9.34604 17.2761
    endloop
  endfacet
  facet normal 0 0.852648 0.522486
    outer loop
      vertex 114.4 -9.34604 17.2761
      vertex 116.4 -8.8541 16.4733
      vertex 114.4 -8.8541 16.4733
    endloop
  endfacet
  facet normal -0 0.0784905 0.996915
    outer loop
      vertex 114.4 -4 14
      vertex 116.4 -4.93861 14.0739
      vertex 116.4 -4 14
    endloop
  endfacet
  facet normal 0 0.0784905 0.996915
    outer loop
      vertex 116.4 -4.93861 14.0739
      vertex 114.4 -4 14
      vertex 114.4 -4.93861 14.0739
    endloop
  endfacet
  facet normal 0 0.649471 -0.760386
    outer loop
      vertex 114.4 -8.24264 24.2426
      vertex 116.4 -7.52671 24.8541
      vertex 116.4 -8.24264 24.2426
    endloop
  endfacet
  facet normal 0 0.649471 -0.760386
    outer loop
      vertex 116.4 -7.52671 24.8541
      vertex 114.4 -8.24264 24.2426
      vertex 114.4 -7.52671 24.8541
    endloop
  endfacet
  facet normal 0 0.587738 0.809052
    outer loop
      vertex -8.4 -83.8226 21.8876
      vertex -24.4 -83.8226 21.8876
      vertex -8.4 -84.6316 22.4753
    endloop
  endfacet
  facet normal 0 0.587738 0.809052
    outer loop
      vertex 24.4 -83.8226 21.8876
      vertex 8.4 -83.8226 21.8876
      vertex 24.4 -84.6316 22.4753
    endloop
  endfacet
  facet normal -0 0.587803 0.809004
    outer loop
      vertex 24.4 -84.6316 22.4753
      vertex 74.175 -87.0586 24.2387
      vertex 74.175 -84.6316 22.4753
    endloop
  endfacet
  facet normal -0 0.587738 0.809052
    outer loop
      vertex 8.4 -84.6316 22.4753
      vertex 24.4 -84.6316 22.4753
      vertex 8.4 -83.8226 21.8876
    endloop
  endfacet
  facet normal -0 0.587803 0.809004
    outer loop
      vertex 8.4 -84.6316 22.4753
      vertex 74.175 -87.0586 24.2387
      vertex 24.4 -84.6316 22.4753
    endloop
  endfacet
  facet normal -0 0.587803 0.809004
    outer loop
      vertex -8.4 -84.6316 22.4753
      vertex 74.175 -87.0586 24.2387
      vertex 8.4 -84.6316 22.4753
    endloop
  endfacet
  facet normal -0 0.587738 0.809052
    outer loop
      vertex -24.4 -84.6316 22.4753
      vertex -8.4 -84.6316 22.4753
      vertex -24.4 -83.8226 21.8876
    endloop
  endfacet
  facet normal 0 0.587803 0.809004
    outer loop
      vertex -74.175 -87.0586 24.2387
      vertex -8.4 -84.6316 22.4753
      vertex -24.4 -84.6316 22.4753
    endloop
  endfacet
  facet normal 0 0.587803 0.809004
    outer loop
      vertex -74.175 -87.0586 24.2387
      vertex -24.4 -84.6316 22.4753
      vertex -74.175 -84.6316 22.4753
    endloop
  endfacet
  facet normal 0 0.587803 0.809004
    outer loop
      vertex -8.4 -84.6316 22.4753
      vertex -74.175 -87.0586 24.2387
      vertex 74.175 -87.0586 24.2387
    endloop
  endfacet
  facet normal -1 0 0
    outer loop
      vertex 74.175 -87.0586 24.2387
      vertex 74.175 -18.1973 113.914
      vertex 74.175 -84.6316 22.4753
    endloop
  endfacet
  facet normal -1 -0 0
    outer loop
      vertex 74.175 -18.1973 113.914
      vertex 74.175 -87.0586 24.2387
      vertex 74.175 -20.345 116.062
    endloop
  endfacet
  facet normal 0 -0.707107 -0.707107
    outer loop
      vertex 8.4 -17.4813 113.198
      vertex 24.4 -18.1973 113.914
      vertex 8.4 -18.1973 113.914
    endloop
  endfacet
  facet normal 0 -0.707107 -0.707107
    outer loop
      vertex 24.4 -18.1973 113.914
      vertex 8.4 -17.4813 113.198
      vertex 24.4 -17.4813 113.198
    endloop
  endfacet
  facet normal 0 -0.707107 -0.707107
    outer loop
      vertex -24.4 -17.4813 113.198
      vertex -8.4 -18.1973 113.914
      vertex -24.4 -18.1973 113.914
    endloop
  endfacet
  facet normal 0 -0.707107 -0.707107
    outer loop
      vertex -8.4 -18.1973 113.914
      vertex -24.4 -17.4813 113.198
      vertex -8.4 -17.4813 113.198
    endloop
  endfacet
  facet normal -0 -0.707156 -0.707057
    outer loop
      vertex -24.4 -18.1973 113.914
      vertex -74.175 -20.345 116.062
      vertex -74.175 -18.1973 113.914
    endloop
  endfacet
  facet normal -0 -0.707156 -0.707057
    outer loop
      vertex -8.4 -18.1973 113.914
      vertex -74.175 -20.345 116.062
      vertex -24.4 -18.1973 113.914
    endloop
  endfacet
  facet normal 0 -0.707156 -0.707057
    outer loop
      vertex -74.175 -20.345 116.062
      vertex -8.4 -18.1973 113.914
      vertex 74.175 -20.345 116.062
    endloop
  endfacet
  facet normal -0 -0.707156 -0.707057
    outer loop
      vertex 8.4 -18.1973 113.914
      vertex 74.175 -20.345 116.062
      vertex -8.4 -18.1973 113.914
    endloop
  endfacet
  facet normal -0 -0.707156 -0.707057
    outer loop
      vertex 24.4 -18.1973 113.914
      vertex 74.175 -20.345 116.062
      vertex 8.4 -18.1973 113.914
    endloop
  endfacet
  facet normal 0 -0.707156 -0.707057
    outer loop
      vertex 74.175 -20.345 116.062
      vertex 24.4 -18.1973 113.914
      vertex 74.175 -18.1973 113.914
    endloop
  endfacet
  facet normal 0 -0.809028 0.58777
    outer loop
      vertex -24.4 -83.8226 21.8876
      vertex -8.4 -83.5875 22.2112
      vertex -24.4 -83.5875 22.2112
    endloop
  endfacet
  facet normal 0 -0.809028 0.58777
    outer loop
      vertex -8.4 -83.5875 22.2112
      vertex -24.4 -83.8226 21.8876
      vertex -8.4 -83.8226 21.8876
    endloop
  endfacet
  facet normal 0 -0.809028 0.58777
    outer loop
      vertex 8.4 -83.8226 21.8876
      vertex 24.4 -83.5875 22.2112
      vertex 8.4 -83.5875 22.2112
    endloop
  endfacet
  facet normal 0 -0.809028 0.58777
    outer loop
      vertex 24.4 -83.5875 22.2112
      vertex 8.4 -83.8226 21.8876
      vertex 24.4 -83.8226 21.8876
    endloop
  endfacet
  facet normal 0 -0.808542 0.588439
    outer loop
      vertex -24.4 -17.7171 112.874
      vertex -8.4 -17.4813 113.198
      vertex -24.4 -17.4813 113.198
    endloop
  endfacet
  facet normal 0 -0.808542 0.588439
    outer loop
      vertex -8.4 -17.4813 113.198
      vertex -24.4 -17.7171 112.874
      vertex -8.4 -17.7171 112.874
    endloop
  endfacet
  facet normal 0 -0.808542 0.588439
    outer loop
      vertex 8.4 -17.7171 112.874
      vertex 24.4 -17.4813 113.198
      vertex 8.4 -17.4813 113.198
    endloop
  endfacet
  facet normal 0 -0.808542 0.588439
    outer loop
      vertex 24.4 -17.4813 113.198
      vertex 8.4 -17.7171 112.874
      vertex 24.4 -17.7171 112.874
    endloop
  endfacet
  facet normal 1 0 0
    outer loop
      vertex -74.175 -87.0586 24.2387
      vertex -74.175 -18.1973 113.914
      vertex -74.175 -20.345 116.062
    endloop
  endfacet
  facet normal 1 0 0
    outer loop
      vertex -74.175 -18.1973 113.914
      vertex -74.175 -87.0586 24.2387
      vertex -74.175 -84.6316 22.4753
    endloop
  endfacet
endsolid OpenSCAD_Model
