solid OpenSCAD_Model
  facet normal 0.0654873 -0.997853 0
    outer loop
      vertex 33.1 -34.55 0
      vertex 33.4916 -34.5243 4.6
      vertex 33.1 -34.55 4.6
    endloop
  endfacet
  facet normal 0.0654873 -0.997853 0
    outer loop
      vertex 33.4916 -34.5243 4.6
      vertex 33.1 -34.55 0
      vertex 33.4916 -34.5243 0
    endloop
  endfacet
  facet normal 0.321574 -0.946885 0
    outer loop
      vertex 33.8764 -34.4478 0
      vertex 34.248 -34.3216 4.6
      vertex 33.8764 -34.4478 4.6
    endloop
  endfacet
  facet normal 0.321574 -0.946885 0
    outer loop
      vertex 34.248 -34.3216 4.6
      vertex 33.8764 -34.4478 0
      vertex 34.248 -34.3216 0
    endloop
  endfacet
  facet normal 0 -1 0
    outer loop
      vertex -33.1 -34.55 0
      vertex 33.1 -34.55 4.6
      vertex -33.1 -34.55 4.6
    endloop
  endfacet
  facet normal 0 -1 -0
    outer loop
      vertex 33.1 -34.55 4.6
      vertex -33.1 -34.55 0
      vertex 33.1 -34.55 0
    endloop
  endfacet
  facet normal 0.194989 -0.980806 0
    outer loop
      vertex 33.4916 -34.5243 0
      vertex 33.8764 -34.4478 4.6
      vertex 33.4916 -34.5243 4.6
    endloop
  endfacet
  facet normal 0.194989 -0.980806 0
    outer loop
      vertex 33.8764 -34.4478 4.6
      vertex 33.4916 -34.5243 0
      vertex 33.8764 -34.4478 0
    endloop
  endfacet
  facet normal 0.44211 -0.896961 0
    outer loop
      vertex 34.248 -34.3216 0
      vertex 34.6 -34.1481 4.6
      vertex 34.248 -34.3216 4.6
    endloop
  endfacet
  facet normal 0.44211 -0.896961 0
    outer loop
      vertex 34.6 -34.1481 4.6
      vertex 34.248 -34.3216 0
      vertex 34.6 -34.1481 0
    endloop
  endfacet
  facet normal -0.659478 -0.751724 0
    outer loop
      vertex -35.2213 -33.6713 0
      vertex -34.9263 -33.9301 4.6
      vertex -35.2213 -33.6713 4.6
    endloop
  endfacet
  facet normal -0.659478 -0.751724 -0
    outer loop
      vertex -34.9263 -33.9301 4.6
      vertex -35.2213 -33.6713 0
      vertex -34.9263 -33.9301 0
    endloop
  endfacet
  facet normal -1 0 0
    outer loop
      vertex -36.1 -31.55 0
      vertex -36.1 31.55 4.6
      vertex -36.1 31.55 0
    endloop
  endfacet
  facet normal -1 -0 0
    outer loop
      vertex -36.1 31.55 4.6
      vertex -36.1 -31.55 0
      vertex -36.1 -31.55 4.6
    endloop
  endfacet
  facet normal -0.946885 -0.321574 0
    outer loop
      vertex -35.8716 -32.698 0
      vertex -35.9978 -32.3264 4.6
      vertex -35.9978 -32.3264 0
    endloop
  endfacet
  facet normal -0.946885 -0.321574 0
    outer loop
      vertex -35.9978 -32.3264 4.6
      vertex -35.8716 -32.698 0
      vertex -35.8716 -32.698 4.6
    endloop
  endfacet
  facet normal -0 0 1
    outer loop
      vertex -28.8693 25.7233 1.2
      vertex -26.832 24.55 1.2
      vertex -28.5251 26.0251 1.2
    endloop
  endfacet
  facet normal 0 0 1
    outer loop
      vertex -27.1 -23.55 1.2
      vertex -27.5299 -28.0432 1.2
      vertex -27.5 -28.5 1.2
    endloop
  endfacet
  facet normal 0 0 1
    outer loop
      vertex -26.832 24.55 1.2
      vertex -28.8693 25.7233 1.2
      vertex -26.9478 24.3154 1.2
    endloop
  endfacet
  facet normal 0 0 1
    outer loop
      vertex -27.1 -23.55 1.2
      vertex -27.6193 -27.5941 1.2
      vertex -27.5299 -28.0432 1.2
    endloop
  endfacet
  facet normal 0 0 1
    outer loop
      vertex -26.9478 24.3154 1.2
      vertex -28.8693 25.7233 1.2
      vertex -27.0318 24.0676 1.2
    endloop
  endfacet
  facet normal 0 0 1
    outer loop
      vertex -27.1 -23.55 1.2
      vertex -27.7664 -27.1606 1.2
      vertex -27.6193 -27.5941 1.2
    endloop
  endfacet
  facet normal -0 0 1
    outer loop
      vertex -29.25 25.4689 1.2
      vertex -27.0318 24.0676 1.2
      vertex -28.8693 25.7233 1.2
    endloop
  endfacet
  facet normal 0 0 1
    outer loop
      vertex -27.1 -23.55 1.2
      vertex -27.9689 -26.75 1.2
      vertex -27.7664 -27.1606 1.2
    endloop
  endfacet
  facet normal 0 0 1
    outer loop
      vertex -27.0318 24.0676 1.2
      vertex -29.25 25.4689 1.2
      vertex -27.0829 23.811 1.2
    endloop
  endfacet
  facet normal 0 0 1
    outer loop
      vertex -27.1 -23.55 1.2
      vertex -28.2233 -26.3693 1.2
      vertex -27.9689 -26.75 1.2
    endloop
  endfacet
  facet normal -0 0 1
    outer loop
      vertex -29.6606 25.2664 1.2
      vertex -27.0829 23.811 1.2
      vertex -29.25 25.4689 1.2
    endloop
  endfacet
  facet normal 0 0 1
    outer loop
      vertex -27.1 -23.55 1.2
      vertex -28.5251 -26.0251 1.2
      vertex -28.2233 -26.3693 1.2
    endloop
  endfacet
  facet normal 0 0 1
    outer loop
      vertex -27.0829 23.811 1.2
      vertex -29.6606 25.2664 1.2
      vertex -27.1 23.55 1.2
    endloop
  endfacet
  facet normal 0 0 1
    outer loop
      vertex -27.1 -23.55 1.2
      vertex -28.8693 -25.7233 1.2
      vertex -28.5251 -26.0251 1.2
    endloop
  endfacet
  facet normal -0 0 1
    outer loop
      vertex -30.0941 25.1193 1.2
      vertex -27.1 23.55 1.2
      vertex -29.6606 25.2664 1.2
    endloop
  endfacet
  facet normal 0 0 1
    outer loop
      vertex -27.1 -23.55 1.2
      vertex -29.25 -25.4689 1.2
      vertex -28.8693 -25.7233 1.2
    endloop
  endfacet
  facet normal -0 0 1
    outer loop
      vertex -30.5432 25.0299 1.2
      vertex -27.1 23.55 1.2
      vertex -30.0941 25.1193 1.2
    endloop
  endfacet
  facet normal 0 0 1
    outer loop
      vertex -27.1 -23.55 1.2
      vertex -29.6606 -25.2664 1.2
      vertex -29.25 -25.4689 1.2
    endloop
  endfacet
  facet normal -0 0 1
    outer loop
      vertex -31 25 1.2
      vertex -27.1 23.55 1.2
      vertex -30.5432 25.0299 1.2
    endloop
  endfacet
  facet normal 0 0 1
    outer loop
      vertex -27.1 -23.55 1.2
      vertex -30.0941 -25.1193 1.2
      vertex -29.6606 -25.2664 1.2
    endloop
  endfacet
  facet normal 0 0 1
    outer loop
      vertex -31.4568 25.0299 1.2
      vertex -27.1 23.55 1.2
      vertex -31 25 1.2
    endloop
  endfacet
  facet normal 0 0 1
    outer loop
      vertex -27.1 -23.55 1.2
      vertex -30.5432 -25.0299 1.2
      vertex -30.0941 -25.1193 1.2
    endloop
  endfacet
  facet normal 0 0 1
    outer loop
      vertex -31.9059 25.1193 1.2
      vertex -27.1 23.55 1.2
      vertex -31.4568 25.0299 1.2
    endloop
  endfacet
  facet normal 0 0 1
    outer loop
      vertex -27.1 -23.55 1.2
      vertex -31 -25 1.2
      vertex -30.5432 -25.0299 1.2
    endloop
  endfacet
  facet normal 0 0 1
    outer loop
      vertex -27.1 23.55 1.2
      vertex -31.9059 25.1193 1.2
      vertex -27.1 -23.55 1.2
    endloop
  endfacet
  facet normal 0 0 1
    outer loop
      vertex -27.1 -23.55 1.2
      vertex -31.4568 -25.0299 1.2
      vertex -31 -25 1.2
    endloop
  endfacet
  facet normal 0 0 1
    outer loop
      vertex -31.9059 -25.1193 1.2
      vertex -27.1 -23.55 1.2
      vertex -31.9059 25.1193 1.2
    endloop
  endfacet
  facet normal 0 0 1
    outer loop
      vertex -27.1 -23.55 1.2
      vertex -31.9059 -25.1193 1.2
      vertex -31.4568 -25.0299 1.2
    endloop
  endfacet
  facet normal 0 0 1
    outer loop
      vertex -32.3394 25.2664 1.2
      vertex -31.9059 -25.1193 1.2
      vertex -31.9059 25.1193 1.2
    endloop
  endfacet
  facet normal 0 0 1
    outer loop
      vertex -32.3394 25.2664 1.2
      vertex -32.3394 -25.2664 1.2
      vertex -31.9059 -25.1193 1.2
    endloop
  endfacet
  facet normal 0 0 1
    outer loop
      vertex -32.75 25.4689 1.2
      vertex -32.3394 -25.2664 1.2
      vertex -32.3394 25.2664 1.2
    endloop
  endfacet
  facet normal 0 0 1
    outer loop
      vertex -32.75 25.4689 1.2
      vertex -32.75 -25.4689 1.2
      vertex -32.3394 -25.2664 1.2
    endloop
  endfacet
  facet normal 0 0 1
    outer loop
      vertex -33.1307 25.7233 1.2
      vertex -32.75 -25.4689 1.2
      vertex -32.75 25.4689 1.2
    endloop
  endfacet
  facet normal 0 0 1
    outer loop
      vertex -33.1307 25.7233 1.2
      vertex -33.1307 -25.7233 1.2
      vertex -32.75 -25.4689 1.2
    endloop
  endfacet
  facet normal 0 0 1
    outer loop
      vertex -33.4749 26.0251 1.2
      vertex -33.1307 -25.7233 1.2
      vertex -33.1307 25.7233 1.2
    endloop
  endfacet
  facet normal 0 0 1
    outer loop
      vertex -33.4749 26.0251 1.2
      vertex -33.4749 -26.0251 1.2
      vertex -33.1307 -25.7233 1.2
    endloop
  endfacet
  facet normal 0 0 1
    outer loop
      vertex -33.7767 26.3693 1.2
      vertex -33.4749 -26.0251 1.2
      vertex -33.4749 26.0251 1.2
    endloop
  endfacet
  facet normal 0 0 1
    outer loop
      vertex -33.7767 26.3693 1.2
      vertex -33.7767 -26.3693 1.2
      vertex -33.4749 -26.0251 1.2
    endloop
  endfacet
  facet normal 0 0 1
    outer loop
      vertex -34.0311 26.75 1.2
      vertex -33.7767 -26.3693 1.2
      vertex -33.7767 26.3693 1.2
    endloop
  endfacet
  facet normal 0 0 1
    outer loop
      vertex -34.0311 26.75 1.2
      vertex -34.0311 -26.75 1.2
      vertex -33.7767 -26.3693 1.2
    endloop
  endfacet
  facet normal 0 0 1
    outer loop
      vertex -34.1 26.8897 1.2
      vertex -34.0311 -26.75 1.2
      vertex -34.0311 26.75 1.2
    endloop
  endfacet
  facet normal 0 0 1
    outer loop
      vertex -34.0311 -26.75 1.2
      vertex -34.1 26.8897 1.2
      vertex -34.1 -26.8897 1.2
    endloop
  endfacet
  facet normal 0 0 1
    outer loop
      vertex 34.1 32.55 1.2
      vertex 34.0311 30.25 1.2
      vertex 34.1 30.1103 1.2
    endloop
  endfacet
  facet normal 0 0 1
    outer loop
      vertex 34.1 32.55 1.2
      vertex 33.7767 30.6307 1.2
      vertex 34.0311 30.25 1.2
    endloop
  endfacet
  facet normal 0 0 1
    outer loop
      vertex 34.1 32.55 1.2
      vertex 33.4749 30.9749 1.2
      vertex 33.7767 30.6307 1.2
    endloop
  endfacet
  facet normal 0 0 1
    outer loop
      vertex 34.1 32.55 1.2
      vertex 33.1307 31.2767 1.2
      vertex 33.4749 30.9749 1.2
    endloop
  endfacet
  facet normal 0 0 1
    outer loop
      vertex 34.1 32.55 1.2
      vertex 32.75 31.5311 1.2
      vertex 33.1307 31.2767 1.2
    endloop
  endfacet
  facet normal 0 0 1
    outer loop
      vertex 34.1 32.55 1.2
      vertex 32.3394 31.7336 1.2
      vertex 32.75 31.5311 1.2
    endloop
  endfacet
  facet normal 0 0 1
    outer loop
      vertex 34.1 32.55 1.2
      vertex 31.9059 31.8807 1.2
      vertex 32.3394 31.7336 1.2
    endloop
  endfacet
  facet normal 0 0 1
    outer loop
      vertex 34.1 32.55 1.2
      vertex 31.4568 31.9701 1.2
      vertex 31.9059 31.8807 1.2
    endloop
  endfacet
  facet normal 0 0 1
    outer loop
      vertex 34.1 32.55 1.2
      vertex 31 32 1.2
      vertex 31.4568 31.9701 1.2
    endloop
  endfacet
  facet normal 0 0 1
    outer loop
      vertex 34.1 32.55 1.2
      vertex 30.5432 31.9701 1.2
      vertex 31 32 1.2
    endloop
  endfacet
  facet normal -0 0 1
    outer loop
      vertex 26.6867 -24.7675 1.2
      vertex 28.5251 -26.0251 1.2
      vertex 26.832 -24.55 1.2
    endloop
  endfacet
  facet normal 0 0 1
    outer loop
      vertex 25.1 25.55 1.2
      vertex 27.5 28.5 1.2
      vertex 27.5299 28.9568 1.2
    endloop
  endfacet
  facet normal 0 0 1
    outer loop
      vertex 27.5299 28.0432 1.2
      vertex 27.0829 23.811 1.2
      vertex 27.1 23.55 1.2
    endloop
  endfacet
  facet normal 0 0 1
    outer loop
      vertex 27.5299 28.0432 1.2
      vertex 27.0318 24.0676 1.2
      vertex 27.0829 23.811 1.2
    endloop
  endfacet
  facet normal 0 0 1
    outer loop
      vertex 27.5299 28.0432 1.2
      vertex 26.9478 24.3154 1.2
      vertex 27.0318 24.0676 1.2
    endloop
  endfacet
  facet normal 0 0 1
    outer loop
      vertex 27.5299 28.0432 1.2
      vertex 26.832 24.55 1.2
      vertex 26.9478 24.3154 1.2
    endloop
  endfacet
  facet normal 0 0 1
    outer loop
      vertex 27.5299 28.0432 1.2
      vertex 26.6867 24.7675 1.2
      vertex 26.832 24.55 1.2
    endloop
  endfacet
  facet normal 0 0 1
    outer loop
      vertex 25.1 25.55 1.2
      vertex 27.5299 28.9568 1.2
      vertex 27.6193 29.4059 1.2
    endloop
  endfacet
  facet normal 0 0 1
    outer loop
      vertex 27.5299 28.0432 1.2
      vertex 26.5142 24.9642 1.2
      vertex 26.6867 24.7675 1.2
    endloop
  endfacet
  facet normal 0 0 1
    outer loop
      vertex 27.5299 28.0432 1.2
      vertex 26.3175 25.1367 1.2
      vertex 26.5142 24.9642 1.2
    endloop
  endfacet
  facet normal 0 0 1
    outer loop
      vertex 27.5299 28.0432 1.2
      vertex 26.1 25.282 1.2
      vertex 26.3175 25.1367 1.2
    endloop
  endfacet
  facet normal 0 0 1
    outer loop
      vertex 25.1 25.55 1.2
      vertex 27.6193 29.4059 1.2
      vertex 27.7664 29.8394 1.2
    endloop
  endfacet
  facet normal 0 0 1
    outer loop
      vertex 27.5299 28.0432 1.2
      vertex 25.8654 25.3978 1.2
      vertex 26.1 25.282 1.2
    endloop
  endfacet
  facet normal 0 0 1
    outer loop
      vertex 27.5299 28.0432 1.2
      vertex 25.6176 25.4818 1.2
      vertex 25.8654 25.3978 1.2
    endloop
  endfacet
  facet normal 0 0 1
    outer loop
      vertex 27.5299 28.0432 1.2
      vertex 25.361 25.5329 1.2
      vertex 25.6176 25.4818 1.2
    endloop
  endfacet
  facet normal 0 0 1
    outer loop
      vertex 25.1 25.55 1.2
      vertex 27.7664 29.8394 1.2
      vertex 27.9689 30.25 1.2
    endloop
  endfacet
  facet normal 0 0 1
    outer loop
      vertex 27.5299 28.0432 1.2
      vertex 25.1 25.55 1.2
      vertex 25.361 25.5329 1.2
    endloop
  endfacet
  facet normal 0 0 1
    outer loop
      vertex 27.9689 30.25 1.2
      vertex -25.1 25.55 1.2
      vertex 25.1 25.55 1.2
    endloop
  endfacet
  facet normal 0 0 1
    outer loop
      vertex -27.9689 30.25 1.2
      vertex 27.9689 30.25 1.2
      vertex 28.2233 30.6307 1.2
    endloop
  endfacet
  facet normal 0 0 1
    outer loop
      vertex -28.2233 30.6307 1.2
      vertex 28.2233 30.6307 1.2
      vertex 28.5251 30.9749 1.2
    endloop
  endfacet
  facet normal 0 0 1
    outer loop
      vertex -28.5251 30.9749 1.2
      vertex 28.5251 30.9749 1.2
      vertex 28.8693 31.2767 1.2
    endloop
  endfacet
  facet normal 0 0 1
    outer loop
      vertex -28.8693 31.2767 1.2
      vertex 28.8693 31.2767 1.2
      vertex 29.25 31.5311 1.2
    endloop
  endfacet
  facet normal 0 0 1
    outer loop
      vertex -29.25 31.5311 1.2
      vertex 29.25 31.5311 1.2
      vertex 29.6606 31.7336 1.2
    endloop
  endfacet
  facet normal 0 0 1
    outer loop
      vertex -29.6606 31.7336 1.2
      vertex 29.6606 31.7336 1.2
      vertex 30.0941 31.8807 1.2
    endloop
  endfacet
  facet normal 0 0 1
    outer loop
      vertex -30.0941 31.8807 1.2
      vertex 30.0941 31.8807 1.2
      vertex 30.5432 31.9701 1.2
    endloop
  endfacet
  facet normal 0 0 1
    outer loop
      vertex -30.5432 31.9701 1.2
      vertex 30.5432 31.9701 1.2
      vertex 34.1 32.55 1.2
    endloop
  endfacet
  facet normal 0 0 1
    outer loop
      vertex 27.9689 30.25 1.2
      vertex -27.9689 30.25 1.2
      vertex -25.1 25.55 1.2
    endloop
  endfacet
  facet normal -0 0 1
    outer loop
      vertex -28.5251 26.0251 1.2
      vertex -26.6867 24.7675 1.2
      vertex -28.2233 26.3693 1.2
    endloop
  endfacet
  facet normal 0 0 1
    outer loop
      vertex -26.5142 24.9642 1.2
      vertex -28.2233 26.3693 1.2
      vertex -26.6867 24.7675 1.2
    endloop
  endfacet
  facet normal 0 0 1
    outer loop
      vertex -26.3175 25.1367 1.2
      vertex -28.2233 26.3693 1.2
      vertex -26.5142 24.9642 1.2
    endloop
  endfacet
  facet normal -0 0 1
    outer loop
      vertex -28.2233 26.3693 1.2
      vertex -26.3175 25.1367 1.2
      vertex -27.9689 26.75 1.2
    endloop
  endfacet
  facet normal 0 0 1
    outer loop
      vertex -26.1 25.282 1.2
      vertex -27.9689 26.75 1.2
      vertex -26.3175 25.1367 1.2
    endloop
  endfacet
  facet normal -0 0 1
    outer loop
      vertex -27.9689 26.75 1.2
      vertex -26.1 25.282 1.2
      vertex -27.7664 27.1606 1.2
    endloop
  endfacet
  facet normal 0 0 1
    outer loop
      vertex -25.8654 25.3978 1.2
      vertex -27.7664 27.1606 1.2
      vertex -26.1 25.282 1.2
    endloop
  endfacet
  facet normal -0 0 1
    outer loop
      vertex -27.7664 27.1606 1.2
      vertex -25.8654 25.3978 1.2
      vertex -27.6193 27.5941 1.2
    endloop
  endfacet
  facet normal 0 0 1
    outer loop
      vertex -25.6176 25.4818 1.2
      vertex -27.6193 27.5941 1.2
      vertex -25.8654 25.3978 1.2
    endloop
  endfacet
  facet normal 0 0 1
    outer loop
      vertex -25.361 25.5329 1.2
      vertex -27.6193 27.5941 1.2
      vertex -25.6176 25.4818 1.2
    endloop
  endfacet
  facet normal -0 0 1
    outer loop
      vertex -27.6193 27.5941 1.2
      vertex -25.361 25.5329 1.2
      vertex -27.5299 28.0432 1.2
    endloop
  endfacet
  facet normal 0 0 1
    outer loop
      vertex -25.1 25.55 1.2
      vertex -27.5299 28.0432 1.2
      vertex -25.361 25.5329 1.2
    endloop
  endfacet
  facet normal -0 -0 1
    outer loop
      vertex -27.6193 29.4059 1.2
      vertex -25.1 25.55 1.2
      vertex -27.7664 29.8394 1.2
    endloop
  endfacet
  facet normal -0 0 1
    outer loop
      vertex -27.5299 28.0432 1.2
      vertex -25.1 25.55 1.2
      vertex -27.5 28.5 1.2
    endloop
  endfacet
  facet normal -0 -0 1
    outer loop
      vertex -27.5 28.5 1.2
      vertex -25.1 25.55 1.2
      vertex -27.5299 28.9568 1.2
    endloop
  endfacet
  facet normal -0 -0 1
    outer loop
      vertex -27.5299 28.9568 1.2
      vertex -25.1 25.55 1.2
      vertex -27.6193 29.4059 1.2
    endloop
  endfacet
  facet normal 0 0 1
    outer loop
      vertex -25.1 25.55 1.2
      vertex -27.9689 30.25 1.2
      vertex -27.7664 29.8394 1.2
    endloop
  endfacet
  facet normal 0 0 1
    outer loop
      vertex 28.2233 30.6307 1.2
      vertex -28.2233 30.6307 1.2
      vertex -27.9689 30.25 1.2
    endloop
  endfacet
  facet normal 0 0 1
    outer loop
      vertex 28.5251 30.9749 1.2
      vertex -28.5251 30.9749 1.2
      vertex -28.2233 30.6307 1.2
    endloop
  endfacet
  facet normal 0 0 1
    outer loop
      vertex 28.8693 31.2767 1.2
      vertex -28.8693 31.2767 1.2
      vertex -28.5251 30.9749 1.2
    endloop
  endfacet
  facet normal 0 0 1
    outer loop
      vertex 29.25 31.5311 1.2
      vertex -29.25 31.5311 1.2
      vertex -28.8693 31.2767 1.2
    endloop
  endfacet
  facet normal 0 0 1
    outer loop
      vertex 29.6606 31.7336 1.2
      vertex -29.6606 31.7336 1.2
      vertex -29.25 31.5311 1.2
    endloop
  endfacet
  facet normal 0 0 1
    outer loop
      vertex 30.0941 31.8807 1.2
      vertex -30.0941 31.8807 1.2
      vertex -29.6606 31.7336 1.2
    endloop
  endfacet
  facet normal 0 0 1
    outer loop
      vertex 30.5432 31.9701 1.2
      vertex -30.5432 31.9701 1.2
      vertex -30.0941 31.8807 1.2
    endloop
  endfacet
  facet normal -0 0 1
    outer loop
      vertex -34.1 32.55 1.2
      vertex -30.5432 31.9701 1.2
      vertex 34.1 32.55 1.2
    endloop
  endfacet
  facet normal 0 0 1
    outer loop
      vertex -30.5432 31.9701 1.2
      vertex -34.1 32.55 1.2
      vertex -31 32 1.2
    endloop
  endfacet
  facet normal 0 0 1
    outer loop
      vertex -34.1 32.55 1.2
      vertex -31.4568 31.9701 1.2
      vertex -31 32 1.2
    endloop
  endfacet
  facet normal 0 0 1
    outer loop
      vertex -34.1 32.55 1.2
      vertex -31.9059 31.8807 1.2
      vertex -31.4568 31.9701 1.2
    endloop
  endfacet
  facet normal 0 0 1
    outer loop
      vertex -34.1 32.55 1.2
      vertex -32.3394 31.7336 1.2
      vertex -31.9059 31.8807 1.2
    endloop
  endfacet
  facet normal 0 0 1
    outer loop
      vertex -34.1 32.55 1.2
      vertex -32.75 31.5311 1.2
      vertex -32.3394 31.7336 1.2
    endloop
  endfacet
  facet normal 0 0 1
    outer loop
      vertex -34.1 32.55 1.2
      vertex -33.1307 31.2767 1.2
      vertex -32.75 31.5311 1.2
    endloop
  endfacet
  facet normal 0 0 1
    outer loop
      vertex -34.1 32.55 1.2
      vertex -33.4749 30.9749 1.2
      vertex -33.1307 31.2767 1.2
    endloop
  endfacet
  facet normal 0 0 1
    outer loop
      vertex -34.1 32.55 1.2
      vertex -33.7767 30.6307 1.2
      vertex -33.4749 30.9749 1.2
    endloop
  endfacet
  facet normal 0 0 1
    outer loop
      vertex -34.1 32.55 1.2
      vertex -34.0311 30.25 1.2
      vertex -33.7767 30.6307 1.2
    endloop
  endfacet
  facet normal 0 0 1
    outer loop
      vertex -34.0311 30.25 1.2
      vertex -34.1 32.55 1.2
      vertex -34.1 30.1103 1.2
    endloop
  endfacet
  facet normal -0 0 1
    outer loop
      vertex 34.0311 26.75 1.2
      vertex 34.1 -26.8897 1.2
      vertex 34.1 26.8897 1.2
    endloop
  endfacet
  facet normal 0 0 1
    outer loop
      vertex 34.0311 26.75 1.2
      vertex 34.0311 -26.75 1.2
      vertex 34.1 -26.8897 1.2
    endloop
  endfacet
  facet normal -0 0 1
    outer loop
      vertex 33.7767 26.3693 1.2
      vertex 34.0311 -26.75 1.2
      vertex 34.0311 26.75 1.2
    endloop
  endfacet
  facet normal 0 0 1
    outer loop
      vertex 33.7767 26.3693 1.2
      vertex 33.7767 -26.3693 1.2
      vertex 34.0311 -26.75 1.2
    endloop
  endfacet
  facet normal -0 0 1
    outer loop
      vertex 33.4749 26.0251 1.2
      vertex 33.7767 -26.3693 1.2
      vertex 33.7767 26.3693 1.2
    endloop
  endfacet
  facet normal 0 0 1
    outer loop
      vertex 33.4749 26.0251 1.2
      vertex 33.4749 -26.0251 1.2
      vertex 33.7767 -26.3693 1.2
    endloop
  endfacet
  facet normal -0 0 1
    outer loop
      vertex 33.1307 25.7233 1.2
      vertex 33.4749 -26.0251 1.2
      vertex 33.4749 26.0251 1.2
    endloop
  endfacet
  facet normal 0 0 1
    outer loop
      vertex 33.1307 25.7233 1.2
      vertex 33.1307 -25.7233 1.2
      vertex 33.4749 -26.0251 1.2
    endloop
  endfacet
  facet normal -0 0 1
    outer loop
      vertex 32.75 25.4689 1.2
      vertex 33.1307 -25.7233 1.2
      vertex 33.1307 25.7233 1.2
    endloop
  endfacet
  facet normal 0 0 1
    outer loop
      vertex 32.75 25.4689 1.2
      vertex 32.75 -25.4689 1.2
      vertex 33.1307 -25.7233 1.2
    endloop
  endfacet
  facet normal -0 0 1
    outer loop
      vertex 32.3394 25.2664 1.2
      vertex 32.75 -25.4689 1.2
      vertex 32.75 25.4689 1.2
    endloop
  endfacet
  facet normal 0 0 1
    outer loop
      vertex 32.3394 25.2664 1.2
      vertex 32.3394 -25.2664 1.2
      vertex 32.75 -25.4689 1.2
    endloop
  endfacet
  facet normal -0 0 1
    outer loop
      vertex 31.9059 25.1193 1.2
      vertex 32.3394 -25.2664 1.2
      vertex 32.3394 25.2664 1.2
    endloop
  endfacet
  facet normal 0 0 1
    outer loop
      vertex 31.9059 25.1193 1.2
      vertex 31.9059 -25.1193 1.2
      vertex 32.3394 -25.2664 1.2
    endloop
  endfacet
  facet normal 0 0 1
    outer loop
      vertex 27.1 23.55 1.2
      vertex 31.9059 25.1193 1.2
      vertex 31.4568 25.0299 1.2
    endloop
  endfacet
  facet normal 0 0 1
    outer loop
      vertex 31.9059 25.1193 1.2
      vertex 27.1 23.55 1.2
      vertex 31.9059 -25.1193 1.2
    endloop
  endfacet
  facet normal 0 0 1
    outer loop
      vertex 27.1 23.55 1.2
      vertex 31.4568 25.0299 1.2
      vertex 31 25 1.2
    endloop
  endfacet
  facet normal -0 0 1
    outer loop
      vertex 27.1 -23.55 1.2
      vertex 31.9059 -25.1193 1.2
      vertex 27.1 23.55 1.2
    endloop
  endfacet
  facet normal 0 0 1
    outer loop
      vertex 27.1 23.55 1.2
      vertex 31 25 1.2
      vertex 30.5432 25.0299 1.2
    endloop
  endfacet
  facet normal 0 0 1
    outer loop
      vertex 31.9059 -25.1193 1.2
      vertex 27.1 -23.55 1.2
      vertex 31.4568 -25.0299 1.2
    endloop
  endfacet
  facet normal 0 0 1
    outer loop
      vertex 27.1 23.55 1.2
      vertex 30.5432 25.0299 1.2
      vertex 30.0941 25.1193 1.2
    endloop
  endfacet
  facet normal 0 0 1
    outer loop
      vertex 31.4568 -25.0299 1.2
      vertex 27.1 -23.55 1.2
      vertex 31 -25 1.2
    endloop
  endfacet
  facet normal 0 0 1
    outer loop
      vertex 27.1 23.55 1.2
      vertex 30.0941 25.1193 1.2
      vertex 29.6606 25.2664 1.2
    endloop
  endfacet
  facet normal 0 0 1
    outer loop
      vertex 31 -25 1.2
      vertex 27.1 -23.55 1.2
      vertex 30.5432 -25.0299 1.2
    endloop
  endfacet
  facet normal 0 0 1
    outer loop
      vertex 27.1 23.55 1.2
      vertex 29.6606 25.2664 1.2
      vertex 29.25 25.4689 1.2
    endloop
  endfacet
  facet normal 0 0 1
    outer loop
      vertex 30.5432 -25.0299 1.2
      vertex 27.1 -23.55 1.2
      vertex 30.0941 -25.1193 1.2
    endloop
  endfacet
  facet normal 0 0 1
    outer loop
      vertex 27.1 23.55 1.2
      vertex 29.25 25.4689 1.2
      vertex 28.8693 25.7233 1.2
    endloop
  endfacet
  facet normal 0 0 1
    outer loop
      vertex 30.0941 -25.1193 1.2
      vertex 27.1 -23.55 1.2
      vertex 29.6606 -25.2664 1.2
    endloop
  endfacet
  facet normal 0 0 1
    outer loop
      vertex 27.1 23.55 1.2
      vertex 28.8693 25.7233 1.2
      vertex 28.5251 26.0251 1.2
    endloop
  endfacet
  facet normal -0 0 1
    outer loop
      vertex 27.0829 -23.811 1.2
      vertex 29.6606 -25.2664 1.2
      vertex 27.1 -23.55 1.2
    endloop
  endfacet
  facet normal 0 0 1
    outer loop
      vertex 27.1 23.55 1.2
      vertex 28.5251 26.0251 1.2
      vertex 28.2233 26.3693 1.2
    endloop
  endfacet
  facet normal 0 0 1
    outer loop
      vertex 29.6606 -25.2664 1.2
      vertex 27.0829 -23.811 1.2
      vertex 29.25 -25.4689 1.2
    endloop
  endfacet
  facet normal 0 0 1
    outer loop
      vertex 27.1 23.55 1.2
      vertex 28.2233 26.3693 1.2
      vertex 27.9689 26.75 1.2
    endloop
  endfacet
  facet normal -0 0 1
    outer loop
      vertex 27.0318 -24.0676 1.2
      vertex 29.25 -25.4689 1.2
      vertex 27.0829 -23.811 1.2
    endloop
  endfacet
  facet normal 0 0 1
    outer loop
      vertex 27.1 23.55 1.2
      vertex 27.9689 26.75 1.2
      vertex 27.7664 27.1606 1.2
    endloop
  endfacet
  facet normal 0 0 1
    outer loop
      vertex 29.25 -25.4689 1.2
      vertex 27.0318 -24.0676 1.2
      vertex 28.8693 -25.7233 1.2
    endloop
  endfacet
  facet normal 0 0 1
    outer loop
      vertex 27.1 23.55 1.2
      vertex 27.7664 27.1606 1.2
      vertex 27.6193 27.5941 1.2
    endloop
  endfacet
  facet normal -0 0 1
    outer loop
      vertex 26.9478 -24.3154 1.2
      vertex 28.8693 -25.7233 1.2
      vertex 27.0318 -24.0676 1.2
    endloop
  endfacet
  facet normal 0 0 1
    outer loop
      vertex 27.1 23.55 1.2
      vertex 27.6193 27.5941 1.2
      vertex 27.5299 28.0432 1.2
    endloop
  endfacet
  facet normal -0 0 1
    outer loop
      vertex 26.832 -24.55 1.2
      vertex 28.8693 -25.7233 1.2
      vertex 26.9478 -24.3154 1.2
    endloop
  endfacet
  facet normal 0 0 1
    outer loop
      vertex 25.1 25.55 1.2
      vertex 27.5299 28.0432 1.2
      vertex 27.5 28.5 1.2
    endloop
  endfacet
  facet normal 0 0 1
    outer loop
      vertex 28.8693 -25.7233 1.2
      vertex 26.832 -24.55 1.2
      vertex 28.5251 -26.0251 1.2
    endloop
  endfacet
  facet normal -0 0 1
    outer loop
      vertex 34.0311 -30.25 1.2
      vertex 34.1 -32.55 1.2
      vertex 34.1 -30.1103 1.2
    endloop
  endfacet
  facet normal -0 0 1
    outer loop
      vertex 33.7767 -30.6307 1.2
      vertex 34.1 -32.55 1.2
      vertex 34.0311 -30.25 1.2
    endloop
  endfacet
  facet normal -0 0 1
    outer loop
      vertex 33.4749 -30.9749 1.2
      vertex 34.1 -32.55 1.2
      vertex 33.7767 -30.6307 1.2
    endloop
  endfacet
  facet normal -0 0 1
    outer loop
      vertex 33.1307 -31.2767 1.2
      vertex 34.1 -32.55 1.2
      vertex 33.4749 -30.9749 1.2
    endloop
  endfacet
  facet normal -0 0 1
    outer loop
      vertex 32.75 -31.5311 1.2
      vertex 34.1 -32.55 1.2
      vertex 33.1307 -31.2767 1.2
    endloop
  endfacet
  facet normal -0 0 1
    outer loop
      vertex 32.3394 -31.7336 1.2
      vertex 34.1 -32.55 1.2
      vertex 32.75 -31.5311 1.2
    endloop
  endfacet
  facet normal -0 0 1
    outer loop
      vertex 31.9059 -31.8807 1.2
      vertex 34.1 -32.55 1.2
      vertex 32.3394 -31.7336 1.2
    endloop
  endfacet
  facet normal -0 0 1
    outer loop
      vertex 31.4568 -31.9701 1.2
      vertex 34.1 -32.55 1.2
      vertex 31.9059 -31.8807 1.2
    endloop
  endfacet
  facet normal -0 0 1
    outer loop
      vertex 31 -32 1.2
      vertex 34.1 -32.55 1.2
      vertex 31.4568 -31.9701 1.2
    endloop
  endfacet
  facet normal 0 0 1
    outer loop
      vertex 30.5432 -31.9701 1.2
      vertex 34.1 -32.55 1.2
      vertex 31 -32 1.2
    endloop
  endfacet
  facet normal 0 0 1
    outer loop
      vertex 28.5251 -26.0251 1.2
      vertex 26.6867 -24.7675 1.2
      vertex 28.2233 -26.3693 1.2
    endloop
  endfacet
  facet normal -0 0 1
    outer loop
      vertex 26.5142 -24.9642 1.2
      vertex 28.2233 -26.3693 1.2
      vertex 26.6867 -24.7675 1.2
    endloop
  endfacet
  facet normal -0 0 1
    outer loop
      vertex 26.3175 -25.1367 1.2
      vertex 28.2233 -26.3693 1.2
      vertex 26.5142 -24.9642 1.2
    endloop
  endfacet
  facet normal 0 0 1
    outer loop
      vertex 28.2233 -26.3693 1.2
      vertex 26.3175 -25.1367 1.2
      vertex 27.9689 -26.75 1.2
    endloop
  endfacet
  facet normal -0 0 1
    outer loop
      vertex 26.1 -25.282 1.2
      vertex 27.9689 -26.75 1.2
      vertex 26.3175 -25.1367 1.2
    endloop
  endfacet
  facet normal 0 0 1
    outer loop
      vertex 27.9689 -26.75 1.2
      vertex 26.1 -25.282 1.2
      vertex 27.7664 -27.1606 1.2
    endloop
  endfacet
  facet normal -0 0 1
    outer loop
      vertex 25.8654 -25.3978 1.2
      vertex 27.7664 -27.1606 1.2
      vertex 26.1 -25.282 1.2
    endloop
  endfacet
  facet normal 0 0 1
    outer loop
      vertex 27.7664 -27.1606 1.2
      vertex 25.8654 -25.3978 1.2
      vertex 27.6193 -27.5941 1.2
    endloop
  endfacet
  facet normal -0 0 1
    outer loop
      vertex 25.6176 -25.4818 1.2
      vertex 27.6193 -27.5941 1.2
      vertex 25.8654 -25.3978 1.2
    endloop
  endfacet
  facet normal -0 0 1
    outer loop
      vertex 25.361 -25.5329 1.2
      vertex 27.6193 -27.5941 1.2
      vertex 25.6176 -25.4818 1.2
    endloop
  endfacet
  facet normal 0 0 1
    outer loop
      vertex 27.6193 -27.5941 1.2
      vertex 25.361 -25.5329 1.2
      vertex 27.5299 -28.0432 1.2
    endloop
  endfacet
  facet normal -0 0 1
    outer loop
      vertex 25.1 -25.55 1.2
      vertex 27.5299 -28.0432 1.2
      vertex 25.361 -25.5329 1.2
    endloop
  endfacet
  facet normal 0 0 1
    outer loop
      vertex 27.5299 -28.0432 1.2
      vertex 25.1 -25.55 1.2
      vertex 27.5 -28.5 1.2
    endloop
  endfacet
  facet normal 0 0 1
    outer loop
      vertex 27.5 -28.5 1.2
      vertex 25.1 -25.55 1.2
      vertex 27.5299 -28.9568 1.2
    endloop
  endfacet
  facet normal 0 0 1
    outer loop
      vertex 27.5299 -28.9568 1.2
      vertex 25.1 -25.55 1.2
      vertex 27.6193 -29.4059 1.2
    endloop
  endfacet
  facet normal 0 0 1
    outer loop
      vertex 27.6193 -29.4059 1.2
      vertex 25.1 -25.55 1.2
      vertex 27.7664 -29.8394 1.2
    endloop
  endfacet
  facet normal 0 0 1
    outer loop
      vertex 27.7664 -29.8394 1.2
      vertex 25.1 -25.55 1.2
      vertex 27.9689 -30.25 1.2
    endloop
  endfacet
  facet normal -0 0 1
    outer loop
      vertex -25.1 -25.55 1.2
      vertex 27.9689 -30.25 1.2
      vertex 25.1 -25.55 1.2
    endloop
  endfacet
  facet normal 0 0 1
    outer loop
      vertex -27.9689 -30.25 1.2
      vertex 27.9689 -30.25 1.2
      vertex -25.1 -25.55 1.2
    endloop
  endfacet
  facet normal 0 0 1
    outer loop
      vertex 27.9689 -30.25 1.2
      vertex -27.9689 -30.25 1.2
      vertex 28.2233 -30.6307 1.2
    endloop
  endfacet
  facet normal 0 0 1
    outer loop
      vertex -28.2233 -30.6307 1.2
      vertex 28.2233 -30.6307 1.2
      vertex -27.9689 -30.25 1.2
    endloop
  endfacet
  facet normal 0 0 1
    outer loop
      vertex 28.2233 -30.6307 1.2
      vertex -28.2233 -30.6307 1.2
      vertex 28.5251 -30.9749 1.2
    endloop
  endfacet
  facet normal 0 0 1
    outer loop
      vertex -28.5251 -30.9749 1.2
      vertex 28.5251 -30.9749 1.2
      vertex -28.2233 -30.6307 1.2
    endloop
  endfacet
  facet normal 0 0 1
    outer loop
      vertex 28.5251 -30.9749 1.2
      vertex -28.5251 -30.9749 1.2
      vertex 28.8693 -31.2767 1.2
    endloop
  endfacet
  facet normal 0 0 1
    outer loop
      vertex -28.8693 -31.2767 1.2
      vertex 28.8693 -31.2767 1.2
      vertex -28.5251 -30.9749 1.2
    endloop
  endfacet
  facet normal 0 0 1
    outer loop
      vertex 28.8693 -31.2767 1.2
      vertex -28.8693 -31.2767 1.2
      vertex 29.25 -31.5311 1.2
    endloop
  endfacet
  facet normal 0 0 1
    outer loop
      vertex -27.5 -28.5 1.2
      vertex -25.1 -25.55 1.2
      vertex -25.361 -25.5329 1.2
    endloop
  endfacet
  facet normal 0 0 1
    outer loop
      vertex -26.6867 24.7675 1.2
      vertex -28.5251 26.0251 1.2
      vertex -26.832 24.55 1.2
    endloop
  endfacet
  facet normal 0 0 1
    outer loop
      vertex -27.5 -28.5 1.2
      vertex -27.0829 -23.811 1.2
      vertex -27.1 -23.55 1.2
    endloop
  endfacet
  facet normal 0 0 1
    outer loop
      vertex -27.5 -28.5 1.2
      vertex -27.0318 -24.0676 1.2
      vertex -27.0829 -23.811 1.2
    endloop
  endfacet
  facet normal 0 0 1
    outer loop
      vertex -27.5 -28.5 1.2
      vertex -26.9478 -24.3154 1.2
      vertex -27.0318 -24.0676 1.2
    endloop
  endfacet
  facet normal 0 0 1
    outer loop
      vertex -27.5 -28.5 1.2
      vertex -26.832 -24.55 1.2
      vertex -26.9478 -24.3154 1.2
    endloop
  endfacet
  facet normal 0 0 1
    outer loop
      vertex -27.5 -28.5 1.2
      vertex -26.6867 -24.7675 1.2
      vertex -26.832 -24.55 1.2
    endloop
  endfacet
  facet normal 0 0 1
    outer loop
      vertex -27.5 -28.5 1.2
      vertex -26.5142 -24.9642 1.2
      vertex -26.6867 -24.7675 1.2
    endloop
  endfacet
  facet normal 0 0 1
    outer loop
      vertex -27.5 -28.5 1.2
      vertex -26.3175 -25.1367 1.2
      vertex -26.5142 -24.9642 1.2
    endloop
  endfacet
  facet normal 0 0 1
    outer loop
      vertex -27.5 -28.5 1.2
      vertex -26.1 -25.282 1.2
      vertex -26.3175 -25.1367 1.2
    endloop
  endfacet
  facet normal 0 0 1
    outer loop
      vertex -27.5 -28.5 1.2
      vertex -25.8654 -25.3978 1.2
      vertex -26.1 -25.282 1.2
    endloop
  endfacet
  facet normal 0 0 1
    outer loop
      vertex -27.5 -28.5 1.2
      vertex -25.6176 -25.4818 1.2
      vertex -25.8654 -25.3978 1.2
    endloop
  endfacet
  facet normal 0 0 1
    outer loop
      vertex -27.5 -28.5 1.2
      vertex -25.361 -25.5329 1.2
      vertex -25.6176 -25.4818 1.2
    endloop
  endfacet
  facet normal 0 0 1
    outer loop
      vertex -25.1 -25.55 1.2
      vertex -27.5 -28.5 1.2
      vertex -27.5299 -28.9568 1.2
    endloop
  endfacet
  facet normal 0 0 1
    outer loop
      vertex -25.1 -25.55 1.2
      vertex -27.5299 -28.9568 1.2
      vertex -27.6193 -29.4059 1.2
    endloop
  endfacet
  facet normal 0 0 1
    outer loop
      vertex -25.1 -25.55 1.2
      vertex -27.6193 -29.4059 1.2
      vertex -27.7664 -29.8394 1.2
    endloop
  endfacet
  facet normal 0 0 1
    outer loop
      vertex -27.9689 -30.25 1.2
      vertex -25.1 -25.55 1.2
      vertex -27.7664 -29.8394 1.2
    endloop
  endfacet
  facet normal 0 0 1
    outer loop
      vertex -29.25 -31.5311 1.2
      vertex 29.25 -31.5311 1.2
      vertex -28.8693 -31.2767 1.2
    endloop
  endfacet
  facet normal 0 0 1
    outer loop
      vertex 29.25 -31.5311 1.2
      vertex -29.25 -31.5311 1.2
      vertex 29.6606 -31.7336 1.2
    endloop
  endfacet
  facet normal 0 0 1
    outer loop
      vertex -29.6606 -31.7336 1.2
      vertex 29.6606 -31.7336 1.2
      vertex -29.25 -31.5311 1.2
    endloop
  endfacet
  facet normal 0 0 1
    outer loop
      vertex 29.6606 -31.7336 1.2
      vertex -29.6606 -31.7336 1.2
      vertex 30.0941 -31.8807 1.2
    endloop
  endfacet
  facet normal 0 0 1
    outer loop
      vertex -30.0941 -31.8807 1.2
      vertex 30.0941 -31.8807 1.2
      vertex -29.6606 -31.7336 1.2
    endloop
  endfacet
  facet normal 0 0 1
    outer loop
      vertex 30.0941 -31.8807 1.2
      vertex -30.0941 -31.8807 1.2
      vertex 30.5432 -31.9701 1.2
    endloop
  endfacet
  facet normal 0 0 1
    outer loop
      vertex -30.5432 -31.9701 1.2
      vertex 30.5432 -31.9701 1.2
      vertex -30.0941 -31.8807 1.2
    endloop
  endfacet
  facet normal 0 0 1
    outer loop
      vertex 30.5432 -31.9701 1.2
      vertex -30.5432 -31.9701 1.2
      vertex 34.1 -32.55 1.2
    endloop
  endfacet
  facet normal 0 0 1
    outer loop
      vertex -34.1 -32.55 1.2
      vertex -30.5432 -31.9701 1.2
      vertex -31 -32 1.2
    endloop
  endfacet
  facet normal 0 0 1
    outer loop
      vertex -30.5432 -31.9701 1.2
      vertex -34.1 -32.55 1.2
      vertex 34.1 -32.55 1.2
    endloop
  endfacet
  facet normal 0 0 1
    outer loop
      vertex -31.4568 -31.9701 1.2
      vertex -34.1 -32.55 1.2
      vertex -31 -32 1.2
    endloop
  endfacet
  facet normal 0 0 1
    outer loop
      vertex -31.9059 -31.8807 1.2
      vertex -34.1 -32.55 1.2
      vertex -31.4568 -31.9701 1.2
    endloop
  endfacet
  facet normal 0 0 1
    outer loop
      vertex -32.3394 -31.7336 1.2
      vertex -34.1 -32.55 1.2
      vertex -31.9059 -31.8807 1.2
    endloop
  endfacet
  facet normal 0 0 1
    outer loop
      vertex -32.75 -31.5311 1.2
      vertex -34.1 -32.55 1.2
      vertex -32.3394 -31.7336 1.2
    endloop
  endfacet
  facet normal 0 0 1
    outer loop
      vertex -33.1307 -31.2767 1.2
      vertex -34.1 -32.55 1.2
      vertex -32.75 -31.5311 1.2
    endloop
  endfacet
  facet normal 0 0 1
    outer loop
      vertex -33.4749 -30.9749 1.2
      vertex -34.1 -32.55 1.2
      vertex -33.1307 -31.2767 1.2
    endloop
  endfacet
  facet normal 0 0 1
    outer loop
      vertex -33.7767 -30.6307 1.2
      vertex -34.1 -32.55 1.2
      vertex -33.4749 -30.9749 1.2
    endloop
  endfacet
  facet normal 0 0 1
    outer loop
      vertex -34.0311 -30.25 1.2
      vertex -34.1 -32.55 1.2
      vertex -33.7767 -30.6307 1.2
    endloop
  endfacet
  facet normal 0 0 1
    outer loop
      vertex -34.1 -32.55 1.2
      vertex -34.0311 -30.25 1.2
      vertex -34.1 -30.1103 1.2
    endloop
  endfacet
  facet normal 1 -0 0
    outer loop
      vertex 36.1 -31.55 4.6
      vertex 36.1 31.55 0
      vertex 36.1 31.55 4.6
    endloop
  endfacet
  facet normal 1 0 0
    outer loop
      vertex 36.1 31.55 0
      vertex 36.1 -31.55 4.6
      vertex 36.1 -31.55 0
    endloop
  endfacet
  facet normal -0.980806 0.194989 0
    outer loop
      vertex -36.0743 31.9416 0
      vertex -35.9978 32.3264 4.6
      vertex -35.9978 32.3264 0
    endloop
  endfacet
  facet normal -0.980806 0.194989 0
    outer loop
      vertex -35.9978 32.3264 4.6
      vertex -36.0743 31.9416 0
      vertex -36.0743 31.9416 4.6
    endloop
  endfacet
  facet normal 0.896961 -0.44211 0
    outer loop
      vertex 35.6981 -33.05 4.6
      vertex 35.8716 -32.698 0
      vertex 35.8716 -32.698 4.6
    endloop
  endfacet
  facet normal 0.896961 -0.44211 0
    outer loop
      vertex 35.8716 -32.698 0
      vertex 35.6981 -33.05 4.6
      vertex 35.6981 -33.05 0
    endloop
  endfacet
  facet normal 0.946885 0.321574 0
    outer loop
      vertex 35.9978 32.3264 4.6
      vertex 35.8716 32.698 0
      vertex 35.8716 32.698 4.6
    endloop
  endfacet
  facet normal 0.946885 0.321574 0
    outer loop
      vertex 35.8716 32.698 0
      vertex 35.9978 32.3264 4.6
      vertex 35.9978 32.3264 0
    endloop
  endfacet
  facet normal -0.0654873 0.997853 0
    outer loop
      vertex -33.1 34.55 0
      vertex -33.4916 34.5243 4.6
      vertex -33.1 34.55 4.6
    endloop
  endfacet
  facet normal -0.0654873 0.997853 0
    outer loop
      vertex -33.4916 34.5243 4.6
      vertex -33.1 34.55 0
      vertex -33.4916 34.5243 0
    endloop
  endfacet
  facet normal -0.896961 -0.44211 0
    outer loop
      vertex -35.6981 -33.05 0
      vertex -35.8716 -32.698 4.6
      vertex -35.8716 -32.698 0
    endloop
  endfacet
  facet normal -0.896961 -0.44211 0
    outer loop
      vertex -35.8716 -32.698 4.6
      vertex -35.6981 -33.05 0
      vertex -35.6981 -33.05 4.6
    endloop
  endfacet
  facet normal -0.44211 0.896961 0
    outer loop
      vertex -34.248 34.3216 0
      vertex -34.6 34.1481 4.6
      vertex -34.248 34.3216 4.6
    endloop
  endfacet
  facet normal -0.44211 0.896961 0
    outer loop
      vertex -34.6 34.1481 4.6
      vertex -34.248 34.3216 0
      vertex -34.6 34.1481 0
    endloop
  endfacet
  facet normal -0.44211 -0.896961 0
    outer loop
      vertex -34.6 -34.1481 0
      vertex -34.248 -34.3216 4.6
      vertex -34.6 -34.1481 4.6
    endloop
  endfacet
  facet normal -0.44211 -0.896961 -0
    outer loop
      vertex -34.248 -34.3216 4.6
      vertex -34.6 -34.1481 0
      vertex -34.248 -34.3216 0
    endloop
  endfacet
  facet normal 0 1 -0
    outer loop
      vertex 33.1 34.55 0
      vertex -33.1 34.55 4.6
      vertex 33.1 34.55 4.6
    endloop
  endfacet
  facet normal 0 1 0
    outer loop
      vertex -33.1 34.55 4.6
      vertex 33.1 34.55 0
      vertex -33.1 34.55 0
    endloop
  endfacet
  facet normal -0.980806 -0.194989 0
    outer loop
      vertex -35.9978 -32.3264 0
      vertex -36.0743 -31.9416 4.6
      vertex -36.0743 -31.9416 0
    endloop
  endfacet
  facet normal -0.980806 -0.194989 0
    outer loop
      vertex -36.0743 -31.9416 4.6
      vertex -35.9978 -32.3264 0
      vertex -35.9978 -32.3264 4.6
    endloop
  endfacet
  facet normal -0.321574 -0.946885 0
    outer loop
      vertex -34.248 -34.3216 0
      vertex -33.8764 -34.4478 4.6
      vertex -34.248 -34.3216 4.6
    endloop
  endfacet
  facet normal -0.321574 -0.946885 -0
    outer loop
      vertex -33.8764 -34.4478 4.6
      vertex -34.248 -34.3216 0
      vertex -33.8764 -34.4478 0
    endloop
  endfacet
  facet normal -0.194989 0.980806 0
    outer loop
      vertex -33.4916 34.5243 0
      vertex -33.8764 34.4478 4.6
      vertex -33.4916 34.5243 4.6
    endloop
  endfacet
  facet normal -0.194989 0.980806 0
    outer loop
      vertex -33.8764 34.4478 4.6
      vertex -33.4916 34.5243 0
      vertex -33.8764 34.4478 0
    endloop
  endfacet
  facet normal 0.896961 0.44211 0
    outer loop
      vertex 35.8716 32.698 4.6
      vertex 35.6981 33.05 0
      vertex 35.6981 33.05 4.6
    endloop
  endfacet
  facet normal 0.896961 0.44211 0
    outer loop
      vertex 35.6981 33.05 0
      vertex 35.8716 32.698 4.6
      vertex 35.8716 32.698 0
    endloop
  endfacet
  facet normal -0.555523 -0.831501 0
    outer loop
      vertex -34.9263 -33.9301 0
      vertex -34.6 -34.1481 4.6
      vertex -34.9263 -33.9301 4.6
    endloop
  endfacet
  facet normal -0.555523 -0.831501 -0
    outer loop
      vertex -34.6 -34.1481 4.6
      vertex -34.9263 -33.9301 0
      vertex -34.6 -34.1481 0
    endloop
  endfacet
  facet normal 0.980806 -0.194989 0
    outer loop
      vertex 35.9978 -32.3264 4.6
      vertex 36.0743 -31.9416 0
      vertex 36.0743 -31.9416 4.6
    endloop
  endfacet
  facet normal 0.980806 -0.194989 0
    outer loop
      vertex 36.0743 -31.9416 0
      vertex 35.9978 -32.3264 4.6
      vertex 35.9978 -32.3264 0
    endloop
  endfacet
  facet normal -0.997853 -0.0654873 0
    outer loop
      vertex -36.0743 -31.9416 0
      vertex -36.1 -31.55 4.6
      vertex -36.1 -31.55 0
    endloop
  endfacet
  facet normal -0.997853 -0.0654873 0
    outer loop
      vertex -36.1 -31.55 4.6
      vertex -36.0743 -31.9416 0
      vertex -36.0743 -31.9416 4.6
    endloop
  endfacet
  facet normal -0.555523 0.831501 0
    outer loop
      vertex -34.6 34.1481 0
      vertex -34.9263 33.9301 4.6
      vertex -34.6 34.1481 4.6
    endloop
  endfacet
  facet normal -0.555523 0.831501 0
    outer loop
      vertex -34.9263 33.9301 4.6
      vertex -34.6 34.1481 0
      vertex -34.9263 33.9301 0
    endloop
  endfacet
  facet normal 0.946885 -0.321574 0
    outer loop
      vertex 35.8716 -32.698 4.6
      vertex 35.9978 -32.3264 0
      vertex 35.9978 -32.3264 4.6
    endloop
  endfacet
  facet normal 0.946885 -0.321574 0
    outer loop
      vertex 35.9978 -32.3264 0
      vertex 35.8716 -32.698 4.6
      vertex 35.8716 -32.698 0
    endloop
  endfacet
  facet normal 0.997853 -0.0654873 0
    outer loop
      vertex 36.0743 -31.9416 4.6
      vertex 36.1 -31.55 0
      vertex 36.1 -31.55 4.6
    endloop
  endfacet
  facet normal 0.997853 -0.0654873 0
    outer loop
      vertex 36.1 -31.55 0
      vertex 36.0743 -31.9416 4.6
      vertex 36.0743 -31.9416 0
    endloop
  endfacet
  facet normal -0.896961 0.44211 0
    outer loop
      vertex -35.8716 32.698 0
      vertex -35.6981 33.05 4.6
      vertex -35.6981 33.05 0
    endloop
  endfacet
  facet normal -0.896961 0.44211 0
    outer loop
      vertex -35.6981 33.05 4.6
      vertex -35.8716 32.698 0
      vertex -35.8716 32.698 4.6
    endloop
  endfacet
  facet normal -0.946885 0.321574 0
    outer loop
      vertex -35.9978 32.3264 0
      vertex -35.8716 32.698 4.6
      vertex -35.8716 32.698 0
    endloop
  endfacet
  facet normal -0.946885 0.321574 0
    outer loop
      vertex -35.8716 32.698 4.6
      vertex -35.9978 32.3264 0
      vertex -35.9978 32.3264 4.6
    endloop
  endfacet
  facet normal -0.997853 0.0654873 0
    outer loop
      vertex -36.1 31.55 0
      vertex -36.0743 31.9416 4.6
      vertex -36.0743 31.9416 0
    endloop
  endfacet
  facet normal -0.997853 0.0654873 0
    outer loop
      vertex -36.0743 31.9416 4.6
      vertex -36.1 31.55 0
      vertex -36.1 31.55 4.6
    endloop
  endfacet
  facet normal -0.831501 0.555523 0
    outer loop
      vertex -35.6981 33.05 0
      vertex -35.4801 33.3763 4.6
      vertex -35.4801 33.3763 0
    endloop
  endfacet
  facet normal -0.831501 0.555523 0
    outer loop
      vertex -35.4801 33.3763 4.6
      vertex -35.6981 33.05 0
      vertex -35.6981 33.05 4.6
    endloop
  endfacet
  facet normal 0.555523 0.831501 -0
    outer loop
      vertex 34.9263 33.9301 0
      vertex 34.6 34.1481 4.6
      vertex 34.9263 33.9301 4.6
    endloop
  endfacet
  facet normal 0.555523 0.831501 0
    outer loop
      vertex 34.6 34.1481 4.6
      vertex 34.9263 33.9301 0
      vertex 34.6 34.1481 0
    endloop
  endfacet
  facet normal 0.44211 0.896961 -0
    outer loop
      vertex 34.6 34.1481 0
      vertex 34.248 34.3216 4.6
      vertex 34.6 34.1481 4.6
    endloop
  endfacet
  facet normal 0.44211 0.896961 0
    outer loop
      vertex 34.248 34.3216 4.6
      vertex 34.6 34.1481 0
      vertex 34.248 34.3216 0
    endloop
  endfacet
  facet normal -0.831501 -0.555523 0
    outer loop
      vertex -35.4801 -33.3763 0
      vertex -35.6981 -33.05 4.6
      vertex -35.6981 -33.05 0
    endloop
  endfacet
  facet normal -0.831501 -0.555523 0
    outer loop
      vertex -35.6981 -33.05 4.6
      vertex -35.4801 -33.3763 0
      vertex -35.4801 -33.3763 4.6
    endloop
  endfacet
  facet normal 0.321574 0.946885 -0
    outer loop
      vertex 34.248 34.3216 0
      vertex 33.8764 34.4478 4.6
      vertex 34.248 34.3216 4.6
    endloop
  endfacet
  facet normal 0.321574 0.946885 0
    outer loop
      vertex 33.8764 34.4478 4.6
      vertex 34.248 34.3216 0
      vertex 33.8764 34.4478 0
    endloop
  endfacet
  facet normal 0.555523 -0.831501 0
    outer loop
      vertex 34.6 -34.1481 0
      vertex 34.9263 -33.9301 4.6
      vertex 34.6 -34.1481 4.6
    endloop
  endfacet
  facet normal 0.555523 -0.831501 0
    outer loop
      vertex 34.9263 -33.9301 4.6
      vertex 34.6 -34.1481 0
      vertex 34.9263 -33.9301 0
    endloop
  endfacet
  facet normal -0.321574 0.946885 0
    outer loop
      vertex -33.8764 34.4478 0
      vertex -34.248 34.3216 4.6
      vertex -33.8764 34.4478 4.6
    endloop
  endfacet
  facet normal -0.321574 0.946885 0
    outer loop
      vertex -34.248 34.3216 4.6
      vertex -33.8764 34.4478 0
      vertex -34.248 34.3216 0
    endloop
  endfacet
  facet normal -0.194989 -0.980806 0
    outer loop
      vertex -33.8764 -34.4478 0
      vertex -33.4916 -34.5243 4.6
      vertex -33.8764 -34.4478 4.6
    endloop
  endfacet
  facet normal -0.194989 -0.980806 -0
    outer loop
      vertex -33.4916 -34.5243 4.6
      vertex -33.8764 -34.4478 0
      vertex -33.4916 -34.5243 0
    endloop
  endfacet
  facet normal -0.0654873 -0.997853 0
    outer loop
      vertex -33.4916 -34.5243 0
      vertex -33.1 -34.55 4.6
      vertex -33.4916 -34.5243 4.6
    endloop
  endfacet
  facet normal -0.0654873 -0.997853 -0
    outer loop
      vertex -33.1 -34.55 4.6
      vertex -33.4916 -34.5243 0
      vertex -33.1 -34.55 0
    endloop
  endfacet
  facet normal 0.659478 -0.751724 0
    outer loop
      vertex 34.9263 -33.9301 0
      vertex 35.2213 -33.6713 4.6
      vertex 34.9263 -33.9301 4.6
    endloop
  endfacet
  facet normal 0.659478 -0.751724 0
    outer loop
      vertex 35.2213 -33.6713 4.6
      vertex 34.9263 -33.9301 0
      vertex 35.2213 -33.6713 0
    endloop
  endfacet
  facet normal 0.997853 0.0654873 0
    outer loop
      vertex 36.1 31.55 4.6
      vertex 36.0743 31.9416 0
      vertex 36.0743 31.9416 4.6
    endloop
  endfacet
  facet normal 0.997853 0.0654873 0
    outer loop
      vertex 36.0743 31.9416 0
      vertex 36.1 31.55 4.6
      vertex 36.1 31.55 0
    endloop
  endfacet
  facet normal 0.751724 -0.659478 0
    outer loop
      vertex 35.2213 -33.6713 4.6
      vertex 35.4801 -33.3763 0
      vertex 35.4801 -33.3763 4.6
    endloop
  endfacet
  facet normal 0.751724 -0.659478 0
    outer loop
      vertex 35.4801 -33.3763 0
      vertex 35.2213 -33.6713 4.6
      vertex 35.2213 -33.6713 0
    endloop
  endfacet
  facet normal 0.831501 -0.555523 0
    outer loop
      vertex 35.4801 -33.3763 4.6
      vertex 35.6981 -33.05 0
      vertex 35.6981 -33.05 4.6
    endloop
  endfacet
  facet normal 0.831501 -0.555523 0
    outer loop
      vertex 35.6981 -33.05 0
      vertex 35.4801 -33.3763 4.6
      vertex 35.4801 -33.3763 0
    endloop
  endfacet
  facet normal 0.0654873 0.997853 -0
    outer loop
      vertex 33.4916 34.5243 0
      vertex 33.1 34.55 4.6
      vertex 33.4916 34.5243 4.6
    endloop
  endfacet
  facet normal 0.0654873 0.997853 0
    outer loop
      vertex 33.1 34.55 4.6
      vertex 33.4916 34.5243 0
      vertex 33.1 34.55 0
    endloop
  endfacet
  facet normal -0.751724 -0.659478 0
    outer loop
      vertex -35.2213 -33.6713 0
      vertex -35.4801 -33.3763 4.6
      vertex -35.4801 -33.3763 0
    endloop
  endfacet
  facet normal -0.751724 -0.659478 0
    outer loop
      vertex -35.4801 -33.3763 4.6
      vertex -35.2213 -33.6713 0
      vertex -35.2213 -33.6713 4.6
    endloop
  endfacet
  facet normal 0.980806 0.194989 0
    outer loop
      vertex 36.0743 31.9416 4.6
      vertex 35.9978 32.3264 0
      vertex 35.9978 32.3264 4.6
    endloop
  endfacet
  facet normal 0.980806 0.194989 0
    outer loop
      vertex 35.9978 32.3264 0
      vertex 36.0743 31.9416 4.6
      vertex 36.0743 31.9416 0
    endloop
  endfacet
  facet normal 0.194989 0.980806 -0
    outer loop
      vertex 33.8764 34.4478 0
      vertex 33.4916 34.5243 4.6
      vertex 33.8764 34.4478 4.6
    endloop
  endfacet
  facet normal 0.194989 0.980806 0
    outer loop
      vertex 33.4916 34.5243 4.6
      vertex 33.8764 34.4478 0
      vertex 33.4916 34.5243 0
    endloop
  endfacet
  facet normal 0.831501 0.555523 0
    outer loop
      vertex 35.6981 33.05 4.6
      vertex 35.4801 33.3763 0
      vertex 35.4801 33.3763 4.6
    endloop
  endfacet
  facet normal 0.831501 0.555523 0
    outer loop
      vertex 35.4801 33.3763 0
      vertex 35.6981 33.05 4.6
      vertex 35.6981 33.05 0
    endloop
  endfacet
  facet normal 0.751724 0.659478 0
    outer loop
      vertex 35.4801 33.3763 4.6
      vertex 35.2213 33.6713 0
      vertex 35.2213 33.6713 4.6
    endloop
  endfacet
  facet normal 0.751724 0.659478 0
    outer loop
      vertex 35.2213 33.6713 0
      vertex 35.4801 33.3763 4.6
      vertex 35.4801 33.3763 0
    endloop
  endfacet
  facet normal -0.659478 0.751724 0
    outer loop
      vertex -34.9263 33.9301 0
      vertex -35.2213 33.6713 4.6
      vertex -34.9263 33.9301 4.6
    endloop
  endfacet
  facet normal -0.659478 0.751724 0
    outer loop
      vertex -35.2213 33.6713 4.6
      vertex -34.9263 33.9301 0
      vertex -35.2213 33.6713 0
    endloop
  endfacet
  facet normal -0.751724 0.659478 0
    outer loop
      vertex -35.4801 33.3763 0
      vertex -35.2213 33.6713 4.6
      vertex -35.2213 33.6713 0
    endloop
  endfacet
  facet normal -0.751724 0.659478 0
    outer loop
      vertex -35.2213 33.6713 4.6
      vertex -35.4801 33.3763 0
      vertex -35.4801 33.3763 4.6
    endloop
  endfacet
  facet normal 0 0 -1
    outer loop
      vertex 33.1 -34.55 0
      vertex 36.1 -31.55 0
      vertex 36.0743 -31.9416 0
    endloop
  endfacet
  facet normal 0 0 -1
    outer loop
      vertex 36.1 -31.55 0
      vertex 27.1 -23.55 0
      vertex 36.1 31.55 0
    endloop
  endfacet
  facet normal 0 0 -1
    outer loop
      vertex 33.1 -34.55 0
      vertex 36.0743 -31.9416 0
      vertex 35.9978 -32.3264 0
    endloop
  endfacet
  facet normal 0 0 -1
    outer loop
      vertex 27.1 23.55 0
      vertex 36.1 31.55 0
      vertex 27.1 -23.55 0
    endloop
  endfacet
  facet normal 0 0 -1
    outer loop
      vertex 33.1 -34.55 0
      vertex 35.9978 -32.3264 0
      vertex 35.8716 -32.698 0
    endloop
  endfacet
  facet normal 0 0 -1
    outer loop
      vertex 27.0829 23.811 0
      vertex 36.1 31.55 0
      vertex 27.1 23.55 0
    endloop
  endfacet
  facet normal 0 0 -1
    outer loop
      vertex 33.1 -34.55 0
      vertex 35.8716 -32.698 0
      vertex 35.6981 -33.05 0
    endloop
  endfacet
  facet normal 0 0 -1
    outer loop
      vertex 27.0318 24.0676 0
      vertex 36.1 31.55 0
      vertex 27.0829 23.811 0
    endloop
  endfacet
  facet normal 0 0 -1
    outer loop
      vertex 33.1 -34.55 0
      vertex 35.6981 -33.05 0
      vertex 35.4801 -33.3763 0
    endloop
  endfacet
  facet normal 0 0 -1
    outer loop
      vertex 26.9478 24.3154 0
      vertex 36.1 31.55 0
      vertex 27.0318 24.0676 0
    endloop
  endfacet
  facet normal 0 0 -1
    outer loop
      vertex 33.1 -34.55 0
      vertex 35.4801 -33.3763 0
      vertex 35.2213 -33.6713 0
    endloop
  endfacet
  facet normal 0 0 -1
    outer loop
      vertex 26.832 24.55 0
      vertex 36.1 31.55 0
      vertex 26.9478 24.3154 0
    endloop
  endfacet
  facet normal 0 0 -1
    outer loop
      vertex 33.1 -34.55 0
      vertex 35.2213 -33.6713 0
      vertex 34.9263 -33.9301 0
    endloop
  endfacet
  facet normal 0 0 -1
    outer loop
      vertex 26.6867 24.7675 0
      vertex 36.1 31.55 0
      vertex 26.832 24.55 0
    endloop
  endfacet
  facet normal 0 0 -1
    outer loop
      vertex 33.1 -34.55 0
      vertex 34.9263 -33.9301 0
      vertex 34.6 -34.1481 0
    endloop
  endfacet
  facet normal 0 0 -1
    outer loop
      vertex 26.5142 24.9642 0
      vertex 36.1 31.55 0
      vertex 26.6867 24.7675 0
    endloop
  endfacet
  facet normal 0 0 -1
    outer loop
      vertex 33.1 -34.55 0
      vertex 34.6 -34.1481 0
      vertex 34.248 -34.3216 0
    endloop
  endfacet
  facet normal 0 -0 -1
    outer loop
      vertex 33.1 34.55 0
      vertex 36.1 31.55 0
      vertex 26.5142 24.9642 0
    endloop
  endfacet
  facet normal 0 0 -1
    outer loop
      vertex 33.1 -34.55 0
      vertex 34.248 -34.3216 0
      vertex 33.8764 -34.4478 0
    endloop
  endfacet
  facet normal 0 0 -1
    outer loop
      vertex 36.1 31.55 0
      vertex 33.1 34.55 0
      vertex 36.0743 31.9416 0
    endloop
  endfacet
  facet normal 0 0 -1
    outer loop
      vertex 33.1 -34.55 0
      vertex 33.8764 -34.4478 0
      vertex 33.4916 -34.5243 0
    endloop
  endfacet
  facet normal 0 0 -1
    outer loop
      vertex 35.9978 32.3264 0
      vertex 33.1 34.55 0
      vertex 35.8716 32.698 0
    endloop
  endfacet
  facet normal -0 0 -1
    outer loop
      vertex 36.1 -31.55 0
      vertex 33.1 -34.55 0
      vertex 26.5142 -24.9642 0
    endloop
  endfacet
  facet normal 0 0 -1
    outer loop
      vertex 35.8716 32.698 0
      vertex 33.1 34.55 0
      vertex 35.6981 33.05 0
    endloop
  endfacet
  facet normal 0 0 -1
    outer loop
      vertex 35.6981 33.05 0
      vertex 33.1 34.55 0
      vertex 35.4801 33.3763 0
    endloop
  endfacet
  facet normal 0 0 -1
    outer loop
      vertex 36.1 -31.55 0
      vertex 27.0829 -23.811 0
      vertex 27.1 -23.55 0
    endloop
  endfacet
  facet normal 0 0 -1
    outer loop
      vertex 36.1 -31.55 0
      vertex 27.0318 -24.0676 0
      vertex 27.0829 -23.811 0
    endloop
  endfacet
  facet normal 0 0 -1
    outer loop
      vertex 36.1 -31.55 0
      vertex 26.9478 -24.3154 0
      vertex 27.0318 -24.0676 0
    endloop
  endfacet
  facet normal 0 0 -1
    outer loop
      vertex 36.1 -31.55 0
      vertex 26.832 -24.55 0
      vertex 26.9478 -24.3154 0
    endloop
  endfacet
  facet normal 0 0 -1
    outer loop
      vertex 36.1 -31.55 0
      vertex 26.6867 -24.7675 0
      vertex 26.832 -24.55 0
    endloop
  endfacet
  facet normal 0 0 -1
    outer loop
      vertex 36.1 -31.55 0
      vertex 26.5142 -24.9642 0
      vertex 26.6867 -24.7675 0
    endloop
  endfacet
  facet normal 0 0 -1
    outer loop
      vertex 33.1 -34.55 0
      vertex 26.3175 -25.1367 0
      vertex 26.5142 -24.9642 0
    endloop
  endfacet
  facet normal 0 0 -1
    outer loop
      vertex 33.1 -34.55 0
      vertex 26.1 -25.282 0
      vertex 26.3175 -25.1367 0
    endloop
  endfacet
  facet normal 0 0 -1
    outer loop
      vertex 33.1 -34.55 0
      vertex 25.8654 -25.3978 0
      vertex 26.1 -25.282 0
    endloop
  endfacet
  facet normal 0 0 -1
    outer loop
      vertex 33.1 -34.55 0
      vertex 25.6176 -25.4818 0
      vertex 25.8654 -25.3978 0
    endloop
  endfacet
  facet normal 0 0 -1
    outer loop
      vertex 33.1 -34.55 0
      vertex 25.361 -25.5329 0
      vertex 25.6176 -25.4818 0
    endloop
  endfacet
  facet normal 0 0 -1
    outer loop
      vertex 33.1 -34.55 0
      vertex 25.1 -25.55 0
      vertex 25.361 -25.5329 0
    endloop
  endfacet
  facet normal 0 0 -1
    outer loop
      vertex 33.1 -34.55 0
      vertex -25.1 -25.55 0
      vertex 25.1 -25.55 0
    endloop
  endfacet
  facet normal 0 0 -1
    outer loop
      vertex -33.1 -34.55 0
      vertex -25.1 -25.55 0
      vertex 33.1 -34.55 0
    endloop
  endfacet
  facet normal -0 0 -1
    outer loop
      vertex -27.0829 -23.811 0
      vertex -36.1 -31.55 0
      vertex -27.1 -23.55 0
    endloop
  endfacet
  facet normal -0 0 -1
    outer loop
      vertex -27.0318 -24.0676 0
      vertex -36.1 -31.55 0
      vertex -27.0829 -23.811 0
    endloop
  endfacet
  facet normal -0 0 -1
    outer loop
      vertex -26.9478 -24.3154 0
      vertex -36.1 -31.55 0
      vertex -27.0318 -24.0676 0
    endloop
  endfacet
  facet normal -0 0 -1
    outer loop
      vertex -26.832 -24.55 0
      vertex -36.1 -31.55 0
      vertex -26.9478 -24.3154 0
    endloop
  endfacet
  facet normal -0 0 -1
    outer loop
      vertex -26.6867 -24.7675 0
      vertex -36.1 -31.55 0
      vertex -26.832 -24.55 0
    endloop
  endfacet
  facet normal -0 0 -1
    outer loop
      vertex -26.5142 -24.9642 0
      vertex -36.1 -31.55 0
      vertex -26.6867 -24.7675 0
    endloop
  endfacet
  facet normal 0 0 -1
    outer loop
      vertex -36.1 -31.55 0
      vertex -26.5142 -24.9642 0
      vertex -33.1 -34.55 0
    endloop
  endfacet
  facet normal -0 0 -1
    outer loop
      vertex -26.3175 -25.1367 0
      vertex -33.1 -34.55 0
      vertex -26.5142 -24.9642 0
    endloop
  endfacet
  facet normal -0 0 -1
    outer loop
      vertex -26.1 -25.282 0
      vertex -33.1 -34.55 0
      vertex -26.3175 -25.1367 0
    endloop
  endfacet
  facet normal -0 0 -1
    outer loop
      vertex -25.8654 -25.3978 0
      vertex -33.1 -34.55 0
      vertex -26.1 -25.282 0
    endloop
  endfacet
  facet normal -0 0 -1
    outer loop
      vertex -25.6176 -25.4818 0
      vertex -33.1 -34.55 0
      vertex -25.8654 -25.3978 0
    endloop
  endfacet
  facet normal -0 0 -1
    outer loop
      vertex -25.361 -25.5329 0
      vertex -33.1 -34.55 0
      vertex -25.6176 -25.4818 0
    endloop
  endfacet
  facet normal -0 0 -1
    outer loop
      vertex -25.1 -25.55 0
      vertex -33.1 -34.55 0
      vertex -25.361 -25.5329 0
    endloop
  endfacet
  facet normal 0 0 -1
    outer loop
      vertex 35.4801 33.3763 0
      vertex 33.1 34.55 0
      vertex 35.2213 33.6713 0
    endloop
  endfacet
  facet normal 0 0 -1
    outer loop
      vertex 34.9263 33.9301 0
      vertex 33.1 34.55 0
      vertex 34.6 34.1481 0
    endloop
  endfacet
  facet normal 0 0 -1
    outer loop
      vertex 34.6 34.1481 0
      vertex 33.1 34.55 0
      vertex 34.248 34.3216 0
    endloop
  endfacet
  facet normal 0 0 -1
    outer loop
      vertex 34.248 34.3216 0
      vertex 33.1 34.55 0
      vertex 33.8764 34.4478 0
    endloop
  endfacet
  facet normal 0 0 -1
    outer loop
      vertex 33.8764 34.4478 0
      vertex 33.1 34.55 0
      vertex 33.4916 34.5243 0
    endloop
  endfacet
  facet normal 0 0 -1
    outer loop
      vertex 35.2213 33.6713 0
      vertex 33.1 34.55 0
      vertex 34.9263 33.9301 0
    endloop
  endfacet
  facet normal 0 0 -1
    outer loop
      vertex 36.0743 31.9416 0
      vertex 33.1 34.55 0
      vertex 35.9978 32.3264 0
    endloop
  endfacet
  facet normal 0 0 -1
    outer loop
      vertex 26.3175 25.1367 0
      vertex 33.1 34.55 0
      vertex 26.5142 24.9642 0
    endloop
  endfacet
  facet normal 0 0 -1
    outer loop
      vertex 26.1 25.282 0
      vertex 33.1 34.55 0
      vertex 26.3175 25.1367 0
    endloop
  endfacet
  facet normal 0 0 -1
    outer loop
      vertex 25.8654 25.3978 0
      vertex 33.1 34.55 0
      vertex 26.1 25.282 0
    endloop
  endfacet
  facet normal 0 0 -1
    outer loop
      vertex 25.6176 25.4818 0
      vertex 33.1 34.55 0
      vertex 25.8654 25.3978 0
    endloop
  endfacet
  facet normal 0 0 -1
    outer loop
      vertex 25.361 25.5329 0
      vertex 33.1 34.55 0
      vertex 25.6176 25.4818 0
    endloop
  endfacet
  facet normal 0 0 -1
    outer loop
      vertex 25.1 25.55 0
      vertex 33.1 34.55 0
      vertex 25.361 25.5329 0
    endloop
  endfacet
  facet normal 0 0 -1
    outer loop
      vertex -25.1 25.55 0
      vertex 33.1 34.55 0
      vertex 25.1 25.55 0
    endloop
  endfacet
  facet normal 0 0 -1
    outer loop
      vertex -33.1 34.55 0
      vertex -25.1 25.55 0
      vertex -25.361 25.5329 0
    endloop
  endfacet
  facet normal -0 0 -1
    outer loop
      vertex -27.1 -23.55 0
      vertex -36.1 -31.55 0
      vertex -27.1 23.55 0
    endloop
  endfacet
  facet normal 0 0 -1
    outer loop
      vertex -25.1 25.55 0
      vertex -33.1 34.55 0
      vertex 33.1 34.55 0
    endloop
  endfacet
  facet normal 0 0 -1
    outer loop
      vertex -25.6176 25.4818 0
      vertex -33.1 34.55 0
      vertex -25.361 25.5329 0
    endloop
  endfacet
  facet normal 0 0 -1
    outer loop
      vertex -25.8654 25.3978 0
      vertex -33.1 34.55 0
      vertex -25.6176 25.4818 0
    endloop
  endfacet
  facet normal 0 0 -1
    outer loop
      vertex -26.1 25.282 0
      vertex -33.1 34.55 0
      vertex -25.8654 25.3978 0
    endloop
  endfacet
  facet normal 0 0 -1
    outer loop
      vertex -26.3175 25.1367 0
      vertex -33.1 34.55 0
      vertex -26.1 25.282 0
    endloop
  endfacet
  facet normal 0 0 -1
    outer loop
      vertex -26.5142 24.9642 0
      vertex -33.1 34.55 0
      vertex -26.3175 25.1367 0
    endloop
  endfacet
  facet normal 0 0 -1
    outer loop
      vertex -36.1 31.55 0
      vertex -26.5142 24.9642 0
      vertex -26.6867 24.7675 0
    endloop
  endfacet
  facet normal 0 0 -1
    outer loop
      vertex -36.1 31.55 0
      vertex -26.6867 24.7675 0
      vertex -26.832 24.55 0
    endloop
  endfacet
  facet normal 0 0 -1
    outer loop
      vertex -36.1 31.55 0
      vertex -26.832 24.55 0
      vertex -26.9478 24.3154 0
    endloop
  endfacet
  facet normal 0 0 -1
    outer loop
      vertex -36.1 31.55 0
      vertex -26.9478 24.3154 0
      vertex -27.0318 24.0676 0
    endloop
  endfacet
  facet normal 0 0 -1
    outer loop
      vertex -36.1 31.55 0
      vertex -27.0318 24.0676 0
      vertex -27.0829 23.811 0
    endloop
  endfacet
  facet normal 0 0 -1
    outer loop
      vertex -36.1 31.55 0
      vertex -27.1 23.55 0
      vertex -36.1 -31.55 0
    endloop
  endfacet
  facet normal 0 0 -1
    outer loop
      vertex -36.1 -31.55 0
      vertex -33.1 -34.55 0
      vertex -33.4916 -34.5243 0
    endloop
  endfacet
  facet normal 0 0 -1
    outer loop
      vertex -27.1 23.55 0
      vertex -36.1 31.55 0
      vertex -27.0829 23.811 0
    endloop
  endfacet
  facet normal 0 0 -1
    outer loop
      vertex -36.1 -31.55 0
      vertex -33.4916 -34.5243 0
      vertex -33.8764 -34.4478 0
    endloop
  endfacet
  facet normal 0 0 -1
    outer loop
      vertex -26.5142 24.9642 0
      vertex -36.1 31.55 0
      vertex -33.1 34.55 0
    endloop
  endfacet
  facet normal 0 0 -1
    outer loop
      vertex -36.1 -31.55 0
      vertex -33.8764 -34.4478 0
      vertex -34.248 -34.3216 0
    endloop
  endfacet
  facet normal 0 0 -1
    outer loop
      vertex -33.1 34.55 0
      vertex -36.1 31.55 0
      vertex -33.4916 34.5243 0
    endloop
  endfacet
  facet normal 0 0 -1
    outer loop
      vertex -36.1 -31.55 0
      vertex -34.248 -34.3216 0
      vertex -34.6 -34.1481 0
    endloop
  endfacet
  facet normal 0 0 -1
    outer loop
      vertex -33.4916 34.5243 0
      vertex -36.1 31.55 0
      vertex -33.8764 34.4478 0
    endloop
  endfacet
  facet normal 0 0 -1
    outer loop
      vertex -36.1 -31.55 0
      vertex -34.6 -34.1481 0
      vertex -34.9263 -33.9301 0
    endloop
  endfacet
  facet normal 0 0 -1
    outer loop
      vertex -33.8764 34.4478 0
      vertex -36.1 31.55 0
      vertex -34.248 34.3216 0
    endloop
  endfacet
  facet normal 0 0 -1
    outer loop
      vertex -36.1 -31.55 0
      vertex -34.9263 -33.9301 0
      vertex -35.2213 -33.6713 0
    endloop
  endfacet
  facet normal 0 0 -1
    outer loop
      vertex -34.248 34.3216 0
      vertex -36.1 31.55 0
      vertex -34.6 34.1481 0
    endloop
  endfacet
  facet normal 0 0 -1
    outer loop
      vertex -36.1 -31.55 0
      vertex -35.2213 -33.6713 0
      vertex -35.4801 -33.3763 0
    endloop
  endfacet
  facet normal 0 0 -1
    outer loop
      vertex -34.6 34.1481 0
      vertex -36.1 31.55 0
      vertex -34.9263 33.9301 0
    endloop
  endfacet
  facet normal 0 0 -1
    outer loop
      vertex -36.1 -31.55 0
      vertex -35.4801 -33.3763 0
      vertex -35.6981 -33.05 0
    endloop
  endfacet
  facet normal 0 0 -1
    outer loop
      vertex -34.9263 33.9301 0
      vertex -36.1 31.55 0
      vertex -35.2213 33.6713 0
    endloop
  endfacet
  facet normal 0 0 -1
    outer loop
      vertex -36.1 -31.55 0
      vertex -35.6981 -33.05 0
      vertex -35.8716 -32.698 0
    endloop
  endfacet
  facet normal 0 0 -1
    outer loop
      vertex -35.2213 33.6713 0
      vertex -36.1 31.55 0
      vertex -35.4801 33.3763 0
    endloop
  endfacet
  facet normal 0 0 -1
    outer loop
      vertex -36.1 -31.55 0
      vertex -35.8716 -32.698 0
      vertex -35.9978 -32.3264 0
    endloop
  endfacet
  facet normal 0 0 -1
    outer loop
      vertex -35.4801 33.3763 0
      vertex -36.1 31.55 0
      vertex -35.6981 33.05 0
    endloop
  endfacet
  facet normal 0 0 -1
    outer loop
      vertex -36.1 -31.55 0
      vertex -35.9978 -32.3264 0
      vertex -36.0743 -31.9416 0
    endloop
  endfacet
  facet normal 0 0 -1
    outer loop
      vertex -35.6981 33.05 0
      vertex -36.1 31.55 0
      vertex -35.8716 32.698 0
    endloop
  endfacet
  facet normal 0 0 -1
    outer loop
      vertex -35.8716 32.698 0
      vertex -36.1 31.55 0
      vertex -35.9978 32.3264 0
    endloop
  endfacet
  facet normal 0 0 -1
    outer loop
      vertex -35.9978 32.3264 0
      vertex -36.1 31.55 0
      vertex -36.0743 31.9416 0
    endloop
  endfacet
  facet normal 0.659478 0.751724 -0
    outer loop
      vertex 35.2213 33.6713 0
      vertex 34.9263 33.9301 4.6
      vertex 35.2213 33.6713 4.6
    endloop
  endfacet
  facet normal 0.659478 0.751724 0
    outer loop
      vertex 34.9263 33.9301 4.6
      vertex 35.2213 33.6713 0
      vertex 34.9263 33.9301 0
    endloop
  endfacet
  facet normal -0.0653771 0.997861 0
    outer loop
      vertex 25.361 -25.5329 0
      vertex 25.1 -25.55 1.2
      vertex 25.361 -25.5329 1.2
    endloop
  endfacet
  facet normal -0.0653771 0.997861 0
    outer loop
      vertex 25.1 -25.55 1.2
      vertex 25.361 -25.5329 0
      vertex 25.1 -25.55 0
    endloop
  endfacet
  facet normal 1 -0 0
    outer loop
      vertex -27.1 -23.55 1.2
      vertex -27.1 23.55 0
      vertex -27.1 23.55 1.2
    endloop
  endfacet
  facet normal 1 0 0
    outer loop
      vertex -27.1 23.55 0
      vertex -27.1 -23.55 1.2
      vertex -27.1 -23.55 0
    endloop
  endfacet
  facet normal 0.997861 -0.0653771 0
    outer loop
      vertex -27.1 23.55 1.2
      vertex -27.0829 23.811 0
      vertex -27.0829 23.811 1.2
    endloop
  endfacet
  facet normal 0.997861 -0.0653771 0
    outer loop
      vertex -27.0829 23.811 0
      vertex -27.1 23.55 1.2
      vertex -27.1 23.55 0
    endloop
  endfacet
  facet normal -0.555494 -0.831521 0
    outer loop
      vertex 26.1 25.282 0
      vertex 26.3175 25.1367 1.2
      vertex 26.1 25.282 1.2
    endloop
  endfacet
  facet normal -0.555494 -0.831521 -0
    outer loop
      vertex 26.3175 25.1367 1.2
      vertex 26.1 25.282 0
      vertex 26.3175 25.1367 0
    endloop
  endfacet
  facet normal -0.0653771 -0.997861 0
    outer loop
      vertex 25.1 25.55 0
      vertex 25.361 25.5329 1.2
      vertex 25.1 25.55 1.2
    endloop
  endfacet
  facet normal -0.0653771 -0.997861 -0
    outer loop
      vertex 25.361 25.5329 1.2
      vertex 25.1 25.55 0
      vertex 25.361 25.5329 0
    endloop
  endfacet
  facet normal 0 1 -0
    outer loop
      vertex 25.1 -25.55 0
      vertex -25.1 -25.55 1.2
      vertex 25.1 -25.55 1.2
    endloop
  endfacet
  facet normal 0 1 0
    outer loop
      vertex -25.1 -25.55 1.2
      vertex 25.1 -25.55 0
      vertex -25.1 -25.55 0
    endloop
  endfacet
  facet normal 0 -1 0
    outer loop
      vertex -25.1 25.55 0
      vertex 25.1 25.55 1.2
      vertex -25.1 25.55 1.2
    endloop
  endfacet
  facet normal 0 -1 -0
    outer loop
      vertex 25.1 25.55 1.2
      vertex -25.1 25.55 0
      vertex 25.1 25.55 0
    endloop
  endfacet
  facet normal 0.980742 -0.195308 0
    outer loop
      vertex -27.0829 23.811 1.2
      vertex -27.0318 24.0676 0
      vertex -27.0318 24.0676 1.2
    endloop
  endfacet
  facet normal 0.980742 -0.195308 0
    outer loop
      vertex -27.0318 24.0676 0
      vertex -27.0829 23.811 1.2
      vertex -27.0829 23.811 0
    endloop
  endfacet
  facet normal 0.0653771 0.997861 -0
    outer loop
      vertex -25.1 -25.55 0
      vertex -25.361 -25.5329 1.2
      vertex -25.1 -25.55 1.2
    endloop
  endfacet
  facet normal 0.0653771 0.997861 0
    outer loop
      vertex -25.361 -25.5329 1.2
      vertex -25.1 -25.55 0
      vertex -25.361 -25.5329 0
    endloop
  endfacet
  facet normal 0.321039 0.947066 -0
    outer loop
      vertex -25.6176 -25.4818 0
      vertex -25.8654 -25.3978 1.2
      vertex -25.6176 -25.4818 1.2
    endloop
  endfacet
  facet normal 0.321039 0.947066 0
    outer loop
      vertex -25.8654 -25.3978 1.2
      vertex -25.6176 -25.4818 0
      vertex -25.8654 -25.3978 0
    endloop
  endfacet
  facet normal 0.442621 -0.896709 0
    outer loop
      vertex -26.1 25.282 0
      vertex -25.8654 25.3978 1.2
      vertex -26.1 25.282 1.2
    endloop
  endfacet
  facet normal 0.442621 -0.896709 0
    outer loop
      vertex -25.8654 25.3978 1.2
      vertex -26.1 25.282 0
      vertex -25.8654 25.3978 0
    endloop
  endfacet
  facet normal 0.831521 0.555494 0
    outer loop
      vertex -26.6867 -24.7675 1.2
      vertex -26.832 -24.55 0
      vertex -26.832 -24.55 1.2
    endloop
  endfacet
  facet normal 0.831521 0.555494 0
    outer loop
      vertex -26.832 -24.55 0
      vertex -26.6867 -24.7675 1.2
      vertex -26.6867 -24.7675 0
    endloop
  endfacet
  facet normal 0.947066 0.321039 0
    outer loop
      vertex -26.9478 -24.3154 1.2
      vertex -27.0318 -24.0676 0
      vertex -27.0318 -24.0676 1.2
    endloop
  endfacet
  facet normal 0.947066 0.321039 0
    outer loop
      vertex -27.0318 -24.0676 0
      vertex -26.9478 -24.3154 1.2
      vertex -26.9478 -24.3154 0
    endloop
  endfacet
  facet normal 0.195308 -0.980742 0
    outer loop
      vertex -25.6176 25.4818 0
      vertex -25.361 25.5329 1.2
      vertex -25.6176 25.4818 1.2
    endloop
  endfacet
  facet normal 0.195308 -0.980742 0
    outer loop
      vertex -25.361 25.5329 1.2
      vertex -25.6176 25.4818 0
      vertex -25.361 25.5329 0
    endloop
  endfacet
  facet normal 0.0653771 -0.997861 0
    outer loop
      vertex -25.361 25.5329 0
      vertex -25.1 25.55 1.2
      vertex -25.361 25.5329 1.2
    endloop
  endfacet
  facet normal 0.0653771 -0.997861 0
    outer loop
      vertex -25.1 25.55 1.2
      vertex -25.361 25.5329 0
      vertex -25.1 25.55 0
    endloop
  endfacet
  facet normal -0.997861 0.0653771 0
    outer loop
      vertex 27.0829 -23.811 0
      vertex 27.1 -23.55 1.2
      vertex 27.1 -23.55 0
    endloop
  endfacet
  facet normal -0.997861 0.0653771 0
    outer loop
      vertex 27.1 -23.55 1.2
      vertex 27.0829 -23.811 0
      vertex 27.0829 -23.811 1.2
    endloop
  endfacet
  facet normal -0.751842 0.659343 0
    outer loop
      vertex 26.5142 -24.9642 0
      vertex 26.6867 -24.7675 1.2
      vertex 26.6867 -24.7675 0
    endloop
  endfacet
  facet normal -0.751842 0.659343 0
    outer loop
      vertex 26.6867 -24.7675 1.2
      vertex 26.5142 -24.9642 0
      vertex 26.5142 -24.9642 1.2
    endloop
  endfacet
  facet normal 0.195308 0.980742 -0
    outer loop
      vertex -25.361 -25.5329 0
      vertex -25.6176 -25.4818 1.2
      vertex -25.361 -25.5329 1.2
    endloop
  endfacet
  facet normal 0.195308 0.980742 0
    outer loop
      vertex -25.6176 -25.4818 1.2
      vertex -25.361 -25.5329 0
      vertex -25.6176 -25.4818 0
    endloop
  endfacet
  facet normal -0.442621 -0.896709 0
    outer loop
      vertex 25.8654 25.3978 0
      vertex 26.1 25.282 1.2
      vertex 25.8654 25.3978 1.2
    endloop
  endfacet
  facet normal -0.442621 -0.896709 -0
    outer loop
      vertex 26.1 25.282 1.2
      vertex 25.8654 25.3978 0
      vertex 26.1 25.282 0
    endloop
  endfacet
  facet normal 0.555494 -0.831521 0
    outer loop
      vertex -26.3175 25.1367 0
      vertex -26.1 25.282 1.2
      vertex -26.3175 25.1367 1.2
    endloop
  endfacet
  facet normal 0.555494 -0.831521 0
    outer loop
      vertex -26.1 25.282 1.2
      vertex -26.3175 25.1367 0
      vertex -26.1 25.282 0
    endloop
  endfacet
  facet normal 0.896709 0.442621 0
    outer loop
      vertex -26.832 -24.55 1.2
      vertex -26.9478 -24.3154 0
      vertex -26.9478 -24.3154 1.2
    endloop
  endfacet
  facet normal 0.896709 0.442621 0
    outer loop
      vertex -26.9478 -24.3154 0
      vertex -26.832 -24.55 1.2
      vertex -26.832 -24.55 0
    endloop
  endfacet
  facet normal 0.896709 -0.442621 0
    outer loop
      vertex -26.9478 24.3154 1.2
      vertex -26.832 24.55 0
      vertex -26.832 24.55 1.2
    endloop
  endfacet
  facet normal 0.896709 -0.442621 0
    outer loop
      vertex -26.832 24.55 0
      vertex -26.9478 24.3154 1.2
      vertex -26.9478 24.3154 0
    endloop
  endfacet
  facet normal 0.555494 0.831521 -0
    outer loop
      vertex -26.1 -25.282 0
      vertex -26.3175 -25.1367 1.2
      vertex -26.1 -25.282 1.2
    endloop
  endfacet
  facet normal 0.555494 0.831521 0
    outer loop
      vertex -26.3175 -25.1367 1.2
      vertex -26.1 -25.282 0
      vertex -26.3175 -25.1367 0
    endloop
  endfacet
  facet normal -0.896709 -0.442621 0
    outer loop
      vertex 26.9478 24.3154 0
      vertex 26.832 24.55 1.2
      vertex 26.832 24.55 0
    endloop
  endfacet
  facet normal -0.896709 -0.442621 0
    outer loop
      vertex 26.832 24.55 1.2
      vertex 26.9478 24.3154 0
      vertex 26.9478 24.3154 1.2
    endloop
  endfacet
  facet normal -0.980742 0.195308 0
    outer loop
      vertex 27.0318 -24.0676 0
      vertex 27.0829 -23.811 1.2
      vertex 27.0829 -23.811 0
    endloop
  endfacet
  facet normal -0.980742 0.195308 0
    outer loop
      vertex 27.0829 -23.811 1.2
      vertex 27.0318 -24.0676 0
      vertex 27.0318 -24.0676 1.2
    endloop
  endfacet
  facet normal 0.659343 0.751842 -0
    outer loop
      vertex -26.3175 -25.1367 0
      vertex -26.5142 -24.9642 1.2
      vertex -26.3175 -25.1367 1.2
    endloop
  endfacet
  facet normal 0.659343 0.751842 0
    outer loop
      vertex -26.5142 -24.9642 1.2
      vertex -26.3175 -25.1367 0
      vertex -26.5142 -24.9642 0
    endloop
  endfacet
  facet normal 0.947066 -0.321039 0
    outer loop
      vertex -27.0318 24.0676 1.2
      vertex -26.9478 24.3154 0
      vertex -26.9478 24.3154 1.2
    endloop
  endfacet
  facet normal 0.947066 -0.321039 0
    outer loop
      vertex -26.9478 24.3154 0
      vertex -27.0318 24.0676 1.2
      vertex -27.0318 24.0676 0
    endloop
  endfacet
  facet normal -1 0 0
    outer loop
      vertex 27.1 -23.55 0
      vertex 27.1 23.55 1.2
      vertex 27.1 23.55 0
    endloop
  endfacet
  facet normal -1 -0 0
    outer loop
      vertex 27.1 23.55 1.2
      vertex 27.1 -23.55 0
      vertex 27.1 -23.55 1.2
    endloop
  endfacet
  facet normal -0.321039 -0.947066 0
    outer loop
      vertex 25.6176 25.4818 0
      vertex 25.8654 25.3978 1.2
      vertex 25.6176 25.4818 1.2
    endloop
  endfacet
  facet normal -0.321039 -0.947066 -0
    outer loop
      vertex 25.8654 25.3978 1.2
      vertex 25.6176 25.4818 0
      vertex 25.8654 25.3978 0
    endloop
  endfacet
  facet normal 0.997861 0.0653771 0
    outer loop
      vertex -27.0829 -23.811 1.2
      vertex -27.1 -23.55 0
      vertex -27.1 -23.55 1.2
    endloop
  endfacet
  facet normal 0.997861 0.0653771 0
    outer loop
      vertex -27.1 -23.55 0
      vertex -27.0829 -23.811 1.2
      vertex -27.0829 -23.811 0
    endloop
  endfacet
  facet normal -0.659343 -0.751842 0
    outer loop
      vertex 26.3175 25.1367 0
      vertex 26.5142 24.9642 1.2
      vertex 26.3175 25.1367 1.2
    endloop
  endfacet
  facet normal -0.659343 -0.751842 -0
    outer loop
      vertex 26.5142 24.9642 1.2
      vertex 26.3175 25.1367 0
      vertex 26.5142 24.9642 0
    endloop
  endfacet
  facet normal -0.997861 -0.0653771 0
    outer loop
      vertex 27.1 23.55 0
      vertex 27.0829 23.811 1.2
      vertex 27.0829 23.811 0
    endloop
  endfacet
  facet normal -0.997861 -0.0653771 0
    outer loop
      vertex 27.0829 23.811 1.2
      vertex 27.1 23.55 0
      vertex 27.1 23.55 1.2
    endloop
  endfacet
  facet normal -0.321039 0.947066 0
    outer loop
      vertex 25.8654 -25.3978 0
      vertex 25.6176 -25.4818 1.2
      vertex 25.8654 -25.3978 1.2
    endloop
  endfacet
  facet normal -0.321039 0.947066 0
    outer loop
      vertex 25.6176 -25.4818 1.2
      vertex 25.8654 -25.3978 0
      vertex 25.6176 -25.4818 0
    endloop
  endfacet
  facet normal 0.751842 0.659343 0
    outer loop
      vertex -26.5142 -24.9642 1.2
      vertex -26.6867 -24.7675 0
      vertex -26.6867 -24.7675 1.2
    endloop
  endfacet
  facet normal 0.751842 0.659343 0
    outer loop
      vertex -26.6867 -24.7675 0
      vertex -26.5142 -24.9642 1.2
      vertex -26.5142 -24.9642 0
    endloop
  endfacet
  facet normal -0.195308 -0.980742 0
    outer loop
      vertex 25.361 25.5329 0
      vertex 25.6176 25.4818 1.2
      vertex 25.361 25.5329 1.2
    endloop
  endfacet
  facet normal -0.195308 -0.980742 -0
    outer loop
      vertex 25.6176 25.4818 1.2
      vertex 25.361 25.5329 0
      vertex 25.6176 25.4818 0
    endloop
  endfacet
  facet normal 0.321039 -0.947066 0
    outer loop
      vertex -25.8654 25.3978 0
      vertex -25.6176 25.4818 1.2
      vertex -25.8654 25.3978 1.2
    endloop
  endfacet
  facet normal 0.321039 -0.947066 0
    outer loop
      vertex -25.6176 25.4818 1.2
      vertex -25.8654 25.3978 0
      vertex -25.6176 25.4818 0
    endloop
  endfacet
  facet normal 0.442621 0.896709 -0
    outer loop
      vertex -25.8654 -25.3978 0
      vertex -26.1 -25.282 1.2
      vertex -25.8654 -25.3978 1.2
    endloop
  endfacet
  facet normal 0.442621 0.896709 0
    outer loop
      vertex -26.1 -25.282 1.2
      vertex -25.8654 -25.3978 0
      vertex -26.1 -25.282 0
    endloop
  endfacet
  facet normal 0.980742 0.195308 0
    outer loop
      vertex -27.0318 -24.0676 1.2
      vertex -27.0829 -23.811 0
      vertex -27.0829 -23.811 1.2
    endloop
  endfacet
  facet normal 0.980742 0.195308 0
    outer loop
      vertex -27.0829 -23.811 0
      vertex -27.0318 -24.0676 1.2
      vertex -27.0318 -24.0676 0
    endloop
  endfacet
  facet normal 0.831521 -0.555494 0
    outer loop
      vertex -26.832 24.55 1.2
      vertex -26.6867 24.7675 0
      vertex -26.6867 24.7675 1.2
    endloop
  endfacet
  facet normal 0.831521 -0.555494 0
    outer loop
      vertex -26.6867 24.7675 0
      vertex -26.832 24.55 1.2
      vertex -26.832 24.55 0
    endloop
  endfacet
  facet normal 0.659343 -0.751842 0
    outer loop
      vertex -26.5142 24.9642 0
      vertex -26.3175 25.1367 1.2
      vertex -26.5142 24.9642 1.2
    endloop
  endfacet
  facet normal 0.659343 -0.751842 0
    outer loop
      vertex -26.3175 25.1367 1.2
      vertex -26.5142 24.9642 0
      vertex -26.3175 25.1367 0
    endloop
  endfacet
  facet normal 0.751842 -0.659343 0
    outer loop
      vertex -26.6867 24.7675 1.2
      vertex -26.5142 24.9642 0
      vertex -26.5142 24.9642 1.2
    endloop
  endfacet
  facet normal 0.751842 -0.659343 0
    outer loop
      vertex -26.5142 24.9642 0
      vertex -26.6867 24.7675 1.2
      vertex -26.6867 24.7675 0
    endloop
  endfacet
  facet normal -0.947066 -0.321039 0
    outer loop
      vertex 27.0318 24.0676 0
      vertex 26.9478 24.3154 1.2
      vertex 26.9478 24.3154 0
    endloop
  endfacet
  facet normal -0.947066 -0.321039 0
    outer loop
      vertex 26.9478 24.3154 1.2
      vertex 27.0318 24.0676 0
      vertex 27.0318 24.0676 1.2
    endloop
  endfacet
  facet normal -0.831521 0.555494 0
    outer loop
      vertex 26.6867 -24.7675 0
      vertex 26.832 -24.55 1.2
      vertex 26.832 -24.55 0
    endloop
  endfacet
  facet normal -0.831521 0.555494 0
    outer loop
      vertex 26.832 -24.55 1.2
      vertex 26.6867 -24.7675 0
      vertex 26.6867 -24.7675 1.2
    endloop
  endfacet
  facet normal -0.442621 0.896709 0
    outer loop
      vertex 26.1 -25.282 0
      vertex 25.8654 -25.3978 1.2
      vertex 26.1 -25.282 1.2
    endloop
  endfacet
  facet normal -0.442621 0.896709 0
    outer loop
      vertex 25.8654 -25.3978 1.2
      vertex 26.1 -25.282 0
      vertex 25.8654 -25.3978 0
    endloop
  endfacet
  facet normal -0.195308 0.980742 0
    outer loop
      vertex 25.6176 -25.4818 0
      vertex 25.361 -25.5329 1.2
      vertex 25.6176 -25.4818 1.2
    endloop
  endfacet
  facet normal -0.195308 0.980742 0
    outer loop
      vertex 25.361 -25.5329 1.2
      vertex 25.6176 -25.4818 0
      vertex 25.361 -25.5329 0
    endloop
  endfacet
  facet normal -0.980742 -0.195308 0
    outer loop
      vertex 27.0829 23.811 0
      vertex 27.0318 24.0676 1.2
      vertex 27.0318 24.0676 0
    endloop
  endfacet
  facet normal -0.980742 -0.195308 0
    outer loop
      vertex 27.0318 24.0676 1.2
      vertex 27.0829 23.811 0
      vertex 27.0829 23.811 1.2
    endloop
  endfacet
  facet normal -0.555494 0.831521 0
    outer loop
      vertex 26.3175 -25.1367 0
      vertex 26.1 -25.282 1.2
      vertex 26.3175 -25.1367 1.2
    endloop
  endfacet
  facet normal -0.555494 0.831521 0
    outer loop
      vertex 26.1 -25.282 1.2
      vertex 26.3175 -25.1367 0
      vertex 26.1 -25.282 0
    endloop
  endfacet
  facet normal -0.659343 0.751842 0
    outer loop
      vertex 26.5142 -24.9642 0
      vertex 26.3175 -25.1367 1.2
      vertex 26.5142 -24.9642 1.2
    endloop
  endfacet
  facet normal -0.659343 0.751842 0
    outer loop
      vertex 26.3175 -25.1367 1.2
      vertex 26.5142 -24.9642 0
      vertex 26.3175 -25.1367 0
    endloop
  endfacet
  facet normal -0.896709 0.442621 0
    outer loop
      vertex 26.832 -24.55 0
      vertex 26.9478 -24.3154 1.2
      vertex 26.9478 -24.3154 0
    endloop
  endfacet
  facet normal -0.896709 0.442621 0
    outer loop
      vertex 26.9478 -24.3154 1.2
      vertex 26.832 -24.55 0
      vertex 26.832 -24.55 1.2
    endloop
  endfacet
  facet normal -0.751842 -0.659343 0
    outer loop
      vertex 26.6867 24.7675 0
      vertex 26.5142 24.9642 1.2
      vertex 26.5142 24.9642 0
    endloop
  endfacet
  facet normal -0.751842 -0.659343 0
    outer loop
      vertex 26.5142 24.9642 1.2
      vertex 26.6867 24.7675 0
      vertex 26.6867 24.7675 1.2
    endloop
  endfacet
  facet normal -0.831521 -0.555494 0
    outer loop
      vertex 26.832 24.55 0
      vertex 26.6867 24.7675 1.2
      vertex 26.6867 24.7675 0
    endloop
  endfacet
  facet normal -0.831521 -0.555494 0
    outer loop
      vertex 26.6867 24.7675 1.2
      vertex 26.832 24.55 0
      vertex 26.832 24.55 1.2
    endloop
  endfacet
  facet normal -0.947066 0.321039 0
    outer loop
      vertex 26.9478 -24.3154 0
      vertex 27.0318 -24.0676 1.2
      vertex 27.0318 -24.0676 0
    endloop
  endfacet
  facet normal -0.947066 0.321039 0
    outer loop
      vertex 27.0318 -24.0676 1.2
      vertex 26.9478 -24.3154 0
      vertex 26.9478 -24.3154 1.2
    endloop
  endfacet
  facet normal 0.980757 0.195234 0
    outer loop
      vertex -27.5299 -28.0432 3
      vertex -27.6193 -27.5941 1.2
      vertex -27.6193 -27.5941 3
    endloop
  endfacet
  facet normal 0.980757 0.195234 0
    outer loop
      vertex -27.6193 -27.5941 1.2
      vertex -27.5299 -28.0432 3
      vertex -27.5299 -28.0432 1.2
    endloop
  endfacet
  facet normal 0.997865 0.0653156 0
    outer loop
      vertex -27.5 -28.5 3
      vertex -27.5299 -28.0432 1.2
      vertex -27.5299 -28.0432 3
    endloop
  endfacet
  facet normal 0.997865 0.0653156 0
    outer loop
      vertex -27.5299 -28.0432 1.2
      vertex -27.5 -28.5 3
      vertex -27.5 -28.5 1.2
    endloop
  endfacet
  facet normal 0.321335 -0.946966 0
    outer loop
      vertex -30.0941 -31.8807 1.2
      vertex -29.6606 -31.7336 3
      vertex -30.0941 -31.8807 3
    endloop
  endfacet
  facet normal 0.321335 -0.946966 0
    outer loop
      vertex -29.6606 -31.7336 3
      vertex -30.0941 -31.8807 1.2
      vertex -29.6606 -31.7336 1.2
    endloop
  endfacet
  facet normal 0.831445 0.555607 0
    outer loop
      vertex -27.9689 -26.75 3
      vertex -28.2233 -26.3693 1.2
      vertex -28.2233 -26.3693 3
    endloop
  endfacet
  facet normal 0.831445 0.555607 0
    outer loop
      vertex -28.2233 -26.3693 1.2
      vertex -27.9689 -26.75 3
      vertex -27.9689 -26.75 1.2
    endloop
  endfacet
  facet normal -0.896853 0.442328 0
    outer loop
      vertex -34.1 -26.8897 1.2
      vertex -34.0311 -26.75 3
      vertex -34.0311 -26.75 1.2
    endloop
  endfacet
  facet normal -0.896853 0.442328 0
    outer loop
      vertex -34.0311 -26.75 3
      vertex -34.1 -26.8897 1.2
      vertex -34.1 -26.8897 3
    endloop
  endfacet
  facet normal -0.555607 0.831445 0
    outer loop
      vertex -32.75 -25.4689 1.2
      vertex -33.1307 -25.7233 3
      vertex -32.75 -25.4689 3
    endloop
  endfacet
  facet normal -0.555607 0.831445 0
    outer loop
      vertex -33.1307 -25.7233 3
      vertex -32.75 -25.4689 1.2
      vertex -33.1307 -25.7233 1.2
    endloop
  endfacet
  facet normal -0.659278 0.7519 0
    outer loop
      vertex -33.1307 -25.7233 1.2
      vertex -33.4749 -26.0251 3
      vertex -33.1307 -25.7233 3
    endloop
  endfacet
  facet normal -0.659278 0.7519 0
    outer loop
      vertex -33.4749 -26.0251 3
      vertex -33.1307 -25.7233 1.2
      vertex -33.4749 -26.0251 1.2
    endloop
  endfacet
  facet normal -0.7519 0.659278 0
    outer loop
      vertex -33.7767 -26.3693 1.2
      vertex -33.4749 -26.0251 3
      vertex -33.4749 -26.0251 1.2
    endloop
  endfacet
  facet normal -0.7519 0.659278 0
    outer loop
      vertex -33.4749 -26.0251 3
      vertex -33.7767 -26.3693 1.2
      vertex -33.7767 -26.3693 3
    endloop
  endfacet
  facet normal 0.946966 -0.321335 0
    outer loop
      vertex -27.7664 -29.8394 3
      vertex -27.6193 -29.4059 1.2
      vertex -27.6193 -29.4059 3
    endloop
  endfacet
  facet normal 0.946966 -0.321335 0
    outer loop
      vertex -27.6193 -29.4059 1.2
      vertex -27.7664 -29.8394 3
      vertex -27.7664 -29.8394 1.2
    endloop
  endfacet
  facet normal 0.555607 0.831445 -0
    outer loop
      vertex -28.8693 -25.7233 1.2
      vertex -29.25 -25.4689 3
      vertex -28.8693 -25.7233 3
    endloop
  endfacet
  facet normal 0.555607 0.831445 0
    outer loop
      vertex -29.25 -25.4689 3
      vertex -28.8693 -25.7233 1.2
      vertex -29.25 -25.4689 1.2
    endloop
  endfacet
  facet normal -0.321335 -0.946966 0
    outer loop
      vertex -32.3394 -31.7336 1.2
      vertex -31.9059 -31.8807 3
      vertex -32.3394 -31.7336 3
    endloop
  endfacet
  facet normal -0.321335 -0.946966 -0
    outer loop
      vertex -31.9059 -31.8807 3
      vertex -32.3394 -31.7336 1.2
      vertex -31.9059 -31.8807 1.2
    endloop
  endfacet
  facet normal -0.7519 -0.659278 0
    outer loop
      vertex -33.4749 -30.9749 1.2
      vertex -33.7767 -30.6307 3
      vertex -33.7767 -30.6307 1.2
    endloop
  endfacet
  facet normal -0.7519 -0.659278 0
    outer loop
      vertex -33.7767 -30.6307 3
      vertex -33.4749 -30.9749 1.2
      vertex -33.4749 -30.9749 3
    endloop
  endfacet
  facet normal 0.195234 -0.980757 0
    outer loop
      vertex -30.5432 -31.9701 1.2
      vertex -30.0941 -31.8807 3
      vertex -30.5432 -31.9701 3
    endloop
  endfacet
  facet normal 0.195234 -0.980757 0
    outer loop
      vertex -30.0941 -31.8807 3
      vertex -30.5432 -31.9701 1.2
      vertex -30.0941 -31.8807 1.2
    endloop
  endfacet
  facet normal -0.321335 0.946966 0
    outer loop
      vertex -31.9059 -25.1193 1.2
      vertex -32.3394 -25.2664 3
      vertex -31.9059 -25.1193 3
    endloop
  endfacet
  facet normal -0.321335 0.946966 0
    outer loop
      vertex -32.3394 -25.2664 3
      vertex -31.9059 -25.1193 1.2
      vertex -32.3394 -25.2664 1.2
    endloop
  endfacet
  facet normal -0.831445 -0.555607 0
    outer loop
      vertex -33.7767 -30.6307 1.2
      vertex -34.0311 -30.25 3
      vertex -34.0311 -30.25 1.2
    endloop
  endfacet
  facet normal -0.831445 -0.555607 0
    outer loop
      vertex -34.0311 -30.25 3
      vertex -33.7767 -30.6307 1.2
      vertex -33.7767 -30.6307 3
    endloop
  endfacet
  facet normal 0.555607 -0.831445 0
    outer loop
      vertex -29.25 -31.5311 1.2
      vertex -28.8693 -31.2767 3
      vertex -29.25 -31.5311 3
    endloop
  endfacet
  facet normal 0.555607 -0.831445 0
    outer loop
      vertex -28.8693 -31.2767 3
      vertex -29.25 -31.5311 1.2
      vertex -28.8693 -31.2767 1.2
    endloop
  endfacet
  facet normal 0.321335 0.946966 -0
    outer loop
      vertex -29.6606 -25.2664 1.2
      vertex -30.0941 -25.1193 3
      vertex -29.6606 -25.2664 3
    endloop
  endfacet
  facet normal 0.321335 0.946966 0
    outer loop
      vertex -30.0941 -25.1193 3
      vertex -29.6606 -25.2664 1.2
      vertex -30.0941 -25.1193 1.2
    endloop
  endfacet
  facet normal 0.0653156 0.997865 -0
    outer loop
      vertex -30.5432 -25.0299 1.2
      vertex -31 -25 3
      vertex -30.5432 -25.0299 3
    endloop
  endfacet
  facet normal 0.0653156 0.997865 0
    outer loop
      vertex -31 -25 3
      vertex -30.5432 -25.0299 1.2
      vertex -31 -25 1.2
    endloop
  endfacet
  facet normal -0.442314 0.89686 0
    outer loop
      vertex -32.3394 -25.2664 1.2
      vertex -32.75 -25.4689 3
      vertex -32.3394 -25.2664 3
    endloop
  endfacet
  facet normal -0.442314 0.89686 0
    outer loop
      vertex -32.75 -25.4689 3
      vertex -32.3394 -25.2664 1.2
      vertex -32.75 -25.4689 1.2
    endloop
  endfacet
  facet normal 0.831445 -0.555607 0
    outer loop
      vertex -28.2233 -30.6307 3
      vertex -27.9689 -30.25 1.2
      vertex -27.9689 -30.25 3
    endloop
  endfacet
  facet normal 0.831445 -0.555607 0
    outer loop
      vertex -27.9689 -30.25 1.2
      vertex -28.2233 -30.6307 3
      vertex -28.2233 -30.6307 1.2
    endloop
  endfacet
  facet normal -0.659278 -0.7519 0
    outer loop
      vertex -33.4749 -30.9749 1.2
      vertex -33.1307 -31.2767 3
      vertex -33.4749 -30.9749 3
    endloop
  endfacet
  facet normal -0.659278 -0.7519 -0
    outer loop
      vertex -33.1307 -31.2767 3
      vertex -33.4749 -30.9749 1.2
      vertex -33.1307 -31.2767 1.2
    endloop
  endfacet
  facet normal 0.442314 0.89686 -0
    outer loop
      vertex -29.25 -25.4689 1.2
      vertex -29.6606 -25.2664 3
      vertex -29.25 -25.4689 3
    endloop
  endfacet
  facet normal 0.442314 0.89686 0
    outer loop
      vertex -29.6606 -25.2664 3
      vertex -29.25 -25.4689 1.2
      vertex -29.6606 -25.2664 1.2
    endloop
  endfacet
  facet normal -0.195234 0.980757 0
    outer loop
      vertex -31.4568 -25.0299 1.2
      vertex -31.9059 -25.1193 3
      vertex -31.4568 -25.0299 3
    endloop
  endfacet
  facet normal -0.195234 0.980757 0
    outer loop
      vertex -31.9059 -25.1193 3
      vertex -31.4568 -25.0299 1.2
      vertex -31.9059 -25.1193 1.2
    endloop
  endfacet
  facet normal 0.7519 0.659278 0
    outer loop
      vertex -28.2233 -26.3693 3
      vertex -28.5251 -26.0251 1.2
      vertex -28.5251 -26.0251 3
    endloop
  endfacet
  facet normal 0.7519 0.659278 0
    outer loop
      vertex -28.5251 -26.0251 1.2
      vertex -28.2233 -26.3693 3
      vertex -28.2233 -26.3693 1.2
    endloop
  endfacet
  facet normal 0.195234 0.980757 -0
    outer loop
      vertex -30.0941 -25.1193 1.2
      vertex -30.5432 -25.0299 3
      vertex -30.0941 -25.1193 3
    endloop
  endfacet
  facet normal 0.195234 0.980757 0
    outer loop
      vertex -30.5432 -25.0299 3
      vertex -30.0941 -25.1193 1.2
      vertex -30.5432 -25.0299 1.2
    endloop
  endfacet
  facet normal 0.7519 -0.659278 0
    outer loop
      vertex -28.5251 -30.9749 3
      vertex -28.2233 -30.6307 1.2
      vertex -28.2233 -30.6307 3
    endloop
  endfacet
  facet normal 0.7519 -0.659278 0
    outer loop
      vertex -28.2233 -30.6307 1.2
      vertex -28.5251 -30.9749 3
      vertex -28.5251 -30.9749 1.2
    endloop
  endfacet
  facet normal -0.442314 -0.89686 0
    outer loop
      vertex -32.75 -31.5311 1.2
      vertex -32.3394 -31.7336 3
      vertex -32.75 -31.5311 3
    endloop
  endfacet
  facet normal -0.442314 -0.89686 -0
    outer loop
      vertex -32.3394 -31.7336 3
      vertex -32.75 -31.5311 1.2
      vertex -32.3394 -31.7336 1.2
    endloop
  endfacet
  facet normal 0.0653156 -0.997865 0
    outer loop
      vertex -31 -32 1.2
      vertex -30.5432 -31.9701 3
      vertex -31 -32 3
    endloop
  endfacet
  facet normal 0.0653156 -0.997865 0
    outer loop
      vertex -30.5432 -31.9701 3
      vertex -31 -32 1.2
      vertex -30.5432 -31.9701 1.2
    endloop
  endfacet
  facet normal 0.442314 -0.89686 0
    outer loop
      vertex -29.6606 -31.7336 1.2
      vertex -29.25 -31.5311 3
      vertex -29.6606 -31.7336 3
    endloop
  endfacet
  facet normal 0.442314 -0.89686 0
    outer loop
      vertex -29.25 -31.5311 3
      vertex -29.6606 -31.7336 1.2
      vertex -29.25 -31.5311 1.2
    endloop
  endfacet
  facet normal 0.659278 -0.7519 0
    outer loop
      vertex -28.8693 -31.2767 1.2
      vertex -28.5251 -30.9749 3
      vertex -28.8693 -31.2767 3
    endloop
  endfacet
  facet normal 0.659278 -0.7519 0
    outer loop
      vertex -28.5251 -30.9749 3
      vertex -28.8693 -31.2767 1.2
      vertex -28.5251 -30.9749 1.2
    endloop
  endfacet
  facet normal -0.896853 -0.442328 0
    outer loop
      vertex -34.0311 -30.25 1.2
      vertex -34.1 -30.1103 3
      vertex -34.1 -30.1103 1.2
    endloop
  endfacet
  facet normal -0.896853 -0.442328 0
    outer loop
      vertex -34.1 -30.1103 3
      vertex -34.0311 -30.25 1.2
      vertex -34.0311 -30.25 3
    endloop
  endfacet
  facet normal 0.89686 -0.442314 0
    outer loop
      vertex -27.9689 -30.25 3
      vertex -27.7664 -29.8394 1.2
      vertex -27.7664 -29.8394 3
    endloop
  endfacet
  facet normal 0.89686 -0.442314 0
    outer loop
      vertex -27.7664 -29.8394 1.2
      vertex -27.9689 -30.25 3
      vertex -27.9689 -30.25 1.2
    endloop
  endfacet
  facet normal 0.659278 0.7519 -0
    outer loop
      vertex -28.5251 -26.0251 1.2
      vertex -28.8693 -25.7233 3
      vertex -28.5251 -26.0251 3
    endloop
  endfacet
  facet normal 0.659278 0.7519 0
    outer loop
      vertex -28.8693 -25.7233 3
      vertex -28.5251 -26.0251 1.2
      vertex -28.8693 -25.7233 1.2
    endloop
  endfacet
  facet normal 0.997865 -0.0653156 0
    outer loop
      vertex -27.5299 -28.9568 3
      vertex -27.5 -28.5 1.2
      vertex -27.5 -28.5 3
    endloop
  endfacet
  facet normal 0.997865 -0.0653156 0
    outer loop
      vertex -27.5 -28.5 1.2
      vertex -27.5299 -28.9568 3
      vertex -27.5299 -28.9568 1.2
    endloop
  endfacet
  facet normal -0.555607 -0.831445 0
    outer loop
      vertex -33.1307 -31.2767 1.2
      vertex -32.75 -31.5311 3
      vertex -33.1307 -31.2767 3
    endloop
  endfacet
  facet normal -0.555607 -0.831445 -0
    outer loop
      vertex -32.75 -31.5311 3
      vertex -33.1307 -31.2767 1.2
      vertex -32.75 -31.5311 1.2
    endloop
  endfacet
  facet normal 0.89686 0.442314 0
    outer loop
      vertex -27.7664 -27.1606 3
      vertex -27.9689 -26.75 1.2
      vertex -27.9689 -26.75 3
    endloop
  endfacet
  facet normal 0.89686 0.442314 0
    outer loop
      vertex -27.9689 -26.75 1.2
      vertex -27.7664 -27.1606 3
      vertex -27.7664 -27.1606 1.2
    endloop
  endfacet
  facet normal 0.980757 -0.195234 0
    outer loop
      vertex -27.6193 -29.4059 3
      vertex -27.5299 -28.9568 1.2
      vertex -27.5299 -28.9568 3
    endloop
  endfacet
  facet normal 0.980757 -0.195234 0
    outer loop
      vertex -27.5299 -28.9568 1.2
      vertex -27.6193 -29.4059 3
      vertex -27.6193 -29.4059 1.2
    endloop
  endfacet
  facet normal 0.946966 0.321335 0
    outer loop
      vertex -27.6193 -27.5941 3
      vertex -27.7664 -27.1606 1.2
      vertex -27.7664 -27.1606 3
    endloop
  endfacet
  facet normal 0.946966 0.321335 0
    outer loop
      vertex -27.7664 -27.1606 1.2
      vertex -27.6193 -27.5941 3
      vertex -27.6193 -27.5941 1.2
    endloop
  endfacet
  facet normal -0.0653156 0.997865 0
    outer loop
      vertex -31 -25 1.2
      vertex -31.4568 -25.0299 3
      vertex -31 -25 3
    endloop
  endfacet
  facet normal -0.0653156 0.997865 0
    outer loop
      vertex -31.4568 -25.0299 3
      vertex -31 -25 1.2
      vertex -31.4568 -25.0299 1.2
    endloop
  endfacet
  facet normal 0 0 1
    outer loop
      vertex -29.75 -28.5 3
      vertex -27.5 -28.5 3
      vertex -27.5299 -28.0432 3
    endloop
  endfacet
  facet normal 0 0 1
    outer loop
      vertex -29.7607 -28.3368 3
      vertex -27.5299 -28.0432 3
      vertex -27.6193 -27.5941 3
    endloop
  endfacet
  facet normal 0 0 1
    outer loop
      vertex -27.5 -28.5 3
      vertex -29.75 -28.5 3
      vertex -27.5299 -28.9568 3
    endloop
  endfacet
  facet normal 0 0 1
    outer loop
      vertex -29.7926 -28.1765 3
      vertex -27.6193 -27.5941 3
      vertex -27.7664 -27.1606 3
    endloop
  endfacet
  facet normal -0 0 1
    outer loop
      vertex -29.7607 -28.6632 3
      vertex -27.5299 -28.9568 3
      vertex -29.75 -28.5 3
    endloop
  endfacet
  facet normal 0 0 1
    outer loop
      vertex -29.8451 -28.0216 3
      vertex -27.7664 -27.1606 3
      vertex -27.9689 -26.75 3
    endloop
  endfacet
  facet normal 0 0 1
    outer loop
      vertex -27.5299 -28.9568 3
      vertex -29.7607 -28.6632 3
      vertex -27.6193 -29.4059 3
    endloop
  endfacet
  facet normal 0 0 1
    outer loop
      vertex -29.9175 -27.875 3
      vertex -27.9689 -26.75 3
      vertex -28.2233 -26.3693 3
    endloop
  endfacet
  facet normal -0 0 1
    outer loop
      vertex -29.7926 -28.8235 3
      vertex -27.6193 -29.4059 3
      vertex -29.7607 -28.6632 3
    endloop
  endfacet
  facet normal 0 0 1
    outer loop
      vertex -30.0083 -27.739 3
      vertex -28.2233 -26.3693 3
      vertex -28.5251 -26.0251 3
    endloop
  endfacet
  facet normal 0 0 1
    outer loop
      vertex -27.6193 -29.4059 3
      vertex -29.7926 -28.8235 3
      vertex -27.7664 -29.8394 3
    endloop
  endfacet
  facet normal 0 0 1
    outer loop
      vertex -30.1161 -27.6161 3
      vertex -28.5251 -26.0251 3
      vertex -28.8693 -25.7233 3
    endloop
  endfacet
  facet normal -0 0 1
    outer loop
      vertex -29.8451 -28.9784 3
      vertex -27.7664 -29.8394 3
      vertex -29.7926 -28.8235 3
    endloop
  endfacet
  facet normal 0 0 1
    outer loop
      vertex -30.239 -27.5083 3
      vertex -28.8693 -25.7233 3
      vertex -29.25 -25.4689 3
    endloop
  endfacet
  facet normal 0 0 1
    outer loop
      vertex -27.7664 -29.8394 3
      vertex -29.8451 -28.9784 3
      vertex -27.9689 -30.25 3
    endloop
  endfacet
  facet normal 0 0 1
    outer loop
      vertex -30.375 -27.4175 3
      vertex -29.25 -25.4689 3
      vertex -29.6606 -25.2664 3
    endloop
  endfacet
  facet normal -0 0 1
    outer loop
      vertex -29.9175 -29.125 3
      vertex -27.9689 -30.25 3
      vertex -29.8451 -28.9784 3
    endloop
  endfacet
  facet normal 0 0 1
    outer loop
      vertex -27.9689 -30.25 3
      vertex -29.9175 -29.125 3
      vertex -28.2233 -30.6307 3
    endloop
  endfacet
  facet normal 0 0 1
    outer loop
      vertex -27.5299 -28.0432 3
      vertex -29.7607 -28.3368 3
      vertex -29.75 -28.5 3
    endloop
  endfacet
  facet normal 0 0 1
    outer loop
      vertex -27.6193 -27.5941 3
      vertex -29.7926 -28.1765 3
      vertex -29.7607 -28.3368 3
    endloop
  endfacet
  facet normal 0 0 1
    outer loop
      vertex -27.7664 -27.1606 3
      vertex -29.8451 -28.0216 3
      vertex -29.7926 -28.1765 3
    endloop
  endfacet
  facet normal 0 0 1
    outer loop
      vertex -27.9689 -26.75 3
      vertex -29.9175 -27.875 3
      vertex -29.8451 -28.0216 3
    endloop
  endfacet
  facet normal 0 0 1
    outer loop
      vertex -28.2233 -26.3693 3
      vertex -30.0083 -27.739 3
      vertex -29.9175 -27.875 3
    endloop
  endfacet
  facet normal 0 0 1
    outer loop
      vertex -30.5216 -27.3451 3
      vertex -29.6606 -25.2664 3
      vertex -30.0941 -25.1193 3
    endloop
  endfacet
  facet normal 0 0 1
    outer loop
      vertex -28.5251 -26.0251 3
      vertex -30.1161 -27.6161 3
      vertex -30.0083 -27.739 3
    endloop
  endfacet
  facet normal 0 0 1
    outer loop
      vertex -28.8693 -25.7233 3
      vertex -30.239 -27.5083 3
      vertex -30.1161 -27.6161 3
    endloop
  endfacet
  facet normal 0 0 1
    outer loop
      vertex -29.25 -25.4689 3
      vertex -30.375 -27.4175 3
      vertex -30.239 -27.5083 3
    endloop
  endfacet
  facet normal 0 0 1
    outer loop
      vertex -29.6606 -25.2664 3
      vertex -30.5216 -27.3451 3
      vertex -30.375 -27.4175 3
    endloop
  endfacet
  facet normal 0 0 1
    outer loop
      vertex -30.6765 -27.2926 3
      vertex -30.0941 -25.1193 3
      vertex -30.5432 -25.0299 3
    endloop
  endfacet
  facet normal 0 0 1
    outer loop
      vertex -30.0941 -25.1193 3
      vertex -30.6765 -27.2926 3
      vertex -30.5216 -27.3451 3
    endloop
  endfacet
  facet normal 0 0 1
    outer loop
      vertex -30.5432 -25.0299 3
      vertex -30.8368 -27.2607 3
      vertex -30.6765 -27.2926 3
    endloop
  endfacet
  facet normal 0 0 1
    outer loop
      vertex -31 -25 3
      vertex -30.8368 -27.2607 3
      vertex -30.5432 -25.0299 3
    endloop
  endfacet
  facet normal 0 0 1
    outer loop
      vertex -31 -25 3
      vertex -31 -27.25 3
      vertex -30.8368 -27.2607 3
    endloop
  endfacet
  facet normal 0 0 1
    outer loop
      vertex -31 -25 3
      vertex -31.1632 -27.2607 3
      vertex -31 -27.25 3
    endloop
  endfacet
  facet normal -0 0 1
    outer loop
      vertex -31.4568 -25.0299 3
      vertex -31.1632 -27.2607 3
      vertex -31 -25 3
    endloop
  endfacet
  facet normal 0 0 1
    outer loop
      vertex -31.1632 -27.2607 3
      vertex -31.4568 -25.0299 3
      vertex -31.3235 -27.2926 3
    endloop
  endfacet
  facet normal -0 0 1
    outer loop
      vertex -31.9059 -25.1193 3
      vertex -31.3235 -27.2926 3
      vertex -31.4568 -25.0299 3
    endloop
  endfacet
  facet normal 0 0 1
    outer loop
      vertex -31.3235 -27.2926 3
      vertex -31.9059 -25.1193 3
      vertex -31.4784 -27.3451 3
    endloop
  endfacet
  facet normal -0 0 1
    outer loop
      vertex -32.3394 -25.2664 3
      vertex -31.4784 -27.3451 3
      vertex -31.9059 -25.1193 3
    endloop
  endfacet
  facet normal 0 0 1
    outer loop
      vertex -31.4784 -27.3451 3
      vertex -32.3394 -25.2664 3
      vertex -31.625 -27.4175 3
    endloop
  endfacet
  facet normal -0 0 1
    outer loop
      vertex -32.75 -25.4689 3
      vertex -31.625 -27.4175 3
      vertex -32.3394 -25.2664 3
    endloop
  endfacet
  facet normal 0 0 1
    outer loop
      vertex -31.625 -27.4175 3
      vertex -32.75 -25.4689 3
      vertex -31.761 -27.5083 3
    endloop
  endfacet
  facet normal -0 0 1
    outer loop
      vertex -33.1307 -25.7233 3
      vertex -31.761 -27.5083 3
      vertex -32.75 -25.4689 3
    endloop
  endfacet
  facet normal 0 0 1
    outer loop
      vertex -31.761 -27.5083 3
      vertex -33.1307 -25.7233 3
      vertex -31.8839 -27.6161 3
    endloop
  endfacet
  facet normal -0 0 1
    outer loop
      vertex -33.4749 -26.0251 3
      vertex -31.8839 -27.6161 3
      vertex -33.1307 -25.7233 3
    endloop
  endfacet
  facet normal 0 0 1
    outer loop
      vertex -31.8839 -27.6161 3
      vertex -33.4749 -26.0251 3
      vertex -31.9917 -27.739 3
    endloop
  endfacet
  facet normal 0 0 1
    outer loop
      vertex -31.9917 -27.739 3
      vertex -33.7767 -26.3693 3
      vertex -32.0825 -27.875 3
    endloop
  endfacet
  facet normal -0 0 1
    outer loop
      vertex -33.7767 -26.3693 3
      vertex -31.9917 -27.739 3
      vertex -33.4749 -26.0251 3
    endloop
  endfacet
  facet normal -0 0 1
    outer loop
      vertex -30.0083 -29.261 3
      vertex -28.2233 -30.6307 3
      vertex -29.9175 -29.125 3
    endloop
  endfacet
  facet normal 0 0 1
    outer loop
      vertex -28.2233 -30.6307 3
      vertex -30.0083 -29.261 3
      vertex -28.5251 -30.9749 3
    endloop
  endfacet
  facet normal -0 0 1
    outer loop
      vertex -30.1161 -29.3839 3
      vertex -28.5251 -30.9749 3
      vertex -30.0083 -29.261 3
    endloop
  endfacet
  facet normal 0 0 1
    outer loop
      vertex -28.5251 -30.9749 3
      vertex -30.1161 -29.3839 3
      vertex -28.8693 -31.2767 3
    endloop
  endfacet
  facet normal -0 0 1
    outer loop
      vertex -30.239 -29.4917 3
      vertex -28.8693 -31.2767 3
      vertex -30.1161 -29.3839 3
    endloop
  endfacet
  facet normal 0 0 1
    outer loop
      vertex -28.8693 -31.2767 3
      vertex -30.239 -29.4917 3
      vertex -29.25 -31.5311 3
    endloop
  endfacet
  facet normal -0 0 1
    outer loop
      vertex -30.375 -29.5825 3
      vertex -29.25 -31.5311 3
      vertex -30.239 -29.4917 3
    endloop
  endfacet
  facet normal 0 0 1
    outer loop
      vertex -29.25 -31.5311 3
      vertex -30.375 -29.5825 3
      vertex -29.6606 -31.7336 3
    endloop
  endfacet
  facet normal -0 0 1
    outer loop
      vertex -30.5216 -29.6549 3
      vertex -29.6606 -31.7336 3
      vertex -30.375 -29.5825 3
    endloop
  endfacet
  facet normal 0 0 1
    outer loop
      vertex -29.6606 -31.7336 3
      vertex -30.5216 -29.6549 3
      vertex -30.0941 -31.8807 3
    endloop
  endfacet
  facet normal -0 0 1
    outer loop
      vertex -30.6765 -29.7074 3
      vertex -30.0941 -31.8807 3
      vertex -30.5216 -29.6549 3
    endloop
  endfacet
  facet normal 0 0 1
    outer loop
      vertex -30.0941 -31.8807 3
      vertex -30.6765 -29.7074 3
      vertex -30.5432 -31.9701 3
    endloop
  endfacet
  facet normal -0 0 1
    outer loop
      vertex -30.8368 -29.7393 3
      vertex -30.5432 -31.9701 3
      vertex -30.6765 -29.7074 3
    endloop
  endfacet
  facet normal -0 0 1
    outer loop
      vertex -31 -29.75 3
      vertex -30.5432 -31.9701 3
      vertex -30.8368 -29.7393 3
    endloop
  endfacet
  facet normal 0 0 1
    outer loop
      vertex -31 -29.75 3
      vertex -31 -32 3
      vertex -30.5432 -31.9701 3
    endloop
  endfacet
  facet normal 0 0 1
    outer loop
      vertex -31.1632 -29.7393 3
      vertex -31 -32 3
      vertex -31 -29.75 3
    endloop
  endfacet
  facet normal 0 0 1
    outer loop
      vertex -31.4568 -31.9701 3
      vertex -31.1632 -29.7393 3
      vertex -31.3235 -29.7074 3
    endloop
  endfacet
  facet normal 0 0 1
    outer loop
      vertex -31.1632 -29.7393 3
      vertex -31.4568 -31.9701 3
      vertex -31 -32 3
    endloop
  endfacet
  facet normal 0 0 1
    outer loop
      vertex -31.9059 -31.8807 3
      vertex -31.3235 -29.7074 3
      vertex -31.4784 -29.6549 3
    endloop
  endfacet
  facet normal 0 0 1
    outer loop
      vertex -32.3394 -31.7336 3
      vertex -31.4784 -29.6549 3
      vertex -31.625 -29.5825 3
    endloop
  endfacet
  facet normal 0 0 1
    outer loop
      vertex -32.75 -31.5311 3
      vertex -31.625 -29.5825 3
      vertex -31.761 -29.4917 3
    endloop
  endfacet
  facet normal 0 0 1
    outer loop
      vertex -33.1307 -31.2767 3
      vertex -31.761 -29.4917 3
      vertex -31.8839 -29.3839 3
    endloop
  endfacet
  facet normal 0 0 1
    outer loop
      vertex -31.3235 -29.7074 3
      vertex -31.9059 -31.8807 3
      vertex -31.4568 -31.9701 3
    endloop
  endfacet
  facet normal 0 0 1
    outer loop
      vertex -33.4749 -30.9749 3
      vertex -31.8839 -29.3839 3
      vertex -31.9917 -29.261 3
    endloop
  endfacet
  facet normal 0 0 1
    outer loop
      vertex -33.7767 -30.6307 3
      vertex -31.9917 -29.261 3
      vertex -32.0825 -29.125 3
    endloop
  endfacet
  facet normal 0 0 1
    outer loop
      vertex -34.1 -30.1103 3
      vertex -32.0825 -29.125 3
      vertex -32.1549 -28.9784 3
    endloop
  endfacet
  facet normal 0 0 1
    outer loop
      vertex -34.1 -30.1103 3
      vertex -32.1549 -28.9784 3
      vertex -32.2074 -28.8235 3
    endloop
  endfacet
  facet normal 0 0 1
    outer loop
      vertex -34.1 -30.1103 3
      vertex -32.2074 -28.8235 3
      vertex -32.2393 -28.6632 3
    endloop
  endfacet
  facet normal 0 0 1
    outer loop
      vertex -31.4784 -29.6549 3
      vertex -32.3394 -31.7336 3
      vertex -31.9059 -31.8807 3
    endloop
  endfacet
  facet normal 0 0 1
    outer loop
      vertex -34.1 -30.1103 3
      vertex -32.2393 -28.6632 3
      vertex -32.25 -28.5 3
    endloop
  endfacet
  facet normal -0 0 1
    outer loop
      vertex -34.0311 -26.75 3
      vertex -32.0825 -27.875 3
      vertex -33.7767 -26.3693 3
    endloop
  endfacet
  facet normal -0 0 1
    outer loop
      vertex -34.1 -26.8897 3
      vertex -32.0825 -27.875 3
      vertex -34.0311 -26.75 3
    endloop
  endfacet
  facet normal 0 0 1
    outer loop
      vertex -31.625 -29.5825 3
      vertex -32.75 -31.5311 3
      vertex -32.3394 -31.7336 3
    endloop
  endfacet
  facet normal 0 0 1
    outer loop
      vertex -32.0825 -27.875 3
      vertex -34.1 -26.8897 3
      vertex -32.1549 -28.0216 3
    endloop
  endfacet
  facet normal 0 0 1
    outer loop
      vertex -31.761 -29.4917 3
      vertex -33.1307 -31.2767 3
      vertex -32.75 -31.5311 3
    endloop
  endfacet
  facet normal 0 0 1
    outer loop
      vertex -32.1549 -28.0216 3
      vertex -34.1 -26.8897 3
      vertex -32.2074 -28.1765 3
    endloop
  endfacet
  facet normal 0 0 1
    outer loop
      vertex -31.8839 -29.3839 3
      vertex -33.4749 -30.9749 3
      vertex -33.1307 -31.2767 3
    endloop
  endfacet
  facet normal 0 0 1
    outer loop
      vertex -32.2074 -28.1765 3
      vertex -34.1 -26.8897 3
      vertex -32.2393 -28.3368 3
    endloop
  endfacet
  facet normal 0 0 1
    outer loop
      vertex -34.1 -30.1103 3
      vertex -32.25 -28.5 3
      vertex -34.1 -26.8897 3
    endloop
  endfacet
  facet normal 0 0 1
    outer loop
      vertex -32.2393 -28.3368 3
      vertex -34.1 -26.8897 3
      vertex -32.25 -28.5 3
    endloop
  endfacet
  facet normal 0 0 1
    outer loop
      vertex -32.0825 -29.125 3
      vertex -34.1 -30.1103 3
      vertex -34.0311 -30.25 3
    endloop
  endfacet
  facet normal 0 0 1
    outer loop
      vertex -31.9917 -29.261 3
      vertex -33.7767 -30.6307 3
      vertex -33.4749 -30.9749 3
    endloop
  endfacet
  facet normal 0 0 1
    outer loop
      vertex -32.0825 -29.125 3
      vertex -34.0311 -30.25 3
      vertex -33.7767 -30.6307 3
    endloop
  endfacet
  facet normal -0.195234 -0.980757 0
    outer loop
      vertex -31.9059 -31.8807 1.2
      vertex -31.4568 -31.9701 3
      vertex -31.9059 -31.8807 3
    endloop
  endfacet
  facet normal -0.195234 -0.980757 -0
    outer loop
      vertex -31.4568 -31.9701 3
      vertex -31.9059 -31.8807 1.2
      vertex -31.4568 -31.9701 1.2
    endloop
  endfacet
  facet normal -0.831445 0.555607 0
    outer loop
      vertex -34.0311 -26.75 1.2
      vertex -33.7767 -26.3693 3
      vertex -33.7767 -26.3693 1.2
    endloop
  endfacet
  facet normal -0.831445 0.555607 0
    outer loop
      vertex -33.7767 -26.3693 3
      vertex -34.0311 -26.75 1.2
      vertex -34.0311 -26.75 3
    endloop
  endfacet
  facet normal -0.0653156 -0.997865 0
    outer loop
      vertex -31.4568 -31.9701 1.2
      vertex -31 -32 3
      vertex -31.4568 -31.9701 3
    endloop
  endfacet
  facet normal -0.0653156 -0.997865 -0
    outer loop
      vertex -31 -32 3
      vertex -31.4568 -31.9701 1.2
      vertex -31 -32 1.2
    endloop
  endfacet
  facet normal 0.980768 -0.195175 0
    outer loop
      vertex -29.7926 -28.8235 5.6
      vertex -29.7607 -28.6632 3
      vertex -29.7607 -28.6632 5.6
    endloop
  endfacet
  facet normal 0.980768 -0.195175 0
    outer loop
      vertex -29.7607 -28.6632 3
      vertex -29.7926 -28.8235 5.6
      vertex -29.7926 -28.8235 3
    endloop
  endfacet
  facet normal 0.980768 0.195175 0
    outer loop
      vertex -29.7607 -28.3368 5.6
      vertex -29.7926 -28.1765 3
      vertex -29.7926 -28.1765 5.6
    endloop
  endfacet
  facet normal 0.980768 0.195175 0
    outer loop
      vertex -29.7926 -28.1765 3
      vertex -29.7607 -28.3368 5.6
      vertex -29.7607 -28.3368 3
    endloop
  endfacet
  facet normal 0.997858 0.0654233 0
    outer loop
      vertex -29.75 -28.5 5.6
      vertex -29.7607 -28.3368 3
      vertex -29.7607 -28.3368 5.6
    endloop
  endfacet
  facet normal 0.997858 0.0654233 0
    outer loop
      vertex -29.7607 -28.3368 3
      vertex -29.75 -28.5 5.6
      vertex -29.75 -28.5 3
    endloop
  endfacet
  facet normal 0.947082 0.320993 0
    outer loop
      vertex -29.7926 -28.1765 5.6
      vertex -29.8451 -28.0216 3
      vertex -29.8451 -28.0216 5.6
    endloop
  endfacet
  facet normal 0.947082 0.320993 0
    outer loop
      vertex -29.8451 -28.0216 3
      vertex -29.7926 -28.1765 5.6
      vertex -29.7926 -28.1765 3
    endloop
  endfacet
  facet normal 0.442805 -0.896618 0
    outer loop
      vertex -30.5216 -29.6549 3
      vertex -30.375 -29.5825 5.6
      vertex -30.5216 -29.6549 5.6
    endloop
  endfacet
  facet normal 0.442805 -0.896618 0
    outer loop
      vertex -30.375 -29.5825 5.6
      vertex -30.5216 -29.6549 3
      vertex -30.375 -29.5825 3
    endloop
  endfacet
  facet normal 0.195175 0.980768 -0
    outer loop
      vertex -30.6765 -27.2926 3
      vertex -30.8368 -27.2607 5.6
      vertex -30.6765 -27.2926 5.6
    endloop
  endfacet
  facet normal 0.195175 0.980768 0
    outer loop
      vertex -30.8368 -27.2607 5.6
      vertex -30.6765 -27.2926 3
      vertex -30.8368 -27.2607 3
    endloop
  endfacet
  facet normal 0.195175 -0.980768 0
    outer loop
      vertex -30.8368 -29.7393 3
      vertex -30.6765 -29.7074 5.6
      vertex -30.8368 -29.7393 5.6
    endloop
  endfacet
  facet normal 0.195175 -0.980768 0
    outer loop
      vertex -30.6765 -29.7074 5.6
      vertex -30.8368 -29.7393 3
      vertex -30.6765 -29.7074 3
    endloop
  endfacet
  facet normal 0.0654233 -0.997858 0
    outer loop
      vertex -31 -29.75 3
      vertex -30.8368 -29.7393 5.6
      vertex -31 -29.75 5.6
    endloop
  endfacet
  facet normal 0.0654233 -0.997858 0
    outer loop
      vertex -30.8368 -29.7393 5.6
      vertex -31 -29.75 3
      vertex -30.8368 -29.7393 3
    endloop
  endfacet
  facet normal -0.659414 0.75178 0
    outer loop
      vertex -31.761 -27.5083 3
      vertex -31.8839 -27.6161 5.6
      vertex -31.761 -27.5083 5.6
    endloop
  endfacet
  facet normal -0.659414 0.75178 0
    outer loop
      vertex -31.8839 -27.6161 5.6
      vertex -31.761 -27.5083 3
      vertex -31.8839 -27.6161 3
    endloop
  endfacet
  facet normal -0.831674 0.555265 0
    outer loop
      vertex -32.0825 -27.875 3
      vertex -31.9917 -27.739 5.6
      vertex -31.9917 -27.739 3
    endloop
  endfacet
  facet normal -0.831674 0.555265 0
    outer loop
      vertex -31.9917 -27.739 5.6
      vertex -32.0825 -27.875 3
      vertex -32.0825 -27.875 5.6
    endloop
  endfacet
  facet normal 0.320993 0.947082 -0
    outer loop
      vertex -30.5216 -27.3451 3
      vertex -30.6765 -27.2926 5.6
      vertex -30.5216 -27.3451 5.6
    endloop
  endfacet
  facet normal 0.320993 0.947082 0
    outer loop
      vertex -30.6765 -27.2926 5.6
      vertex -30.5216 -27.3451 3
      vertex -30.6765 -27.2926 3
    endloop
  endfacet
  facet normal 0.659414 -0.75178 0
    outer loop
      vertex -30.239 -29.4917 3
      vertex -30.1161 -29.3839 5.6
      vertex -30.239 -29.4917 5.6
    endloop
  endfacet
  facet normal 0.659414 -0.75178 0
    outer loop
      vertex -30.1161 -29.3839 5.6
      vertex -30.239 -29.4917 3
      vertex -30.1161 -29.3839 3
    endloop
  endfacet
  facet normal -0.442805 0.896618 0
    outer loop
      vertex -31.4784 -27.3451 3
      vertex -31.625 -27.4175 5.6
      vertex -31.4784 -27.3451 5.6
    endloop
  endfacet
  facet normal -0.442805 0.896618 0
    outer loop
      vertex -31.625 -27.4175 5.6
      vertex -31.4784 -27.3451 3
      vertex -31.625 -27.4175 3
    endloop
  endfacet
  facet normal -0.0654233 -0.997858 0
    outer loop
      vertex -31.1632 -29.7393 3
      vertex -31 -29.75 5.6
      vertex -31.1632 -29.7393 5.6
    endloop
  endfacet
  facet normal -0.0654233 -0.997858 -0
    outer loop
      vertex -31 -29.75 5.6
      vertex -31.1632 -29.7393 3
      vertex -31 -29.75 3
    endloop
  endfacet
  facet normal 0.75178 -0.659414 0
    outer loop
      vertex -30.1161 -29.3839 5.6
      vertex -30.0083 -29.261 3
      vertex -30.0083 -29.261 5.6
    endloop
  endfacet
  facet normal 0.75178 -0.659414 0
    outer loop
      vertex -30.0083 -29.261 3
      vertex -30.1161 -29.3839 5.6
      vertex -30.1161 -29.3839 3
    endloop
  endfacet
  facet normal -0.947082 -0.320993 0
    outer loop
      vertex -32.1549 -28.9784 3
      vertex -32.2074 -28.8235 5.6
      vertex -32.2074 -28.8235 3
    endloop
  endfacet
  facet normal -0.947082 -0.320993 0
    outer loop
      vertex -32.2074 -28.8235 5.6
      vertex -32.1549 -28.9784 3
      vertex -32.1549 -28.9784 5.6
    endloop
  endfacet
  facet normal 0.320993 -0.947082 0
    outer loop
      vertex -30.6765 -29.7074 3
      vertex -30.5216 -29.6549 5.6
      vertex -30.6765 -29.7074 5.6
    endloop
  endfacet
  facet normal 0.320993 -0.947082 0
    outer loop
      vertex -30.5216 -29.6549 5.6
      vertex -30.6765 -29.7074 3
      vertex -30.5216 -29.6549 3
    endloop
  endfacet
  facet normal -0.320993 0.947082 0
    outer loop
      vertex -31.3235 -27.2926 3
      vertex -31.4784 -27.3451 5.6
      vertex -31.3235 -27.2926 5.6
    endloop
  endfacet
  facet normal -0.320993 0.947082 0
    outer loop
      vertex -31.4784 -27.3451 5.6
      vertex -31.3235 -27.2926 3
      vertex -31.4784 -27.3451 3
    endloop
  endfacet
  facet normal 0.75178 0.659414 0
    outer loop
      vertex -30.0083 -27.739 5.6
      vertex -30.1161 -27.6161 3
      vertex -30.1161 -27.6161 5.6
    endloop
  endfacet
  facet normal 0.75178 0.659414 0
    outer loop
      vertex -30.1161 -27.6161 3
      vertex -30.0083 -27.739 5.6
      vertex -30.0083 -27.739 3
    endloop
  endfacet
  facet normal -0.555265 0.831674 0
    outer loop
      vertex -31.625 -27.4175 3
      vertex -31.761 -27.5083 5.6
      vertex -31.625 -27.4175 5.6
    endloop
  endfacet
  facet normal -0.555265 0.831674 0
    outer loop
      vertex -31.761 -27.5083 5.6
      vertex -31.625 -27.4175 3
      vertex -31.761 -27.5083 3
    endloop
  endfacet
  facet normal -0.947082 0.320993 0
    outer loop
      vertex -32.2074 -28.1765 3
      vertex -32.1549 -28.0216 5.6
      vertex -32.1549 -28.0216 3
    endloop
  endfacet
  facet normal -0.947082 0.320993 0
    outer loop
      vertex -32.1549 -28.0216 5.6
      vertex -32.2074 -28.1765 3
      vertex -32.2074 -28.1765 5.6
    endloop
  endfacet
  facet normal 0.896618 0.442805 0
    outer loop
      vertex -29.8451 -28.0216 5.6
      vertex -29.9175 -27.875 3
      vertex -29.9175 -27.875 5.6
    endloop
  endfacet
  facet normal 0.896618 0.442805 0
    outer loop
      vertex -29.9175 -27.875 3
      vertex -29.8451 -28.0216 5.6
      vertex -29.8451 -28.0216 3
    endloop
  endfacet
  facet normal -0.195175 0.980768 0
    outer loop
      vertex -31.1632 -27.2607 3
      vertex -31.3235 -27.2926 5.6
      vertex -31.1632 -27.2607 5.6
    endloop
  endfacet
  facet normal -0.195175 0.980768 0
    outer loop
      vertex -31.3235 -27.2926 5.6
      vertex -31.1632 -27.2607 3
      vertex -31.3235 -27.2926 3
    endloop
  endfacet
  facet normal 0.659414 0.75178 -0
    outer loop
      vertex -30.1161 -27.6161 3
      vertex -30.239 -27.5083 5.6
      vertex -30.1161 -27.6161 5.6
    endloop
  endfacet
  facet normal 0.659414 0.75178 0
    outer loop
      vertex -30.239 -27.5083 5.6
      vertex -30.1161 -27.6161 3
      vertex -30.239 -27.5083 3
    endloop
  endfacet
  facet normal 0.997858 -0.0654233 0
    outer loop
      vertex -29.7607 -28.6632 5.6
      vertex -29.75 -28.5 3
      vertex -29.75 -28.5 5.6
    endloop
  endfacet
  facet normal 0.997858 -0.0654233 0
    outer loop
      vertex -29.75 -28.5 3
      vertex -29.7607 -28.6632 5.6
      vertex -29.7607 -28.6632 3
    endloop
  endfacet
  facet normal 0.442805 0.896618 -0
    outer loop
      vertex -30.375 -27.4175 3
      vertex -30.5216 -27.3451 5.6
      vertex -30.375 -27.4175 5.6
    endloop
  endfacet
  facet normal 0.442805 0.896618 0
    outer loop
      vertex -30.5216 -27.3451 5.6
      vertex -30.375 -27.4175 3
      vertex -30.5216 -27.3451 3
    endloop
  endfacet
  facet normal -0.320993 -0.947082 0
    outer loop
      vertex -31.4784 -29.6549 3
      vertex -31.3235 -29.7074 5.6
      vertex -31.4784 -29.6549 5.6
    endloop
  endfacet
  facet normal -0.320993 -0.947082 -0
    outer loop
      vertex -31.3235 -29.7074 5.6
      vertex -31.4784 -29.6549 3
      vertex -31.3235 -29.7074 3
    endloop
  endfacet
  facet normal -0.980768 0.195175 0
    outer loop
      vertex -32.2393 -28.3368 3
      vertex -32.2074 -28.1765 5.6
      vertex -32.2074 -28.1765 3
    endloop
  endfacet
  facet normal -0.980768 0.195175 0
    outer loop
      vertex -32.2074 -28.1765 5.6
      vertex -32.2393 -28.3368 3
      vertex -32.2393 -28.3368 5.6
    endloop
  endfacet
  facet normal -0.0654233 0.997858 0
    outer loop
      vertex -31 -27.25 3
      vertex -31.1632 -27.2607 5.6
      vertex -31 -27.25 5.6
    endloop
  endfacet
  facet normal -0.0654233 0.997858 0
    outer loop
      vertex -31.1632 -27.2607 5.6
      vertex -31 -27.25 3
      vertex -31.1632 -27.2607 3
    endloop
  endfacet
  facet normal -0.195175 -0.980768 0
    outer loop
      vertex -31.3235 -29.7074 3
      vertex -31.1632 -29.7393 5.6
      vertex -31.3235 -29.7074 5.6
    endloop
  endfacet
  facet normal -0.195175 -0.980768 -0
    outer loop
      vertex -31.1632 -29.7393 5.6
      vertex -31.3235 -29.7074 3
      vertex -31.1632 -29.7393 3
    endloop
  endfacet
  facet normal 0.947082 -0.320993 0
    outer loop
      vertex -29.8451 -28.9784 5.6
      vertex -29.7926 -28.8235 3
      vertex -29.7926 -28.8235 5.6
    endloop
  endfacet
  facet normal 0.947082 -0.320993 0
    outer loop
      vertex -29.7926 -28.8235 3
      vertex -29.8451 -28.9784 5.6
      vertex -29.8451 -28.9784 3
    endloop
  endfacet
  facet normal 0.831674 0.555265 0
    outer loop
      vertex -29.9175 -27.875 5.6
      vertex -30.0083 -27.739 3
      vertex -30.0083 -27.739 5.6
    endloop
  endfacet
  facet normal 0.831674 0.555265 0
    outer loop
      vertex -30.0083 -27.739 3
      vertex -29.9175 -27.875 5.6
      vertex -29.9175 -27.875 3
    endloop
  endfacet
  facet normal -0.896618 -0.442805 0
    outer loop
      vertex -32.0825 -29.125 3
      vertex -32.1549 -28.9784 5.6
      vertex -32.1549 -28.9784 3
    endloop
  endfacet
  facet normal -0.896618 -0.442805 0
    outer loop
      vertex -32.1549 -28.9784 5.6
      vertex -32.0825 -29.125 3
      vertex -32.0825 -29.125 5.6
    endloop
  endfacet
  facet normal 0.896618 -0.442805 0
    outer loop
      vertex -29.9175 -29.125 5.6
      vertex -29.8451 -28.9784 3
      vertex -29.8451 -28.9784 5.6
    endloop
  endfacet
  facet normal 0.896618 -0.442805 0
    outer loop
      vertex -29.8451 -28.9784 3
      vertex -29.9175 -29.125 5.6
      vertex -29.9175 -29.125 3
    endloop
  endfacet
  facet normal -0.75178 -0.659414 0
    outer loop
      vertex -31.8839 -29.3839 3
      vertex -31.9917 -29.261 5.6
      vertex -31.9917 -29.261 3
    endloop
  endfacet
  facet normal -0.75178 -0.659414 0
    outer loop
      vertex -31.9917 -29.261 5.6
      vertex -31.8839 -29.3839 3
      vertex -31.8839 -29.3839 5.6
    endloop
  endfacet
  facet normal 0.831674 -0.555265 0
    outer loop
      vertex -30.0083 -29.261 5.6
      vertex -29.9175 -29.125 3
      vertex -29.9175 -29.125 5.6
    endloop
  endfacet
  facet normal 0.831674 -0.555265 0
    outer loop
      vertex -29.9175 -29.125 3
      vertex -30.0083 -29.261 5.6
      vertex -30.0083 -29.261 3
    endloop
  endfacet
  facet normal -0.75178 0.659414 0
    outer loop
      vertex -31.9917 -27.739 3
      vertex -31.8839 -27.6161 5.6
      vertex -31.8839 -27.6161 3
    endloop
  endfacet
  facet normal -0.75178 0.659414 0
    outer loop
      vertex -31.8839 -27.6161 5.6
      vertex -31.9917 -27.739 3
      vertex -31.9917 -27.739 5.6
    endloop
  endfacet
  facet normal 0.0654233 0.997858 -0
    outer loop
      vertex -30.8368 -27.2607 3
      vertex -31 -27.25 5.6
      vertex -30.8368 -27.2607 5.6
    endloop
  endfacet
  facet normal 0.0654233 0.997858 0
    outer loop
      vertex -31 -27.25 5.6
      vertex -30.8368 -27.2607 3
      vertex -31 -27.25 3
    endloop
  endfacet
  facet normal 0.555265 0.831674 -0
    outer loop
      vertex -30.239 -27.5083 3
      vertex -30.375 -27.4175 5.6
      vertex -30.239 -27.5083 5.6
    endloop
  endfacet
  facet normal 0.555265 0.831674 0
    outer loop
      vertex -30.375 -27.4175 5.6
      vertex -30.239 -27.5083 3
      vertex -30.375 -27.4175 3
    endloop
  endfacet
  facet normal -0.442805 -0.896618 0
    outer loop
      vertex -31.625 -29.5825 3
      vertex -31.4784 -29.6549 5.6
      vertex -31.625 -29.5825 5.6
    endloop
  endfacet
  facet normal -0.442805 -0.896618 -0
    outer loop
      vertex -31.4784 -29.6549 5.6
      vertex -31.625 -29.5825 3
      vertex -31.4784 -29.6549 3
    endloop
  endfacet
  facet normal -0.831674 -0.555265 0
    outer loop
      vertex -31.9917 -29.261 3
      vertex -32.0825 -29.125 5.6
      vertex -32.0825 -29.125 3
    endloop
  endfacet
  facet normal -0.831674 -0.555265 0
    outer loop
      vertex -32.0825 -29.125 5.6
      vertex -31.9917 -29.261 3
      vertex -31.9917 -29.261 5.6
    endloop
  endfacet
  facet normal -0.980768 -0.195175 0
    outer loop
      vertex -32.2074 -28.8235 3
      vertex -32.2393 -28.6632 5.6
      vertex -32.2393 -28.6632 3
    endloop
  endfacet
  facet normal -0.980768 -0.195175 0
    outer loop
      vertex -32.2393 -28.6632 5.6
      vertex -32.2074 -28.8235 3
      vertex -32.2074 -28.8235 5.6
    endloop
  endfacet
  facet normal -0.659414 -0.75178 0
    outer loop
      vertex -31.8839 -29.3839 3
      vertex -31.761 -29.4917 5.6
      vertex -31.8839 -29.3839 5.6
    endloop
  endfacet
  facet normal -0.659414 -0.75178 -0
    outer loop
      vertex -31.761 -29.4917 5.6
      vertex -31.8839 -29.3839 3
      vertex -31.761 -29.4917 3
    endloop
  endfacet
  facet normal -0.896618 0.442805 0
    outer loop
      vertex -32.1549 -28.0216 3
      vertex -32.0825 -27.875 5.6
      vertex -32.0825 -27.875 3
    endloop
  endfacet
  facet normal -0.896618 0.442805 0
    outer loop
      vertex -32.0825 -27.875 5.6
      vertex -32.1549 -28.0216 3
      vertex -32.1549 -28.0216 5.6
    endloop
  endfacet
  facet normal -0.997858 -0.0654233 0
    outer loop
      vertex -32.2393 -28.6632 3
      vertex -32.25 -28.5 5.6
      vertex -32.25 -28.5 3
    endloop
  endfacet
  facet normal -0.997858 -0.0654233 0
    outer loop
      vertex -32.25 -28.5 5.6
      vertex -32.2393 -28.6632 3
      vertex -32.2393 -28.6632 5.6
    endloop
  endfacet
  facet normal 0.555265 -0.831674 0
    outer loop
      vertex -30.375 -29.5825 3
      vertex -30.239 -29.4917 5.6
      vertex -30.375 -29.5825 5.6
    endloop
  endfacet
  facet normal 0.555265 -0.831674 0
    outer loop
      vertex -30.239 -29.4917 5.6
      vertex -30.375 -29.5825 3
      vertex -30.239 -29.4917 3
    endloop
  endfacet
  facet normal -0.997858 0.0654233 0
    outer loop
      vertex -32.25 -28.5 3
      vertex -32.2393 -28.3368 5.6
      vertex -32.2393 -28.3368 3
    endloop
  endfacet
  facet normal -0.997858 0.0654233 0
    outer loop
      vertex -32.2393 -28.3368 5.6
      vertex -32.25 -28.5 3
      vertex -32.25 -28.5 5.6
    endloop
  endfacet
  facet normal -0.555265 -0.831674 0
    outer loop
      vertex -31.761 -29.4917 3
      vertex -31.625 -29.5825 5.6
      vertex -31.761 -29.4917 5.6
    endloop
  endfacet
  facet normal -0.555265 -0.831674 -0
    outer loop
      vertex -31.625 -29.5825 5.6
      vertex -31.761 -29.4917 3
      vertex -31.625 -29.5825 3
    endloop
  endfacet
  facet normal 0.706348 0.0463108 0.706348
    outer loop
      vertex -29.7607 -28.3368 5.6
      vertex -30.25 -28.5 6.1
      vertex -29.75 -28.5 5.6
    endloop
  endfacet
  facet normal -0.531917 0.466961 0.706407
    outer loop
      vertex -31.5303 -27.9697 6.1
      vertex -31.8839 -27.6161 5.6
      vertex -31.595 -28.0434 6.1
    endloop
  endfacet
  facet normal -0.694263 0.13816 0.706336
    outer loop
      vertex -32.2074 -28.1765 5.6
      vertex -32.2393 -28.3368 5.6
      vertex -31.7436 -28.4021 6.1
    endloop
  endfacet
  facet normal 0.13816 0.694263 0.706336
    outer loop
      vertex -30.8368 -27.2607 5.6
      vertex -30.9021 -27.7564 6.1
      vertex -30.6765 -27.2926 5.6
    endloop
  endfacet
  facet normal -0.670365 0.227206 0.706391
    outer loop
      vertex -32.1549 -28.0216 5.6
      vertex -32.2074 -28.1765 5.6
      vertex -31.6929 -28.213 6.1
    endloop
  endfacet
  facet normal -0.227206 0.670365 0.706391
    outer loop
      vertex -31.3235 -27.2926 5.6
      vertex -31.4784 -27.3451 5.6
      vertex -31.287 -27.8071 6.1
    endloop
  endfacet
  facet normal -0.706348 -0.0463108 0.706348
    outer loop
      vertex -31.75 -28.5 6.1
      vertex -32.25 -28.5 5.6
      vertex -32.2393 -28.6632 5.6
    endloop
  endfacet
  facet normal 0.227297 0.670346 0.706379
    outer loop
      vertex -30.6765 -27.2926 5.6
      vertex -30.8059 -27.7756 6.1
      vertex -30.713 -27.8071 6.1
    endloop
  endfacet
  facet normal 0.670346 -0.227297 0.706379
    outer loop
      vertex -30.2756 -28.6941 6.1
      vertex -30.3071 -28.787 6.1
      vertex -29.7926 -28.8235 5.6
    endloop
  endfacet
  facet normal 0.588711 -0.393051 0.70635
    outer loop
      vertex -29.9175 -29.125 5.6
      vertex -30.3505 -28.875 6.1
      vertex -30.0083 -29.261 5.6
    endloop
  endfacet
  facet normal 0.634679 0.313443 0.706354
    outer loop
      vertex -29.9175 -27.875 5.6
      vertex -30.3505 -28.125 6.1
      vertex -29.8451 -28.0216 5.6
    endloop
  endfacet
  facet normal 0.706348 -0.0463108 0.706348
    outer loop
      vertex -29.75 -28.5 5.6
      vertex -30.25 -28.5 6.1
      vertex -29.7607 -28.6632 5.6
    endloop
  endfacet
  facet normal -0.313074 -0.634805 0.706405
    outer loop
      vertex -31.375 -29.1495 6.1
      vertex -31.4784 -29.6549 5.6
      vertex -31.287 -29.1929 6.1
    endloop
  endfacet
  facet normal 0.313074 -0.634805 0.706405
    outer loop
      vertex -30.625 -29.1495 6.1
      vertex -30.713 -29.1929 6.1
      vertex -30.5216 -29.6549 5.6
    endloop
  endfacet
  facet normal 0.227206 0.670365 0.706391
    outer loop
      vertex -30.6765 -27.2926 5.6
      vertex -30.713 -27.8071 6.1
      vertex -30.5216 -27.3451 5.6
    endloop
  endfacet
  facet normal -0.466762 0.532144 0.706368
    outer loop
      vertex -31.761 -27.5083 5.6
      vertex -31.8839 -27.6161 5.6
      vertex -31.4566 -27.905 6.1
    endloop
  endfacet
  facet normal 0.531917 0.466961 0.706407
    outer loop
      vertex -30.1161 -27.6161 5.6
      vertex -30.4697 -27.9697 6.1
      vertex -30.405 -28.0434 6.1
    endloop
  endfacet
  facet normal 0.313443 0.634679 0.706354
    outer loop
      vertex -30.5216 -27.3451 5.6
      vertex -30.625 -27.8505 6.1
      vertex -30.375 -27.4175 5.6
    endloop
  endfacet
  facet normal -0.694263 -0.13816 0.706336
    outer loop
      vertex -31.7436 -28.5979 6.1
      vertex -32.2393 -28.6632 5.6
      vertex -32.2074 -28.8235 5.6
    endloop
  endfacet
  facet normal 0.634679 -0.313443 0.706354
    outer loop
      vertex -29.8451 -28.9784 5.6
      vertex -30.3505 -28.875 6.1
      vertex -29.9175 -29.125 5.6
    endloop
  endfacet
  facet normal 0.634805 -0.313074 0.706405
    outer loop
      vertex -30.3071 -28.787 6.1
      vertex -30.3505 -28.875 6.1
      vertex -29.8451 -28.9784 5.6
    endloop
  endfacet
  facet normal -0.706374 0.0461777 0.70633
    outer loop
      vertex -31.7436 -28.4021 6.1
      vertex -32.2393 -28.3368 5.6
      vertex -31.75 -28.5 6.1
    endloop
  endfacet
  facet normal 0.634805 0.313074 0.706405
    outer loop
      vertex -29.8451 -28.0216 5.6
      vertex -30.3505 -28.125 6.1
      vertex -30.3071 -28.213 6.1
    endloop
  endfacet
  facet normal 0.694263 0.13816 0.706336
    outer loop
      vertex -29.7926 -28.1765 5.6
      vertex -30.2564 -28.4021 6.1
      vertex -29.7607 -28.3368 5.6
    endloop
  endfacet
  facet normal -0.313074 0.634805 0.706405
    outer loop
      vertex -31.287 -27.8071 6.1
      vertex -31.4784 -27.3451 5.6
      vertex -31.375 -27.8505 6.1
    endloop
  endfacet
  facet normal -0.531917 -0.466961 0.706407
    outer loop
      vertex -31.595 -28.9566 6.1
      vertex -31.8839 -29.3839 5.6
      vertex -31.5303 -29.0303 6.1
    endloop
  endfacet
  facet normal 0.670365 0.227206 0.706391
    outer loop
      vertex -29.8451 -28.0216 5.6
      vertex -30.3071 -28.213 6.1
      vertex -29.7926 -28.1765 5.6
    endloop
  endfacet
  facet normal 0.227297 -0.670346 0.706379
    outer loop
      vertex -30.713 -29.1929 6.1
      vertex -30.8059 -29.2244 6.1
      vertex -30.6765 -29.7074 5.6
    endloop
  endfacet
  facet normal -0.634679 -0.313443 0.706354
    outer loop
      vertex -31.6495 -28.875 6.1
      vertex -32.1549 -28.9784 5.6
      vertex -32.0825 -29.125 5.6
    endloop
  endfacet
  facet normal 0.393051 -0.588711 0.70635
    outer loop
      vertex -30.239 -29.4917 5.6
      vertex -30.625 -29.1495 6.1
      vertex -30.375 -29.5825 5.6
    endloop
  endfacet
  facet normal 0.531917 -0.466961 0.706407
    outer loop
      vertex -30.405 -28.9566 6.1
      vertex -30.4697 -29.0303 6.1
      vertex -30.1161 -29.3839 5.6
    endloop
  endfacet
  facet normal -0.694135 -0.138538 0.706388
    outer loop
      vertex -31.7436 -28.5979 6.1
      vertex -32.2074 -28.8235 5.6
      vertex -31.7244 -28.6941 6.1
    endloop
  endfacet
  facet normal -0.393142 -0.588632 0.706365
    outer loop
      vertex -31.4566 -29.095 6.1
      vertex -31.761 -29.4917 5.6
      vertex -31.375 -29.1495 6.1
    endloop
  endfacet
  facet normal 0.466961 0.531917 0.706407
    outer loop
      vertex -30.1161 -27.6161 5.6
      vertex -30.5434 -27.905 6.1
      vertex -30.4697 -27.9697 6.1
    endloop
  endfacet
  facet normal -0.313443 0.634679 0.706354
    outer loop
      vertex -31.4784 -27.3451 5.6
      vertex -31.625 -27.4175 5.6
      vertex -31.375 -27.8505 6.1
    endloop
  endfacet
  facet normal 0.138538 -0.694135 0.706388
    outer loop
      vertex -30.8059 -29.2244 6.1
      vertex -30.9021 -29.2436 6.1
      vertex -30.6765 -29.7074 5.6
    endloop
  endfacet
  facet normal 0.588711 0.393051 0.70635
    outer loop
      vertex -30.0083 -27.739 5.6
      vertex -30.3505 -28.125 6.1
      vertex -29.9175 -27.875 5.6
    endloop
  endfacet
  facet normal -0.706348 0.0463108 0.706348
    outer loop
      vertex -32.2393 -28.3368 5.6
      vertex -32.25 -28.5 5.6
      vertex -31.75 -28.5 6.1
    endloop
  endfacet
  facet normal -0.694135 0.138538 0.706388
    outer loop
      vertex -31.7244 -28.3059 6.1
      vertex -32.2074 -28.1765 5.6
      vertex -31.7436 -28.4021 6.1
    endloop
  endfacet
  facet normal 0.670346 0.227297 0.706379
    outer loop
      vertex -29.7926 -28.1765 5.6
      vertex -30.3071 -28.213 6.1
      vertex -30.2756 -28.3059 6.1
    endloop
  endfacet
  facet normal -0.588632 0.393142 0.706365
    outer loop
      vertex -31.595 -28.0434 6.1
      vertex -31.9917 -27.739 5.6
      vertex -31.6495 -28.125 6.1
    endloop
  endfacet
  facet normal -0.138538 0.694135 0.706388
    outer loop
      vertex -31.0979 -27.7564 6.1
      vertex -31.3235 -27.2926 5.6
      vertex -31.1941 -27.7756 6.1
    endloop
  endfacet
  facet normal 0.0463108 0.706348 0.706348
    outer loop
      vertex -31 -27.25 5.6
      vertex -31 -27.75 6.1
      vertex -30.8368 -27.2607 5.6
    endloop
  endfacet
  facet normal 0.227206 -0.670365 0.706391
    outer loop
      vertex -30.5216 -29.6549 5.6
      vertex -30.713 -29.1929 6.1
      vertex -30.6765 -29.7074 5.6
    endloop
  endfacet
  facet normal 0.13816 -0.694263 0.706336
    outer loop
      vertex -30.6765 -29.7074 5.6
      vertex -30.9021 -29.2436 6.1
      vertex -30.8368 -29.7393 5.6
    endloop
  endfacet
  facet normal 0 0 1
    outer loop
      vertex -30.2564 -28.4021 6.1
      vertex -30.2564 -28.5979 6.1
      vertex -30.25 -28.5 6.1
    endloop
  endfacet
  facet normal 0 0 1
    outer loop
      vertex -30.2756 -28.3059 6.1
      vertex -30.2564 -28.5979 6.1
      vertex -30.2564 -28.4021 6.1
    endloop
  endfacet
  facet normal 0 0 1
    outer loop
      vertex -30.2756 -28.3059 6.1
      vertex -30.2756 -28.6941 6.1
      vertex -30.2564 -28.5979 6.1
    endloop
  endfacet
  facet normal 0 0 1
    outer loop
      vertex -30.3071 -28.213 6.1
      vertex -30.2756 -28.6941 6.1
      vertex -30.2756 -28.3059 6.1
    endloop
  endfacet
  facet normal 0 0 1
    outer loop
      vertex -30.3071 -28.213 6.1
      vertex -30.3071 -28.787 6.1
      vertex -30.2756 -28.6941 6.1
    endloop
  endfacet
  facet normal 0 0 1
    outer loop
      vertex -30.3505 -28.125 6.1
      vertex -30.3071 -28.787 6.1
      vertex -30.3071 -28.213 6.1
    endloop
  endfacet
  facet normal 0 0 1
    outer loop
      vertex -30.3505 -28.125 6.1
      vertex -30.3505 -28.875 6.1
      vertex -30.3071 -28.787 6.1
    endloop
  endfacet
  facet normal 0 0 1
    outer loop
      vertex -30.405 -28.0434 6.1
      vertex -30.3505 -28.875 6.1
      vertex -30.3505 -28.125 6.1
    endloop
  endfacet
  facet normal 0 0 1
    outer loop
      vertex -30.405 -28.0434 6.1
      vertex -30.405 -28.9566 6.1
      vertex -30.3505 -28.875 6.1
    endloop
  endfacet
  facet normal 0 0 1
    outer loop
      vertex -30.4697 -27.9697 6.1
      vertex -30.405 -28.9566 6.1
      vertex -30.405 -28.0434 6.1
    endloop
  endfacet
  facet normal 0 0 1
    outer loop
      vertex -30.4697 -27.9697 6.1
      vertex -30.4697 -29.0303 6.1
      vertex -30.405 -28.9566 6.1
    endloop
  endfacet
  facet normal 0 0 1
    outer loop
      vertex -30.5434 -27.905 6.1
      vertex -30.4697 -29.0303 6.1
      vertex -30.4697 -27.9697 6.1
    endloop
  endfacet
  facet normal 0 0 1
    outer loop
      vertex -30.5434 -27.905 6.1
      vertex -30.5434 -29.095 6.1
      vertex -30.4697 -29.0303 6.1
    endloop
  endfacet
  facet normal 0 0 1
    outer loop
      vertex -30.625 -27.8505 6.1
      vertex -30.5434 -29.095 6.1
      vertex -30.5434 -27.905 6.1
    endloop
  endfacet
  facet normal 0 0 1
    outer loop
      vertex -30.625 -27.8505 6.1
      vertex -30.625 -29.1495 6.1
      vertex -30.5434 -29.095 6.1
    endloop
  endfacet
  facet normal 0 0 1
    outer loop
      vertex -30.713 -27.8071 6.1
      vertex -30.625 -29.1495 6.1
      vertex -30.625 -27.8505 6.1
    endloop
  endfacet
  facet normal 0 0 1
    outer loop
      vertex -30.713 -27.8071 6.1
      vertex -30.713 -29.1929 6.1
      vertex -30.625 -29.1495 6.1
    endloop
  endfacet
  facet normal 0 0 1
    outer loop
      vertex -30.8059 -27.7756 6.1
      vertex -30.713 -29.1929 6.1
      vertex -30.713 -27.8071 6.1
    endloop
  endfacet
  facet normal 0 0 1
    outer loop
      vertex -30.8059 -27.7756 6.1
      vertex -30.8059 -29.2244 6.1
      vertex -30.713 -29.1929 6.1
    endloop
  endfacet
  facet normal 0 0 1
    outer loop
      vertex -30.9021 -27.7564 6.1
      vertex -30.8059 -29.2244 6.1
      vertex -30.8059 -27.7756 6.1
    endloop
  endfacet
  facet normal 0 0 1
    outer loop
      vertex -30.9021 -27.7564 6.1
      vertex -30.9021 -29.2436 6.1
      vertex -30.8059 -29.2244 6.1
    endloop
  endfacet
  facet normal 0 0 1
    outer loop
      vertex -31 -27.75 6.1
      vertex -30.9021 -29.2436 6.1
      vertex -30.9021 -27.7564 6.1
    endloop
  endfacet
  facet normal 0 0 1
    outer loop
      vertex -31 -27.75 6.1
      vertex -31 -29.25 6.1
      vertex -30.9021 -29.2436 6.1
    endloop
  endfacet
  facet normal -0 0 1
    outer loop
      vertex -31.0979 -27.7564 6.1
      vertex -31 -29.25 6.1
      vertex -31 -27.75 6.1
    endloop
  endfacet
  facet normal 0 0 1
    outer loop
      vertex -31.0979 -27.7564 6.1
      vertex -31.0979 -29.2436 6.1
      vertex -31 -29.25 6.1
    endloop
  endfacet
  facet normal -0 0 1
    outer loop
      vertex -31.1941 -27.7756 6.1
      vertex -31.0979 -29.2436 6.1
      vertex -31.0979 -27.7564 6.1
    endloop
  endfacet
  facet normal 0 0 1
    outer loop
      vertex -31.1941 -27.7756 6.1
      vertex -31.1941 -29.2244 6.1
      vertex -31.0979 -29.2436 6.1
    endloop
  endfacet
  facet normal -0 0 1
    outer loop
      vertex -31.287 -27.8071 6.1
      vertex -31.1941 -29.2244 6.1
      vertex -31.1941 -27.7756 6.1
    endloop
  endfacet
  facet normal 0 0 1
    outer loop
      vertex -31.287 -27.8071 6.1
      vertex -31.287 -29.1929 6.1
      vertex -31.1941 -29.2244 6.1
    endloop
  endfacet
  facet normal -0 0 1
    outer loop
      vertex -31.375 -27.8505 6.1
      vertex -31.287 -29.1929 6.1
      vertex -31.287 -27.8071 6.1
    endloop
  endfacet
  facet normal 0 0 1
    outer loop
      vertex -31.375 -27.8505 6.1
      vertex -31.375 -29.1495 6.1
      vertex -31.287 -29.1929 6.1
    endloop
  endfacet
  facet normal -0 0 1
    outer loop
      vertex -31.4566 -27.905 6.1
      vertex -31.375 -29.1495 6.1
      vertex -31.375 -27.8505 6.1
    endloop
  endfacet
  facet normal 0 0 1
    outer loop
      vertex -31.4566 -27.905 6.1
      vertex -31.4566 -29.095 6.1
      vertex -31.375 -29.1495 6.1
    endloop
  endfacet
  facet normal -0 0 1
    outer loop
      vertex -31.5303 -27.9697 6.1
      vertex -31.4566 -29.095 6.1
      vertex -31.4566 -27.905 6.1
    endloop
  endfacet
  facet normal 0 0 1
    outer loop
      vertex -31.5303 -27.9697 6.1
      vertex -31.5303 -29.0303 6.1
      vertex -31.4566 -29.095 6.1
    endloop
  endfacet
  facet normal -0 0 1
    outer loop
      vertex -31.595 -28.0434 6.1
      vertex -31.5303 -29.0303 6.1
      vertex -31.5303 -27.9697 6.1
    endloop
  endfacet
  facet normal 0 0 1
    outer loop
      vertex -31.595 -28.0434 6.1
      vertex -31.595 -28.9566 6.1
      vertex -31.5303 -29.0303 6.1
    endloop
  endfacet
  facet normal -0 0 1
    outer loop
      vertex -31.6495 -28.125 6.1
      vertex -31.595 -28.9566 6.1
      vertex -31.595 -28.0434 6.1
    endloop
  endfacet
  facet normal 0 0 1
    outer loop
      vertex -31.6495 -28.125 6.1
      vertex -31.6495 -28.875 6.1
      vertex -31.595 -28.9566 6.1
    endloop
  endfacet
  facet normal -0 0 1
    outer loop
      vertex -31.6929 -28.213 6.1
      vertex -31.6495 -28.875 6.1
      vertex -31.6495 -28.125 6.1
    endloop
  endfacet
  facet normal 0 0 1
    outer loop
      vertex -31.6929 -28.213 6.1
      vertex -31.6929 -28.787 6.1
      vertex -31.6495 -28.875 6.1
    endloop
  endfacet
  facet normal -0 0 1
    outer loop
      vertex -31.7244 -28.3059 6.1
      vertex -31.6929 -28.787 6.1
      vertex -31.6929 -28.213 6.1
    endloop
  endfacet
  facet normal 0 0 1
    outer loop
      vertex -31.7244 -28.3059 6.1
      vertex -31.7244 -28.6941 6.1
      vertex -31.6929 -28.787 6.1
    endloop
  endfacet
  facet normal -0 0 1
    outer loop
      vertex -31.7436 -28.4021 6.1
      vertex -31.7244 -28.6941 6.1
      vertex -31.7244 -28.3059 6.1
    endloop
  endfacet
  facet normal 0 0 1
    outer loop
      vertex -31.7436 -28.4021 6.1
      vertex -31.7436 -28.5979 6.1
      vertex -31.7244 -28.6941 6.1
    endloop
  endfacet
  facet normal 0 -0 1
    outer loop
      vertex -31.7436 -28.5979 6.1
      vertex -31.7436 -28.4021 6.1
      vertex -31.75 -28.5 6.1
    endloop
  endfacet
  facet normal -0.670365 -0.227206 0.706391
    outer loop
      vertex -31.6929 -28.787 6.1
      vertex -32.2074 -28.8235 5.6
      vertex -32.1549 -28.9784 5.6
    endloop
  endfacet
  facet normal 0.138538 0.694135 0.706388
    outer loop
      vertex -30.6765 -27.2926 5.6
      vertex -30.9021 -27.7564 6.1
      vertex -30.8059 -27.7756 6.1
    endloop
  endfacet
  facet normal 0.313443 -0.634679 0.706354
    outer loop
      vertex -30.375 -29.5825 5.6
      vertex -30.625 -29.1495 6.1
      vertex -30.5216 -29.6549 5.6
    endloop
  endfacet
  facet normal 0.670365 -0.227206 0.706391
    outer loop
      vertex -29.7926 -28.8235 5.6
      vertex -30.3071 -28.787 6.1
      vertex -29.8451 -28.9784 5.6
    endloop
  endfacet
  facet normal 0.393142 0.588632 0.706365
    outer loop
      vertex -30.239 -27.5083 5.6
      vertex -30.625 -27.8505 6.1
      vertex -30.5434 -27.905 6.1
    endloop
  endfacet
  facet normal -0.634805 0.313074 0.706405
    outer loop
      vertex -31.6495 -28.125 6.1
      vertex -32.1549 -28.0216 5.6
      vertex -31.6929 -28.213 6.1
    endloop
  endfacet
  facet normal 0.532144 0.466762 0.706368
    outer loop
      vertex -30.1161 -27.6161 5.6
      vertex -30.405 -28.0434 6.1
      vertex -30.0083 -27.739 5.6
    endloop
  endfacet
  facet normal 0.393142 -0.588632 0.706365
    outer loop
      vertex -30.5434 -29.095 6.1
      vertex -30.625 -29.1495 6.1
      vertex -30.239 -29.4917 5.6
    endloop
  endfacet
  facet normal -0.313443 -0.634679 0.706354
    outer loop
      vertex -31.375 -29.1495 6.1
      vertex -31.625 -29.5825 5.6
      vertex -31.4784 -29.6549 5.6
    endloop
  endfacet
  facet normal 0.393051 0.588711 0.70635
    outer loop
      vertex -30.375 -27.4175 5.6
      vertex -30.625 -27.8505 6.1
      vertex -30.239 -27.5083 5.6
    endloop
  endfacet
  facet normal -0.466961 0.531917 0.706407
    outer loop
      vertex -31.4566 -27.905 6.1
      vertex -31.8839 -27.6161 5.6
      vertex -31.5303 -27.9697 6.1
    endloop
  endfacet
  facet normal -0.670346 -0.227297 0.706379
    outer loop
      vertex -31.7244 -28.6941 6.1
      vertex -32.2074 -28.8235 5.6
      vertex -31.6929 -28.787 6.1
    endloop
  endfacet
  facet normal -0.588632 -0.393142 0.706365
    outer loop
      vertex -31.6495 -28.875 6.1
      vertex -31.9917 -29.261 5.6
      vertex -31.595 -28.9566 6.1
    endloop
  endfacet
  facet normal -0.634805 -0.313074 0.706405
    outer loop
      vertex -31.6929 -28.787 6.1
      vertex -32.1549 -28.9784 5.6
      vertex -31.6495 -28.875 6.1
    endloop
  endfacet
  facet normal -0.670346 0.227297 0.706379
    outer loop
      vertex -31.6929 -28.213 6.1
      vertex -32.2074 -28.1765 5.6
      vertex -31.7244 -28.3059 6.1
    endloop
  endfacet
  facet normal -0.138538 -0.694135 0.706388
    outer loop
      vertex -31.1941 -29.2244 6.1
      vertex -31.3235 -29.7074 5.6
      vertex -31.0979 -29.2436 6.1
    endloop
  endfacet
  facet normal 0.466762 0.532144 0.706368
    outer loop
      vertex -30.239 -27.5083 5.6
      vertex -30.5434 -27.905 6.1
      vertex -30.1161 -27.6161 5.6
    endloop
  endfacet
  facet normal -0.0463108 0.706348 0.706348
    outer loop
      vertex -31 -27.25 5.6
      vertex -31.1632 -27.2607 5.6
      vertex -31 -27.75 6.1
    endloop
  endfacet
  facet normal -0.393051 0.588711 0.70635
    outer loop
      vertex -31.625 -27.4175 5.6
      vertex -31.761 -27.5083 5.6
      vertex -31.375 -27.8505 6.1
    endloop
  endfacet
  facet normal -0.0461777 0.706374 0.70633
    outer loop
      vertex -31 -27.75 6.1
      vertex -31.1632 -27.2607 5.6
      vertex -31.0979 -27.7564 6.1
    endloop
  endfacet
  facet normal 0.0461777 -0.706374 0.70633
    outer loop
      vertex -30.9021 -29.2436 6.1
      vertex -31 -29.25 6.1
      vertex -30.8368 -29.7393 5.6
    endloop
  endfacet
  facet normal 0.588632 0.393142 0.706365
    outer loop
      vertex -30.0083 -27.739 5.6
      vertex -30.405 -28.0434 6.1
      vertex -30.3505 -28.125 6.1
    endloop
  endfacet
  facet normal -0.13816 0.694263 0.706336
    outer loop
      vertex -31.1632 -27.2607 5.6
      vertex -31.3235 -27.2926 5.6
      vertex -31.0979 -27.7564 6.1
    endloop
  endfacet
  facet normal 0.0461777 0.706374 0.70633
    outer loop
      vertex -30.8368 -27.2607 5.6
      vertex -31 -27.75 6.1
      vertex -30.9021 -27.7564 6.1
    endloop
  endfacet
  facet normal 0.466961 -0.531917 0.706407
    outer loop
      vertex -30.4697 -29.0303 6.1
      vertex -30.5434 -29.095 6.1
      vertex -30.1161 -29.3839 5.6
    endloop
  endfacet
  facet normal 0.694135 0.138538 0.706388
    outer loop
      vertex -29.7926 -28.1765 5.6
      vertex -30.2756 -28.3059 6.1
      vertex -30.2564 -28.4021 6.1
    endloop
  endfacet
  facet normal 0.694263 -0.13816 0.706336
    outer loop
      vertex -29.7607 -28.6632 5.6
      vertex -30.2564 -28.5979 6.1
      vertex -29.7926 -28.8235 5.6
    endloop
  endfacet
  facet normal 0.706374 -0.0461777 0.70633
    outer loop
      vertex -30.25 -28.5 6.1
      vertex -30.2564 -28.5979 6.1
      vertex -29.7607 -28.6632 5.6
    endloop
  endfacet
  facet normal 0.532144 -0.466762 0.706368
    outer loop
      vertex -30.0083 -29.261 5.6
      vertex -30.405 -28.9566 6.1
      vertex -30.1161 -29.3839 5.6
    endloop
  endfacet
  facet normal 0.466762 -0.532144 0.706368
    outer loop
      vertex -30.1161 -29.3839 5.6
      vertex -30.5434 -29.095 6.1
      vertex -30.239 -29.4917 5.6
    endloop
  endfacet
  facet normal 0.313074 0.634805 0.706405
    outer loop
      vertex -30.5216 -27.3451 5.6
      vertex -30.713 -27.8071 6.1
      vertex -30.625 -27.8505 6.1
    endloop
  endfacet
  facet normal -0.706374 -0.0461777 0.70633
    outer loop
      vertex -31.75 -28.5 6.1
      vertex -32.2393 -28.6632 5.6
      vertex -31.7436 -28.5979 6.1
    endloop
  endfacet
  facet normal -0.466762 -0.532144 0.706368
    outer loop
      vertex -31.4566 -29.095 6.1
      vertex -31.8839 -29.3839 5.6
      vertex -31.761 -29.4917 5.6
    endloop
  endfacet
  facet normal -0.227297 0.670346 0.706379
    outer loop
      vertex -31.1941 -27.7756 6.1
      vertex -31.3235 -27.2926 5.6
      vertex -31.287 -27.8071 6.1
    endloop
  endfacet
  facet normal -0.466961 -0.531917 0.706407
    outer loop
      vertex -31.5303 -29.0303 6.1
      vertex -31.8839 -29.3839 5.6
      vertex -31.4566 -29.095 6.1
    endloop
  endfacet
  facet normal -0.588711 0.393051 0.70635
    outer loop
      vertex -31.9917 -27.739 5.6
      vertex -32.0825 -27.875 5.6
      vertex -31.6495 -28.125 6.1
    endloop
  endfacet
  facet normal -0.634679 0.313443 0.706354
    outer loop
      vertex -32.0825 -27.875 5.6
      vertex -32.1549 -28.0216 5.6
      vertex -31.6495 -28.125 6.1
    endloop
  endfacet
  facet normal 0.588632 -0.393142 0.706365
    outer loop
      vertex -30.3505 -28.875 6.1
      vertex -30.405 -28.9566 6.1
      vertex -30.0083 -29.261 5.6
    endloop
  endfacet
  facet normal -0.393051 -0.588711 0.70635
    outer loop
      vertex -31.375 -29.1495 6.1
      vertex -31.761 -29.4917 5.6
      vertex -31.625 -29.5825 5.6
    endloop
  endfacet
  facet normal 0.0463108 -0.706348 0.706348
    outer loop
      vertex -31 -29.25 6.1
      vertex -31 -29.75 5.6
      vertex -30.8368 -29.7393 5.6
    endloop
  endfacet
  facet normal -0.0463108 -0.706348 0.706348
    outer loop
      vertex -31 -29.25 6.1
      vertex -31.1632 -29.7393 5.6
      vertex -31 -29.75 5.6
    endloop
  endfacet
  facet normal -0.588711 -0.393051 0.70635
    outer loop
      vertex -31.6495 -28.875 6.1
      vertex -32.0825 -29.125 5.6
      vertex -31.9917 -29.261 5.6
    endloop
  endfacet
  facet normal 0.706374 0.0461777 0.70633
    outer loop
      vertex -29.7607 -28.3368 5.6
      vertex -30.2564 -28.4021 6.1
      vertex -30.25 -28.5 6.1
    endloop
  endfacet
  facet normal 0.694135 -0.138538 0.706388
    outer loop
      vertex -30.2564 -28.5979 6.1
      vertex -30.2756 -28.6941 6.1
      vertex -29.7926 -28.8235 5.6
    endloop
  endfacet
  facet normal -0.532144 0.466762 0.706368
    outer loop
      vertex -31.8839 -27.6161 5.6
      vertex -31.9917 -27.739 5.6
      vertex -31.595 -28.0434 6.1
    endloop
  endfacet
  facet normal -0.13816 -0.694263 0.706336
    outer loop
      vertex -31.0979 -29.2436 6.1
      vertex -31.3235 -29.7074 5.6
      vertex -31.1632 -29.7393 5.6
    endloop
  endfacet
  facet normal -0.0461777 -0.706374 0.70633
    outer loop
      vertex -31.0979 -29.2436 6.1
      vertex -31.1632 -29.7393 5.6
      vertex -31 -29.25 6.1
    endloop
  endfacet
  facet normal -0.532144 -0.466762 0.706368
    outer loop
      vertex -31.595 -28.9566 6.1
      vertex -31.9917 -29.261 5.6
      vertex -31.8839 -29.3839 5.6
    endloop
  endfacet
  facet normal -0.393142 0.588632 0.706365
    outer loop
      vertex -31.375 -27.8505 6.1
      vertex -31.761 -27.5083 5.6
      vertex -31.4566 -27.905 6.1
    endloop
  endfacet
  facet normal -0.227297 -0.670346 0.706379
    outer loop
      vertex -31.287 -29.1929 6.1
      vertex -31.3235 -29.7074 5.6
      vertex -31.1941 -29.2244 6.1
    endloop
  endfacet
  facet normal -0.227206 -0.670365 0.706391
    outer loop
      vertex -31.287 -29.1929 6.1
      vertex -31.4784 -29.6549 5.6
      vertex -31.3235 -29.7074 5.6
    endloop
  endfacet
  facet normal 0.980757 0.195234 0
    outer loop
      vertex -27.5299 28.9568 3
      vertex -27.6193 29.4059 1.2
      vertex -27.6193 29.4059 3
    endloop
  endfacet
  facet normal 0.980757 0.195234 0
    outer loop
      vertex -27.6193 29.4059 1.2
      vertex -27.5299 28.9568 3
      vertex -27.5299 28.9568 1.2
    endloop
  endfacet
  facet normal 0.997865 0.0653156 0
    outer loop
      vertex -27.5 28.5 3
      vertex -27.5299 28.9568 1.2
      vertex -27.5299 28.9568 3
    endloop
  endfacet
  facet normal 0.997865 0.0653156 0
    outer loop
      vertex -27.5299 28.9568 1.2
      vertex -27.5 28.5 3
      vertex -27.5 28.5 1.2
    endloop
  endfacet
  facet normal 0.321335 -0.946966 0
    outer loop
      vertex -30.0941 25.1193 1.2
      vertex -29.6606 25.2664 3
      vertex -30.0941 25.1193 3
    endloop
  endfacet
  facet normal 0.321335 -0.946966 0
    outer loop
      vertex -29.6606 25.2664 3
      vertex -30.0941 25.1193 1.2
      vertex -29.6606 25.2664 1.2
    endloop
  endfacet
  facet normal 0.831445 0.555607 0
    outer loop
      vertex -27.9689 30.25 3
      vertex -28.2233 30.6307 1.2
      vertex -28.2233 30.6307 3
    endloop
  endfacet
  facet normal 0.831445 0.555607 0
    outer loop
      vertex -28.2233 30.6307 1.2
      vertex -27.9689 30.25 3
      vertex -27.9689 30.25 1.2
    endloop
  endfacet
  facet normal -0.896853 0.442328 0
    outer loop
      vertex -34.1 30.1103 1.2
      vertex -34.0311 30.25 3
      vertex -34.0311 30.25 1.2
    endloop
  endfacet
  facet normal -0.896853 0.442328 0
    outer loop
      vertex -34.0311 30.25 3
      vertex -34.1 30.1103 1.2
      vertex -34.1 30.1103 3
    endloop
  endfacet
  facet normal -0.555607 0.831445 0
    outer loop
      vertex -32.75 31.5311 1.2
      vertex -33.1307 31.2767 3
      vertex -32.75 31.5311 3
    endloop
  endfacet
  facet normal -0.555607 0.831445 0
    outer loop
      vertex -33.1307 31.2767 3
      vertex -32.75 31.5311 1.2
      vertex -33.1307 31.2767 1.2
    endloop
  endfacet
  facet normal -0.659278 0.7519 0
    outer loop
      vertex -33.1307 31.2767 1.2
      vertex -33.4749 30.9749 3
      vertex -33.1307 31.2767 3
    endloop
  endfacet
  facet normal -0.659278 0.7519 0
    outer loop
      vertex -33.4749 30.9749 3
      vertex -33.1307 31.2767 1.2
      vertex -33.4749 30.9749 1.2
    endloop
  endfacet
  facet normal -0.7519 0.659278 0
    outer loop
      vertex -33.7767 30.6307 1.2
      vertex -33.4749 30.9749 3
      vertex -33.4749 30.9749 1.2
    endloop
  endfacet
  facet normal -0.7519 0.659278 0
    outer loop
      vertex -33.4749 30.9749 3
      vertex -33.7767 30.6307 1.2
      vertex -33.7767 30.6307 3
    endloop
  endfacet
  facet normal 0.946966 -0.321335 0
    outer loop
      vertex -27.7664 27.1606 3
      vertex -27.6193 27.5941 1.2
      vertex -27.6193 27.5941 3
    endloop
  endfacet
  facet normal 0.946966 -0.321335 0
    outer loop
      vertex -27.6193 27.5941 1.2
      vertex -27.7664 27.1606 3
      vertex -27.7664 27.1606 1.2
    endloop
  endfacet
  facet normal 0.555607 0.831445 -0
    outer loop
      vertex -28.8693 31.2767 1.2
      vertex -29.25 31.5311 3
      vertex -28.8693 31.2767 3
    endloop
  endfacet
  facet normal 0.555607 0.831445 0
    outer loop
      vertex -29.25 31.5311 3
      vertex -28.8693 31.2767 1.2
      vertex -29.25 31.5311 1.2
    endloop
  endfacet
  facet normal -0.321335 -0.946966 0
    outer loop
      vertex -32.3394 25.2664 1.2
      vertex -31.9059 25.1193 3
      vertex -32.3394 25.2664 3
    endloop
  endfacet
  facet normal -0.321335 -0.946966 -0
    outer loop
      vertex -31.9059 25.1193 3
      vertex -32.3394 25.2664 1.2
      vertex -31.9059 25.1193 1.2
    endloop
  endfacet
  facet normal -0.7519 -0.659278 0
    outer loop
      vertex -33.4749 26.0251 1.2
      vertex -33.7767 26.3693 3
      vertex -33.7767 26.3693 1.2
    endloop
  endfacet
  facet normal -0.7519 -0.659278 0
    outer loop
      vertex -33.7767 26.3693 3
      vertex -33.4749 26.0251 1.2
      vertex -33.4749 26.0251 3
    endloop
  endfacet
  facet normal 0.195234 -0.980757 0
    outer loop
      vertex -30.5432 25.0299 1.2
      vertex -30.0941 25.1193 3
      vertex -30.5432 25.0299 3
    endloop
  endfacet
  facet normal 0.195234 -0.980757 0
    outer loop
      vertex -30.0941 25.1193 3
      vertex -30.5432 25.0299 1.2
      vertex -30.0941 25.1193 1.2
    endloop
  endfacet
  facet normal -0.321335 0.946966 0
    outer loop
      vertex -31.9059 31.8807 1.2
      vertex -32.3394 31.7336 3
      vertex -31.9059 31.8807 3
    endloop
  endfacet
  facet normal -0.321335 0.946966 0
    outer loop
      vertex -32.3394 31.7336 3
      vertex -31.9059 31.8807 1.2
      vertex -32.3394 31.7336 1.2
    endloop
  endfacet
  facet normal -0.831445 -0.555607 0
    outer loop
      vertex -33.7767 26.3693 1.2
      vertex -34.0311 26.75 3
      vertex -34.0311 26.75 1.2
    endloop
  endfacet
  facet normal -0.831445 -0.555607 0
    outer loop
      vertex -34.0311 26.75 3
      vertex -33.7767 26.3693 1.2
      vertex -33.7767 26.3693 3
    endloop
  endfacet
  facet normal 0.555607 -0.831445 0
    outer loop
      vertex -29.25 25.4689 1.2
      vertex -28.8693 25.7233 3
      vertex -29.25 25.4689 3
    endloop
  endfacet
  facet normal 0.555607 -0.831445 0
    outer loop
      vertex -28.8693 25.7233 3
      vertex -29.25 25.4689 1.2
      vertex -28.8693 25.7233 1.2
    endloop
  endfacet
  facet normal 0.321335 0.946966 -0
    outer loop
      vertex -29.6606 31.7336 1.2
      vertex -30.0941 31.8807 3
      vertex -29.6606 31.7336 3
    endloop
  endfacet
  facet normal 0.321335 0.946966 0
    outer loop
      vertex -30.0941 31.8807 3
      vertex -29.6606 31.7336 1.2
      vertex -30.0941 31.8807 1.2
    endloop
  endfacet
  facet normal 0.0653156 0.997865 -0
    outer loop
      vertex -30.5432 31.9701 1.2
      vertex -31 32 3
      vertex -30.5432 31.9701 3
    endloop
  endfacet
  facet normal 0.0653156 0.997865 0
    outer loop
      vertex -31 32 3
      vertex -30.5432 31.9701 1.2
      vertex -31 32 1.2
    endloop
  endfacet
  facet normal -0.442314 0.89686 0
    outer loop
      vertex -32.3394 31.7336 1.2
      vertex -32.75 31.5311 3
      vertex -32.3394 31.7336 3
    endloop
  endfacet
  facet normal -0.442314 0.89686 0
    outer loop
      vertex -32.75 31.5311 3
      vertex -32.3394 31.7336 1.2
      vertex -32.75 31.5311 1.2
    endloop
  endfacet
  facet normal 0.831445 -0.555607 0
    outer loop
      vertex -28.2233 26.3693 3
      vertex -27.9689 26.75 1.2
      vertex -27.9689 26.75 3
    endloop
  endfacet
  facet normal 0.831445 -0.555607 0
    outer loop
      vertex -27.9689 26.75 1.2
      vertex -28.2233 26.3693 3
      vertex -28.2233 26.3693 1.2
    endloop
  endfacet
  facet normal -0.659278 -0.7519 0
    outer loop
      vertex -33.4749 26.0251 1.2
      vertex -33.1307 25.7233 3
      vertex -33.4749 26.0251 3
    endloop
  endfacet
  facet normal -0.659278 -0.7519 -0
    outer loop
      vertex -33.1307 25.7233 3
      vertex -33.4749 26.0251 1.2
      vertex -33.1307 25.7233 1.2
    endloop
  endfacet
  facet normal 0.442314 0.89686 -0
    outer loop
      vertex -29.25 31.5311 1.2
      vertex -29.6606 31.7336 3
      vertex -29.25 31.5311 3
    endloop
  endfacet
  facet normal 0.442314 0.89686 0
    outer loop
      vertex -29.6606 31.7336 3
      vertex -29.25 31.5311 1.2
      vertex -29.6606 31.7336 1.2
    endloop
  endfacet
  facet normal -0.195234 0.980757 0
    outer loop
      vertex -31.4568 31.9701 1.2
      vertex -31.9059 31.8807 3
      vertex -31.4568 31.9701 3
    endloop
  endfacet
  facet normal -0.195234 0.980757 0
    outer loop
      vertex -31.9059 31.8807 3
      vertex -31.4568 31.9701 1.2
      vertex -31.9059 31.8807 1.2
    endloop
  endfacet
  facet normal 0.7519 0.659278 0
    outer loop
      vertex -28.2233 30.6307 3
      vertex -28.5251 30.9749 1.2
      vertex -28.5251 30.9749 3
    endloop
  endfacet
  facet normal 0.7519 0.659278 0
    outer loop
      vertex -28.5251 30.9749 1.2
      vertex -28.2233 30.6307 3
      vertex -28.2233 30.6307 1.2
    endloop
  endfacet
  facet normal 0.195234 0.980757 -0
    outer loop
      vertex -30.0941 31.8807 1.2
      vertex -30.5432 31.9701 3
      vertex -30.0941 31.8807 3
    endloop
  endfacet
  facet normal 0.195234 0.980757 0
    outer loop
      vertex -30.5432 31.9701 3
      vertex -30.0941 31.8807 1.2
      vertex -30.5432 31.9701 1.2
    endloop
  endfacet
  facet normal 0.7519 -0.659278 0
    outer loop
      vertex -28.5251 26.0251 3
      vertex -28.2233 26.3693 1.2
      vertex -28.2233 26.3693 3
    endloop
  endfacet
  facet normal 0.7519 -0.659278 0
    outer loop
      vertex -28.2233 26.3693 1.2
      vertex -28.5251 26.0251 3
      vertex -28.5251 26.0251 1.2
    endloop
  endfacet
  facet normal -0.442314 -0.89686 0
    outer loop
      vertex -32.75 25.4689 1.2
      vertex -32.3394 25.2664 3
      vertex -32.75 25.4689 3
    endloop
  endfacet
  facet normal -0.442314 -0.89686 -0
    outer loop
      vertex -32.3394 25.2664 3
      vertex -32.75 25.4689 1.2
      vertex -32.3394 25.2664 1.2
    endloop
  endfacet
  facet normal 0.0653156 -0.997865 0
    outer loop
      vertex -31 25 1.2
      vertex -30.5432 25.0299 3
      vertex -31 25 3
    endloop
  endfacet
  facet normal 0.0653156 -0.997865 0
    outer loop
      vertex -30.5432 25.0299 3
      vertex -31 25 1.2
      vertex -30.5432 25.0299 1.2
    endloop
  endfacet
  facet normal 0.442314 -0.89686 0
    outer loop
      vertex -29.6606 25.2664 1.2
      vertex -29.25 25.4689 3
      vertex -29.6606 25.2664 3
    endloop
  endfacet
  facet normal 0.442314 -0.89686 0
    outer loop
      vertex -29.25 25.4689 3
      vertex -29.6606 25.2664 1.2
      vertex -29.25 25.4689 1.2
    endloop
  endfacet
  facet normal 0.659278 -0.7519 0
    outer loop
      vertex -28.8693 25.7233 1.2
      vertex -28.5251 26.0251 3
      vertex -28.8693 25.7233 3
    endloop
  endfacet
  facet normal 0.659278 -0.7519 0
    outer loop
      vertex -28.5251 26.0251 3
      vertex -28.8693 25.7233 1.2
      vertex -28.5251 26.0251 1.2
    endloop
  endfacet
  facet normal -0.896853 -0.442328 0
    outer loop
      vertex -34.0311 26.75 1.2
      vertex -34.1 26.8897 3
      vertex -34.1 26.8897 1.2
    endloop
  endfacet
  facet normal -0.896853 -0.442328 0
    outer loop
      vertex -34.1 26.8897 3
      vertex -34.0311 26.75 1.2
      vertex -34.0311 26.75 3
    endloop
  endfacet
  facet normal 0.89686 -0.442314 0
    outer loop
      vertex -27.9689 26.75 3
      vertex -27.7664 27.1606 1.2
      vertex -27.7664 27.1606 3
    endloop
  endfacet
  facet normal 0.89686 -0.442314 0
    outer loop
      vertex -27.7664 27.1606 1.2
      vertex -27.9689 26.75 3
      vertex -27.9689 26.75 1.2
    endloop
  endfacet
  facet normal 0.659278 0.7519 -0
    outer loop
      vertex -28.5251 30.9749 1.2
      vertex -28.8693 31.2767 3
      vertex -28.5251 30.9749 3
    endloop
  endfacet
  facet normal 0.659278 0.7519 0
    outer loop
      vertex -28.8693 31.2767 3
      vertex -28.5251 30.9749 1.2
      vertex -28.8693 31.2767 1.2
    endloop
  endfacet
  facet normal 0.997865 -0.0653156 0
    outer loop
      vertex -27.5299 28.0432 3
      vertex -27.5 28.5 1.2
      vertex -27.5 28.5 3
    endloop
  endfacet
  facet normal 0.997865 -0.0653156 0
    outer loop
      vertex -27.5 28.5 1.2
      vertex -27.5299 28.0432 3
      vertex -27.5299 28.0432 1.2
    endloop
  endfacet
  facet normal -0.555607 -0.831445 0
    outer loop
      vertex -33.1307 25.7233 1.2
      vertex -32.75 25.4689 3
      vertex -33.1307 25.7233 3
    endloop
  endfacet
  facet normal -0.555607 -0.831445 -0
    outer loop
      vertex -32.75 25.4689 3
      vertex -33.1307 25.7233 1.2
      vertex -32.75 25.4689 1.2
    endloop
  endfacet
  facet normal 0.89686 0.442314 0
    outer loop
      vertex -27.7664 29.8394 3
      vertex -27.9689 30.25 1.2
      vertex -27.9689 30.25 3
    endloop
  endfacet
  facet normal 0.89686 0.442314 0
    outer loop
      vertex -27.9689 30.25 1.2
      vertex -27.7664 29.8394 3
      vertex -27.7664 29.8394 1.2
    endloop
  endfacet
  facet normal 0.980757 -0.195234 0
    outer loop
      vertex -27.6193 27.5941 3
      vertex -27.5299 28.0432 1.2
      vertex -27.5299 28.0432 3
    endloop
  endfacet
  facet normal 0.980757 -0.195234 0
    outer loop
      vertex -27.5299 28.0432 1.2
      vertex -27.6193 27.5941 3
      vertex -27.6193 27.5941 1.2
    endloop
  endfacet
  facet normal 0.946966 0.321335 0
    outer loop
      vertex -27.6193 29.4059 3
      vertex -27.7664 29.8394 1.2
      vertex -27.7664 29.8394 3
    endloop
  endfacet
  facet normal 0.946966 0.321335 0
    outer loop
      vertex -27.7664 29.8394 1.2
      vertex -27.6193 29.4059 3
      vertex -27.6193 29.4059 1.2
    endloop
  endfacet
  facet normal -0.0653156 0.997865 0
    outer loop
      vertex -31 32 1.2
      vertex -31.4568 31.9701 3
      vertex -31 32 3
    endloop
  endfacet
  facet normal -0.0653156 0.997865 0
    outer loop
      vertex -31.4568 31.9701 3
      vertex -31 32 1.2
      vertex -31.4568 31.9701 1.2
    endloop
  endfacet
  facet normal 0 0 1
    outer loop
      vertex -29.75 28.5 3
      vertex -27.5 28.5 3
      vertex -27.5299 28.9568 3
    endloop
  endfacet
  facet normal 0 0 1
    outer loop
      vertex -29.7607 28.6632 3
      vertex -27.5299 28.9568 3
      vertex -27.6193 29.4059 3
    endloop
  endfacet
  facet normal 0 0 1
    outer loop
      vertex -27.5 28.5 3
      vertex -29.75 28.5 3
      vertex -27.5299 28.0432 3
    endloop
  endfacet
  facet normal 0 0 1
    outer loop
      vertex -29.7926 28.8235 3
      vertex -27.6193 29.4059 3
      vertex -27.7664 29.8394 3
    endloop
  endfacet
  facet normal -0 0 1
    outer loop
      vertex -29.7607 28.3368 3
      vertex -27.5299 28.0432 3
      vertex -29.75 28.5 3
    endloop
  endfacet
  facet normal 0 0 1
    outer loop
      vertex -29.8451 28.9784 3
      vertex -27.7664 29.8394 3
      vertex -27.9689 30.25 3
    endloop
  endfacet
  facet normal 0 0 1
    outer loop
      vertex -27.5299 28.0432 3
      vertex -29.7607 28.3368 3
      vertex -27.6193 27.5941 3
    endloop
  endfacet
  facet normal 0 0 1
    outer loop
      vertex -29.9175 29.125 3
      vertex -27.9689 30.25 3
      vertex -28.2233 30.6307 3
    endloop
  endfacet
  facet normal -0 0 1
    outer loop
      vertex -29.7926 28.1765 3
      vertex -27.6193 27.5941 3
      vertex -29.7607 28.3368 3
    endloop
  endfacet
  facet normal 0 0 1
    outer loop
      vertex -30.0083 29.261 3
      vertex -28.2233 30.6307 3
      vertex -28.5251 30.9749 3
    endloop
  endfacet
  facet normal 0 0 1
    outer loop
      vertex -27.6193 27.5941 3
      vertex -29.7926 28.1765 3
      vertex -27.7664 27.1606 3
    endloop
  endfacet
  facet normal 0 0 1
    outer loop
      vertex -30.1161 29.3839 3
      vertex -28.5251 30.9749 3
      vertex -28.8693 31.2767 3
    endloop
  endfacet
  facet normal -0 0 1
    outer loop
      vertex -29.8451 28.0216 3
      vertex -27.7664 27.1606 3
      vertex -29.7926 28.1765 3
    endloop
  endfacet
  facet normal 0 0 1
    outer loop
      vertex -30.239 29.4917 3
      vertex -28.8693 31.2767 3
      vertex -29.25 31.5311 3
    endloop
  endfacet
  facet normal 0 0 1
    outer loop
      vertex -27.7664 27.1606 3
      vertex -29.8451 28.0216 3
      vertex -27.9689 26.75 3
    endloop
  endfacet
  facet normal 0 0 1
    outer loop
      vertex -30.375 29.5825 3
      vertex -29.25 31.5311 3
      vertex -29.6606 31.7336 3
    endloop
  endfacet
  facet normal -0 0 1
    outer loop
      vertex -29.9175 27.875 3
      vertex -27.9689 26.75 3
      vertex -29.8451 28.0216 3
    endloop
  endfacet
  facet normal 0 0 1
    outer loop
      vertex -27.9689 26.75 3
      vertex -29.9175 27.875 3
      vertex -28.2233 26.3693 3
    endloop
  endfacet
  facet normal 0 0 1
    outer loop
      vertex -27.5299 28.9568 3
      vertex -29.7607 28.6632 3
      vertex -29.75 28.5 3
    endloop
  endfacet
  facet normal 0 0 1
    outer loop
      vertex -27.6193 29.4059 3
      vertex -29.7926 28.8235 3
      vertex -29.7607 28.6632 3
    endloop
  endfacet
  facet normal 0 0 1
    outer loop
      vertex -27.7664 29.8394 3
      vertex -29.8451 28.9784 3
      vertex -29.7926 28.8235 3
    endloop
  endfacet
  facet normal 0 0 1
    outer loop
      vertex -27.9689 30.25 3
      vertex -29.9175 29.125 3
      vertex -29.8451 28.9784 3
    endloop
  endfacet
  facet normal 0 0 1
    outer loop
      vertex -28.2233 30.6307 3
      vertex -30.0083 29.261 3
      vertex -29.9175 29.125 3
    endloop
  endfacet
  facet normal 0 0 1
    outer loop
      vertex -30.5216 29.6549 3
      vertex -29.6606 31.7336 3
      vertex -30.0941 31.8807 3
    endloop
  endfacet
  facet normal 0 0 1
    outer loop
      vertex -28.5251 30.9749 3
      vertex -30.1161 29.3839 3
      vertex -30.0083 29.261 3
    endloop
  endfacet
  facet normal 0 0 1
    outer loop
      vertex -28.8693 31.2767 3
      vertex -30.239 29.4917 3
      vertex -30.1161 29.3839 3
    endloop
  endfacet
  facet normal 0 0 1
    outer loop
      vertex -29.25 31.5311 3
      vertex -30.375 29.5825 3
      vertex -30.239 29.4917 3
    endloop
  endfacet
  facet normal 0 0 1
    outer loop
      vertex -29.6606 31.7336 3
      vertex -30.5216 29.6549 3
      vertex -30.375 29.5825 3
    endloop
  endfacet
  facet normal 0 0 1
    outer loop
      vertex -30.6765 29.7074 3
      vertex -30.0941 31.8807 3
      vertex -30.5432 31.9701 3
    endloop
  endfacet
  facet normal 0 0 1
    outer loop
      vertex -30.0941 31.8807 3
      vertex -30.6765 29.7074 3
      vertex -30.5216 29.6549 3
    endloop
  endfacet
  facet normal 0 0 1
    outer loop
      vertex -30.5432 31.9701 3
      vertex -30.8368 29.7393 3
      vertex -30.6765 29.7074 3
    endloop
  endfacet
  facet normal 0 0 1
    outer loop
      vertex -31 32 3
      vertex -30.8368 29.7393 3
      vertex -30.5432 31.9701 3
    endloop
  endfacet
  facet normal 0 0 1
    outer loop
      vertex -31 32 3
      vertex -31 29.75 3
      vertex -30.8368 29.7393 3
    endloop
  endfacet
  facet normal 0 0 1
    outer loop
      vertex -31 32 3
      vertex -31.1632 29.7393 3
      vertex -31 29.75 3
    endloop
  endfacet
  facet normal -0 0 1
    outer loop
      vertex -31.4568 31.9701 3
      vertex -31.1632 29.7393 3
      vertex -31 32 3
    endloop
  endfacet
  facet normal 0 0 1
    outer loop
      vertex -31.1632 29.7393 3
      vertex -31.4568 31.9701 3
      vertex -31.3235 29.7074 3
    endloop
  endfacet
  facet normal -0 0 1
    outer loop
      vertex -31.9059 31.8807 3
      vertex -31.3235 29.7074 3
      vertex -31.4568 31.9701 3
    endloop
  endfacet
  facet normal 0 0 1
    outer loop
      vertex -31.3235 29.7074 3
      vertex -31.9059 31.8807 3
      vertex -31.4784 29.6549 3
    endloop
  endfacet
  facet normal -0 0 1
    outer loop
      vertex -32.3394 31.7336 3
      vertex -31.4784 29.6549 3
      vertex -31.9059 31.8807 3
    endloop
  endfacet
  facet normal 0 0 1
    outer loop
      vertex -31.4784 29.6549 3
      vertex -32.3394 31.7336 3
      vertex -31.625 29.5825 3
    endloop
  endfacet
  facet normal -0 0 1
    outer loop
      vertex -32.75 31.5311 3
      vertex -31.625 29.5825 3
      vertex -32.3394 31.7336 3
    endloop
  endfacet
  facet normal 0 0 1
    outer loop
      vertex -31.625 29.5825 3
      vertex -32.75 31.5311 3
      vertex -31.761 29.4917 3
    endloop
  endfacet
  facet normal -0 0 1
    outer loop
      vertex -33.1307 31.2767 3
      vertex -31.761 29.4917 3
      vertex -32.75 31.5311 3
    endloop
  endfacet
  facet normal 0 0 1
    outer loop
      vertex -31.761 29.4917 3
      vertex -33.1307 31.2767 3
      vertex -31.8839 29.3839 3
    endloop
  endfacet
  facet normal -0 0 1
    outer loop
      vertex -33.4749 30.9749 3
      vertex -31.8839 29.3839 3
      vertex -33.1307 31.2767 3
    endloop
  endfacet
  facet normal 0 0 1
    outer loop
      vertex -31.8839 29.3839 3
      vertex -33.4749 30.9749 3
      vertex -31.9917 29.261 3
    endloop
  endfacet
  facet normal 0 0 1
    outer loop
      vertex -31.9917 29.261 3
      vertex -33.7767 30.6307 3
      vertex -32.0825 29.125 3
    endloop
  endfacet
  facet normal -0 0 1
    outer loop
      vertex -33.7767 30.6307 3
      vertex -31.9917 29.261 3
      vertex -33.4749 30.9749 3
    endloop
  endfacet
  facet normal -0 0 1
    outer loop
      vertex -30.0083 27.739 3
      vertex -28.2233 26.3693 3
      vertex -29.9175 27.875 3
    endloop
  endfacet
  facet normal 0 0 1
    outer loop
      vertex -28.2233 26.3693 3
      vertex -30.0083 27.739 3
      vertex -28.5251 26.0251 3
    endloop
  endfacet
  facet normal -0 0 1
    outer loop
      vertex -30.1161 27.6161 3
      vertex -28.5251 26.0251 3
      vertex -30.0083 27.739 3
    endloop
  endfacet
  facet normal 0 0 1
    outer loop
      vertex -28.5251 26.0251 3
      vertex -30.1161 27.6161 3
      vertex -28.8693 25.7233 3
    endloop
  endfacet
  facet normal -0 0 1
    outer loop
      vertex -30.239 27.5083 3
      vertex -28.8693 25.7233 3
      vertex -30.1161 27.6161 3
    endloop
  endfacet
  facet normal 0 0 1
    outer loop
      vertex -28.8693 25.7233 3
      vertex -30.239 27.5083 3
      vertex -29.25 25.4689 3
    endloop
  endfacet
  facet normal -0 0 1
    outer loop
      vertex -30.375 27.4175 3
      vertex -29.25 25.4689 3
      vertex -30.239 27.5083 3
    endloop
  endfacet
  facet normal 0 0 1
    outer loop
      vertex -29.25 25.4689 3
      vertex -30.375 27.4175 3
      vertex -29.6606 25.2664 3
    endloop
  endfacet
  facet normal -0 0 1
    outer loop
      vertex -30.5216 27.3451 3
      vertex -29.6606 25.2664 3
      vertex -30.375 27.4175 3
    endloop
  endfacet
  facet normal 0 0 1
    outer loop
      vertex -29.6606 25.2664 3
      vertex -30.5216 27.3451 3
      vertex -30.0941 25.1193 3
    endloop
  endfacet
  facet normal -0 0 1
    outer loop
      vertex -30.6765 27.2926 3
      vertex -30.0941 25.1193 3
      vertex -30.5216 27.3451 3
    endloop
  endfacet
  facet normal 0 0 1
    outer loop
      vertex -30.0941 25.1193 3
      vertex -30.6765 27.2926 3
      vertex -30.5432 25.0299 3
    endloop
  endfacet
  facet normal -0 0 1
    outer loop
      vertex -30.8368 27.2607 3
      vertex -30.5432 25.0299 3
      vertex -30.6765 27.2926 3
    endloop
  endfacet
  facet normal -0 0 1
    outer loop
      vertex -31 27.25 3
      vertex -30.5432 25.0299 3
      vertex -30.8368 27.2607 3
    endloop
  endfacet
  facet normal 0 0 1
    outer loop
      vertex -31 27.25 3
      vertex -31 25 3
      vertex -30.5432 25.0299 3
    endloop
  endfacet
  facet normal 0 0 1
    outer loop
      vertex -31.1632 27.2607 3
      vertex -31 25 3
      vertex -31 27.25 3
    endloop
  endfacet
  facet normal 0 0 1
    outer loop
      vertex -31.4568 25.0299 3
      vertex -31.1632 27.2607 3
      vertex -31.3235 27.2926 3
    endloop
  endfacet
  facet normal 0 0 1
    outer loop
      vertex -31.1632 27.2607 3
      vertex -31.4568 25.0299 3
      vertex -31 25 3
    endloop
  endfacet
  facet normal 0 0 1
    outer loop
      vertex -31.9059 25.1193 3
      vertex -31.3235 27.2926 3
      vertex -31.4784 27.3451 3
    endloop
  endfacet
  facet normal 0 0 1
    outer loop
      vertex -32.3394 25.2664 3
      vertex -31.4784 27.3451 3
      vertex -31.625 27.4175 3
    endloop
  endfacet
  facet normal 0 0 1
    outer loop
      vertex -32.75 25.4689 3
      vertex -31.625 27.4175 3
      vertex -31.761 27.5083 3
    endloop
  endfacet
  facet normal 0 0 1
    outer loop
      vertex -33.1307 25.7233 3
      vertex -31.761 27.5083 3
      vertex -31.8839 27.6161 3
    endloop
  endfacet
  facet normal 0 0 1
    outer loop
      vertex -31.3235 27.2926 3
      vertex -31.9059 25.1193 3
      vertex -31.4568 25.0299 3
    endloop
  endfacet
  facet normal 0 0 1
    outer loop
      vertex -33.4749 26.0251 3
      vertex -31.8839 27.6161 3
      vertex -31.9917 27.739 3
    endloop
  endfacet
  facet normal 0 0 1
    outer loop
      vertex -33.7767 26.3693 3
      vertex -31.9917 27.739 3
      vertex -32.0825 27.875 3
    endloop
  endfacet
  facet normal 0 0 1
    outer loop
      vertex -34.1 26.8897 3
      vertex -32.0825 27.875 3
      vertex -32.1549 28.0216 3
    endloop
  endfacet
  facet normal 0 0 1
    outer loop
      vertex -34.1 26.8897 3
      vertex -32.1549 28.0216 3
      vertex -32.2074 28.1765 3
    endloop
  endfacet
  facet normal 0 0 1
    outer loop
      vertex -34.1 26.8897 3
      vertex -32.2074 28.1765 3
      vertex -32.2393 28.3368 3
    endloop
  endfacet
  facet normal 0 0 1
    outer loop
      vertex -31.4784 27.3451 3
      vertex -32.3394 25.2664 3
      vertex -31.9059 25.1193 3
    endloop
  endfacet
  facet normal 0 0 1
    outer loop
      vertex -34.1 26.8897 3
      vertex -32.2393 28.3368 3
      vertex -32.25 28.5 3
    endloop
  endfacet
  facet normal -0 0 1
    outer loop
      vertex -34.0311 30.25 3
      vertex -32.0825 29.125 3
      vertex -33.7767 30.6307 3
    endloop
  endfacet
  facet normal -0 0 1
    outer loop
      vertex -34.1 30.1103 3
      vertex -32.0825 29.125 3
      vertex -34.0311 30.25 3
    endloop
  endfacet
  facet normal 0 0 1
    outer loop
      vertex -31.625 27.4175 3
      vertex -32.75 25.4689 3
      vertex -32.3394 25.2664 3
    endloop
  endfacet
  facet normal 0 0 1
    outer loop
      vertex -32.0825 29.125 3
      vertex -34.1 30.1103 3
      vertex -32.1549 28.9784 3
    endloop
  endfacet
  facet normal 0 0 1
    outer loop
      vertex -31.761 27.5083 3
      vertex -33.1307 25.7233 3
      vertex -32.75 25.4689 3
    endloop
  endfacet
  facet normal 0 0 1
    outer loop
      vertex -32.1549 28.9784 3
      vertex -34.1 30.1103 3
      vertex -32.2074 28.8235 3
    endloop
  endfacet
  facet normal 0 0 1
    outer loop
      vertex -31.8839 27.6161 3
      vertex -33.4749 26.0251 3
      vertex -33.1307 25.7233 3
    endloop
  endfacet
  facet normal 0 0 1
    outer loop
      vertex -32.2074 28.8235 3
      vertex -34.1 30.1103 3
      vertex -32.2393 28.6632 3
    endloop
  endfacet
  facet normal 0 0 1
    outer loop
      vertex -34.1 26.8897 3
      vertex -32.25 28.5 3
      vertex -34.1 30.1103 3
    endloop
  endfacet
  facet normal 0 0 1
    outer loop
      vertex -32.2393 28.6632 3
      vertex -34.1 30.1103 3
      vertex -32.25 28.5 3
    endloop
  endfacet
  facet normal 0 0 1
    outer loop
      vertex -32.0825 27.875 3
      vertex -34.1 26.8897 3
      vertex -34.0311 26.75 3
    endloop
  endfacet
  facet normal 0 0 1
    outer loop
      vertex -31.9917 27.739 3
      vertex -33.7767 26.3693 3
      vertex -33.4749 26.0251 3
    endloop
  endfacet
  facet normal 0 0 1
    outer loop
      vertex -32.0825 27.875 3
      vertex -34.0311 26.75 3
      vertex -33.7767 26.3693 3
    endloop
  endfacet
  facet normal -0.195234 -0.980757 0
    outer loop
      vertex -31.9059 25.1193 1.2
      vertex -31.4568 25.0299 3
      vertex -31.9059 25.1193 3
    endloop
  endfacet
  facet normal -0.195234 -0.980757 -0
    outer loop
      vertex -31.4568 25.0299 3
      vertex -31.9059 25.1193 1.2
      vertex -31.4568 25.0299 1.2
    endloop
  endfacet
  facet normal -0.831445 0.555607 0
    outer loop
      vertex -34.0311 30.25 1.2
      vertex -33.7767 30.6307 3
      vertex -33.7767 30.6307 1.2
    endloop
  endfacet
  facet normal -0.831445 0.555607 0
    outer loop
      vertex -33.7767 30.6307 3
      vertex -34.0311 30.25 1.2
      vertex -34.0311 30.25 3
    endloop
  endfacet
  facet normal -0.0653156 -0.997865 0
    outer loop
      vertex -31.4568 25.0299 1.2
      vertex -31 25 3
      vertex -31.4568 25.0299 3
    endloop
  endfacet
  facet normal -0.0653156 -0.997865 -0
    outer loop
      vertex -31 25 3
      vertex -31.4568 25.0299 1.2
      vertex -31 25 1.2
    endloop
  endfacet
  facet normal 0.980768 -0.195175 0
    outer loop
      vertex -29.7926 28.1765 5.6
      vertex -29.7607 28.3368 3
      vertex -29.7607 28.3368 5.6
    endloop
  endfacet
  facet normal 0.980768 -0.195175 0
    outer loop
      vertex -29.7607 28.3368 3
      vertex -29.7926 28.1765 5.6
      vertex -29.7926 28.1765 3
    endloop
  endfacet
  facet normal 0.980768 0.195175 0
    outer loop
      vertex -29.7607 28.6632 5.6
      vertex -29.7926 28.8235 3
      vertex -29.7926 28.8235 5.6
    endloop
  endfacet
  facet normal 0.980768 0.195175 0
    outer loop
      vertex -29.7926 28.8235 3
      vertex -29.7607 28.6632 5.6
      vertex -29.7607 28.6632 3
    endloop
  endfacet
  facet normal 0.997858 0.0654233 0
    outer loop
      vertex -29.75 28.5 5.6
      vertex -29.7607 28.6632 3
      vertex -29.7607 28.6632 5.6
    endloop
  endfacet
  facet normal 0.997858 0.0654233 0
    outer loop
      vertex -29.7607 28.6632 3
      vertex -29.75 28.5 5.6
      vertex -29.75 28.5 3
    endloop
  endfacet
  facet normal 0.947082 0.320993 0
    outer loop
      vertex -29.7926 28.8235 5.6
      vertex -29.8451 28.9784 3
      vertex -29.8451 28.9784 5.6
    endloop
  endfacet
  facet normal 0.947082 0.320993 0
    outer loop
      vertex -29.8451 28.9784 3
      vertex -29.7926 28.8235 5.6
      vertex -29.7926 28.8235 3
    endloop
  endfacet
  facet normal 0.442805 -0.896618 0
    outer loop
      vertex -30.5216 27.3451 3
      vertex -30.375 27.4175 5.6
      vertex -30.5216 27.3451 5.6
    endloop
  endfacet
  facet normal 0.442805 -0.896618 0
    outer loop
      vertex -30.375 27.4175 5.6
      vertex -30.5216 27.3451 3
      vertex -30.375 27.4175 3
    endloop
  endfacet
  facet normal 0.195175 0.980768 -0
    outer loop
      vertex -30.6765 29.7074 3
      vertex -30.8368 29.7393 5.6
      vertex -30.6765 29.7074 5.6
    endloop
  endfacet
  facet normal 0.195175 0.980768 0
    outer loop
      vertex -30.8368 29.7393 5.6
      vertex -30.6765 29.7074 3
      vertex -30.8368 29.7393 3
    endloop
  endfacet
  facet normal 0.195175 -0.980768 0
    outer loop
      vertex -30.8368 27.2607 3
      vertex -30.6765 27.2926 5.6
      vertex -30.8368 27.2607 5.6
    endloop
  endfacet
  facet normal 0.195175 -0.980768 0
    outer loop
      vertex -30.6765 27.2926 5.6
      vertex -30.8368 27.2607 3
      vertex -30.6765 27.2926 3
    endloop
  endfacet
  facet normal 0.0654233 -0.997858 0
    outer loop
      vertex -31 27.25 3
      vertex -30.8368 27.2607 5.6
      vertex -31 27.25 5.6
    endloop
  endfacet
  facet normal 0.0654233 -0.997858 0
    outer loop
      vertex -30.8368 27.2607 5.6
      vertex -31 27.25 3
      vertex -30.8368 27.2607 3
    endloop
  endfacet
  facet normal -0.659414 0.75178 0
    outer loop
      vertex -31.761 29.4917 3
      vertex -31.8839 29.3839 5.6
      vertex -31.761 29.4917 5.6
    endloop
  endfacet
  facet normal -0.659414 0.75178 0
    outer loop
      vertex -31.8839 29.3839 5.6
      vertex -31.761 29.4917 3
      vertex -31.8839 29.3839 3
    endloop
  endfacet
  facet normal -0.831674 0.555265 0
    outer loop
      vertex -32.0825 29.125 3
      vertex -31.9917 29.261 5.6
      vertex -31.9917 29.261 3
    endloop
  endfacet
  facet normal -0.831674 0.555265 0
    outer loop
      vertex -31.9917 29.261 5.6
      vertex -32.0825 29.125 3
      vertex -32.0825 29.125 5.6
    endloop
  endfacet
  facet normal 0.320993 0.947082 -0
    outer loop
      vertex -30.5216 29.6549 3
      vertex -30.6765 29.7074 5.6
      vertex -30.5216 29.6549 5.6
    endloop
  endfacet
  facet normal 0.320993 0.947082 0
    outer loop
      vertex -30.6765 29.7074 5.6
      vertex -30.5216 29.6549 3
      vertex -30.6765 29.7074 3
    endloop
  endfacet
  facet normal 0.659414 -0.75178 0
    outer loop
      vertex -30.239 27.5083 3
      vertex -30.1161 27.6161 5.6
      vertex -30.239 27.5083 5.6
    endloop
  endfacet
  facet normal 0.659414 -0.75178 0
    outer loop
      vertex -30.1161 27.6161 5.6
      vertex -30.239 27.5083 3
      vertex -30.1161 27.6161 3
    endloop
  endfacet
  facet normal -0.442805 0.896618 0
    outer loop
      vertex -31.4784 29.6549 3
      vertex -31.625 29.5825 5.6
      vertex -31.4784 29.6549 5.6
    endloop
  endfacet
  facet normal -0.442805 0.896618 0
    outer loop
      vertex -31.625 29.5825 5.6
      vertex -31.4784 29.6549 3
      vertex -31.625 29.5825 3
    endloop
  endfacet
  facet normal -0.0654233 -0.997858 0
    outer loop
      vertex -31.1632 27.2607 3
      vertex -31 27.25 5.6
      vertex -31.1632 27.2607 5.6
    endloop
  endfacet
  facet normal -0.0654233 -0.997858 -0
    outer loop
      vertex -31 27.25 5.6
      vertex -31.1632 27.2607 3
      vertex -31 27.25 3
    endloop
  endfacet
  facet normal 0.75178 -0.659414 0
    outer loop
      vertex -30.1161 27.6161 5.6
      vertex -30.0083 27.739 3
      vertex -30.0083 27.739 5.6
    endloop
  endfacet
  facet normal 0.75178 -0.659414 0
    outer loop
      vertex -30.0083 27.739 3
      vertex -30.1161 27.6161 5.6
      vertex -30.1161 27.6161 3
    endloop
  endfacet
  facet normal -0.947082 -0.320993 0
    outer loop
      vertex -32.1549 28.0216 3
      vertex -32.2074 28.1765 5.6
      vertex -32.2074 28.1765 3
    endloop
  endfacet
  facet normal -0.947082 -0.320993 0
    outer loop
      vertex -32.2074 28.1765 5.6
      vertex -32.1549 28.0216 3
      vertex -32.1549 28.0216 5.6
    endloop
  endfacet
  facet normal 0.320993 -0.947082 0
    outer loop
      vertex -30.6765 27.2926 3
      vertex -30.5216 27.3451 5.6
      vertex -30.6765 27.2926 5.6
    endloop
  endfacet
  facet normal 0.320993 -0.947082 0
    outer loop
      vertex -30.5216 27.3451 5.6
      vertex -30.6765 27.2926 3
      vertex -30.5216 27.3451 3
    endloop
  endfacet
  facet normal -0.320993 0.947082 0
    outer loop
      vertex -31.3235 29.7074 3
      vertex -31.4784 29.6549 5.6
      vertex -31.3235 29.7074 5.6
    endloop
  endfacet
  facet normal -0.320993 0.947082 0
    outer loop
      vertex -31.4784 29.6549 5.6
      vertex -31.3235 29.7074 3
      vertex -31.4784 29.6549 3
    endloop
  endfacet
  facet normal 0.75178 0.659414 0
    outer loop
      vertex -30.0083 29.261 5.6
      vertex -30.1161 29.3839 3
      vertex -30.1161 29.3839 5.6
    endloop
  endfacet
  facet normal 0.75178 0.659414 0
    outer loop
      vertex -30.1161 29.3839 3
      vertex -30.0083 29.261 5.6
      vertex -30.0083 29.261 3
    endloop
  endfacet
  facet normal -0.555265 0.831674 0
    outer loop
      vertex -31.625 29.5825 3
      vertex -31.761 29.4917 5.6
      vertex -31.625 29.5825 5.6
    endloop
  endfacet
  facet normal -0.555265 0.831674 0
    outer loop
      vertex -31.761 29.4917 5.6
      vertex -31.625 29.5825 3
      vertex -31.761 29.4917 3
    endloop
  endfacet
  facet normal -0.947082 0.320993 0
    outer loop
      vertex -32.2074 28.8235 3
      vertex -32.1549 28.9784 5.6
      vertex -32.1549 28.9784 3
    endloop
  endfacet
  facet normal -0.947082 0.320993 0
    outer loop
      vertex -32.1549 28.9784 5.6
      vertex -32.2074 28.8235 3
      vertex -32.2074 28.8235 5.6
    endloop
  endfacet
  facet normal 0.896618 0.442805 0
    outer loop
      vertex -29.8451 28.9784 5.6
      vertex -29.9175 29.125 3
      vertex -29.9175 29.125 5.6
    endloop
  endfacet
  facet normal 0.896618 0.442805 0
    outer loop
      vertex -29.9175 29.125 3
      vertex -29.8451 28.9784 5.6
      vertex -29.8451 28.9784 3
    endloop
  endfacet
  facet normal -0.195175 0.980768 0
    outer loop
      vertex -31.1632 29.7393 3
      vertex -31.3235 29.7074 5.6
      vertex -31.1632 29.7393 5.6
    endloop
  endfacet
  facet normal -0.195175 0.980768 0
    outer loop
      vertex -31.3235 29.7074 5.6
      vertex -31.1632 29.7393 3
      vertex -31.3235 29.7074 3
    endloop
  endfacet
  facet normal 0.659414 0.75178 -0
    outer loop
      vertex -30.1161 29.3839 3
      vertex -30.239 29.4917 5.6
      vertex -30.1161 29.3839 5.6
    endloop
  endfacet
  facet normal 0.659414 0.75178 0
    outer loop
      vertex -30.239 29.4917 5.6
      vertex -30.1161 29.3839 3
      vertex -30.239 29.4917 3
    endloop
  endfacet
  facet normal 0.997858 -0.0654233 0
    outer loop
      vertex -29.7607 28.3368 5.6
      vertex -29.75 28.5 3
      vertex -29.75 28.5 5.6
    endloop
  endfacet
  facet normal 0.997858 -0.0654233 0
    outer loop
      vertex -29.75 28.5 3
      vertex -29.7607 28.3368 5.6
      vertex -29.7607 28.3368 3
    endloop
  endfacet
  facet normal 0.442805 0.896618 -0
    outer loop
      vertex -30.375 29.5825 3
      vertex -30.5216 29.6549 5.6
      vertex -30.375 29.5825 5.6
    endloop
  endfacet
  facet normal 0.442805 0.896618 0
    outer loop
      vertex -30.5216 29.6549 5.6
      vertex -30.375 29.5825 3
      vertex -30.5216 29.6549 3
    endloop
  endfacet
  facet normal -0.320993 -0.947082 0
    outer loop
      vertex -31.4784 27.3451 3
      vertex -31.3235 27.2926 5.6
      vertex -31.4784 27.3451 5.6
    endloop
  endfacet
  facet normal -0.320993 -0.947082 -0
    outer loop
      vertex -31.3235 27.2926 5.6
      vertex -31.4784 27.3451 3
      vertex -31.3235 27.2926 3
    endloop
  endfacet
  facet normal -0.980768 0.195175 0
    outer loop
      vertex -32.2393 28.6632 3
      vertex -32.2074 28.8235 5.6
      vertex -32.2074 28.8235 3
    endloop
  endfacet
  facet normal -0.980768 0.195175 0
    outer loop
      vertex -32.2074 28.8235 5.6
      vertex -32.2393 28.6632 3
      vertex -32.2393 28.6632 5.6
    endloop
  endfacet
  facet normal -0.0654233 0.997858 0
    outer loop
      vertex -31 29.75 3
      vertex -31.1632 29.7393 5.6
      vertex -31 29.75 5.6
    endloop
  endfacet
  facet normal -0.0654233 0.997858 0
    outer loop
      vertex -31.1632 29.7393 5.6
      vertex -31 29.75 3
      vertex -31.1632 29.7393 3
    endloop
  endfacet
  facet normal -0.195175 -0.980768 0
    outer loop
      vertex -31.3235 27.2926 3
      vertex -31.1632 27.2607 5.6
      vertex -31.3235 27.2926 5.6
    endloop
  endfacet
  facet normal -0.195175 -0.980768 -0
    outer loop
      vertex -31.1632 27.2607 5.6
      vertex -31.3235 27.2926 3
      vertex -31.1632 27.2607 3
    endloop
  endfacet
  facet normal 0.947082 -0.320993 0
    outer loop
      vertex -29.8451 28.0216 5.6
      vertex -29.7926 28.1765 3
      vertex -29.7926 28.1765 5.6
    endloop
  endfacet
  facet normal 0.947082 -0.320993 0
    outer loop
      vertex -29.7926 28.1765 3
      vertex -29.8451 28.0216 5.6
      vertex -29.8451 28.0216 3
    endloop
  endfacet
  facet normal 0.831674 0.555265 0
    outer loop
      vertex -29.9175 29.125 5.6
      vertex -30.0083 29.261 3
      vertex -30.0083 29.261 5.6
    endloop
  endfacet
  facet normal 0.831674 0.555265 0
    outer loop
      vertex -30.0083 29.261 3
      vertex -29.9175 29.125 5.6
      vertex -29.9175 29.125 3
    endloop
  endfacet
  facet normal -0.896618 -0.442805 0
    outer loop
      vertex -32.0825 27.875 3
      vertex -32.1549 28.0216 5.6
      vertex -32.1549 28.0216 3
    endloop
  endfacet
  facet normal -0.896618 -0.442805 0
    outer loop
      vertex -32.1549 28.0216 5.6
      vertex -32.0825 27.875 3
      vertex -32.0825 27.875 5.6
    endloop
  endfacet
  facet normal 0.896618 -0.442805 0
    outer loop
      vertex -29.9175 27.875 5.6
      vertex -29.8451 28.0216 3
      vertex -29.8451 28.0216 5.6
    endloop
  endfacet
  facet normal 0.896618 -0.442805 0
    outer loop
      vertex -29.8451 28.0216 3
      vertex -29.9175 27.875 5.6
      vertex -29.9175 27.875 3
    endloop
  endfacet
  facet normal -0.75178 -0.659414 0
    outer loop
      vertex -31.8839 27.6161 3
      vertex -31.9917 27.739 5.6
      vertex -31.9917 27.739 3
    endloop
  endfacet
  facet normal -0.75178 -0.659414 0
    outer loop
      vertex -31.9917 27.739 5.6
      vertex -31.8839 27.6161 3
      vertex -31.8839 27.6161 5.6
    endloop
  endfacet
  facet normal 0.831674 -0.555265 0
    outer loop
      vertex -30.0083 27.739 5.6
      vertex -29.9175 27.875 3
      vertex -29.9175 27.875 5.6
    endloop
  endfacet
  facet normal 0.831674 -0.555265 0
    outer loop
      vertex -29.9175 27.875 3
      vertex -30.0083 27.739 5.6
      vertex -30.0083 27.739 3
    endloop
  endfacet
  facet normal -0.75178 0.659414 0
    outer loop
      vertex -31.9917 29.261 3
      vertex -31.8839 29.3839 5.6
      vertex -31.8839 29.3839 3
    endloop
  endfacet
  facet normal -0.75178 0.659414 0
    outer loop
      vertex -31.8839 29.3839 5.6
      vertex -31.9917 29.261 3
      vertex -31.9917 29.261 5.6
    endloop
  endfacet
  facet normal 0.0654233 0.997858 -0
    outer loop
      vertex -30.8368 29.7393 3
      vertex -31 29.75 5.6
      vertex -30.8368 29.7393 5.6
    endloop
  endfacet
  facet normal 0.0654233 0.997858 0
    outer loop
      vertex -31 29.75 5.6
      vertex -30.8368 29.7393 3
      vertex -31 29.75 3
    endloop
  endfacet
  facet normal 0.555265 0.831674 -0
    outer loop
      vertex -30.239 29.4917 3
      vertex -30.375 29.5825 5.6
      vertex -30.239 29.4917 5.6
    endloop
  endfacet
  facet normal 0.555265 0.831674 0
    outer loop
      vertex -30.375 29.5825 5.6
      vertex -30.239 29.4917 3
      vertex -30.375 29.5825 3
    endloop
  endfacet
  facet normal -0.442805 -0.896618 0
    outer loop
      vertex -31.625 27.4175 3
      vertex -31.4784 27.3451 5.6
      vertex -31.625 27.4175 5.6
    endloop
  endfacet
  facet normal -0.442805 -0.896618 -0
    outer loop
      vertex -31.4784 27.3451 5.6
      vertex -31.625 27.4175 3
      vertex -31.4784 27.3451 3
    endloop
  endfacet
  facet normal -0.831674 -0.555265 0
    outer loop
      vertex -31.9917 27.739 3
      vertex -32.0825 27.875 5.6
      vertex -32.0825 27.875 3
    endloop
  endfacet
  facet normal -0.831674 -0.555265 0
    outer loop
      vertex -32.0825 27.875 5.6
      vertex -31.9917 27.739 3
      vertex -31.9917 27.739 5.6
    endloop
  endfacet
  facet normal -0.980768 -0.195175 0
    outer loop
      vertex -32.2074 28.1765 3
      vertex -32.2393 28.3368 5.6
      vertex -32.2393 28.3368 3
    endloop
  endfacet
  facet normal -0.980768 -0.195175 0
    outer loop
      vertex -32.2393 28.3368 5.6
      vertex -32.2074 28.1765 3
      vertex -32.2074 28.1765 5.6
    endloop
  endfacet
  facet normal -0.659414 -0.75178 0
    outer loop
      vertex -31.8839 27.6161 3
      vertex -31.761 27.5083 5.6
      vertex -31.8839 27.6161 5.6
    endloop
  endfacet
  facet normal -0.659414 -0.75178 -0
    outer loop
      vertex -31.761 27.5083 5.6
      vertex -31.8839 27.6161 3
      vertex -31.761 27.5083 3
    endloop
  endfacet
  facet normal -0.896618 0.442805 0
    outer loop
      vertex -32.1549 28.9784 3
      vertex -32.0825 29.125 5.6
      vertex -32.0825 29.125 3
    endloop
  endfacet
  facet normal -0.896618 0.442805 0
    outer loop
      vertex -32.0825 29.125 5.6
      vertex -32.1549 28.9784 3
      vertex -32.1549 28.9784 5.6
    endloop
  endfacet
  facet normal -0.997858 -0.0654233 0
    outer loop
      vertex -32.2393 28.3368 3
      vertex -32.25 28.5 5.6
      vertex -32.25 28.5 3
    endloop
  endfacet
  facet normal -0.997858 -0.0654233 0
    outer loop
      vertex -32.25 28.5 5.6
      vertex -32.2393 28.3368 3
      vertex -32.2393 28.3368 5.6
    endloop
  endfacet
  facet normal 0.555265 -0.831674 0
    outer loop
      vertex -30.375 27.4175 3
      vertex -30.239 27.5083 5.6
      vertex -30.375 27.4175 5.6
    endloop
  endfacet
  facet normal 0.555265 -0.831674 0
    outer loop
      vertex -30.239 27.5083 5.6
      vertex -30.375 27.4175 3
      vertex -30.239 27.5083 3
    endloop
  endfacet
  facet normal -0.997858 0.0654233 0
    outer loop
      vertex -32.25 28.5 3
      vertex -32.2393 28.6632 5.6
      vertex -32.2393 28.6632 3
    endloop
  endfacet
  facet normal -0.997858 0.0654233 0
    outer loop
      vertex -32.2393 28.6632 5.6
      vertex -32.25 28.5 3
      vertex -32.25 28.5 5.6
    endloop
  endfacet
  facet normal -0.555265 -0.831674 0
    outer loop
      vertex -31.761 27.5083 3
      vertex -31.625 27.4175 5.6
      vertex -31.761 27.5083 5.6
    endloop
  endfacet
  facet normal -0.555265 -0.831674 -0
    outer loop
      vertex -31.625 27.4175 5.6
      vertex -31.761 27.5083 3
      vertex -31.625 27.4175 3
    endloop
  endfacet
  facet normal 0.706348 0.0463108 0.706348
    outer loop
      vertex -29.7607 28.6632 5.6
      vertex -30.25 28.5 6.1
      vertex -29.75 28.5 5.6
    endloop
  endfacet
  facet normal -0.531917 0.466961 0.706407
    outer loop
      vertex -31.5303 29.0303 6.1
      vertex -31.8839 29.3839 5.6
      vertex -31.595 28.9566 6.1
    endloop
  endfacet
  facet normal -0.694263 0.13816 0.706336
    outer loop
      vertex -32.2074 28.8235 5.6
      vertex -32.2393 28.6632 5.6
      vertex -31.7436 28.5979 6.1
    endloop
  endfacet
  facet normal 0.13816 0.694263 0.706336
    outer loop
      vertex -30.8368 29.7393 5.6
      vertex -30.9021 29.2436 6.1
      vertex -30.6765 29.7074 5.6
    endloop
  endfacet
  facet normal -0.670365 0.227206 0.706391
    outer loop
      vertex -32.1549 28.9784 5.6
      vertex -32.2074 28.8235 5.6
      vertex -31.6929 28.787 6.1
    endloop
  endfacet
  facet normal -0.227206 0.670365 0.706391
    outer loop
      vertex -31.3235 29.7074 5.6
      vertex -31.4784 29.6549 5.6
      vertex -31.287 29.1929 6.1
    endloop
  endfacet
  facet normal -0.706348 -0.0463108 0.706348
    outer loop
      vertex -31.75 28.5 6.1
      vertex -32.25 28.5 5.6
      vertex -32.2393 28.3368 5.6
    endloop
  endfacet
  facet normal 0.227297 0.670346 0.706379
    outer loop
      vertex -30.6765 29.7074 5.6
      vertex -30.8059 29.2244 6.1
      vertex -30.713 29.1929 6.1
    endloop
  endfacet
  facet normal 0.670346 -0.227297 0.706379
    outer loop
      vertex -30.2756 28.3059 6.1
      vertex -30.3071 28.213 6.1
      vertex -29.7926 28.1765 5.6
    endloop
  endfacet
  facet normal 0.588711 -0.393051 0.70635
    outer loop
      vertex -29.9175 27.875 5.6
      vertex -30.3505 28.125 6.1
      vertex -30.0083 27.739 5.6
    endloop
  endfacet
  facet normal 0.634679 0.313443 0.706354
    outer loop
      vertex -29.9175 29.125 5.6
      vertex -30.3505 28.875 6.1
      vertex -29.8451 28.9784 5.6
    endloop
  endfacet
  facet normal 0.706348 -0.0463108 0.706348
    outer loop
      vertex -29.75 28.5 5.6
      vertex -30.25 28.5 6.1
      vertex -29.7607 28.3368 5.6
    endloop
  endfacet
  facet normal -0.313074 -0.634805 0.706405
    outer loop
      vertex -31.375 27.8505 6.1
      vertex -31.4784 27.3451 5.6
      vertex -31.287 27.8071 6.1
    endloop
  endfacet
  facet normal 0.313074 -0.634805 0.706405
    outer loop
      vertex -30.625 27.8505 6.1
      vertex -30.713 27.8071 6.1
      vertex -30.5216 27.3451 5.6
    endloop
  endfacet
  facet normal 0.227206 0.670365 0.706391
    outer loop
      vertex -30.6765 29.7074 5.6
      vertex -30.713 29.1929 6.1
      vertex -30.5216 29.6549 5.6
    endloop
  endfacet
  facet normal -0.466762 0.532144 0.706368
    outer loop
      vertex -31.761 29.4917 5.6
      vertex -31.8839 29.3839 5.6
      vertex -31.4566 29.095 6.1
    endloop
  endfacet
  facet normal 0.531917 0.466961 0.706407
    outer loop
      vertex -30.1161 29.3839 5.6
      vertex -30.4697 29.0303 6.1
      vertex -30.405 28.9566 6.1
    endloop
  endfacet
  facet normal 0.313443 0.634679 0.706354
    outer loop
      vertex -30.5216 29.6549 5.6
      vertex -30.625 29.1495 6.1
      vertex -30.375 29.5825 5.6
    endloop
  endfacet
  facet normal -0.694263 -0.13816 0.706336
    outer loop
      vertex -31.7436 28.4021 6.1
      vertex -32.2393 28.3368 5.6
      vertex -32.2074 28.1765 5.6
    endloop
  endfacet
  facet normal 0.634679 -0.313443 0.706354
    outer loop
      vertex -29.8451 28.0216 5.6
      vertex -30.3505 28.125 6.1
      vertex -29.9175 27.875 5.6
    endloop
  endfacet
  facet normal 0.634805 -0.313074 0.706405
    outer loop
      vertex -30.3071 28.213 6.1
      vertex -30.3505 28.125 6.1
      vertex -29.8451 28.0216 5.6
    endloop
  endfacet
  facet normal -0.706374 0.0461777 0.70633
    outer loop
      vertex -31.7436 28.5979 6.1
      vertex -32.2393 28.6632 5.6
      vertex -31.75 28.5 6.1
    endloop
  endfacet
  facet normal 0.634805 0.313074 0.706405
    outer loop
      vertex -29.8451 28.9784 5.6
      vertex -30.3505 28.875 6.1
      vertex -30.3071 28.787 6.1
    endloop
  endfacet
  facet normal 0.694263 0.13816 0.706336
    outer loop
      vertex -29.7926 28.8235 5.6
      vertex -30.2564 28.5979 6.1
      vertex -29.7607 28.6632 5.6
    endloop
  endfacet
  facet normal -0.313074 0.634805 0.706405
    outer loop
      vertex -31.287 29.1929 6.1
      vertex -31.4784 29.6549 5.6
      vertex -31.375 29.1495 6.1
    endloop
  endfacet
  facet normal -0.531917 -0.466961 0.706407
    outer loop
      vertex -31.595 28.0434 6.1
      vertex -31.8839 27.6161 5.6
      vertex -31.5303 27.9697 6.1
    endloop
  endfacet
  facet normal 0.670365 0.227206 0.706391
    outer loop
      vertex -29.8451 28.9784 5.6
      vertex -30.3071 28.787 6.1
      vertex -29.7926 28.8235 5.6
    endloop
  endfacet
  facet normal 0.227297 -0.670346 0.706379
    outer loop
      vertex -30.713 27.8071 6.1
      vertex -30.8059 27.7756 6.1
      vertex -30.6765 27.2926 5.6
    endloop
  endfacet
  facet normal -0.634679 -0.313443 0.706354
    outer loop
      vertex -31.6495 28.125 6.1
      vertex -32.1549 28.0216 5.6
      vertex -32.0825 27.875 5.6
    endloop
  endfacet
  facet normal 0.393051 -0.588711 0.70635
    outer loop
      vertex -30.239 27.5083 5.6
      vertex -30.625 27.8505 6.1
      vertex -30.375 27.4175 5.6
    endloop
  endfacet
  facet normal 0.531917 -0.466961 0.706407
    outer loop
      vertex -30.405 28.0434 6.1
      vertex -30.4697 27.9697 6.1
      vertex -30.1161 27.6161 5.6
    endloop
  endfacet
  facet normal -0.694135 -0.138538 0.706388
    outer loop
      vertex -31.7436 28.4021 6.1
      vertex -32.2074 28.1765 5.6
      vertex -31.7244 28.3059 6.1
    endloop
  endfacet
  facet normal -0.393142 -0.588632 0.706365
    outer loop
      vertex -31.4566 27.905 6.1
      vertex -31.761 27.5083 5.6
      vertex -31.375 27.8505 6.1
    endloop
  endfacet
  facet normal 0.466961 0.531917 0.706407
    outer loop
      vertex -30.1161 29.3839 5.6
      vertex -30.5434 29.095 6.1
      vertex -30.4697 29.0303 6.1
    endloop
  endfacet
  facet normal -0.313443 0.634679 0.706354
    outer loop
      vertex -31.4784 29.6549 5.6
      vertex -31.625 29.5825 5.6
      vertex -31.375 29.1495 6.1
    endloop
  endfacet
  facet normal 0.138538 -0.694135 0.706388
    outer loop
      vertex -30.8059 27.7756 6.1
      vertex -30.9021 27.7564 6.1
      vertex -30.6765 27.2926 5.6
    endloop
  endfacet
  facet normal 0.588711 0.393051 0.70635
    outer loop
      vertex -30.0083 29.261 5.6
      vertex -30.3505 28.875 6.1
      vertex -29.9175 29.125 5.6
    endloop
  endfacet
  facet normal -0.706348 0.0463108 0.706348
    outer loop
      vertex -32.2393 28.6632 5.6
      vertex -32.25 28.5 5.6
      vertex -31.75 28.5 6.1
    endloop
  endfacet
  facet normal -0.694135 0.138538 0.706388
    outer loop
      vertex -31.7244 28.6941 6.1
      vertex -32.2074 28.8235 5.6
      vertex -31.7436 28.5979 6.1
    endloop
  endfacet
  facet normal 0.670346 0.227297 0.706379
    outer loop
      vertex -29.7926 28.8235 5.6
      vertex -30.3071 28.787 6.1
      vertex -30.2756 28.6941 6.1
    endloop
  endfacet
  facet normal -0.588632 0.393142 0.706365
    outer loop
      vertex -31.595 28.9566 6.1
      vertex -31.9917 29.261 5.6
      vertex -31.6495 28.875 6.1
    endloop
  endfacet
  facet normal -0.138538 0.694135 0.706388
    outer loop
      vertex -31.0979 29.2436 6.1
      vertex -31.3235 29.7074 5.6
      vertex -31.1941 29.2244 6.1
    endloop
  endfacet
  facet normal 0.0463108 0.706348 0.706348
    outer loop
      vertex -31 29.75 5.6
      vertex -31 29.25 6.1
      vertex -30.8368 29.7393 5.6
    endloop
  endfacet
  facet normal 0.227206 -0.670365 0.706391
    outer loop
      vertex -30.5216 27.3451 5.6
      vertex -30.713 27.8071 6.1
      vertex -30.6765 27.2926 5.6
    endloop
  endfacet
  facet normal 0.13816 -0.694263 0.706336
    outer loop
      vertex -30.6765 27.2926 5.6
      vertex -30.9021 27.7564 6.1
      vertex -30.8368 27.2607 5.6
    endloop
  endfacet
  facet normal 0 0 1
    outer loop
      vertex -30.2564 28.5979 6.1
      vertex -30.2564 28.4021 6.1
      vertex -30.25 28.5 6.1
    endloop
  endfacet
  facet normal 0 0 1
    outer loop
      vertex -30.2756 28.6941 6.1
      vertex -30.2564 28.4021 6.1
      vertex -30.2564 28.5979 6.1
    endloop
  endfacet
  facet normal 0 0 1
    outer loop
      vertex -30.2756 28.6941 6.1
      vertex -30.2756 28.3059 6.1
      vertex -30.2564 28.4021 6.1
    endloop
  endfacet
  facet normal 0 0 1
    outer loop
      vertex -30.3071 28.787 6.1
      vertex -30.2756 28.3059 6.1
      vertex -30.2756 28.6941 6.1
    endloop
  endfacet
  facet normal 0 0 1
    outer loop
      vertex -30.3071 28.787 6.1
      vertex -30.3071 28.213 6.1
      vertex -30.2756 28.3059 6.1
    endloop
  endfacet
  facet normal 0 0 1
    outer loop
      vertex -30.3505 28.875 6.1
      vertex -30.3071 28.213 6.1
      vertex -30.3071 28.787 6.1
    endloop
  endfacet
  facet normal 0 0 1
    outer loop
      vertex -30.3505 28.875 6.1
      vertex -30.3505 28.125 6.1
      vertex -30.3071 28.213 6.1
    endloop
  endfacet
  facet normal 0 0 1
    outer loop
      vertex -30.405 28.9566 6.1
      vertex -30.3505 28.125 6.1
      vertex -30.3505 28.875 6.1
    endloop
  endfacet
  facet normal 0 0 1
    outer loop
      vertex -30.405 28.9566 6.1
      vertex -30.405 28.0434 6.1
      vertex -30.3505 28.125 6.1
    endloop
  endfacet
  facet normal 0 0 1
    outer loop
      vertex -30.4697 29.0303 6.1
      vertex -30.405 28.0434 6.1
      vertex -30.405 28.9566 6.1
    endloop
  endfacet
  facet normal 0 0 1
    outer loop
      vertex -30.4697 29.0303 6.1
      vertex -30.4697 27.9697 6.1
      vertex -30.405 28.0434 6.1
    endloop
  endfacet
  facet normal 0 0 1
    outer loop
      vertex -30.5434 29.095 6.1
      vertex -30.4697 27.9697 6.1
      vertex -30.4697 29.0303 6.1
    endloop
  endfacet
  facet normal 0 0 1
    outer loop
      vertex -30.5434 29.095 6.1
      vertex -30.5434 27.905 6.1
      vertex -30.4697 27.9697 6.1
    endloop
  endfacet
  facet normal 0 0 1
    outer loop
      vertex -30.625 29.1495 6.1
      vertex -30.5434 27.905 6.1
      vertex -30.5434 29.095 6.1
    endloop
  endfacet
  facet normal 0 0 1
    outer loop
      vertex -30.625 29.1495 6.1
      vertex -30.625 27.8505 6.1
      vertex -30.5434 27.905 6.1
    endloop
  endfacet
  facet normal 0 0 1
    outer loop
      vertex -30.713 29.1929 6.1
      vertex -30.625 27.8505 6.1
      vertex -30.625 29.1495 6.1
    endloop
  endfacet
  facet normal 0 0 1
    outer loop
      vertex -30.713 29.1929 6.1
      vertex -30.713 27.8071 6.1
      vertex -30.625 27.8505 6.1
    endloop
  endfacet
  facet normal 0 0 1
    outer loop
      vertex -30.8059 29.2244 6.1
      vertex -30.713 27.8071 6.1
      vertex -30.713 29.1929 6.1
    endloop
  endfacet
  facet normal 0 0 1
    outer loop
      vertex -30.8059 29.2244 6.1
      vertex -30.8059 27.7756 6.1
      vertex -30.713 27.8071 6.1
    endloop
  endfacet
  facet normal 0 0 1
    outer loop
      vertex -30.9021 29.2436 6.1
      vertex -30.8059 27.7756 6.1
      vertex -30.8059 29.2244 6.1
    endloop
  endfacet
  facet normal 0 0 1
    outer loop
      vertex -30.9021 29.2436 6.1
      vertex -30.9021 27.7564 6.1
      vertex -30.8059 27.7756 6.1
    endloop
  endfacet
  facet normal 0 0 1
    outer loop
      vertex -31 29.25 6.1
      vertex -30.9021 27.7564 6.1
      vertex -30.9021 29.2436 6.1
    endloop
  endfacet
  facet normal 0 0 1
    outer loop
      vertex -31 29.25 6.1
      vertex -31 27.75 6.1
      vertex -30.9021 27.7564 6.1
    endloop
  endfacet
  facet normal -0 0 1
    outer loop
      vertex -31.0979 29.2436 6.1
      vertex -31 27.75 6.1
      vertex -31 29.25 6.1
    endloop
  endfacet
  facet normal 0 0 1
    outer loop
      vertex -31.0979 29.2436 6.1
      vertex -31.0979 27.7564 6.1
      vertex -31 27.75 6.1
    endloop
  endfacet
  facet normal -0 0 1
    outer loop
      vertex -31.1941 29.2244 6.1
      vertex -31.0979 27.7564 6.1
      vertex -31.0979 29.2436 6.1
    endloop
  endfacet
  facet normal 0 0 1
    outer loop
      vertex -31.1941 29.2244 6.1
      vertex -31.1941 27.7756 6.1
      vertex -31.0979 27.7564 6.1
    endloop
  endfacet
  facet normal -0 0 1
    outer loop
      vertex -31.287 29.1929 6.1
      vertex -31.1941 27.7756 6.1
      vertex -31.1941 29.2244 6.1
    endloop
  endfacet
  facet normal 0 0 1
    outer loop
      vertex -31.287 29.1929 6.1
      vertex -31.287 27.8071 6.1
      vertex -31.1941 27.7756 6.1
    endloop
  endfacet
  facet normal -0 0 1
    outer loop
      vertex -31.375 29.1495 6.1
      vertex -31.287 27.8071 6.1
      vertex -31.287 29.1929 6.1
    endloop
  endfacet
  facet normal 0 0 1
    outer loop
      vertex -31.375 29.1495 6.1
      vertex -31.375 27.8505 6.1
      vertex -31.287 27.8071 6.1
    endloop
  endfacet
  facet normal -0 0 1
    outer loop
      vertex -31.4566 29.095 6.1
      vertex -31.375 27.8505 6.1
      vertex -31.375 29.1495 6.1
    endloop
  endfacet
  facet normal 0 0 1
    outer loop
      vertex -31.4566 29.095 6.1
      vertex -31.4566 27.905 6.1
      vertex -31.375 27.8505 6.1
    endloop
  endfacet
  facet normal -0 0 1
    outer loop
      vertex -31.5303 29.0303 6.1
      vertex -31.4566 27.905 6.1
      vertex -31.4566 29.095 6.1
    endloop
  endfacet
  facet normal 0 0 1
    outer loop
      vertex -31.5303 29.0303 6.1
      vertex -31.5303 27.9697 6.1
      vertex -31.4566 27.905 6.1
    endloop
  endfacet
  facet normal -0 0 1
    outer loop
      vertex -31.595 28.9566 6.1
      vertex -31.5303 27.9697 6.1
      vertex -31.5303 29.0303 6.1
    endloop
  endfacet
  facet normal 0 0 1
    outer loop
      vertex -31.595 28.9566 6.1
      vertex -31.595 28.0434 6.1
      vertex -31.5303 27.9697 6.1
    endloop
  endfacet
  facet normal -0 0 1
    outer loop
      vertex -31.6495 28.875 6.1
      vertex -31.595 28.0434 6.1
      vertex -31.595 28.9566 6.1
    endloop
  endfacet
  facet normal 0 0 1
    outer loop
      vertex -31.6495 28.875 6.1
      vertex -31.6495 28.125 6.1
      vertex -31.595 28.0434 6.1
    endloop
  endfacet
  facet normal -0 0 1
    outer loop
      vertex -31.6929 28.787 6.1
      vertex -31.6495 28.125 6.1
      vertex -31.6495 28.875 6.1
    endloop
  endfacet
  facet normal 0 0 1
    outer loop
      vertex -31.6929 28.787 6.1
      vertex -31.6929 28.213 6.1
      vertex -31.6495 28.125 6.1
    endloop
  endfacet
  facet normal -0 0 1
    outer loop
      vertex -31.7244 28.6941 6.1
      vertex -31.6929 28.213 6.1
      vertex -31.6929 28.787 6.1
    endloop
  endfacet
  facet normal 0 0 1
    outer loop
      vertex -31.7244 28.6941 6.1
      vertex -31.7244 28.3059 6.1
      vertex -31.6929 28.213 6.1
    endloop
  endfacet
  facet normal -0 0 1
    outer loop
      vertex -31.7436 28.5979 6.1
      vertex -31.7244 28.3059 6.1
      vertex -31.7244 28.6941 6.1
    endloop
  endfacet
  facet normal 0 0 1
    outer loop
      vertex -31.7436 28.5979 6.1
      vertex -31.7436 28.4021 6.1
      vertex -31.7244 28.3059 6.1
    endloop
  endfacet
  facet normal 0 -0 1
    outer loop
      vertex -31.7436 28.4021 6.1
      vertex -31.7436 28.5979 6.1
      vertex -31.75 28.5 6.1
    endloop
  endfacet
  facet normal -0.670365 -0.227206 0.706391
    outer loop
      vertex -31.6929 28.213 6.1
      vertex -32.2074 28.1765 5.6
      vertex -32.1549 28.0216 5.6
    endloop
  endfacet
  facet normal 0.138538 0.694135 0.706388
    outer loop
      vertex -30.6765 29.7074 5.6
      vertex -30.9021 29.2436 6.1
      vertex -30.8059 29.2244 6.1
    endloop
  endfacet
  facet normal 0.313443 -0.634679 0.706354
    outer loop
      vertex -30.375 27.4175 5.6
      vertex -30.625 27.8505 6.1
      vertex -30.5216 27.3451 5.6
    endloop
  endfacet
  facet normal 0.670365 -0.227206 0.706391
    outer loop
      vertex -29.7926 28.1765 5.6
      vertex -30.3071 28.213 6.1
      vertex -29.8451 28.0216 5.6
    endloop
  endfacet
  facet normal 0.393142 0.588632 0.706365
    outer loop
      vertex -30.239 29.4917 5.6
      vertex -30.625 29.1495 6.1
      vertex -30.5434 29.095 6.1
    endloop
  endfacet
  facet normal -0.634805 0.313074 0.706405
    outer loop
      vertex -31.6495 28.875 6.1
      vertex -32.1549 28.9784 5.6
      vertex -31.6929 28.787 6.1
    endloop
  endfacet
  facet normal 0.532144 0.466762 0.706368
    outer loop
      vertex -30.1161 29.3839 5.6
      vertex -30.405 28.9566 6.1
      vertex -30.0083 29.261 5.6
    endloop
  endfacet
  facet normal 0.393142 -0.588632 0.706365
    outer loop
      vertex -30.5434 27.905 6.1
      vertex -30.625 27.8505 6.1
      vertex -30.239 27.5083 5.6
    endloop
  endfacet
  facet normal -0.313443 -0.634679 0.706354
    outer loop
      vertex -31.375 27.8505 6.1
      vertex -31.625 27.4175 5.6
      vertex -31.4784 27.3451 5.6
    endloop
  endfacet
  facet normal 0.393051 0.588711 0.70635
    outer loop
      vertex -30.375 29.5825 5.6
      vertex -30.625 29.1495 6.1
      vertex -30.239 29.4917 5.6
    endloop
  endfacet
  facet normal -0.466961 0.531917 0.706407
    outer loop
      vertex -31.4566 29.095 6.1
      vertex -31.8839 29.3839 5.6
      vertex -31.5303 29.0303 6.1
    endloop
  endfacet
  facet normal -0.670346 -0.227297 0.706379
    outer loop
      vertex -31.7244 28.3059 6.1
      vertex -32.2074 28.1765 5.6
      vertex -31.6929 28.213 6.1
    endloop
  endfacet
  facet normal -0.588632 -0.393142 0.706365
    outer loop
      vertex -31.6495 28.125 6.1
      vertex -31.9917 27.739 5.6
      vertex -31.595 28.0434 6.1
    endloop
  endfacet
  facet normal -0.634805 -0.313074 0.706405
    outer loop
      vertex -31.6929 28.213 6.1
      vertex -32.1549 28.0216 5.6
      vertex -31.6495 28.125 6.1
    endloop
  endfacet
  facet normal -0.670346 0.227297 0.706379
    outer loop
      vertex -31.6929 28.787 6.1
      vertex -32.2074 28.8235 5.6
      vertex -31.7244 28.6941 6.1
    endloop
  endfacet
  facet normal -0.138538 -0.694135 0.706388
    outer loop
      vertex -31.1941 27.7756 6.1
      vertex -31.3235 27.2926 5.6
      vertex -31.0979 27.7564 6.1
    endloop
  endfacet
  facet normal 0.466762 0.532144 0.706368
    outer loop
      vertex -30.239 29.4917 5.6
      vertex -30.5434 29.095 6.1
      vertex -30.1161 29.3839 5.6
    endloop
  endfacet
  facet normal -0.0463108 0.706348 0.706348
    outer loop
      vertex -31 29.75 5.6
      vertex -31.1632 29.7393 5.6
      vertex -31 29.25 6.1
    endloop
  endfacet
  facet normal -0.393051 0.588711 0.70635
    outer loop
      vertex -31.625 29.5825 5.6
      vertex -31.761 29.4917 5.6
      vertex -31.375 29.1495 6.1
    endloop
  endfacet
  facet normal -0.0461777 0.706374 0.70633
    outer loop
      vertex -31 29.25 6.1
      vertex -31.1632 29.7393 5.6
      vertex -31.0979 29.2436 6.1
    endloop
  endfacet
  facet normal 0.0461777 -0.706374 0.70633
    outer loop
      vertex -30.9021 27.7564 6.1
      vertex -31 27.75 6.1
      vertex -30.8368 27.2607 5.6
    endloop
  endfacet
  facet normal 0.588632 0.393142 0.706365
    outer loop
      vertex -30.0083 29.261 5.6
      vertex -30.405 28.9566 6.1
      vertex -30.3505 28.875 6.1
    endloop
  endfacet
  facet normal -0.13816 0.694263 0.706336
    outer loop
      vertex -31.1632 29.7393 5.6
      vertex -31.3235 29.7074 5.6
      vertex -31.0979 29.2436 6.1
    endloop
  endfacet
  facet normal 0.0461777 0.706374 0.70633
    outer loop
      vertex -30.8368 29.7393 5.6
      vertex -31 29.25 6.1
      vertex -30.9021 29.2436 6.1
    endloop
  endfacet
  facet normal 0.466961 -0.531917 0.706407
    outer loop
      vertex -30.4697 27.9697 6.1
      vertex -30.5434 27.905 6.1
      vertex -30.1161 27.6161 5.6
    endloop
  endfacet
  facet normal 0.694135 0.138538 0.706388
    outer loop
      vertex -29.7926 28.8235 5.6
      vertex -30.2756 28.6941 6.1
      vertex -30.2564 28.5979 6.1
    endloop
  endfacet
  facet normal 0.694263 -0.13816 0.706336
    outer loop
      vertex -29.7607 28.3368 5.6
      vertex -30.2564 28.4021 6.1
      vertex -29.7926 28.1765 5.6
    endloop
  endfacet
  facet normal 0.706374 -0.0461777 0.70633
    outer loop
      vertex -30.25 28.5 6.1
      vertex -30.2564 28.4021 6.1
      vertex -29.7607 28.3368 5.6
    endloop
  endfacet
  facet normal 0.532144 -0.466762 0.706368
    outer loop
      vertex -30.0083 27.739 5.6
      vertex -30.405 28.0434 6.1
      vertex -30.1161 27.6161 5.6
    endloop
  endfacet
  facet normal 0.466762 -0.532144 0.706368
    outer loop
      vertex -30.1161 27.6161 5.6
      vertex -30.5434 27.905 6.1
      vertex -30.239 27.5083 5.6
    endloop
  endfacet
  facet normal 0.313074 0.634805 0.706405
    outer loop
      vertex -30.5216 29.6549 5.6
      vertex -30.713 29.1929 6.1
      vertex -30.625 29.1495 6.1
    endloop
  endfacet
  facet normal -0.706374 -0.0461777 0.70633
    outer loop
      vertex -31.75 28.5 6.1
      vertex -32.2393 28.3368 5.6
      vertex -31.7436 28.4021 6.1
    endloop
  endfacet
  facet normal -0.466762 -0.532144 0.706368
    outer loop
      vertex -31.4566 27.905 6.1
      vertex -31.8839 27.6161 5.6
      vertex -31.761 27.5083 5.6
    endloop
  endfacet
  facet normal -0.227297 0.670346 0.706379
    outer loop
      vertex -31.1941 29.2244 6.1
      vertex -31.3235 29.7074 5.6
      vertex -31.287 29.1929 6.1
    endloop
  endfacet
  facet normal -0.466961 -0.531917 0.706407
    outer loop
      vertex -31.5303 27.9697 6.1
      vertex -31.8839 27.6161 5.6
      vertex -31.4566 27.905 6.1
    endloop
  endfacet
  facet normal -0.588711 0.393051 0.70635
    outer loop
      vertex -31.9917 29.261 5.6
      vertex -32.0825 29.125 5.6
      vertex -31.6495 28.875 6.1
    endloop
  endfacet
  facet normal -0.634679 0.313443 0.706354
    outer loop
      vertex -32.0825 29.125 5.6
      vertex -32.1549 28.9784 5.6
      vertex -31.6495 28.875 6.1
    endloop
  endfacet
  facet normal 0.588632 -0.393142 0.706365
    outer loop
      vertex -30.3505 28.125 6.1
      vertex -30.405 28.0434 6.1
      vertex -30.0083 27.739 5.6
    endloop
  endfacet
  facet normal -0.393051 -0.588711 0.70635
    outer loop
      vertex -31.375 27.8505 6.1
      vertex -31.761 27.5083 5.6
      vertex -31.625 27.4175 5.6
    endloop
  endfacet
  facet normal 0.0463108 -0.706348 0.706348
    outer loop
      vertex -31 27.75 6.1
      vertex -31 27.25 5.6
      vertex -30.8368 27.2607 5.6
    endloop
  endfacet
  facet normal -0.0463108 -0.706348 0.706348
    outer loop
      vertex -31 27.75 6.1
      vertex -31.1632 27.2607 5.6
      vertex -31 27.25 5.6
    endloop
  endfacet
  facet normal -0.588711 -0.393051 0.70635
    outer loop
      vertex -31.6495 28.125 6.1
      vertex -32.0825 27.875 5.6
      vertex -31.9917 27.739 5.6
    endloop
  endfacet
  facet normal 0.706374 0.0461777 0.70633
    outer loop
      vertex -29.7607 28.6632 5.6
      vertex -30.2564 28.5979 6.1
      vertex -30.25 28.5 6.1
    endloop
  endfacet
  facet normal 0.694135 -0.138538 0.706388
    outer loop
      vertex -30.2564 28.4021 6.1
      vertex -30.2756 28.3059 6.1
      vertex -29.7926 28.1765 5.6
    endloop
  endfacet
  facet normal -0.532144 0.466762 0.706368
    outer loop
      vertex -31.8839 29.3839 5.6
      vertex -31.9917 29.261 5.6
      vertex -31.595 28.9566 6.1
    endloop
  endfacet
  facet normal -0.13816 -0.694263 0.706336
    outer loop
      vertex -31.0979 27.7564 6.1
      vertex -31.3235 27.2926 5.6
      vertex -31.1632 27.2607 5.6
    endloop
  endfacet
  facet normal -0.0461777 -0.706374 0.70633
    outer loop
      vertex -31.0979 27.7564 6.1
      vertex -31.1632 27.2607 5.6
      vertex -31 27.75 6.1
    endloop
  endfacet
  facet normal -0.532144 -0.466762 0.706368
    outer loop
      vertex -31.595 28.0434 6.1
      vertex -31.9917 27.739 5.6
      vertex -31.8839 27.6161 5.6
    endloop
  endfacet
  facet normal -0.393142 0.588632 0.706365
    outer loop
      vertex -31.375 29.1495 6.1
      vertex -31.761 29.4917 5.6
      vertex -31.4566 29.095 6.1
    endloop
  endfacet
  facet normal -0.227297 -0.670346 0.706379
    outer loop
      vertex -31.287 27.8071 6.1
      vertex -31.3235 27.2926 5.6
      vertex -31.1941 27.7756 6.1
    endloop
  endfacet
  facet normal -0.227206 -0.670365 0.706391
    outer loop
      vertex -31.287 27.8071 6.1
      vertex -31.4784 27.3451 5.6
      vertex -31.3235 27.2926 5.6
    endloop
  endfacet
  facet normal 0.321335 -0.946966 0
    outer loop
      vertex 31.9059 -31.8807 1.2
      vertex 32.3394 -31.7336 3
      vertex 31.9059 -31.8807 3
    endloop
  endfacet
  facet normal 0.321335 -0.946966 0
    outer loop
      vertex 32.3394 -31.7336 3
      vertex 31.9059 -31.8807 1.2
      vertex 32.3394 -31.7336 1.2
    endloop
  endfacet
  facet normal 0.831445 0.555607 0
    outer loop
      vertex 34.0311 -26.75 3
      vertex 33.7767 -26.3693 1.2
      vertex 33.7767 -26.3693 3
    endloop
  endfacet
  facet normal 0.831445 0.555607 0
    outer loop
      vertex 33.7767 -26.3693 1.2
      vertex 34.0311 -26.75 3
      vertex 34.0311 -26.75 1.2
    endloop
  endfacet
  facet normal -0.89686 0.442314 0
    outer loop
      vertex 27.7664 -27.1606 1.2
      vertex 27.9689 -26.75 3
      vertex 27.9689 -26.75 1.2
    endloop
  endfacet
  facet normal -0.89686 0.442314 0
    outer loop
      vertex 27.9689 -26.75 3
      vertex 27.7664 -27.1606 1.2
      vertex 27.7664 -27.1606 3
    endloop
  endfacet
  facet normal -0.555607 0.831445 0
    outer loop
      vertex 29.25 -25.4689 1.2
      vertex 28.8693 -25.7233 3
      vertex 29.25 -25.4689 3
    endloop
  endfacet
  facet normal -0.555607 0.831445 0
    outer loop
      vertex 28.8693 -25.7233 3
      vertex 29.25 -25.4689 1.2
      vertex 28.8693 -25.7233 1.2
    endloop
  endfacet
  facet normal -0.659278 0.7519 0
    outer loop
      vertex 28.8693 -25.7233 1.2
      vertex 28.5251 -26.0251 3
      vertex 28.8693 -25.7233 3
    endloop
  endfacet
  facet normal -0.659278 0.7519 0
    outer loop
      vertex 28.5251 -26.0251 3
      vertex 28.8693 -25.7233 1.2
      vertex 28.5251 -26.0251 1.2
    endloop
  endfacet
  facet normal -0.7519 0.659278 0
    outer loop
      vertex 28.2233 -26.3693 1.2
      vertex 28.5251 -26.0251 3
      vertex 28.5251 -26.0251 1.2
    endloop
  endfacet
  facet normal -0.7519 0.659278 0
    outer loop
      vertex 28.5251 -26.0251 3
      vertex 28.2233 -26.3693 1.2
      vertex 28.2233 -26.3693 3
    endloop
  endfacet
  facet normal -0.997865 0.0653156 0
    outer loop
      vertex 27.5 -28.5 1.2
      vertex 27.5299 -28.0432 3
      vertex 27.5299 -28.0432 1.2
    endloop
  endfacet
  facet normal -0.997865 0.0653156 0
    outer loop
      vertex 27.5299 -28.0432 3
      vertex 27.5 -28.5 1.2
      vertex 27.5 -28.5 3
    endloop
  endfacet
  facet normal 0.555607 0.831445 -0
    outer loop
      vertex 33.1307 -25.7233 1.2
      vertex 32.75 -25.4689 3
      vertex 33.1307 -25.7233 3
    endloop
  endfacet
  facet normal 0.555607 0.831445 0
    outer loop
      vertex 32.75 -25.4689 3
      vertex 33.1307 -25.7233 1.2
      vertex 32.75 -25.4689 1.2
    endloop
  endfacet
  facet normal -0.321335 -0.946966 0
    outer loop
      vertex 29.6606 -31.7336 1.2
      vertex 30.0941 -31.8807 3
      vertex 29.6606 -31.7336 3
    endloop
  endfacet
  facet normal -0.321335 -0.946966 -0
    outer loop
      vertex 30.0941 -31.8807 3
      vertex 29.6606 -31.7336 1.2
      vertex 30.0941 -31.8807 1.2
    endloop
  endfacet
  facet normal -0.7519 -0.659278 0
    outer loop
      vertex 28.5251 -30.9749 1.2
      vertex 28.2233 -30.6307 3
      vertex 28.2233 -30.6307 1.2
    endloop
  endfacet
  facet normal -0.7519 -0.659278 0
    outer loop
      vertex 28.2233 -30.6307 3
      vertex 28.5251 -30.9749 1.2
      vertex 28.5251 -30.9749 3
    endloop
  endfacet
  facet normal 0.195234 -0.980757 0
    outer loop
      vertex 31.4568 -31.9701 1.2
      vertex 31.9059 -31.8807 3
      vertex 31.4568 -31.9701 3
    endloop
  endfacet
  facet normal 0.195234 -0.980757 0
    outer loop
      vertex 31.9059 -31.8807 3
      vertex 31.4568 -31.9701 1.2
      vertex 31.9059 -31.8807 1.2
    endloop
  endfacet
  facet normal -0.321335 0.946966 0
    outer loop
      vertex 30.0941 -25.1193 1.2
      vertex 29.6606 -25.2664 3
      vertex 30.0941 -25.1193 3
    endloop
  endfacet
  facet normal -0.321335 0.946966 0
    outer loop
      vertex 29.6606 -25.2664 3
      vertex 30.0941 -25.1193 1.2
      vertex 29.6606 -25.2664 1.2
    endloop
  endfacet
  facet normal -0.831445 -0.555607 0
    outer loop
      vertex 28.2233 -30.6307 1.2
      vertex 27.9689 -30.25 3
      vertex 27.9689 -30.25 1.2
    endloop
  endfacet
  facet normal -0.831445 -0.555607 0
    outer loop
      vertex 27.9689 -30.25 3
      vertex 28.2233 -30.6307 1.2
      vertex 28.2233 -30.6307 3
    endloop
  endfacet
  facet normal 0.555607 -0.831445 0
    outer loop
      vertex 32.75 -31.5311 1.2
      vertex 33.1307 -31.2767 3
      vertex 32.75 -31.5311 3
    endloop
  endfacet
  facet normal 0.555607 -0.831445 0
    outer loop
      vertex 33.1307 -31.2767 3
      vertex 32.75 -31.5311 1.2
      vertex 33.1307 -31.2767 1.2
    endloop
  endfacet
  facet normal -0.946966 0.321335 0
    outer loop
      vertex 27.6193 -27.5941 1.2
      vertex 27.7664 -27.1606 3
      vertex 27.7664 -27.1606 1.2
    endloop
  endfacet
  facet normal -0.946966 0.321335 0
    outer loop
      vertex 27.7664 -27.1606 3
      vertex 27.6193 -27.5941 1.2
      vertex 27.6193 -27.5941 3
    endloop
  endfacet
  facet normal 0.321335 0.946966 -0
    outer loop
      vertex 32.3394 -25.2664 1.2
      vertex 31.9059 -25.1193 3
      vertex 32.3394 -25.2664 3
    endloop
  endfacet
  facet normal 0.321335 0.946966 0
    outer loop
      vertex 31.9059 -25.1193 3
      vertex 32.3394 -25.2664 1.2
      vertex 31.9059 -25.1193 1.2
    endloop
  endfacet
  facet normal 0.0653156 0.997865 -0
    outer loop
      vertex 31.4568 -25.0299 1.2
      vertex 31 -25 3
      vertex 31.4568 -25.0299 3
    endloop
  endfacet
  facet normal 0.0653156 0.997865 0
    outer loop
      vertex 31 -25 3
      vertex 31.4568 -25.0299 1.2
      vertex 31 -25 1.2
    endloop
  endfacet
  facet normal -0.442314 0.89686 0
    outer loop
      vertex 29.6606 -25.2664 1.2
      vertex 29.25 -25.4689 3
      vertex 29.6606 -25.2664 3
    endloop
  endfacet
  facet normal -0.442314 0.89686 0
    outer loop
      vertex 29.25 -25.4689 3
      vertex 29.6606 -25.2664 1.2
      vertex 29.25 -25.4689 1.2
    endloop
  endfacet
  facet normal 0.831445 -0.555607 0
    outer loop
      vertex 33.7767 -30.6307 3
      vertex 34.0311 -30.25 1.2
      vertex 34.0311 -30.25 3
    endloop
  endfacet
  facet normal 0.831445 -0.555607 0
    outer loop
      vertex 34.0311 -30.25 1.2
      vertex 33.7767 -30.6307 3
      vertex 33.7767 -30.6307 1.2
    endloop
  endfacet
  facet normal -0.997865 -0.0653156 0
    outer loop
      vertex 27.5299 -28.9568 1.2
      vertex 27.5 -28.5 3
      vertex 27.5 -28.5 1.2
    endloop
  endfacet
  facet normal -0.997865 -0.0653156 0
    outer loop
      vertex 27.5 -28.5 3
      vertex 27.5299 -28.9568 1.2
      vertex 27.5299 -28.9568 3
    endloop
  endfacet
  facet normal -0.946966 -0.321335 0
    outer loop
      vertex 27.7664 -29.8394 1.2
      vertex 27.6193 -29.4059 3
      vertex 27.6193 -29.4059 1.2
    endloop
  endfacet
  facet normal -0.946966 -0.321335 0
    outer loop
      vertex 27.6193 -29.4059 3
      vertex 27.7664 -29.8394 1.2
      vertex 27.7664 -29.8394 3
    endloop
  endfacet
  facet normal -0.659278 -0.7519 0
    outer loop
      vertex 28.5251 -30.9749 1.2
      vertex 28.8693 -31.2767 3
      vertex 28.5251 -30.9749 3
    endloop
  endfacet
  facet normal -0.659278 -0.7519 -0
    outer loop
      vertex 28.8693 -31.2767 3
      vertex 28.5251 -30.9749 1.2
      vertex 28.8693 -31.2767 1.2
    endloop
  endfacet
  facet normal 0.442314 0.89686 -0
    outer loop
      vertex 32.75 -25.4689 1.2
      vertex 32.3394 -25.2664 3
      vertex 32.75 -25.4689 3
    endloop
  endfacet
  facet normal 0.442314 0.89686 0
    outer loop
      vertex 32.3394 -25.2664 3
      vertex 32.75 -25.4689 1.2
      vertex 32.3394 -25.2664 1.2
    endloop
  endfacet
  facet normal -0.195234 0.980757 0
    outer loop
      vertex 30.5432 -25.0299 1.2
      vertex 30.0941 -25.1193 3
      vertex 30.5432 -25.0299 3
    endloop
  endfacet
  facet normal -0.195234 0.980757 0
    outer loop
      vertex 30.0941 -25.1193 3
      vertex 30.5432 -25.0299 1.2
      vertex 30.0941 -25.1193 1.2
    endloop
  endfacet
  facet normal 0.7519 0.659278 0
    outer loop
      vertex 33.7767 -26.3693 3
      vertex 33.4749 -26.0251 1.2
      vertex 33.4749 -26.0251 3
    endloop
  endfacet
  facet normal 0.7519 0.659278 0
    outer loop
      vertex 33.4749 -26.0251 1.2
      vertex 33.7767 -26.3693 3
      vertex 33.7767 -26.3693 1.2
    endloop
  endfacet
  facet normal 0.195234 0.980757 -0
    outer loop
      vertex 31.9059 -25.1193 1.2
      vertex 31.4568 -25.0299 3
      vertex 31.9059 -25.1193 3
    endloop
  endfacet
  facet normal 0.195234 0.980757 0
    outer loop
      vertex 31.4568 -25.0299 3
      vertex 31.9059 -25.1193 1.2
      vertex 31.4568 -25.0299 1.2
    endloop
  endfacet
  facet normal 0.7519 -0.659278 0
    outer loop
      vertex 33.4749 -30.9749 3
      vertex 33.7767 -30.6307 1.2
      vertex 33.7767 -30.6307 3
    endloop
  endfacet
  facet normal 0.7519 -0.659278 0
    outer loop
      vertex 33.7767 -30.6307 1.2
      vertex 33.4749 -30.9749 3
      vertex 33.4749 -30.9749 1.2
    endloop
  endfacet
  facet normal -0.442314 -0.89686 0
    outer loop
      vertex 29.25 -31.5311 1.2
      vertex 29.6606 -31.7336 3
      vertex 29.25 -31.5311 3
    endloop
  endfacet
  facet normal -0.442314 -0.89686 -0
    outer loop
      vertex 29.6606 -31.7336 3
      vertex 29.25 -31.5311 1.2
      vertex 29.6606 -31.7336 1.2
    endloop
  endfacet
  facet normal -0.980757 0.195234 0
    outer loop
      vertex 27.5299 -28.0432 1.2
      vertex 27.6193 -27.5941 3
      vertex 27.6193 -27.5941 1.2
    endloop
  endfacet
  facet normal -0.980757 0.195234 0
    outer loop
      vertex 27.6193 -27.5941 3
      vertex 27.5299 -28.0432 1.2
      vertex 27.5299 -28.0432 3
    endloop
  endfacet
  facet normal 0.0653156 -0.997865 0
    outer loop
      vertex 31 -32 1.2
      vertex 31.4568 -31.9701 3
      vertex 31 -32 3
    endloop
  endfacet
  facet normal 0.0653156 -0.997865 0
    outer loop
      vertex 31.4568 -31.9701 3
      vertex 31 -32 1.2
      vertex 31.4568 -31.9701 1.2
    endloop
  endfacet
  facet normal 0.442314 -0.89686 0
    outer loop
      vertex 32.3394 -31.7336 1.2
      vertex 32.75 -31.5311 3
      vertex 32.3394 -31.7336 3
    endloop
  endfacet
  facet normal 0.442314 -0.89686 0
    outer loop
      vertex 32.75 -31.5311 3
      vertex 32.3394 -31.7336 1.2
      vertex 32.75 -31.5311 1.2
    endloop
  endfacet
  facet normal 0.659278 -0.7519 0
    outer loop
      vertex 33.1307 -31.2767 1.2
      vertex 33.4749 -30.9749 3
      vertex 33.1307 -31.2767 3
    endloop
  endfacet
  facet normal 0.659278 -0.7519 0
    outer loop
      vertex 33.4749 -30.9749 3
      vertex 33.1307 -31.2767 1.2
      vertex 33.4749 -30.9749 1.2
    endloop
  endfacet
  facet normal -0.89686 -0.442314 0
    outer loop
      vertex 27.9689 -30.25 1.2
      vertex 27.7664 -29.8394 3
      vertex 27.7664 -29.8394 1.2
    endloop
  endfacet
  facet normal -0.89686 -0.442314 0
    outer loop
      vertex 27.7664 -29.8394 3
      vertex 27.9689 -30.25 1.2
      vertex 27.9689 -30.25 3
    endloop
  endfacet
  facet normal 0.896853 -0.442328 0
    outer loop
      vertex 34.0311 -30.25 3
      vertex 34.1 -30.1103 1.2
      vertex 34.1 -30.1103 3
    endloop
  endfacet
  facet normal 0.896853 -0.442328 0
    outer loop
      vertex 34.1 -30.1103 1.2
      vertex 34.0311 -30.25 3
      vertex 34.0311 -30.25 1.2
    endloop
  endfacet
  facet normal 0.659278 0.7519 -0
    outer loop
      vertex 33.4749 -26.0251 1.2
      vertex 33.1307 -25.7233 3
      vertex 33.4749 -26.0251 3
    endloop
  endfacet
  facet normal 0.659278 0.7519 0
    outer loop
      vertex 33.1307 -25.7233 3
      vertex 33.4749 -26.0251 1.2
      vertex 33.1307 -25.7233 1.2
    endloop
  endfacet
  facet normal -0.555607 -0.831445 0
    outer loop
      vertex 28.8693 -31.2767 1.2
      vertex 29.25 -31.5311 3
      vertex 28.8693 -31.2767 3
    endloop
  endfacet
  facet normal -0.555607 -0.831445 -0
    outer loop
      vertex 29.25 -31.5311 3
      vertex 28.8693 -31.2767 1.2
      vertex 29.25 -31.5311 1.2
    endloop
  endfacet
  facet normal 0.896853 0.442328 0
    outer loop
      vertex 34.1 -26.8897 3
      vertex 34.0311 -26.75 1.2
      vertex 34.0311 -26.75 3
    endloop
  endfacet
  facet normal 0.896853 0.442328 0
    outer loop
      vertex 34.0311 -26.75 1.2
      vertex 34.1 -26.8897 3
      vertex 34.1 -26.8897 1.2
    endloop
  endfacet
  facet normal -0.0653156 0.997865 0
    outer loop
      vertex 31 -25 1.2
      vertex 30.5432 -25.0299 3
      vertex 31 -25 3
    endloop
  endfacet
  facet normal -0.0653156 0.997865 0
    outer loop
      vertex 30.5432 -25.0299 3
      vertex 31 -25 1.2
      vertex 30.5432 -25.0299 1.2
    endloop
  endfacet
  facet normal -0.980757 -0.195234 0
    outer loop
      vertex 27.6193 -29.4059 1.2
      vertex 27.5299 -28.9568 3
      vertex 27.5299 -28.9568 1.2
    endloop
  endfacet
  facet normal -0.980757 -0.195234 0
    outer loop
      vertex 27.5299 -28.9568 3
      vertex 27.6193 -29.4059 1.2
      vertex 27.6193 -29.4059 3
    endloop
  endfacet
  facet normal 0 0 1
    outer loop
      vertex 32.0825 -27.875 3
      vertex 34.1 -26.8897 3
      vertex 34.0311 -26.75 3
    endloop
  endfacet
  facet normal 0 0 1
    outer loop
      vertex 34.1 -26.8897 3
      vertex 32.25 -28.5 3
      vertex 34.1 -30.1103 3
    endloop
  endfacet
  facet normal 0 0 1
    outer loop
      vertex 32.0825 -27.875 3
      vertex 34.0311 -26.75 3
      vertex 33.7767 -26.3693 3
    endloop
  endfacet
  facet normal -0 0 1
    outer loop
      vertex 32.2393 -28.6632 3
      vertex 34.1 -30.1103 3
      vertex 32.25 -28.5 3
    endloop
  endfacet
  facet normal 0 0 1
    outer loop
      vertex 31.9917 -27.739 3
      vertex 33.7767 -26.3693 3
      vertex 33.4749 -26.0251 3
    endloop
  endfacet
  facet normal -0 0 1
    outer loop
      vertex 32.2074 -28.8235 3
      vertex 34.1 -30.1103 3
      vertex 32.2393 -28.6632 3
    endloop
  endfacet
  facet normal 0 0 1
    outer loop
      vertex 31.8839 -27.6161 3
      vertex 33.4749 -26.0251 3
      vertex 33.1307 -25.7233 3
    endloop
  endfacet
  facet normal -0 0 1
    outer loop
      vertex 32.1549 -28.9784 3
      vertex 34.1 -30.1103 3
      vertex 32.2074 -28.8235 3
    endloop
  endfacet
  facet normal 0 0 1
    outer loop
      vertex 31.761 -27.5083 3
      vertex 33.1307 -25.7233 3
      vertex 32.75 -25.4689 3
    endloop
  endfacet
  facet normal -0 0 1
    outer loop
      vertex 32.0825 -29.125 3
      vertex 34.1 -30.1103 3
      vertex 32.1549 -28.9784 3
    endloop
  endfacet
  facet normal 0 0 1
    outer loop
      vertex 31.625 -27.4175 3
      vertex 32.75 -25.4689 3
      vertex 32.3394 -25.2664 3
    endloop
  endfacet
  facet normal 0 0 1
    outer loop
      vertex 34.1 -30.1103 3
      vertex 32.0825 -29.125 3
      vertex 34.0311 -30.25 3
    endloop
  endfacet
  facet normal 0 0 1
    outer loop
      vertex 34.0311 -30.25 3
      vertex 32.0825 -29.125 3
      vertex 33.7767 -30.6307 3
    endloop
  endfacet
  facet normal 0 0 1
    outer loop
      vertex 34.1 -26.8897 3
      vertex 32.2393 -28.3368 3
      vertex 32.25 -28.5 3
    endloop
  endfacet
  facet normal 0 0 1
    outer loop
      vertex 34.1 -26.8897 3
      vertex 32.2074 -28.1765 3
      vertex 32.2393 -28.3368 3
    endloop
  endfacet
  facet normal 0 0 1
    outer loop
      vertex 34.1 -26.8897 3
      vertex 32.1549 -28.0216 3
      vertex 32.2074 -28.1765 3
    endloop
  endfacet
  facet normal 0 0 1
    outer loop
      vertex 34.1 -26.8897 3
      vertex 32.0825 -27.875 3
      vertex 32.1549 -28.0216 3
    endloop
  endfacet
  facet normal 0 0 1
    outer loop
      vertex 33.7767 -26.3693 3
      vertex 31.9917 -27.739 3
      vertex 32.0825 -27.875 3
    endloop
  endfacet
  facet normal 0 0 1
    outer loop
      vertex 31.4784 -27.3451 3
      vertex 32.3394 -25.2664 3
      vertex 31.9059 -25.1193 3
    endloop
  endfacet
  facet normal 0 0 1
    outer loop
      vertex 33.4749 -26.0251 3
      vertex 31.8839 -27.6161 3
      vertex 31.9917 -27.739 3
    endloop
  endfacet
  facet normal 0 0 1
    outer loop
      vertex 33.1307 -25.7233 3
      vertex 31.761 -27.5083 3
      vertex 31.8839 -27.6161 3
    endloop
  endfacet
  facet normal 0 0 1
    outer loop
      vertex 32.75 -25.4689 3
      vertex 31.625 -27.4175 3
      vertex 31.761 -27.5083 3
    endloop
  endfacet
  facet normal 0 0 1
    outer loop
      vertex 32.3394 -25.2664 3
      vertex 31.4784 -27.3451 3
      vertex 31.625 -27.4175 3
    endloop
  endfacet
  facet normal 0 0 1
    outer loop
      vertex 31.3235 -27.2926 3
      vertex 31.9059 -25.1193 3
      vertex 31.4568 -25.0299 3
    endloop
  endfacet
  facet normal 0 0 1
    outer loop
      vertex 31.9059 -25.1193 3
      vertex 31.3235 -27.2926 3
      vertex 31.4784 -27.3451 3
    endloop
  endfacet
  facet normal 0 0 1
    outer loop
      vertex 31.4568 -25.0299 3
      vertex 31.1632 -27.2607 3
      vertex 31.3235 -27.2926 3
    endloop
  endfacet
  facet normal 0 0 1
    outer loop
      vertex 31 -25 3
      vertex 31.1632 -27.2607 3
      vertex 31.4568 -25.0299 3
    endloop
  endfacet
  facet normal 0 0 1
    outer loop
      vertex 31 -25 3
      vertex 31 -27.25 3
      vertex 31.1632 -27.2607 3
    endloop
  endfacet
  facet normal 0 0 1
    outer loop
      vertex 31 -25 3
      vertex 30.8368 -27.2607 3
      vertex 31 -27.25 3
    endloop
  endfacet
  facet normal -0 0 1
    outer loop
      vertex 30.5432 -25.0299 3
      vertex 30.8368 -27.2607 3
      vertex 31 -25 3
    endloop
  endfacet
  facet normal 0 0 1
    outer loop
      vertex 30.8368 -27.2607 3
      vertex 30.5432 -25.0299 3
      vertex 30.6765 -27.2926 3
    endloop
  endfacet
  facet normal -0 0 1
    outer loop
      vertex 30.0941 -25.1193 3
      vertex 30.6765 -27.2926 3
      vertex 30.5432 -25.0299 3
    endloop
  endfacet
  facet normal 0 0 1
    outer loop
      vertex 30.6765 -27.2926 3
      vertex 30.0941 -25.1193 3
      vertex 30.5216 -27.3451 3
    endloop
  endfacet
  facet normal -0 0 1
    outer loop
      vertex 29.6606 -25.2664 3
      vertex 30.5216 -27.3451 3
      vertex 30.0941 -25.1193 3
    endloop
  endfacet
  facet normal 0 0 1
    outer loop
      vertex 30.5216 -27.3451 3
      vertex 29.6606 -25.2664 3
      vertex 30.375 -27.4175 3
    endloop
  endfacet
  facet normal -0 0 1
    outer loop
      vertex 29.25 -25.4689 3
      vertex 30.375 -27.4175 3
      vertex 29.6606 -25.2664 3
    endloop
  endfacet
  facet normal 0 0 1
    outer loop
      vertex 30.375 -27.4175 3
      vertex 29.25 -25.4689 3
      vertex 30.239 -27.5083 3
    endloop
  endfacet
  facet normal -0 0 1
    outer loop
      vertex 28.8693 -25.7233 3
      vertex 30.239 -27.5083 3
      vertex 29.25 -25.4689 3
    endloop
  endfacet
  facet normal 0 0 1
    outer loop
      vertex 30.239 -27.5083 3
      vertex 28.8693 -25.7233 3
      vertex 30.1161 -27.6161 3
    endloop
  endfacet
  facet normal -0 0 1
    outer loop
      vertex 28.5251 -26.0251 3
      vertex 30.1161 -27.6161 3
      vertex 28.8693 -25.7233 3
    endloop
  endfacet
  facet normal 0 0 1
    outer loop
      vertex 30.1161 -27.6161 3
      vertex 28.5251 -26.0251 3
      vertex 30.0083 -27.739 3
    endloop
  endfacet
  facet normal 0 0 1
    outer loop
      vertex 30.0083 -27.739 3
      vertex 28.2233 -26.3693 3
      vertex 29.9175 -27.875 3
    endloop
  endfacet
  facet normal -0 0 1
    outer loop
      vertex 28.2233 -26.3693 3
      vertex 30.0083 -27.739 3
      vertex 28.5251 -26.0251 3
    endloop
  endfacet
  facet normal -0 0 1
    outer loop
      vertex 31.9917 -29.261 3
      vertex 33.7767 -30.6307 3
      vertex 32.0825 -29.125 3
    endloop
  endfacet
  facet normal 0 0 1
    outer loop
      vertex 33.7767 -30.6307 3
      vertex 31.9917 -29.261 3
      vertex 33.4749 -30.9749 3
    endloop
  endfacet
  facet normal -0 0 1
    outer loop
      vertex 31.8839 -29.3839 3
      vertex 33.4749 -30.9749 3
      vertex 31.9917 -29.261 3
    endloop
  endfacet
  facet normal 0 0 1
    outer loop
      vertex 33.4749 -30.9749 3
      vertex 31.8839 -29.3839 3
      vertex 33.1307 -31.2767 3
    endloop
  endfacet
  facet normal -0 0 1
    outer loop
      vertex 31.761 -29.4917 3
      vertex 33.1307 -31.2767 3
      vertex 31.8839 -29.3839 3
    endloop
  endfacet
  facet normal 0 0 1
    outer loop
      vertex 33.1307 -31.2767 3
      vertex 31.761 -29.4917 3
      vertex 32.75 -31.5311 3
    endloop
  endfacet
  facet normal -0 0 1
    outer loop
      vertex 31.625 -29.5825 3
      vertex 32.75 -31.5311 3
      vertex 31.761 -29.4917 3
    endloop
  endfacet
  facet normal 0 0 1
    outer loop
      vertex 32.75 -31.5311 3
      vertex 31.625 -29.5825 3
      vertex 32.3394 -31.7336 3
    endloop
  endfacet
  facet normal -0 0 1
    outer loop
      vertex 31.4784 -29.6549 3
      vertex 32.3394 -31.7336 3
      vertex 31.625 -29.5825 3
    endloop
  endfacet
  facet normal 0 0 1
    outer loop
      vertex 32.3394 -31.7336 3
      vertex 31.4784 -29.6549 3
      vertex 31.9059 -31.8807 3
    endloop
  endfacet
  facet normal -0 0 1
    outer loop
      vertex 31.3235 -29.7074 3
      vertex 31.9059 -31.8807 3
      vertex 31.4784 -29.6549 3
    endloop
  endfacet
  facet normal 0 0 1
    outer loop
      vertex 31.9059 -31.8807 3
      vertex 31.3235 -29.7074 3
      vertex 31.4568 -31.9701 3
    endloop
  endfacet
  facet normal -0 0 1
    outer loop
      vertex 31.1632 -29.7393 3
      vertex 31.4568 -31.9701 3
      vertex 31.3235 -29.7074 3
    endloop
  endfacet
  facet normal -0 0 1
    outer loop
      vertex 31 -29.75 3
      vertex 31.4568 -31.9701 3
      vertex 31.1632 -29.7393 3
    endloop
  endfacet
  facet normal 0 0 1
    outer loop
      vertex 31 -29.75 3
      vertex 31 -32 3
      vertex 31.4568 -31.9701 3
    endloop
  endfacet
  facet normal 0 0 1
    outer loop
      vertex 30.8368 -29.7393 3
      vertex 31 -32 3
      vertex 31 -29.75 3
    endloop
  endfacet
  facet normal 0 0 1
    outer loop
      vertex 30.5432 -31.9701 3
      vertex 30.8368 -29.7393 3
      vertex 30.6765 -29.7074 3
    endloop
  endfacet
  facet normal 0 0 1
    outer loop
      vertex 30.8368 -29.7393 3
      vertex 30.5432 -31.9701 3
      vertex 31 -32 3
    endloop
  endfacet
  facet normal 0 0 1
    outer loop
      vertex 30.0941 -31.8807 3
      vertex 30.6765 -29.7074 3
      vertex 30.5216 -29.6549 3
    endloop
  endfacet
  facet normal 0 0 1
    outer loop
      vertex 29.6606 -31.7336 3
      vertex 30.5216 -29.6549 3
      vertex 30.375 -29.5825 3
    endloop
  endfacet
  facet normal 0 0 1
    outer loop
      vertex 29.25 -31.5311 3
      vertex 30.375 -29.5825 3
      vertex 30.239 -29.4917 3
    endloop
  endfacet
  facet normal 0 0 1
    outer loop
      vertex 28.8693 -31.2767 3
      vertex 30.239 -29.4917 3
      vertex 30.1161 -29.3839 3
    endloop
  endfacet
  facet normal 0 0 1
    outer loop
      vertex 30.6765 -29.7074 3
      vertex 30.0941 -31.8807 3
      vertex 30.5432 -31.9701 3
    endloop
  endfacet
  facet normal 0 0 1
    outer loop
      vertex 28.5251 -30.9749 3
      vertex 30.1161 -29.3839 3
      vertex 30.0083 -29.261 3
    endloop
  endfacet
  facet normal 0 0 1
    outer loop
      vertex 28.2233 -30.6307 3
      vertex 30.0083 -29.261 3
      vertex 29.9175 -29.125 3
    endloop
  endfacet
  facet normal 0 0 1
    outer loop
      vertex 27.9689 -30.25 3
      vertex 29.9175 -29.125 3
      vertex 29.8451 -28.9784 3
    endloop
  endfacet
  facet normal 0 0 1
    outer loop
      vertex 27.7664 -29.8394 3
      vertex 29.8451 -28.9784 3
      vertex 29.7926 -28.8235 3
    endloop
  endfacet
  facet normal 0 0 1
    outer loop
      vertex 27.6193 -29.4059 3
      vertex 29.7926 -28.8235 3
      vertex 29.7607 -28.6632 3
    endloop
  endfacet
  facet normal 0 0 1
    outer loop
      vertex 30.5216 -29.6549 3
      vertex 29.6606 -31.7336 3
      vertex 30.0941 -31.8807 3
    endloop
  endfacet
  facet normal 0 0 1
    outer loop
      vertex 27.5299 -28.9568 3
      vertex 29.7607 -28.6632 3
      vertex 29.75 -28.5 3
    endloop
  endfacet
  facet normal -0 0 1
    outer loop
      vertex 27.9689 -26.75 3
      vertex 29.9175 -27.875 3
      vertex 28.2233 -26.3693 3
    endloop
  endfacet
  facet normal 0 0 1
    outer loop
      vertex 29.9175 -27.875 3
      vertex 27.9689 -26.75 3
      vertex 29.8451 -28.0216 3
    endloop
  endfacet
  facet normal 0 0 1
    outer loop
      vertex 30.375 -29.5825 3
      vertex 29.25 -31.5311 3
      vertex 29.6606 -31.7336 3
    endloop
  endfacet
  facet normal -0 0 1
    outer loop
      vertex 27.7664 -27.1606 3
      vertex 29.8451 -28.0216 3
      vertex 27.9689 -26.75 3
    endloop
  endfacet
  facet normal 0 0 1
    outer loop
      vertex 30.239 -29.4917 3
      vertex 28.8693 -31.2767 3
      vertex 29.25 -31.5311 3
    endloop
  endfacet
  facet normal 0 0 1
    outer loop
      vertex 29.8451 -28.0216 3
      vertex 27.7664 -27.1606 3
      vertex 29.7926 -28.1765 3
    endloop
  endfacet
  facet normal 0 0 1
    outer loop
      vertex 30.1161 -29.3839 3
      vertex 28.5251 -30.9749 3
      vertex 28.8693 -31.2767 3
    endloop
  endfacet
  facet normal -0 0 1
    outer loop
      vertex 27.6193 -27.5941 3
      vertex 29.7926 -28.1765 3
      vertex 27.7664 -27.1606 3
    endloop
  endfacet
  facet normal 0 0 1
    outer loop
      vertex 30.0083 -29.261 3
      vertex 28.2233 -30.6307 3
      vertex 28.5251 -30.9749 3
    endloop
  endfacet
  facet normal 0 0 1
    outer loop
      vertex 29.7926 -28.1765 3
      vertex 27.6193 -27.5941 3
      vertex 29.7607 -28.3368 3
    endloop
  endfacet
  facet normal 0 0 1
    outer loop
      vertex 29.9175 -29.125 3
      vertex 27.9689 -30.25 3
      vertex 28.2233 -30.6307 3
    endloop
  endfacet
  facet normal -0 0 1
    outer loop
      vertex 27.5299 -28.0432 3
      vertex 29.7607 -28.3368 3
      vertex 27.6193 -27.5941 3
    endloop
  endfacet
  facet normal 0 0 1
    outer loop
      vertex 29.8451 -28.9784 3
      vertex 27.7664 -29.8394 3
      vertex 27.9689 -30.25 3
    endloop
  endfacet
  facet normal 0 0 1
    outer loop
      vertex 29.7607 -28.3368 3
      vertex 27.5299 -28.0432 3
      vertex 29.75 -28.5 3
    endloop
  endfacet
  facet normal 0 0 1
    outer loop
      vertex 29.7926 -28.8235 3
      vertex 27.6193 -29.4059 3
      vertex 27.7664 -29.8394 3
    endloop
  endfacet
  facet normal 0 0 1
    outer loop
      vertex 27.5 -28.5 3
      vertex 29.75 -28.5 3
      vertex 27.5299 -28.0432 3
    endloop
  endfacet
  facet normal 0 0 1
    outer loop
      vertex 29.7607 -28.6632 3
      vertex 27.5299 -28.9568 3
      vertex 27.6193 -29.4059 3
    endloop
  endfacet
  facet normal 0 0 1
    outer loop
      vertex 29.75 -28.5 3
      vertex 27.5 -28.5 3
      vertex 27.5299 -28.9568 3
    endloop
  endfacet
  facet normal -0.195234 -0.980757 0
    outer loop
      vertex 30.0941 -31.8807 1.2
      vertex 30.5432 -31.9701 3
      vertex 30.0941 -31.8807 3
    endloop
  endfacet
  facet normal -0.195234 -0.980757 -0
    outer loop
      vertex 30.5432 -31.9701 3
      vertex 30.0941 -31.8807 1.2
      vertex 30.5432 -31.9701 1.2
    endloop
  endfacet
  facet normal -0.831445 0.555607 0
    outer loop
      vertex 27.9689 -26.75 1.2
      vertex 28.2233 -26.3693 3
      vertex 28.2233 -26.3693 1.2
    endloop
  endfacet
  facet normal -0.831445 0.555607 0
    outer loop
      vertex 28.2233 -26.3693 3
      vertex 27.9689 -26.75 1.2
      vertex 27.9689 -26.75 3
    endloop
  endfacet
  facet normal -0.0653156 -0.997865 0
    outer loop
      vertex 30.5432 -31.9701 1.2
      vertex 31 -32 3
      vertex 30.5432 -31.9701 3
    endloop
  endfacet
  facet normal -0.0653156 -0.997865 -0
    outer loop
      vertex 31 -32 3
      vertex 30.5432 -31.9701 1.2
      vertex 31 -32 1.2
    endloop
  endfacet
  facet normal 0.980768 -0.195175 0
    outer loop
      vertex 32.2074 -28.8235 5.6
      vertex 32.2393 -28.6632 3
      vertex 32.2393 -28.6632 5.6
    endloop
  endfacet
  facet normal 0.980768 -0.195175 0
    outer loop
      vertex 32.2393 -28.6632 3
      vertex 32.2074 -28.8235 5.6
      vertex 32.2074 -28.8235 3
    endloop
  endfacet
  facet normal 0.980768 0.195175 0
    outer loop
      vertex 32.2393 -28.3368 5.6
      vertex 32.2074 -28.1765 3
      vertex 32.2074 -28.1765 5.6
    endloop
  endfacet
  facet normal 0.980768 0.195175 0
    outer loop
      vertex 32.2074 -28.1765 3
      vertex 32.2393 -28.3368 5.6
      vertex 32.2393 -28.3368 3
    endloop
  endfacet
  facet normal 0.997858 0.0654233 0
    outer loop
      vertex 32.25 -28.5 5.6
      vertex 32.2393 -28.3368 3
      vertex 32.2393 -28.3368 5.6
    endloop
  endfacet
  facet normal 0.997858 0.0654233 0
    outer loop
      vertex 32.2393 -28.3368 3
      vertex 32.25 -28.5 5.6
      vertex 32.25 -28.5 3
    endloop
  endfacet
  facet normal 0.947082 0.320993 0
    outer loop
      vertex 32.2074 -28.1765 5.6
      vertex 32.1549 -28.0216 3
      vertex 32.1549 -28.0216 5.6
    endloop
  endfacet
  facet normal 0.947082 0.320993 0
    outer loop
      vertex 32.1549 -28.0216 3
      vertex 32.2074 -28.1765 5.6
      vertex 32.2074 -28.1765 3
    endloop
  endfacet
  facet normal 0.442805 -0.896618 0
    outer loop
      vertex 31.4784 -29.6549 3
      vertex 31.625 -29.5825 5.6
      vertex 31.4784 -29.6549 5.6
    endloop
  endfacet
  facet normal 0.442805 -0.896618 0
    outer loop
      vertex 31.625 -29.5825 5.6
      vertex 31.4784 -29.6549 3
      vertex 31.625 -29.5825 3
    endloop
  endfacet
  facet normal 0.195175 0.980768 -0
    outer loop
      vertex 31.3235 -27.2926 3
      vertex 31.1632 -27.2607 5.6
      vertex 31.3235 -27.2926 5.6
    endloop
  endfacet
  facet normal 0.195175 0.980768 0
    outer loop
      vertex 31.1632 -27.2607 5.6
      vertex 31.3235 -27.2926 3
      vertex 31.1632 -27.2607 3
    endloop
  endfacet
  facet normal 0.195175 -0.980768 0
    outer loop
      vertex 31.1632 -29.7393 3
      vertex 31.3235 -29.7074 5.6
      vertex 31.1632 -29.7393 5.6
    endloop
  endfacet
  facet normal 0.195175 -0.980768 0
    outer loop
      vertex 31.3235 -29.7074 5.6
      vertex 31.1632 -29.7393 3
      vertex 31.3235 -29.7074 3
    endloop
  endfacet
  facet normal 0.0654233 -0.997858 0
    outer loop
      vertex 31 -29.75 3
      vertex 31.1632 -29.7393 5.6
      vertex 31 -29.75 5.6
    endloop
  endfacet
  facet normal 0.0654233 -0.997858 0
    outer loop
      vertex 31.1632 -29.7393 5.6
      vertex 31 -29.75 3
      vertex 31.1632 -29.7393 3
    endloop
  endfacet
  facet normal -0.659414 0.75178 0
    outer loop
      vertex 30.239 -27.5083 3
      vertex 30.1161 -27.6161 5.6
      vertex 30.239 -27.5083 5.6
    endloop
  endfacet
  facet normal -0.659414 0.75178 0
    outer loop
      vertex 30.1161 -27.6161 5.6
      vertex 30.239 -27.5083 3
      vertex 30.1161 -27.6161 3
    endloop
  endfacet
  facet normal -0.831674 0.555265 0
    outer loop
      vertex 29.9175 -27.875 3
      vertex 30.0083 -27.739 5.6
      vertex 30.0083 -27.739 3
    endloop
  endfacet
  facet normal -0.831674 0.555265 0
    outer loop
      vertex 30.0083 -27.739 5.6
      vertex 29.9175 -27.875 3
      vertex 29.9175 -27.875 5.6
    endloop
  endfacet
  facet normal 0.320993 0.947082 -0
    outer loop
      vertex 31.4784 -27.3451 3
      vertex 31.3235 -27.2926 5.6
      vertex 31.4784 -27.3451 5.6
    endloop
  endfacet
  facet normal 0.320993 0.947082 0
    outer loop
      vertex 31.3235 -27.2926 5.6
      vertex 31.4784 -27.3451 3
      vertex 31.3235 -27.2926 3
    endloop
  endfacet
  facet normal 0.659414 -0.75178 0
    outer loop
      vertex 31.761 -29.4917 3
      vertex 31.8839 -29.3839 5.6
      vertex 31.761 -29.4917 5.6
    endloop
  endfacet
  facet normal 0.659414 -0.75178 0
    outer loop
      vertex 31.8839 -29.3839 5.6
      vertex 31.761 -29.4917 3
      vertex 31.8839 -29.3839 3
    endloop
  endfacet
  facet normal -0.442805 0.896618 0
    outer loop
      vertex 30.5216 -27.3451 3
      vertex 30.375 -27.4175 5.6
      vertex 30.5216 -27.3451 5.6
    endloop
  endfacet
  facet normal -0.442805 0.896618 0
    outer loop
      vertex 30.375 -27.4175 5.6
      vertex 30.5216 -27.3451 3
      vertex 30.375 -27.4175 3
    endloop
  endfacet
  facet normal -0.0654233 -0.997858 0
    outer loop
      vertex 30.8368 -29.7393 3
      vertex 31 -29.75 5.6
      vertex 30.8368 -29.7393 5.6
    endloop
  endfacet
  facet normal -0.0654233 -0.997858 -0
    outer loop
      vertex 31 -29.75 5.6
      vertex 30.8368 -29.7393 3
      vertex 31 -29.75 3
    endloop
  endfacet
  facet normal 0.75178 -0.659414 0
    outer loop
      vertex 31.8839 -29.3839 5.6
      vertex 31.9917 -29.261 3
      vertex 31.9917 -29.261 5.6
    endloop
  endfacet
  facet normal 0.75178 -0.659414 0
    outer loop
      vertex 31.9917 -29.261 3
      vertex 31.8839 -29.3839 5.6
      vertex 31.8839 -29.3839 3
    endloop
  endfacet
  facet normal -0.947082 -0.320993 0
    outer loop
      vertex 29.8451 -28.9784 3
      vertex 29.7926 -28.8235 5.6
      vertex 29.7926 -28.8235 3
    endloop
  endfacet
  facet normal -0.947082 -0.320993 0
    outer loop
      vertex 29.7926 -28.8235 5.6
      vertex 29.8451 -28.9784 3
      vertex 29.8451 -28.9784 5.6
    endloop
  endfacet
  facet normal 0.320993 -0.947082 0
    outer loop
      vertex 31.3235 -29.7074 3
      vertex 31.4784 -29.6549 5.6
      vertex 31.3235 -29.7074 5.6
    endloop
  endfacet
  facet normal 0.320993 -0.947082 0
    outer loop
      vertex 31.4784 -29.6549 5.6
      vertex 31.3235 -29.7074 3
      vertex 31.4784 -29.6549 3
    endloop
  endfacet
  facet normal -0.320993 0.947082 0
    outer loop
      vertex 30.6765 -27.2926 3
      vertex 30.5216 -27.3451 5.6
      vertex 30.6765 -27.2926 5.6
    endloop
  endfacet
  facet normal -0.320993 0.947082 0
    outer loop
      vertex 30.5216 -27.3451 5.6
      vertex 30.6765 -27.2926 3
      vertex 30.5216 -27.3451 3
    endloop
  endfacet
  facet normal 0.75178 0.659414 0
    outer loop
      vertex 31.9917 -27.739 5.6
      vertex 31.8839 -27.6161 3
      vertex 31.8839 -27.6161 5.6
    endloop
  endfacet
  facet normal 0.75178 0.659414 0
    outer loop
      vertex 31.8839 -27.6161 3
      vertex 31.9917 -27.739 5.6
      vertex 31.9917 -27.739 3
    endloop
  endfacet
  facet normal -0.555265 0.831674 0
    outer loop
      vertex 30.375 -27.4175 3
      vertex 30.239 -27.5083 5.6
      vertex 30.375 -27.4175 5.6
    endloop
  endfacet
  facet normal -0.555265 0.831674 0
    outer loop
      vertex 30.239 -27.5083 5.6
      vertex 30.375 -27.4175 3
      vertex 30.239 -27.5083 3
    endloop
  endfacet
  facet normal -0.947082 0.320993 0
    outer loop
      vertex 29.7926 -28.1765 3
      vertex 29.8451 -28.0216 5.6
      vertex 29.8451 -28.0216 3
    endloop
  endfacet
  facet normal -0.947082 0.320993 0
    outer loop
      vertex 29.8451 -28.0216 5.6
      vertex 29.7926 -28.1765 3
      vertex 29.7926 -28.1765 5.6
    endloop
  endfacet
  facet normal 0.896618 0.442805 0
    outer loop
      vertex 32.1549 -28.0216 5.6
      vertex 32.0825 -27.875 3
      vertex 32.0825 -27.875 5.6
    endloop
  endfacet
  facet normal 0.896618 0.442805 0
    outer loop
      vertex 32.0825 -27.875 3
      vertex 32.1549 -28.0216 5.6
      vertex 32.1549 -28.0216 3
    endloop
  endfacet
  facet normal -0.195175 0.980768 0
    outer loop
      vertex 30.8368 -27.2607 3
      vertex 30.6765 -27.2926 5.6
      vertex 30.8368 -27.2607 5.6
    endloop
  endfacet
  facet normal -0.195175 0.980768 0
    outer loop
      vertex 30.6765 -27.2926 5.6
      vertex 30.8368 -27.2607 3
      vertex 30.6765 -27.2926 3
    endloop
  endfacet
  facet normal 0.659414 0.75178 -0
    outer loop
      vertex 31.8839 -27.6161 3
      vertex 31.761 -27.5083 5.6
      vertex 31.8839 -27.6161 5.6
    endloop
  endfacet
  facet normal 0.659414 0.75178 0
    outer loop
      vertex 31.761 -27.5083 5.6
      vertex 31.8839 -27.6161 3
      vertex 31.761 -27.5083 3
    endloop
  endfacet
  facet normal 0.997858 -0.0654233 0
    outer loop
      vertex 32.2393 -28.6632 5.6
      vertex 32.25 -28.5 3
      vertex 32.25 -28.5 5.6
    endloop
  endfacet
  facet normal 0.997858 -0.0654233 0
    outer loop
      vertex 32.25 -28.5 3
      vertex 32.2393 -28.6632 5.6
      vertex 32.2393 -28.6632 3
    endloop
  endfacet
  facet normal 0.442805 0.896618 -0
    outer loop
      vertex 31.625 -27.4175 3
      vertex 31.4784 -27.3451 5.6
      vertex 31.625 -27.4175 5.6
    endloop
  endfacet
  facet normal 0.442805 0.896618 0
    outer loop
      vertex 31.4784 -27.3451 5.6
      vertex 31.625 -27.4175 3
      vertex 31.4784 -27.3451 3
    endloop
  endfacet
  facet normal -0.320993 -0.947082 0
    outer loop
      vertex 30.5216 -29.6549 3
      vertex 30.6765 -29.7074 5.6
      vertex 30.5216 -29.6549 5.6
    endloop
  endfacet
  facet normal -0.320993 -0.947082 -0
    outer loop
      vertex 30.6765 -29.7074 5.6
      vertex 30.5216 -29.6549 3
      vertex 30.6765 -29.7074 3
    endloop
  endfacet
  facet normal -0.980768 0.195175 0
    outer loop
      vertex 29.7607 -28.3368 3
      vertex 29.7926 -28.1765 5.6
      vertex 29.7926 -28.1765 3
    endloop
  endfacet
  facet normal -0.980768 0.195175 0
    outer loop
      vertex 29.7926 -28.1765 5.6
      vertex 29.7607 -28.3368 3
      vertex 29.7607 -28.3368 5.6
    endloop
  endfacet
  facet normal -0.0654233 0.997858 0
    outer loop
      vertex 31 -27.25 3
      vertex 30.8368 -27.2607 5.6
      vertex 31 -27.25 5.6
    endloop
  endfacet
  facet normal -0.0654233 0.997858 0
    outer loop
      vertex 30.8368 -27.2607 5.6
      vertex 31 -27.25 3
      vertex 30.8368 -27.2607 3
    endloop
  endfacet
  facet normal -0.195175 -0.980768 0
    outer loop
      vertex 30.6765 -29.7074 3
      vertex 30.8368 -29.7393 5.6
      vertex 30.6765 -29.7074 5.6
    endloop
  endfacet
  facet normal -0.195175 -0.980768 -0
    outer loop
      vertex 30.8368 -29.7393 5.6
      vertex 30.6765 -29.7074 3
      vertex 30.8368 -29.7393 3
    endloop
  endfacet
  facet normal 0.947082 -0.320993 0
    outer loop
      vertex 32.1549 -28.9784 5.6
      vertex 32.2074 -28.8235 3
      vertex 32.2074 -28.8235 5.6
    endloop
  endfacet
  facet normal 0.947082 -0.320993 0
    outer loop
      vertex 32.2074 -28.8235 3
      vertex 32.1549 -28.9784 5.6
      vertex 32.1549 -28.9784 3
    endloop
  endfacet
  facet normal 0.831674 0.555265 0
    outer loop
      vertex 32.0825 -27.875 5.6
      vertex 31.9917 -27.739 3
      vertex 31.9917 -27.739 5.6
    endloop
  endfacet
  facet normal 0.831674 0.555265 0
    outer loop
      vertex 31.9917 -27.739 3
      vertex 32.0825 -27.875 5.6
      vertex 32.0825 -27.875 3
    endloop
  endfacet
  facet normal -0.896618 -0.442805 0
    outer loop
      vertex 29.9175 -29.125 3
      vertex 29.8451 -28.9784 5.6
      vertex 29.8451 -28.9784 3
    endloop
  endfacet
  facet normal -0.896618 -0.442805 0
    outer loop
      vertex 29.8451 -28.9784 5.6
      vertex 29.9175 -29.125 3
      vertex 29.9175 -29.125 5.6
    endloop
  endfacet
  facet normal 0.896618 -0.442805 0
    outer loop
      vertex 32.0825 -29.125 5.6
      vertex 32.1549 -28.9784 3
      vertex 32.1549 -28.9784 5.6
    endloop
  endfacet
  facet normal 0.896618 -0.442805 0
    outer loop
      vertex 32.1549 -28.9784 3
      vertex 32.0825 -29.125 5.6
      vertex 32.0825 -29.125 3
    endloop
  endfacet
  facet normal -0.75178 -0.659414 0
    outer loop
      vertex 30.1161 -29.3839 3
      vertex 30.0083 -29.261 5.6
      vertex 30.0083 -29.261 3
    endloop
  endfacet
  facet normal -0.75178 -0.659414 0
    outer loop
      vertex 30.0083 -29.261 5.6
      vertex 30.1161 -29.3839 3
      vertex 30.1161 -29.3839 5.6
    endloop
  endfacet
  facet normal 0.831674 -0.555265 0
    outer loop
      vertex 31.9917 -29.261 5.6
      vertex 32.0825 -29.125 3
      vertex 32.0825 -29.125 5.6
    endloop
  endfacet
  facet normal 0.831674 -0.555265 0
    outer loop
      vertex 32.0825 -29.125 3
      vertex 31.9917 -29.261 5.6
      vertex 31.9917 -29.261 3
    endloop
  endfacet
  facet normal -0.75178 0.659414 0
    outer loop
      vertex 30.0083 -27.739 3
      vertex 30.1161 -27.6161 5.6
      vertex 30.1161 -27.6161 3
    endloop
  endfacet
  facet normal -0.75178 0.659414 0
    outer loop
      vertex 30.1161 -27.6161 5.6
      vertex 30.0083 -27.739 3
      vertex 30.0083 -27.739 5.6
    endloop
  endfacet
  facet normal 0.0654233 0.997858 -0
    outer loop
      vertex 31.1632 -27.2607 3
      vertex 31 -27.25 5.6
      vertex 31.1632 -27.2607 5.6
    endloop
  endfacet
  facet normal 0.0654233 0.997858 0
    outer loop
      vertex 31 -27.25 5.6
      vertex 31.1632 -27.2607 3
      vertex 31 -27.25 3
    endloop
  endfacet
  facet normal 0.555265 0.831674 -0
    outer loop
      vertex 31.761 -27.5083 3
      vertex 31.625 -27.4175 5.6
      vertex 31.761 -27.5083 5.6
    endloop
  endfacet
  facet normal 0.555265 0.831674 0
    outer loop
      vertex 31.625 -27.4175 5.6
      vertex 31.761 -27.5083 3
      vertex 31.625 -27.4175 3
    endloop
  endfacet
  facet normal -0.442805 -0.896618 0
    outer loop
      vertex 30.375 -29.5825 3
      vertex 30.5216 -29.6549 5.6
      vertex 30.375 -29.5825 5.6
    endloop
  endfacet
  facet normal -0.442805 -0.896618 -0
    outer loop
      vertex 30.5216 -29.6549 5.6
      vertex 30.375 -29.5825 3
      vertex 30.5216 -29.6549 3
    endloop
  endfacet
  facet normal -0.831674 -0.555265 0
    outer loop
      vertex 30.0083 -29.261 3
      vertex 29.9175 -29.125 5.6
      vertex 29.9175 -29.125 3
    endloop
  endfacet
  facet normal -0.831674 -0.555265 0
    outer loop
      vertex 29.9175 -29.125 5.6
      vertex 30.0083 -29.261 3
      vertex 30.0083 -29.261 5.6
    endloop
  endfacet
  facet normal -0.980768 -0.195175 0
    outer loop
      vertex 29.7926 -28.8235 3
      vertex 29.7607 -28.6632 5.6
      vertex 29.7607 -28.6632 3
    endloop
  endfacet
  facet normal -0.980768 -0.195175 0
    outer loop
      vertex 29.7607 -28.6632 5.6
      vertex 29.7926 -28.8235 3
      vertex 29.7926 -28.8235 5.6
    endloop
  endfacet
  facet normal -0.659414 -0.75178 0
    outer loop
      vertex 30.1161 -29.3839 3
      vertex 30.239 -29.4917 5.6
      vertex 30.1161 -29.3839 5.6
    endloop
  endfacet
  facet normal -0.659414 -0.75178 -0
    outer loop
      vertex 30.239 -29.4917 5.6
      vertex 30.1161 -29.3839 3
      vertex 30.239 -29.4917 3
    endloop
  endfacet
  facet normal -0.896618 0.442805 0
    outer loop
      vertex 29.8451 -28.0216 3
      vertex 29.9175 -27.875 5.6
      vertex 29.9175 -27.875 3
    endloop
  endfacet
  facet normal -0.896618 0.442805 0
    outer loop
      vertex 29.9175 -27.875 5.6
      vertex 29.8451 -28.0216 3
      vertex 29.8451 -28.0216 5.6
    endloop
  endfacet
  facet normal -0.997858 -0.0654233 0
    outer loop
      vertex 29.7607 -28.6632 3
      vertex 29.75 -28.5 5.6
      vertex 29.75 -28.5 3
    endloop
  endfacet
  facet normal -0.997858 -0.0654233 0
    outer loop
      vertex 29.75 -28.5 5.6
      vertex 29.7607 -28.6632 3
      vertex 29.7607 -28.6632 5.6
    endloop
  endfacet
  facet normal 0.555265 -0.831674 0
    outer loop
      vertex 31.625 -29.5825 3
      vertex 31.761 -29.4917 5.6
      vertex 31.625 -29.5825 5.6
    endloop
  endfacet
  facet normal 0.555265 -0.831674 0
    outer loop
      vertex 31.761 -29.4917 5.6
      vertex 31.625 -29.5825 3
      vertex 31.761 -29.4917 3
    endloop
  endfacet
  facet normal -0.997858 0.0654233 0
    outer loop
      vertex 29.75 -28.5 3
      vertex 29.7607 -28.3368 5.6
      vertex 29.7607 -28.3368 3
    endloop
  endfacet
  facet normal -0.997858 0.0654233 0
    outer loop
      vertex 29.7607 -28.3368 5.6
      vertex 29.75 -28.5 3
      vertex 29.75 -28.5 5.6
    endloop
  endfacet
  facet normal -0.555265 -0.831674 0
    outer loop
      vertex 30.239 -29.4917 3
      vertex 30.375 -29.5825 5.6
      vertex 30.239 -29.4917 5.6
    endloop
  endfacet
  facet normal -0.555265 -0.831674 -0
    outer loop
      vertex 30.375 -29.5825 5.6
      vertex 30.239 -29.4917 3
      vertex 30.375 -29.5825 3
    endloop
  endfacet
  facet normal 0.706348 0.0463108 0.706348
    outer loop
      vertex 32.2393 -28.3368 5.6
      vertex 31.75 -28.5 6.1
      vertex 32.25 -28.5 5.6
    endloop
  endfacet
  facet normal -0.531917 0.466961 0.706407
    outer loop
      vertex 30.4697 -27.9697 6.1
      vertex 30.1161 -27.6161 5.6
      vertex 30.405 -28.0434 6.1
    endloop
  endfacet
  facet normal -0.694263 0.13816 0.706336
    outer loop
      vertex 29.7926 -28.1765 5.6
      vertex 29.7607 -28.3368 5.6
      vertex 30.2564 -28.4021 6.1
    endloop
  endfacet
  facet normal 0.13816 0.694263 0.706336
    outer loop
      vertex 31.1632 -27.2607 5.6
      vertex 31.0979 -27.7564 6.1
      vertex 31.3235 -27.2926 5.6
    endloop
  endfacet
  facet normal -0.670365 0.227206 0.706391
    outer loop
      vertex 29.8451 -28.0216 5.6
      vertex 29.7926 -28.1765 5.6
      vertex 30.3071 -28.213 6.1
    endloop
  endfacet
  facet normal -0.227206 0.670365 0.706391
    outer loop
      vertex 30.6765 -27.2926 5.6
      vertex 30.5216 -27.3451 5.6
      vertex 30.713 -27.8071 6.1
    endloop
  endfacet
  facet normal -0.706348 -0.0463108 0.706348
    outer loop
      vertex 30.25 -28.5 6.1
      vertex 29.75 -28.5 5.6
      vertex 29.7607 -28.6632 5.6
    endloop
  endfacet
  facet normal 0.227297 0.670346 0.706379
    outer loop
      vertex 31.3235 -27.2926 5.6
      vertex 31.1941 -27.7756 6.1
      vertex 31.287 -27.8071 6.1
    endloop
  endfacet
  facet normal 0.670346 -0.227297 0.706379
    outer loop
      vertex 31.7244 -28.6941 6.1
      vertex 31.6929 -28.787 6.1
      vertex 32.2074 -28.8235 5.6
    endloop
  endfacet
  facet normal 0.588711 -0.393051 0.70635
    outer loop
      vertex 32.0825 -29.125 5.6
      vertex 31.6495 -28.875 6.1
      vertex 31.9917 -29.261 5.6
    endloop
  endfacet
  facet normal 0.634679 0.313443 0.706354
    outer loop
      vertex 32.0825 -27.875 5.6
      vertex 31.6495 -28.125 6.1
      vertex 32.1549 -28.0216 5.6
    endloop
  endfacet
  facet normal 0.706348 -0.0463108 0.706348
    outer loop
      vertex 32.25 -28.5 5.6
      vertex 31.75 -28.5 6.1
      vertex 32.2393 -28.6632 5.6
    endloop
  endfacet
  facet normal -0.313074 -0.634805 0.706405
    outer loop
      vertex 30.625 -29.1495 6.1
      vertex 30.5216 -29.6549 5.6
      vertex 30.713 -29.1929 6.1
    endloop
  endfacet
  facet normal 0.313074 -0.634805 0.706405
    outer loop
      vertex 31.375 -29.1495 6.1
      vertex 31.287 -29.1929 6.1
      vertex 31.4784 -29.6549 5.6
    endloop
  endfacet
  facet normal 0.227206 0.670365 0.706391
    outer loop
      vertex 31.3235 -27.2926 5.6
      vertex 31.287 -27.8071 6.1
      vertex 31.4784 -27.3451 5.6
    endloop
  endfacet
  facet normal -0.466762 0.532144 0.706368
    outer loop
      vertex 30.239 -27.5083 5.6
      vertex 30.1161 -27.6161 5.6
      vertex 30.5434 -27.905 6.1
    endloop
  endfacet
  facet normal 0.531917 0.466961 0.706407
    outer loop
      vertex 31.8839 -27.6161 5.6
      vertex 31.5303 -27.9697 6.1
      vertex 31.595 -28.0434 6.1
    endloop
  endfacet
  facet normal 0.313443 0.634679 0.706354
    outer loop
      vertex 31.4784 -27.3451 5.6
      vertex 31.375 -27.8505 6.1
      vertex 31.625 -27.4175 5.6
    endloop
  endfacet
  facet normal -0.694263 -0.13816 0.706336
    outer loop
      vertex 30.2564 -28.5979 6.1
      vertex 29.7607 -28.6632 5.6
      vertex 29.7926 -28.8235 5.6
    endloop
  endfacet
  facet normal 0.634679 -0.313443 0.706354
    outer loop
      vertex 32.1549 -28.9784 5.6
      vertex 31.6495 -28.875 6.1
      vertex 32.0825 -29.125 5.6
    endloop
  endfacet
  facet normal 0.634805 -0.313074 0.706405
    outer loop
      vertex 31.6929 -28.787 6.1
      vertex 31.6495 -28.875 6.1
      vertex 32.1549 -28.9784 5.6
    endloop
  endfacet
  facet normal -0.706374 0.0461777 0.70633
    outer loop
      vertex 30.2564 -28.4021 6.1
      vertex 29.7607 -28.3368 5.6
      vertex 30.25 -28.5 6.1
    endloop
  endfacet
  facet normal 0.634805 0.313074 0.706405
    outer loop
      vertex 32.1549 -28.0216 5.6
      vertex 31.6495 -28.125 6.1
      vertex 31.6929 -28.213 6.1
    endloop
  endfacet
  facet normal 0.694263 0.13816 0.706336
    outer loop
      vertex 32.2074 -28.1765 5.6
      vertex 31.7436 -28.4021 6.1
      vertex 32.2393 -28.3368 5.6
    endloop
  endfacet
  facet normal -0.313074 0.634805 0.706405
    outer loop
      vertex 30.713 -27.8071 6.1
      vertex 30.5216 -27.3451 5.6
      vertex 30.625 -27.8505 6.1
    endloop
  endfacet
  facet normal -0.531917 -0.466961 0.706407
    outer loop
      vertex 30.405 -28.9566 6.1
      vertex 30.1161 -29.3839 5.6
      vertex 30.4697 -29.0303 6.1
    endloop
  endfacet
  facet normal 0.670365 0.227206 0.706391
    outer loop
      vertex 32.1549 -28.0216 5.6
      vertex 31.6929 -28.213 6.1
      vertex 32.2074 -28.1765 5.6
    endloop
  endfacet
  facet normal 0.227297 -0.670346 0.706379
    outer loop
      vertex 31.287 -29.1929 6.1
      vertex 31.1941 -29.2244 6.1
      vertex 31.3235 -29.7074 5.6
    endloop
  endfacet
  facet normal -0.634679 -0.313443 0.706354
    outer loop
      vertex 30.3505 -28.875 6.1
      vertex 29.8451 -28.9784 5.6
      vertex 29.9175 -29.125 5.6
    endloop
  endfacet
  facet normal 0.393051 -0.588711 0.70635
    outer loop
      vertex 31.761 -29.4917 5.6
      vertex 31.375 -29.1495 6.1
      vertex 31.625 -29.5825 5.6
    endloop
  endfacet
  facet normal 0.531917 -0.466961 0.706407
    outer loop
      vertex 31.595 -28.9566 6.1
      vertex 31.5303 -29.0303 6.1
      vertex 31.8839 -29.3839 5.6
    endloop
  endfacet
  facet normal -0.694135 -0.138538 0.706388
    outer loop
      vertex 30.2564 -28.5979 6.1
      vertex 29.7926 -28.8235 5.6
      vertex 30.2756 -28.6941 6.1
    endloop
  endfacet
  facet normal -0.393142 -0.588632 0.706365
    outer loop
      vertex 30.5434 -29.095 6.1
      vertex 30.239 -29.4917 5.6
      vertex 30.625 -29.1495 6.1
    endloop
  endfacet
  facet normal 0.466961 0.531917 0.706407
    outer loop
      vertex 31.8839 -27.6161 5.6
      vertex 31.4566 -27.905 6.1
      vertex 31.5303 -27.9697 6.1
    endloop
  endfacet
  facet normal -0.313443 0.634679 0.706354
    outer loop
      vertex 30.5216 -27.3451 5.6
      vertex 30.375 -27.4175 5.6
      vertex 30.625 -27.8505 6.1
    endloop
  endfacet
  facet normal 0.138538 -0.694135 0.706388
    outer loop
      vertex 31.1941 -29.2244 6.1
      vertex 31.0979 -29.2436 6.1
      vertex 31.3235 -29.7074 5.6
    endloop
  endfacet
  facet normal 0.588711 0.393051 0.70635
    outer loop
      vertex 31.9917 -27.739 5.6
      vertex 31.6495 -28.125 6.1
      vertex 32.0825 -27.875 5.6
    endloop
  endfacet
  facet normal -0.706348 0.0463108 0.706348
    outer loop
      vertex 29.7607 -28.3368 5.6
      vertex 29.75 -28.5 5.6
      vertex 30.25 -28.5 6.1
    endloop
  endfacet
  facet normal -0.694135 0.138538 0.706388
    outer loop
      vertex 30.2756 -28.3059 6.1
      vertex 29.7926 -28.1765 5.6
      vertex 30.2564 -28.4021 6.1
    endloop
  endfacet
  facet normal 0.670346 0.227297 0.706379
    outer loop
      vertex 32.2074 -28.1765 5.6
      vertex 31.6929 -28.213 6.1
      vertex 31.7244 -28.3059 6.1
    endloop
  endfacet
  facet normal -0.588632 0.393142 0.706365
    outer loop
      vertex 30.405 -28.0434 6.1
      vertex 30.0083 -27.739 5.6
      vertex 30.3505 -28.125 6.1
    endloop
  endfacet
  facet normal -0.138538 0.694135 0.706388
    outer loop
      vertex 30.9021 -27.7564 6.1
      vertex 30.6765 -27.2926 5.6
      vertex 30.8059 -27.7756 6.1
    endloop
  endfacet
  facet normal 0.0463108 0.706348 0.706348
    outer loop
      vertex 31 -27.25 5.6
      vertex 31 -27.75 6.1
      vertex 31.1632 -27.2607 5.6
    endloop
  endfacet
  facet normal 0.227206 -0.670365 0.706391
    outer loop
      vertex 31.4784 -29.6549 5.6
      vertex 31.287 -29.1929 6.1
      vertex 31.3235 -29.7074 5.6
    endloop
  endfacet
  facet normal 0.13816 -0.694263 0.706336
    outer loop
      vertex 31.3235 -29.7074 5.6
      vertex 31.0979 -29.2436 6.1
      vertex 31.1632 -29.7393 5.6
    endloop
  endfacet
  facet normal 0 0 1
    outer loop
      vertex 31.7436 -28.4021 6.1
      vertex 31.7436 -28.5979 6.1
      vertex 31.75 -28.5 6.1
    endloop
  endfacet
  facet normal 0 0 1
    outer loop
      vertex 31.7244 -28.3059 6.1
      vertex 31.7436 -28.5979 6.1
      vertex 31.7436 -28.4021 6.1
    endloop
  endfacet
  facet normal 0 0 1
    outer loop
      vertex 31.7244 -28.3059 6.1
      vertex 31.7244 -28.6941 6.1
      vertex 31.7436 -28.5979 6.1
    endloop
  endfacet
  facet normal 0 0 1
    outer loop
      vertex 31.6929 -28.213 6.1
      vertex 31.7244 -28.6941 6.1
      vertex 31.7244 -28.3059 6.1
    endloop
  endfacet
  facet normal 0 0 1
    outer loop
      vertex 31.6929 -28.213 6.1
      vertex 31.6929 -28.787 6.1
      vertex 31.7244 -28.6941 6.1
    endloop
  endfacet
  facet normal 0 0 1
    outer loop
      vertex 31.6495 -28.125 6.1
      vertex 31.6929 -28.787 6.1
      vertex 31.6929 -28.213 6.1
    endloop
  endfacet
  facet normal 0 0 1
    outer loop
      vertex 31.6495 -28.125 6.1
      vertex 31.6495 -28.875 6.1
      vertex 31.6929 -28.787 6.1
    endloop
  endfacet
  facet normal 0 0 1
    outer loop
      vertex 31.595 -28.0434 6.1
      vertex 31.6495 -28.875 6.1
      vertex 31.6495 -28.125 6.1
    endloop
  endfacet
  facet normal 0 0 1
    outer loop
      vertex 31.595 -28.0434 6.1
      vertex 31.595 -28.9566 6.1
      vertex 31.6495 -28.875 6.1
    endloop
  endfacet
  facet normal 0 0 1
    outer loop
      vertex 31.5303 -27.9697 6.1
      vertex 31.595 -28.9566 6.1
      vertex 31.595 -28.0434 6.1
    endloop
  endfacet
  facet normal 0 0 1
    outer loop
      vertex 31.5303 -27.9697 6.1
      vertex 31.5303 -29.0303 6.1
      vertex 31.595 -28.9566 6.1
    endloop
  endfacet
  facet normal 0 0 1
    outer loop
      vertex 31.4566 -27.905 6.1
      vertex 31.5303 -29.0303 6.1
      vertex 31.5303 -27.9697 6.1
    endloop
  endfacet
  facet normal 0 0 1
    outer loop
      vertex 31.4566 -27.905 6.1
      vertex 31.4566 -29.095 6.1
      vertex 31.5303 -29.0303 6.1
    endloop
  endfacet
  facet normal 0 0 1
    outer loop
      vertex 31.375 -27.8505 6.1
      vertex 31.4566 -29.095 6.1
      vertex 31.4566 -27.905 6.1
    endloop
  endfacet
  facet normal 0 0 1
    outer loop
      vertex 31.375 -27.8505 6.1
      vertex 31.375 -29.1495 6.1
      vertex 31.4566 -29.095 6.1
    endloop
  endfacet
  facet normal 0 0 1
    outer loop
      vertex 31.287 -27.8071 6.1
      vertex 31.375 -29.1495 6.1
      vertex 31.375 -27.8505 6.1
    endloop
  endfacet
  facet normal 0 0 1
    outer loop
      vertex 31.287 -27.8071 6.1
      vertex 31.287 -29.1929 6.1
      vertex 31.375 -29.1495 6.1
    endloop
  endfacet
  facet normal 0 0 1
    outer loop
      vertex 31.1941 -27.7756 6.1
      vertex 31.287 -29.1929 6.1
      vertex 31.287 -27.8071 6.1
    endloop
  endfacet
  facet normal 0 0 1
    outer loop
      vertex 31.1941 -27.7756 6.1
      vertex 31.1941 -29.2244 6.1
      vertex 31.287 -29.1929 6.1
    endloop
  endfacet
  facet normal 0 0 1
    outer loop
      vertex 31.0979 -27.7564 6.1
      vertex 31.1941 -29.2244 6.1
      vertex 31.1941 -27.7756 6.1
    endloop
  endfacet
  facet normal 0 0 1
    outer loop
      vertex 31.0979 -27.7564 6.1
      vertex 31.0979 -29.2436 6.1
      vertex 31.1941 -29.2244 6.1
    endloop
  endfacet
  facet normal 0 0 1
    outer loop
      vertex 31 -27.75 6.1
      vertex 31.0979 -29.2436 6.1
      vertex 31.0979 -27.7564 6.1
    endloop
  endfacet
  facet normal 0 0 1
    outer loop
      vertex 31 -27.75 6.1
      vertex 31 -29.25 6.1
      vertex 31.0979 -29.2436 6.1
    endloop
  endfacet
  facet normal -0 0 1
    outer loop
      vertex 30.9021 -27.7564 6.1
      vertex 31 -29.25 6.1
      vertex 31 -27.75 6.1
    endloop
  endfacet
  facet normal 0 0 1
    outer loop
      vertex 30.9021 -27.7564 6.1
      vertex 30.9021 -29.2436 6.1
      vertex 31 -29.25 6.1
    endloop
  endfacet
  facet normal -0 0 1
    outer loop
      vertex 30.8059 -27.7756 6.1
      vertex 30.9021 -29.2436 6.1
      vertex 30.9021 -27.7564 6.1
    endloop
  endfacet
  facet normal 0 0 1
    outer loop
      vertex 30.8059 -27.7756 6.1
      vertex 30.8059 -29.2244 6.1
      vertex 30.9021 -29.2436 6.1
    endloop
  endfacet
  facet normal -0 0 1
    outer loop
      vertex 30.713 -27.8071 6.1
      vertex 30.8059 -29.2244 6.1
      vertex 30.8059 -27.7756 6.1
    endloop
  endfacet
  facet normal 0 0 1
    outer loop
      vertex 30.713 -27.8071 6.1
      vertex 30.713 -29.1929 6.1
      vertex 30.8059 -29.2244 6.1
    endloop
  endfacet
  facet normal -0 0 1
    outer loop
      vertex 30.625 -27.8505 6.1
      vertex 30.713 -29.1929 6.1
      vertex 30.713 -27.8071 6.1
    endloop
  endfacet
  facet normal 0 0 1
    outer loop
      vertex 30.625 -27.8505 6.1
      vertex 30.625 -29.1495 6.1
      vertex 30.713 -29.1929 6.1
    endloop
  endfacet
  facet normal -0 0 1
    outer loop
      vertex 30.5434 -27.905 6.1
      vertex 30.625 -29.1495 6.1
      vertex 30.625 -27.8505 6.1
    endloop
  endfacet
  facet normal 0 0 1
    outer loop
      vertex 30.5434 -27.905 6.1
      vertex 30.5434 -29.095 6.1
      vertex 30.625 -29.1495 6.1
    endloop
  endfacet
  facet normal -0 0 1
    outer loop
      vertex 30.4697 -27.9697 6.1
      vertex 30.5434 -29.095 6.1
      vertex 30.5434 -27.905 6.1
    endloop
  endfacet
  facet normal 0 0 1
    outer loop
      vertex 30.4697 -27.9697 6.1
      vertex 30.4697 -29.0303 6.1
      vertex 30.5434 -29.095 6.1
    endloop
  endfacet
  facet normal -0 0 1
    outer loop
      vertex 30.405 -28.0434 6.1
      vertex 30.4697 -29.0303 6.1
      vertex 30.4697 -27.9697 6.1
    endloop
  endfacet
  facet normal 0 0 1
    outer loop
      vertex 30.405 -28.0434 6.1
      vertex 30.405 -28.9566 6.1
      vertex 30.4697 -29.0303 6.1
    endloop
  endfacet
  facet normal -0 0 1
    outer loop
      vertex 30.3505 -28.125 6.1
      vertex 30.405 -28.9566 6.1
      vertex 30.405 -28.0434 6.1
    endloop
  endfacet
  facet normal 0 0 1
    outer loop
      vertex 30.3505 -28.125 6.1
      vertex 30.3505 -28.875 6.1
      vertex 30.405 -28.9566 6.1
    endloop
  endfacet
  facet normal -0 0 1
    outer loop
      vertex 30.3071 -28.213 6.1
      vertex 30.3505 -28.875 6.1
      vertex 30.3505 -28.125 6.1
    endloop
  endfacet
  facet normal 0 0 1
    outer loop
      vertex 30.3071 -28.213 6.1
      vertex 30.3071 -28.787 6.1
      vertex 30.3505 -28.875 6.1
    endloop
  endfacet
  facet normal -0 0 1
    outer loop
      vertex 30.2756 -28.3059 6.1
      vertex 30.3071 -28.787 6.1
      vertex 30.3071 -28.213 6.1
    endloop
  endfacet
  facet normal 0 0 1
    outer loop
      vertex 30.2756 -28.3059 6.1
      vertex 30.2756 -28.6941 6.1
      vertex 30.3071 -28.787 6.1
    endloop
  endfacet
  facet normal -0 0 1
    outer loop
      vertex 30.2564 -28.4021 6.1
      vertex 30.2756 -28.6941 6.1
      vertex 30.2756 -28.3059 6.1
    endloop
  endfacet
  facet normal 0 0 1
    outer loop
      vertex 30.2564 -28.4021 6.1
      vertex 30.2564 -28.5979 6.1
      vertex 30.2756 -28.6941 6.1
    endloop
  endfacet
  facet normal 0 -0 1
    outer loop
      vertex 30.2564 -28.5979 6.1
      vertex 30.2564 -28.4021 6.1
      vertex 30.25 -28.5 6.1
    endloop
  endfacet
  facet normal -0.670365 -0.227206 0.706391
    outer loop
      vertex 30.3071 -28.787 6.1
      vertex 29.7926 -28.8235 5.6
      vertex 29.8451 -28.9784 5.6
    endloop
  endfacet
  facet normal 0.138538 0.694135 0.706388
    outer loop
      vertex 31.3235 -27.2926 5.6
      vertex 31.0979 -27.7564 6.1
      vertex 31.1941 -27.7756 6.1
    endloop
  endfacet
  facet normal 0.313443 -0.634679 0.706354
    outer loop
      vertex 31.625 -29.5825 5.6
      vertex 31.375 -29.1495 6.1
      vertex 31.4784 -29.6549 5.6
    endloop
  endfacet
  facet normal 0.670365 -0.227206 0.706391
    outer loop
      vertex 32.2074 -28.8235 5.6
      vertex 31.6929 -28.787 6.1
      vertex 32.1549 -28.9784 5.6
    endloop
  endfacet
  facet normal 0.393142 0.588632 0.706365
    outer loop
      vertex 31.761 -27.5083 5.6
      vertex 31.375 -27.8505 6.1
      vertex 31.4566 -27.905 6.1
    endloop
  endfacet
  facet normal -0.634805 0.313074 0.706405
    outer loop
      vertex 30.3505 -28.125 6.1
      vertex 29.8451 -28.0216 5.6
      vertex 30.3071 -28.213 6.1
    endloop
  endfacet
  facet normal 0.532144 0.466762 0.706368
    outer loop
      vertex 31.8839 -27.6161 5.6
      vertex 31.595 -28.0434 6.1
      vertex 31.9917 -27.739 5.6
    endloop
  endfacet
  facet normal 0.393142 -0.588632 0.706365
    outer loop
      vertex 31.4566 -29.095 6.1
      vertex 31.375 -29.1495 6.1
      vertex 31.761 -29.4917 5.6
    endloop
  endfacet
  facet normal -0.313443 -0.634679 0.706354
    outer loop
      vertex 30.625 -29.1495 6.1
      vertex 30.375 -29.5825 5.6
      vertex 30.5216 -29.6549 5.6
    endloop
  endfacet
  facet normal 0.393051 0.588711 0.70635
    outer loop
      vertex 31.625 -27.4175 5.6
      vertex 31.375 -27.8505 6.1
      vertex 31.761 -27.5083 5.6
    endloop
  endfacet
  facet normal -0.466961 0.531917 0.706407
    outer loop
      vertex 30.5434 -27.905 6.1
      vertex 30.1161 -27.6161 5.6
      vertex 30.4697 -27.9697 6.1
    endloop
  endfacet
  facet normal -0.670346 -0.227297 0.706379
    outer loop
      vertex 30.2756 -28.6941 6.1
      vertex 29.7926 -28.8235 5.6
      vertex 30.3071 -28.787 6.1
    endloop
  endfacet
  facet normal -0.588632 -0.393142 0.706365
    outer loop
      vertex 30.3505 -28.875 6.1
      vertex 30.0083 -29.261 5.6
      vertex 30.405 -28.9566 6.1
    endloop
  endfacet
  facet normal -0.634805 -0.313074 0.706405
    outer loop
      vertex 30.3071 -28.787 6.1
      vertex 29.8451 -28.9784 5.6
      vertex 30.3505 -28.875 6.1
    endloop
  endfacet
  facet normal -0.670346 0.227297 0.706379
    outer loop
      vertex 30.3071 -28.213 6.1
      vertex 29.7926 -28.1765 5.6
      vertex 30.2756 -28.3059 6.1
    endloop
  endfacet
  facet normal -0.138538 -0.694135 0.706388
    outer loop
      vertex 30.8059 -29.2244 6.1
      vertex 30.6765 -29.7074 5.6
      vertex 30.9021 -29.2436 6.1
    endloop
  endfacet
  facet normal 0.466762 0.532144 0.706368
    outer loop
      vertex 31.761 -27.5083 5.6
      vertex 31.4566 -27.905 6.1
      vertex 31.8839 -27.6161 5.6
    endloop
  endfacet
  facet normal -0.0463108 0.706348 0.706348
    outer loop
      vertex 31 -27.25 5.6
      vertex 30.8368 -27.2607 5.6
      vertex 31 -27.75 6.1
    endloop
  endfacet
  facet normal -0.393051 0.588711 0.70635
    outer loop
      vertex 30.375 -27.4175 5.6
      vertex 30.239 -27.5083 5.6
      vertex 30.625 -27.8505 6.1
    endloop
  endfacet
  facet normal -0.0461777 0.706374 0.70633
    outer loop
      vertex 31 -27.75 6.1
      vertex 30.8368 -27.2607 5.6
      vertex 30.9021 -27.7564 6.1
    endloop
  endfacet
  facet normal 0.0461777 -0.706374 0.70633
    outer loop
      vertex 31.0979 -29.2436 6.1
      vertex 31 -29.25 6.1
      vertex 31.1632 -29.7393 5.6
    endloop
  endfacet
  facet normal 0.588632 0.393142 0.706365
    outer loop
      vertex 31.9917 -27.739 5.6
      vertex 31.595 -28.0434 6.1
      vertex 31.6495 -28.125 6.1
    endloop
  endfacet
  facet normal -0.13816 0.694263 0.706336
    outer loop
      vertex 30.8368 -27.2607 5.6
      vertex 30.6765 -27.2926 5.6
      vertex 30.9021 -27.7564 6.1
    endloop
  endfacet
  facet normal 0.0461777 0.706374 0.70633
    outer loop
      vertex 31.1632 -27.2607 5.6
      vertex 31 -27.75 6.1
      vertex 31.0979 -27.7564 6.1
    endloop
  endfacet
  facet normal 0.466961 -0.531917 0.706407
    outer loop
      vertex 31.5303 -29.0303 6.1
      vertex 31.4566 -29.095 6.1
      vertex 31.8839 -29.3839 5.6
    endloop
  endfacet
  facet normal 0.694135 0.138538 0.706388
    outer loop
      vertex 32.2074 -28.1765 5.6
      vertex 31.7244 -28.3059 6.1
      vertex 31.7436 -28.4021 6.1
    endloop
  endfacet
  facet normal 0.694263 -0.13816 0.706336
    outer loop
      vertex 32.2393 -28.6632 5.6
      vertex 31.7436 -28.5979 6.1
      vertex 32.2074 -28.8235 5.6
    endloop
  endfacet
  facet normal 0.706374 -0.0461777 0.70633
    outer loop
      vertex 31.75 -28.5 6.1
      vertex 31.7436 -28.5979 6.1
      vertex 32.2393 -28.6632 5.6
    endloop
  endfacet
  facet normal 0.532144 -0.466762 0.706368
    outer loop
      vertex 31.9917 -29.261 5.6
      vertex 31.595 -28.9566 6.1
      vertex 31.8839 -29.3839 5.6
    endloop
  endfacet
  facet normal 0.466762 -0.532144 0.706368
    outer loop
      vertex 31.8839 -29.3839 5.6
      vertex 31.4566 -29.095 6.1
      vertex 31.761 -29.4917 5.6
    endloop
  endfacet
  facet normal 0.313074 0.634805 0.706405
    outer loop
      vertex 31.4784 -27.3451 5.6
      vertex 31.287 -27.8071 6.1
      vertex 31.375 -27.8505 6.1
    endloop
  endfacet
  facet normal -0.706374 -0.0461777 0.70633
    outer loop
      vertex 30.25 -28.5 6.1
      vertex 29.7607 -28.6632 5.6
      vertex 30.2564 -28.5979 6.1
    endloop
  endfacet
  facet normal -0.466762 -0.532144 0.706368
    outer loop
      vertex 30.5434 -29.095 6.1
      vertex 30.1161 -29.3839 5.6
      vertex 30.239 -29.4917 5.6
    endloop
  endfacet
  facet normal -0.227297 0.670346 0.706379
    outer loop
      vertex 30.8059 -27.7756 6.1
      vertex 30.6765 -27.2926 5.6
      vertex 30.713 -27.8071 6.1
    endloop
  endfacet
  facet normal -0.466961 -0.531917 0.706407
    outer loop
      vertex 30.4697 -29.0303 6.1
      vertex 30.1161 -29.3839 5.6
      vertex 30.5434 -29.095 6.1
    endloop
  endfacet
  facet normal -0.588711 0.393051 0.70635
    outer loop
      vertex 30.0083 -27.739 5.6
      vertex 29.9175 -27.875 5.6
      vertex 30.3505 -28.125 6.1
    endloop
  endfacet
  facet normal -0.634679 0.313443 0.706354
    outer loop
      vertex 29.9175 -27.875 5.6
      vertex 29.8451 -28.0216 5.6
      vertex 30.3505 -28.125 6.1
    endloop
  endfacet
  facet normal 0.588632 -0.393142 0.706365
    outer loop
      vertex 31.6495 -28.875 6.1
      vertex 31.595 -28.9566 6.1
      vertex 31.9917 -29.261 5.6
    endloop
  endfacet
  facet normal -0.393051 -0.588711 0.70635
    outer loop
      vertex 30.625 -29.1495 6.1
      vertex 30.239 -29.4917 5.6
      vertex 30.375 -29.5825 5.6
    endloop
  endfacet
  facet normal 0.0463108 -0.706348 0.706348
    outer loop
      vertex 31 -29.25 6.1
      vertex 31 -29.75 5.6
      vertex 31.1632 -29.7393 5.6
    endloop
  endfacet
  facet normal -0.0463108 -0.706348 0.706348
    outer loop
      vertex 31 -29.25 6.1
      vertex 30.8368 -29.7393 5.6
      vertex 31 -29.75 5.6
    endloop
  endfacet
  facet normal -0.588711 -0.393051 0.70635
    outer loop
      vertex 30.3505 -28.875 6.1
      vertex 29.9175 -29.125 5.6
      vertex 30.0083 -29.261 5.6
    endloop
  endfacet
  facet normal 0.706374 0.0461777 0.70633
    outer loop
      vertex 32.2393 -28.3368 5.6
      vertex 31.7436 -28.4021 6.1
      vertex 31.75 -28.5 6.1
    endloop
  endfacet
  facet normal 0.694135 -0.138538 0.706388
    outer loop
      vertex 31.7436 -28.5979 6.1
      vertex 31.7244 -28.6941 6.1
      vertex 32.2074 -28.8235 5.6
    endloop
  endfacet
  facet normal -0.532144 0.466762 0.706368
    outer loop
      vertex 30.1161 -27.6161 5.6
      vertex 30.0083 -27.739 5.6
      vertex 30.405 -28.0434 6.1
    endloop
  endfacet
  facet normal -0.13816 -0.694263 0.706336
    outer loop
      vertex 30.9021 -29.2436 6.1
      vertex 30.6765 -29.7074 5.6
      vertex 30.8368 -29.7393 5.6
    endloop
  endfacet
  facet normal -0.0461777 -0.706374 0.70633
    outer loop
      vertex 30.9021 -29.2436 6.1
      vertex 30.8368 -29.7393 5.6
      vertex 31 -29.25 6.1
    endloop
  endfacet
  facet normal -0.532144 -0.466762 0.706368
    outer loop
      vertex 30.405 -28.9566 6.1
      vertex 30.0083 -29.261 5.6
      vertex 30.1161 -29.3839 5.6
    endloop
  endfacet
  facet normal -0.393142 0.588632 0.706365
    outer loop
      vertex 30.625 -27.8505 6.1
      vertex 30.239 -27.5083 5.6
      vertex 30.5434 -27.905 6.1
    endloop
  endfacet
  facet normal -0.227297 -0.670346 0.706379
    outer loop
      vertex 30.713 -29.1929 6.1
      vertex 30.6765 -29.7074 5.6
      vertex 30.8059 -29.2244 6.1
    endloop
  endfacet
  facet normal -0.227206 -0.670365 0.706391
    outer loop
      vertex 30.713 -29.1929 6.1
      vertex 30.5216 -29.6549 5.6
      vertex 30.6765 -29.7074 5.6
    endloop
  endfacet
  facet normal 0.321335 -0.946966 0
    outer loop
      vertex 31.9059 25.1193 1.2
      vertex 32.3394 25.2664 3
      vertex 31.9059 25.1193 3
    endloop
  endfacet
  facet normal 0.321335 -0.946966 0
    outer loop
      vertex 32.3394 25.2664 3
      vertex 31.9059 25.1193 1.2
      vertex 32.3394 25.2664 1.2
    endloop
  endfacet
  facet normal 0.831445 0.555607 0
    outer loop
      vertex 34.0311 30.25 3
      vertex 33.7767 30.6307 1.2
      vertex 33.7767 30.6307 3
    endloop
  endfacet
  facet normal 0.831445 0.555607 0
    outer loop
      vertex 33.7767 30.6307 1.2
      vertex 34.0311 30.25 3
      vertex 34.0311 30.25 1.2
    endloop
  endfacet
  facet normal -0.89686 0.442314 0
    outer loop
      vertex 27.7664 29.8394 1.2
      vertex 27.9689 30.25 3
      vertex 27.9689 30.25 1.2
    endloop
  endfacet
  facet normal -0.89686 0.442314 0
    outer loop
      vertex 27.9689 30.25 3
      vertex 27.7664 29.8394 1.2
      vertex 27.7664 29.8394 3
    endloop
  endfacet
  facet normal -0.555607 0.831445 0
    outer loop
      vertex 29.25 31.5311 1.2
      vertex 28.8693 31.2767 3
      vertex 29.25 31.5311 3
    endloop
  endfacet
  facet normal -0.555607 0.831445 0
    outer loop
      vertex 28.8693 31.2767 3
      vertex 29.25 31.5311 1.2
      vertex 28.8693 31.2767 1.2
    endloop
  endfacet
  facet normal -0.659278 0.7519 0
    outer loop
      vertex 28.8693 31.2767 1.2
      vertex 28.5251 30.9749 3
      vertex 28.8693 31.2767 3
    endloop
  endfacet
  facet normal -0.659278 0.7519 0
    outer loop
      vertex 28.5251 30.9749 3
      vertex 28.8693 31.2767 1.2
      vertex 28.5251 30.9749 1.2
    endloop
  endfacet
  facet normal -0.7519 0.659278 0
    outer loop
      vertex 28.2233 30.6307 1.2
      vertex 28.5251 30.9749 3
      vertex 28.5251 30.9749 1.2
    endloop
  endfacet
  facet normal -0.7519 0.659278 0
    outer loop
      vertex 28.5251 30.9749 3
      vertex 28.2233 30.6307 1.2
      vertex 28.2233 30.6307 3
    endloop
  endfacet
  facet normal -0.997865 0.0653156 0
    outer loop
      vertex 27.5 28.5 1.2
      vertex 27.5299 28.9568 3
      vertex 27.5299 28.9568 1.2
    endloop
  endfacet
  facet normal -0.997865 0.0653156 0
    outer loop
      vertex 27.5299 28.9568 3
      vertex 27.5 28.5 1.2
      vertex 27.5 28.5 3
    endloop
  endfacet
  facet normal 0.555607 0.831445 -0
    outer loop
      vertex 33.1307 31.2767 1.2
      vertex 32.75 31.5311 3
      vertex 33.1307 31.2767 3
    endloop
  endfacet
  facet normal 0.555607 0.831445 0
    outer loop
      vertex 32.75 31.5311 3
      vertex 33.1307 31.2767 1.2
      vertex 32.75 31.5311 1.2
    endloop
  endfacet
  facet normal -0.321335 -0.946966 0
    outer loop
      vertex 29.6606 25.2664 1.2
      vertex 30.0941 25.1193 3
      vertex 29.6606 25.2664 3
    endloop
  endfacet
  facet normal -0.321335 -0.946966 -0
    outer loop
      vertex 30.0941 25.1193 3
      vertex 29.6606 25.2664 1.2
      vertex 30.0941 25.1193 1.2
    endloop
  endfacet
  facet normal -0.7519 -0.659278 0
    outer loop
      vertex 28.5251 26.0251 1.2
      vertex 28.2233 26.3693 3
      vertex 28.2233 26.3693 1.2
    endloop
  endfacet
  facet normal -0.7519 -0.659278 0
    outer loop
      vertex 28.2233 26.3693 3
      vertex 28.5251 26.0251 1.2
      vertex 28.5251 26.0251 3
    endloop
  endfacet
  facet normal 0.195234 -0.980757 0
    outer loop
      vertex 31.4568 25.0299 1.2
      vertex 31.9059 25.1193 3
      vertex 31.4568 25.0299 3
    endloop
  endfacet
  facet normal 0.195234 -0.980757 0
    outer loop
      vertex 31.9059 25.1193 3
      vertex 31.4568 25.0299 1.2
      vertex 31.9059 25.1193 1.2
    endloop
  endfacet
  facet normal -0.321335 0.946966 0
    outer loop
      vertex 30.0941 31.8807 1.2
      vertex 29.6606 31.7336 3
      vertex 30.0941 31.8807 3
    endloop
  endfacet
  facet normal -0.321335 0.946966 0
    outer loop
      vertex 29.6606 31.7336 3
      vertex 30.0941 31.8807 1.2
      vertex 29.6606 31.7336 1.2
    endloop
  endfacet
  facet normal -0.831445 -0.555607 0
    outer loop
      vertex 28.2233 26.3693 1.2
      vertex 27.9689 26.75 3
      vertex 27.9689 26.75 1.2
    endloop
  endfacet
  facet normal -0.831445 -0.555607 0
    outer loop
      vertex 27.9689 26.75 3
      vertex 28.2233 26.3693 1.2
      vertex 28.2233 26.3693 3
    endloop
  endfacet
  facet normal 0.555607 -0.831445 0
    outer loop
      vertex 32.75 25.4689 1.2
      vertex 33.1307 25.7233 3
      vertex 32.75 25.4689 3
    endloop
  endfacet
  facet normal 0.555607 -0.831445 0
    outer loop
      vertex 33.1307 25.7233 3
      vertex 32.75 25.4689 1.2
      vertex 33.1307 25.7233 1.2
    endloop
  endfacet
  facet normal -0.946966 0.321335 0
    outer loop
      vertex 27.6193 29.4059 1.2
      vertex 27.7664 29.8394 3
      vertex 27.7664 29.8394 1.2
    endloop
  endfacet
  facet normal -0.946966 0.321335 0
    outer loop
      vertex 27.7664 29.8394 3
      vertex 27.6193 29.4059 1.2
      vertex 27.6193 29.4059 3
    endloop
  endfacet
  facet normal 0.321335 0.946966 -0
    outer loop
      vertex 32.3394 31.7336 1.2
      vertex 31.9059 31.8807 3
      vertex 32.3394 31.7336 3
    endloop
  endfacet
  facet normal 0.321335 0.946966 0
    outer loop
      vertex 31.9059 31.8807 3
      vertex 32.3394 31.7336 1.2
      vertex 31.9059 31.8807 1.2
    endloop
  endfacet
  facet normal 0.0653156 0.997865 -0
    outer loop
      vertex 31.4568 31.9701 1.2
      vertex 31 32 3
      vertex 31.4568 31.9701 3
    endloop
  endfacet
  facet normal 0.0653156 0.997865 0
    outer loop
      vertex 31 32 3
      vertex 31.4568 31.9701 1.2
      vertex 31 32 1.2
    endloop
  endfacet
  facet normal -0.442314 0.89686 0
    outer loop
      vertex 29.6606 31.7336 1.2
      vertex 29.25 31.5311 3
      vertex 29.6606 31.7336 3
    endloop
  endfacet
  facet normal -0.442314 0.89686 0
    outer loop
      vertex 29.25 31.5311 3
      vertex 29.6606 31.7336 1.2
      vertex 29.25 31.5311 1.2
    endloop
  endfacet
  facet normal 0.831445 -0.555607 0
    outer loop
      vertex 33.7767 26.3693 3
      vertex 34.0311 26.75 1.2
      vertex 34.0311 26.75 3
    endloop
  endfacet
  facet normal 0.831445 -0.555607 0
    outer loop
      vertex 34.0311 26.75 1.2
      vertex 33.7767 26.3693 3
      vertex 33.7767 26.3693 1.2
    endloop
  endfacet
  facet normal -0.997865 -0.0653156 0
    outer loop
      vertex 27.5299 28.0432 1.2
      vertex 27.5 28.5 3
      vertex 27.5 28.5 1.2
    endloop
  endfacet
  facet normal -0.997865 -0.0653156 0
    outer loop
      vertex 27.5 28.5 3
      vertex 27.5299 28.0432 1.2
      vertex 27.5299 28.0432 3
    endloop
  endfacet
  facet normal -0.946966 -0.321335 0
    outer loop
      vertex 27.7664 27.1606 1.2
      vertex 27.6193 27.5941 3
      vertex 27.6193 27.5941 1.2
    endloop
  endfacet
  facet normal -0.946966 -0.321335 0
    outer loop
      vertex 27.6193 27.5941 3
      vertex 27.7664 27.1606 1.2
      vertex 27.7664 27.1606 3
    endloop
  endfacet
  facet normal -0.659278 -0.7519 0
    outer loop
      vertex 28.5251 26.0251 1.2
      vertex 28.8693 25.7233 3
      vertex 28.5251 26.0251 3
    endloop
  endfacet
  facet normal -0.659278 -0.7519 -0
    outer loop
      vertex 28.8693 25.7233 3
      vertex 28.5251 26.0251 1.2
      vertex 28.8693 25.7233 1.2
    endloop
  endfacet
  facet normal 0.442314 0.89686 -0
    outer loop
      vertex 32.75 31.5311 1.2
      vertex 32.3394 31.7336 3
      vertex 32.75 31.5311 3
    endloop
  endfacet
  facet normal 0.442314 0.89686 0
    outer loop
      vertex 32.3394 31.7336 3
      vertex 32.75 31.5311 1.2
      vertex 32.3394 31.7336 1.2
    endloop
  endfacet
  facet normal -0.195234 0.980757 0
    outer loop
      vertex 30.5432 31.9701 1.2
      vertex 30.0941 31.8807 3
      vertex 30.5432 31.9701 3
    endloop
  endfacet
  facet normal -0.195234 0.980757 0
    outer loop
      vertex 30.0941 31.8807 3
      vertex 30.5432 31.9701 1.2
      vertex 30.0941 31.8807 1.2
    endloop
  endfacet
  facet normal 0.7519 0.659278 0
    outer loop
      vertex 33.7767 30.6307 3
      vertex 33.4749 30.9749 1.2
      vertex 33.4749 30.9749 3
    endloop
  endfacet
  facet normal 0.7519 0.659278 0
    outer loop
      vertex 33.4749 30.9749 1.2
      vertex 33.7767 30.6307 3
      vertex 33.7767 30.6307 1.2
    endloop
  endfacet
  facet normal 0.195234 0.980757 -0
    outer loop
      vertex 31.9059 31.8807 1.2
      vertex 31.4568 31.9701 3
      vertex 31.9059 31.8807 3
    endloop
  endfacet
  facet normal 0.195234 0.980757 0
    outer loop
      vertex 31.4568 31.9701 3
      vertex 31.9059 31.8807 1.2
      vertex 31.4568 31.9701 1.2
    endloop
  endfacet
  facet normal 0.7519 -0.659278 0
    outer loop
      vertex 33.4749 26.0251 3
      vertex 33.7767 26.3693 1.2
      vertex 33.7767 26.3693 3
    endloop
  endfacet
  facet normal 0.7519 -0.659278 0
    outer loop
      vertex 33.7767 26.3693 1.2
      vertex 33.4749 26.0251 3
      vertex 33.4749 26.0251 1.2
    endloop
  endfacet
  facet normal -0.442314 -0.89686 0
    outer loop
      vertex 29.25 25.4689 1.2
      vertex 29.6606 25.2664 3
      vertex 29.25 25.4689 3
    endloop
  endfacet
  facet normal -0.442314 -0.89686 -0
    outer loop
      vertex 29.6606 25.2664 3
      vertex 29.25 25.4689 1.2
      vertex 29.6606 25.2664 1.2
    endloop
  endfacet
  facet normal -0.980757 0.195234 0
    outer loop
      vertex 27.5299 28.9568 1.2
      vertex 27.6193 29.4059 3
      vertex 27.6193 29.4059 1.2
    endloop
  endfacet
  facet normal -0.980757 0.195234 0
    outer loop
      vertex 27.6193 29.4059 3
      vertex 27.5299 28.9568 1.2
      vertex 27.5299 28.9568 3
    endloop
  endfacet
  facet normal 0.0653156 -0.997865 0
    outer loop
      vertex 31 25 1.2
      vertex 31.4568 25.0299 3
      vertex 31 25 3
    endloop
  endfacet
  facet normal 0.0653156 -0.997865 0
    outer loop
      vertex 31.4568 25.0299 3
      vertex 31 25 1.2
      vertex 31.4568 25.0299 1.2
    endloop
  endfacet
  facet normal 0.442314 -0.89686 0
    outer loop
      vertex 32.3394 25.2664 1.2
      vertex 32.75 25.4689 3
      vertex 32.3394 25.2664 3
    endloop
  endfacet
  facet normal 0.442314 -0.89686 0
    outer loop
      vertex 32.75 25.4689 3
      vertex 32.3394 25.2664 1.2
      vertex 32.75 25.4689 1.2
    endloop
  endfacet
  facet normal 0.659278 -0.7519 0
    outer loop
      vertex 33.1307 25.7233 1.2
      vertex 33.4749 26.0251 3
      vertex 33.1307 25.7233 3
    endloop
  endfacet
  facet normal 0.659278 -0.7519 0
    outer loop
      vertex 33.4749 26.0251 3
      vertex 33.1307 25.7233 1.2
      vertex 33.4749 26.0251 1.2
    endloop
  endfacet
  facet normal -0.89686 -0.442314 0
    outer loop
      vertex 27.9689 26.75 1.2
      vertex 27.7664 27.1606 3
      vertex 27.7664 27.1606 1.2
    endloop
  endfacet
  facet normal -0.89686 -0.442314 0
    outer loop
      vertex 27.7664 27.1606 3
      vertex 27.9689 26.75 1.2
      vertex 27.9689 26.75 3
    endloop
  endfacet
  facet normal 0.896853 -0.442328 0
    outer loop
      vertex 34.0311 26.75 3
      vertex 34.1 26.8897 1.2
      vertex 34.1 26.8897 3
    endloop
  endfacet
  facet normal 0.896853 -0.442328 0
    outer loop
      vertex 34.1 26.8897 1.2
      vertex 34.0311 26.75 3
      vertex 34.0311 26.75 1.2
    endloop
  endfacet
  facet normal 0.659278 0.7519 -0
    outer loop
      vertex 33.4749 30.9749 1.2
      vertex 33.1307 31.2767 3
      vertex 33.4749 30.9749 3
    endloop
  endfacet
  facet normal 0.659278 0.7519 0
    outer loop
      vertex 33.1307 31.2767 3
      vertex 33.4749 30.9749 1.2
      vertex 33.1307 31.2767 1.2
    endloop
  endfacet
  facet normal -0.555607 -0.831445 0
    outer loop
      vertex 28.8693 25.7233 1.2
      vertex 29.25 25.4689 3
      vertex 28.8693 25.7233 3
    endloop
  endfacet
  facet normal -0.555607 -0.831445 -0
    outer loop
      vertex 29.25 25.4689 3
      vertex 28.8693 25.7233 1.2
      vertex 29.25 25.4689 1.2
    endloop
  endfacet
  facet normal 0.896853 0.442328 0
    outer loop
      vertex 34.1 30.1103 3
      vertex 34.0311 30.25 1.2
      vertex 34.0311 30.25 3
    endloop
  endfacet
  facet normal 0.896853 0.442328 0
    outer loop
      vertex 34.0311 30.25 1.2
      vertex 34.1 30.1103 3
      vertex 34.1 30.1103 1.2
    endloop
  endfacet
  facet normal -0.0653156 0.997865 0
    outer loop
      vertex 31 32 1.2
      vertex 30.5432 31.9701 3
      vertex 31 32 3
    endloop
  endfacet
  facet normal -0.0653156 0.997865 0
    outer loop
      vertex 30.5432 31.9701 3
      vertex 31 32 1.2
      vertex 30.5432 31.9701 1.2
    endloop
  endfacet
  facet normal -0.980757 -0.195234 0
    outer loop
      vertex 27.6193 27.5941 1.2
      vertex 27.5299 28.0432 3
      vertex 27.5299 28.0432 1.2
    endloop
  endfacet
  facet normal -0.980757 -0.195234 0
    outer loop
      vertex 27.5299 28.0432 3
      vertex 27.6193 27.5941 1.2
      vertex 27.6193 27.5941 3
    endloop
  endfacet
  facet normal 0 0 1
    outer loop
      vertex 32.0825 29.125 3
      vertex 34.1 30.1103 3
      vertex 34.0311 30.25 3
    endloop
  endfacet
  facet normal 0 0 1
    outer loop
      vertex 34.1 30.1103 3
      vertex 32.25 28.5 3
      vertex 34.1 26.8897 3
    endloop
  endfacet
  facet normal 0 0 1
    outer loop
      vertex 32.0825 29.125 3
      vertex 34.0311 30.25 3
      vertex 33.7767 30.6307 3
    endloop
  endfacet
  facet normal -0 0 1
    outer loop
      vertex 32.2393 28.3368 3
      vertex 34.1 26.8897 3
      vertex 32.25 28.5 3
    endloop
  endfacet
  facet normal 0 0 1
    outer loop
      vertex 31.9917 29.261 3
      vertex 33.7767 30.6307 3
      vertex 33.4749 30.9749 3
    endloop
  endfacet
  facet normal -0 0 1
    outer loop
      vertex 32.2074 28.1765 3
      vertex 34.1 26.8897 3
      vertex 32.2393 28.3368 3
    endloop
  endfacet
  facet normal 0 0 1
    outer loop
      vertex 31.8839 29.3839 3
      vertex 33.4749 30.9749 3
      vertex 33.1307 31.2767 3
    endloop
  endfacet
  facet normal -0 0 1
    outer loop
      vertex 32.1549 28.0216 3
      vertex 34.1 26.8897 3
      vertex 32.2074 28.1765 3
    endloop
  endfacet
  facet normal 0 0 1
    outer loop
      vertex 31.761 29.4917 3
      vertex 33.1307 31.2767 3
      vertex 32.75 31.5311 3
    endloop
  endfacet
  facet normal -0 0 1
    outer loop
      vertex 32.0825 27.875 3
      vertex 34.1 26.8897 3
      vertex 32.1549 28.0216 3
    endloop
  endfacet
  facet normal 0 0 1
    outer loop
      vertex 31.625 29.5825 3
      vertex 32.75 31.5311 3
      vertex 32.3394 31.7336 3
    endloop
  endfacet
  facet normal 0 0 1
    outer loop
      vertex 34.1 26.8897 3
      vertex 32.0825 27.875 3
      vertex 34.0311 26.75 3
    endloop
  endfacet
  facet normal 0 0 1
    outer loop
      vertex 34.0311 26.75 3
      vertex 32.0825 27.875 3
      vertex 33.7767 26.3693 3
    endloop
  endfacet
  facet normal 0 0 1
    outer loop
      vertex 34.1 30.1103 3
      vertex 32.2393 28.6632 3
      vertex 32.25 28.5 3
    endloop
  endfacet
  facet normal 0 0 1
    outer loop
      vertex 34.1 30.1103 3
      vertex 32.2074 28.8235 3
      vertex 32.2393 28.6632 3
    endloop
  endfacet
  facet normal 0 0 1
    outer loop
      vertex 34.1 30.1103 3
      vertex 32.1549 28.9784 3
      vertex 32.2074 28.8235 3
    endloop
  endfacet
  facet normal 0 0 1
    outer loop
      vertex 34.1 30.1103 3
      vertex 32.0825 29.125 3
      vertex 32.1549 28.9784 3
    endloop
  endfacet
  facet normal 0 0 1
    outer loop
      vertex 33.7767 30.6307 3
      vertex 31.9917 29.261 3
      vertex 32.0825 29.125 3
    endloop
  endfacet
  facet normal 0 0 1
    outer loop
      vertex 31.4784 29.6549 3
      vertex 32.3394 31.7336 3
      vertex 31.9059 31.8807 3
    endloop
  endfacet
  facet normal 0 0 1
    outer loop
      vertex 33.4749 30.9749 3
      vertex 31.8839 29.3839 3
      vertex 31.9917 29.261 3
    endloop
  endfacet
  facet normal 0 0 1
    outer loop
      vertex 33.1307 31.2767 3
      vertex 31.761 29.4917 3
      vertex 31.8839 29.3839 3
    endloop
  endfacet
  facet normal 0 0 1
    outer loop
      vertex 32.75 31.5311 3
      vertex 31.625 29.5825 3
      vertex 31.761 29.4917 3
    endloop
  endfacet
  facet normal 0 0 1
    outer loop
      vertex 32.3394 31.7336 3
      vertex 31.4784 29.6549 3
      vertex 31.625 29.5825 3
    endloop
  endfacet
  facet normal 0 0 1
    outer loop
      vertex 31.3235 29.7074 3
      vertex 31.9059 31.8807 3
      vertex 31.4568 31.9701 3
    endloop
  endfacet
  facet normal 0 0 1
    outer loop
      vertex 31.9059 31.8807 3
      vertex 31.3235 29.7074 3
      vertex 31.4784 29.6549 3
    endloop
  endfacet
  facet normal 0 0 1
    outer loop
      vertex 31.4568 31.9701 3
      vertex 31.1632 29.7393 3
      vertex 31.3235 29.7074 3
    endloop
  endfacet
  facet normal 0 0 1
    outer loop
      vertex 31 32 3
      vertex 31.1632 29.7393 3
      vertex 31.4568 31.9701 3
    endloop
  endfacet
  facet normal 0 0 1
    outer loop
      vertex 31 32 3
      vertex 31 29.75 3
      vertex 31.1632 29.7393 3
    endloop
  endfacet
  facet normal 0 0 1
    outer loop
      vertex 31 32 3
      vertex 30.8368 29.7393 3
      vertex 31 29.75 3
    endloop
  endfacet
  facet normal -0 0 1
    outer loop
      vertex 30.5432 31.9701 3
      vertex 30.8368 29.7393 3
      vertex 31 32 3
    endloop
  endfacet
  facet normal 0 0 1
    outer loop
      vertex 30.8368 29.7393 3
      vertex 30.5432 31.9701 3
      vertex 30.6765 29.7074 3
    endloop
  endfacet
  facet normal -0 0 1
    outer loop
      vertex 30.0941 31.8807 3
      vertex 30.6765 29.7074 3
      vertex 30.5432 31.9701 3
    endloop
  endfacet
  facet normal 0 0 1
    outer loop
      vertex 30.6765 29.7074 3
      vertex 30.0941 31.8807 3
      vertex 30.5216 29.6549 3
    endloop
  endfacet
  facet normal -0 0 1
    outer loop
      vertex 29.6606 31.7336 3
      vertex 30.5216 29.6549 3
      vertex 30.0941 31.8807 3
    endloop
  endfacet
  facet normal 0 0 1
    outer loop
      vertex 30.5216 29.6549 3
      vertex 29.6606 31.7336 3
      vertex 30.375 29.5825 3
    endloop
  endfacet
  facet normal -0 0 1
    outer loop
      vertex 29.25 31.5311 3
      vertex 30.375 29.5825 3
      vertex 29.6606 31.7336 3
    endloop
  endfacet
  facet normal 0 0 1
    outer loop
      vertex 30.375 29.5825 3
      vertex 29.25 31.5311 3
      vertex 30.239 29.4917 3
    endloop
  endfacet
  facet normal -0 0 1
    outer loop
      vertex 28.8693 31.2767 3
      vertex 30.239 29.4917 3
      vertex 29.25 31.5311 3
    endloop
  endfacet
  facet normal 0 0 1
    outer loop
      vertex 30.239 29.4917 3
      vertex 28.8693 31.2767 3
      vertex 30.1161 29.3839 3
    endloop
  endfacet
  facet normal -0 0 1
    outer loop
      vertex 28.5251 30.9749 3
      vertex 30.1161 29.3839 3
      vertex 28.8693 31.2767 3
    endloop
  endfacet
  facet normal 0 0 1
    outer loop
      vertex 30.1161 29.3839 3
      vertex 28.5251 30.9749 3
      vertex 30.0083 29.261 3
    endloop
  endfacet
  facet normal 0 0 1
    outer loop
      vertex 30.0083 29.261 3
      vertex 28.2233 30.6307 3
      vertex 29.9175 29.125 3
    endloop
  endfacet
  facet normal -0 0 1
    outer loop
      vertex 28.2233 30.6307 3
      vertex 30.0083 29.261 3
      vertex 28.5251 30.9749 3
    endloop
  endfacet
  facet normal -0 0 1
    outer loop
      vertex 31.9917 27.739 3
      vertex 33.7767 26.3693 3
      vertex 32.0825 27.875 3
    endloop
  endfacet
  facet normal 0 0 1
    outer loop
      vertex 33.7767 26.3693 3
      vertex 31.9917 27.739 3
      vertex 33.4749 26.0251 3
    endloop
  endfacet
  facet normal -0 0 1
    outer loop
      vertex 31.8839 27.6161 3
      vertex 33.4749 26.0251 3
      vertex 31.9917 27.739 3
    endloop
  endfacet
  facet normal 0 0 1
    outer loop
      vertex 33.4749 26.0251 3
      vertex 31.8839 27.6161 3
      vertex 33.1307 25.7233 3
    endloop
  endfacet
  facet normal -0 0 1
    outer loop
      vertex 31.761 27.5083 3
      vertex 33.1307 25.7233 3
      vertex 31.8839 27.6161 3
    endloop
  endfacet
  facet normal 0 0 1
    outer loop
      vertex 33.1307 25.7233 3
      vertex 31.761 27.5083 3
      vertex 32.75 25.4689 3
    endloop
  endfacet
  facet normal -0 0 1
    outer loop
      vertex 31.625 27.4175 3
      vertex 32.75 25.4689 3
      vertex 31.761 27.5083 3
    endloop
  endfacet
  facet normal 0 0 1
    outer loop
      vertex 32.75 25.4689 3
      vertex 31.625 27.4175 3
      vertex 32.3394 25.2664 3
    endloop
  endfacet
  facet normal -0 0 1
    outer loop
      vertex 31.4784 27.3451 3
      vertex 32.3394 25.2664 3
      vertex 31.625 27.4175 3
    endloop
  endfacet
  facet normal 0 0 1
    outer loop
      vertex 32.3394 25.2664 3
      vertex 31.4784 27.3451 3
      vertex 31.9059 25.1193 3
    endloop
  endfacet
  facet normal -0 0 1
    outer loop
      vertex 31.3235 27.2926 3
      vertex 31.9059 25.1193 3
      vertex 31.4784 27.3451 3
    endloop
  endfacet
  facet normal 0 0 1
    outer loop
      vertex 31.9059 25.1193 3
      vertex 31.3235 27.2926 3
      vertex 31.4568 25.0299 3
    endloop
  endfacet
  facet normal -0 0 1
    outer loop
      vertex 31.1632 27.2607 3
      vertex 31.4568 25.0299 3
      vertex 31.3235 27.2926 3
    endloop
  endfacet
  facet normal -0 0 1
    outer loop
      vertex 31 27.25 3
      vertex 31.4568 25.0299 3
      vertex 31.1632 27.2607 3
    endloop
  endfacet
  facet normal 0 0 1
    outer loop
      vertex 31 27.25 3
      vertex 31 25 3
      vertex 31.4568 25.0299 3
    endloop
  endfacet
  facet normal 0 0 1
    outer loop
      vertex 30.8368 27.2607 3
      vertex 31 25 3
      vertex 31 27.25 3
    endloop
  endfacet
  facet normal 0 0 1
    outer loop
      vertex 30.5432 25.0299 3
      vertex 30.8368 27.2607 3
      vertex 30.6765 27.2926 3
    endloop
  endfacet
  facet normal 0 0 1
    outer loop
      vertex 30.8368 27.2607 3
      vertex 30.5432 25.0299 3
      vertex 31 25 3
    endloop
  endfacet
  facet normal 0 0 1
    outer loop
      vertex 30.0941 25.1193 3
      vertex 30.6765 27.2926 3
      vertex 30.5216 27.3451 3
    endloop
  endfacet
  facet normal 0 0 1
    outer loop
      vertex 29.6606 25.2664 3
      vertex 30.5216 27.3451 3
      vertex 30.375 27.4175 3
    endloop
  endfacet
  facet normal 0 0 1
    outer loop
      vertex 29.25 25.4689 3
      vertex 30.375 27.4175 3
      vertex 30.239 27.5083 3
    endloop
  endfacet
  facet normal 0 0 1
    outer loop
      vertex 28.8693 25.7233 3
      vertex 30.239 27.5083 3
      vertex 30.1161 27.6161 3
    endloop
  endfacet
  facet normal 0 0 1
    outer loop
      vertex 30.6765 27.2926 3
      vertex 30.0941 25.1193 3
      vertex 30.5432 25.0299 3
    endloop
  endfacet
  facet normal 0 0 1
    outer loop
      vertex 28.5251 26.0251 3
      vertex 30.1161 27.6161 3
      vertex 30.0083 27.739 3
    endloop
  endfacet
  facet normal 0 0 1
    outer loop
      vertex 28.2233 26.3693 3
      vertex 30.0083 27.739 3
      vertex 29.9175 27.875 3
    endloop
  endfacet
  facet normal 0 0 1
    outer loop
      vertex 27.9689 26.75 3
      vertex 29.9175 27.875 3
      vertex 29.8451 28.0216 3
    endloop
  endfacet
  facet normal 0 0 1
    outer loop
      vertex 27.7664 27.1606 3
      vertex 29.8451 28.0216 3
      vertex 29.7926 28.1765 3
    endloop
  endfacet
  facet normal 0 0 1
    outer loop
      vertex 27.6193 27.5941 3
      vertex 29.7926 28.1765 3
      vertex 29.7607 28.3368 3
    endloop
  endfacet
  facet normal 0 0 1
    outer loop
      vertex 30.5216 27.3451 3
      vertex 29.6606 25.2664 3
      vertex 30.0941 25.1193 3
    endloop
  endfacet
  facet normal 0 0 1
    outer loop
      vertex 27.5299 28.0432 3
      vertex 29.7607 28.3368 3
      vertex 29.75 28.5 3
    endloop
  endfacet
  facet normal -0 0 1
    outer loop
      vertex 27.9689 30.25 3
      vertex 29.9175 29.125 3
      vertex 28.2233 30.6307 3
    endloop
  endfacet
  facet normal 0 0 1
    outer loop
      vertex 29.9175 29.125 3
      vertex 27.9689 30.25 3
      vertex 29.8451 28.9784 3
    endloop
  endfacet
  facet normal 0 0 1
    outer loop
      vertex 30.375 27.4175 3
      vertex 29.25 25.4689 3
      vertex 29.6606 25.2664 3
    endloop
  endfacet
  facet normal -0 0 1
    outer loop
      vertex 27.7664 29.8394 3
      vertex 29.8451 28.9784 3
      vertex 27.9689 30.25 3
    endloop
  endfacet
  facet normal 0 0 1
    outer loop
      vertex 30.239 27.5083 3
      vertex 28.8693 25.7233 3
      vertex 29.25 25.4689 3
    endloop
  endfacet
  facet normal 0 0 1
    outer loop
      vertex 29.8451 28.9784 3
      vertex 27.7664 29.8394 3
      vertex 29.7926 28.8235 3
    endloop
  endfacet
  facet normal 0 0 1
    outer loop
      vertex 30.1161 27.6161 3
      vertex 28.5251 26.0251 3
      vertex 28.8693 25.7233 3
    endloop
  endfacet
  facet normal -0 0 1
    outer loop
      vertex 27.6193 29.4059 3
      vertex 29.7926 28.8235 3
      vertex 27.7664 29.8394 3
    endloop
  endfacet
  facet normal 0 0 1
    outer loop
      vertex 30.0083 27.739 3
      vertex 28.2233 26.3693 3
      vertex 28.5251 26.0251 3
    endloop
  endfacet
  facet normal 0 0 1
    outer loop
      vertex 29.7926 28.8235 3
      vertex 27.6193 29.4059 3
      vertex 29.7607 28.6632 3
    endloop
  endfacet
  facet normal 0 0 1
    outer loop
      vertex 29.9175 27.875 3
      vertex 27.9689 26.75 3
      vertex 28.2233 26.3693 3
    endloop
  endfacet
  facet normal -0 0 1
    outer loop
      vertex 27.5299 28.9568 3
      vertex 29.7607 28.6632 3
      vertex 27.6193 29.4059 3
    endloop
  endfacet
  facet normal 0 0 1
    outer loop
      vertex 29.8451 28.0216 3
      vertex 27.7664 27.1606 3
      vertex 27.9689 26.75 3
    endloop
  endfacet
  facet normal 0 0 1
    outer loop
      vertex 29.7607 28.6632 3
      vertex 27.5299 28.9568 3
      vertex 29.75 28.5 3
    endloop
  endfacet
  facet normal 0 0 1
    outer loop
      vertex 29.7926 28.1765 3
      vertex 27.6193 27.5941 3
      vertex 27.7664 27.1606 3
    endloop
  endfacet
  facet normal 0 0 1
    outer loop
      vertex 27.5 28.5 3
      vertex 29.75 28.5 3
      vertex 27.5299 28.9568 3
    endloop
  endfacet
  facet normal 0 0 1
    outer loop
      vertex 29.7607 28.3368 3
      vertex 27.5299 28.0432 3
      vertex 27.6193 27.5941 3
    endloop
  endfacet
  facet normal 0 0 1
    outer loop
      vertex 29.75 28.5 3
      vertex 27.5 28.5 3
      vertex 27.5299 28.0432 3
    endloop
  endfacet
  facet normal -0.195234 -0.980757 0
    outer loop
      vertex 30.0941 25.1193 1.2
      vertex 30.5432 25.0299 3
      vertex 30.0941 25.1193 3
    endloop
  endfacet
  facet normal -0.195234 -0.980757 -0
    outer loop
      vertex 30.5432 25.0299 3
      vertex 30.0941 25.1193 1.2
      vertex 30.5432 25.0299 1.2
    endloop
  endfacet
  facet normal -0.831445 0.555607 0
    outer loop
      vertex 27.9689 30.25 1.2
      vertex 28.2233 30.6307 3
      vertex 28.2233 30.6307 1.2
    endloop
  endfacet
  facet normal -0.831445 0.555607 0
    outer loop
      vertex 28.2233 30.6307 3
      vertex 27.9689 30.25 1.2
      vertex 27.9689 30.25 3
    endloop
  endfacet
  facet normal -0.0653156 -0.997865 0
    outer loop
      vertex 30.5432 25.0299 1.2
      vertex 31 25 3
      vertex 30.5432 25.0299 3
    endloop
  endfacet
  facet normal -0.0653156 -0.997865 -0
    outer loop
      vertex 31 25 3
      vertex 30.5432 25.0299 1.2
      vertex 31 25 1.2
    endloop
  endfacet
  facet normal 0.980768 -0.195175 0
    outer loop
      vertex 32.2074 28.1765 5.6
      vertex 32.2393 28.3368 3
      vertex 32.2393 28.3368 5.6
    endloop
  endfacet
  facet normal 0.980768 -0.195175 0
    outer loop
      vertex 32.2393 28.3368 3
      vertex 32.2074 28.1765 5.6
      vertex 32.2074 28.1765 3
    endloop
  endfacet
  facet normal 0.980768 0.195175 0
    outer loop
      vertex 32.2393 28.6632 5.6
      vertex 32.2074 28.8235 3
      vertex 32.2074 28.8235 5.6
    endloop
  endfacet
  facet normal 0.980768 0.195175 0
    outer loop
      vertex 32.2074 28.8235 3
      vertex 32.2393 28.6632 5.6
      vertex 32.2393 28.6632 3
    endloop
  endfacet
  facet normal 0.997858 0.0654233 0
    outer loop
      vertex 32.25 28.5 5.6
      vertex 32.2393 28.6632 3
      vertex 32.2393 28.6632 5.6
    endloop
  endfacet
  facet normal 0.997858 0.0654233 0
    outer loop
      vertex 32.2393 28.6632 3
      vertex 32.25 28.5 5.6
      vertex 32.25 28.5 3
    endloop
  endfacet
  facet normal 0.947082 0.320993 0
    outer loop
      vertex 32.2074 28.8235 5.6
      vertex 32.1549 28.9784 3
      vertex 32.1549 28.9784 5.6
    endloop
  endfacet
  facet normal 0.947082 0.320993 0
    outer loop
      vertex 32.1549 28.9784 3
      vertex 32.2074 28.8235 5.6
      vertex 32.2074 28.8235 3
    endloop
  endfacet
  facet normal 0.442805 -0.896618 0
    outer loop
      vertex 31.4784 27.3451 3
      vertex 31.625 27.4175 5.6
      vertex 31.4784 27.3451 5.6
    endloop
  endfacet
  facet normal 0.442805 -0.896618 0
    outer loop
      vertex 31.625 27.4175 5.6
      vertex 31.4784 27.3451 3
      vertex 31.625 27.4175 3
    endloop
  endfacet
  facet normal 0.195175 0.980768 -0
    outer loop
      vertex 31.3235 29.7074 3
      vertex 31.1632 29.7393 5.6
      vertex 31.3235 29.7074 5.6
    endloop
  endfacet
  facet normal 0.195175 0.980768 0
    outer loop
      vertex 31.1632 29.7393 5.6
      vertex 31.3235 29.7074 3
      vertex 31.1632 29.7393 3
    endloop
  endfacet
  facet normal 0.195175 -0.980768 0
    outer loop
      vertex 31.1632 27.2607 3
      vertex 31.3235 27.2926 5.6
      vertex 31.1632 27.2607 5.6
    endloop
  endfacet
  facet normal 0.195175 -0.980768 0
    outer loop
      vertex 31.3235 27.2926 5.6
      vertex 31.1632 27.2607 3
      vertex 31.3235 27.2926 3
    endloop
  endfacet
  facet normal 0.0654233 -0.997858 0
    outer loop
      vertex 31 27.25 3
      vertex 31.1632 27.2607 5.6
      vertex 31 27.25 5.6
    endloop
  endfacet
  facet normal 0.0654233 -0.997858 0
    outer loop
      vertex 31.1632 27.2607 5.6
      vertex 31 27.25 3
      vertex 31.1632 27.2607 3
    endloop
  endfacet
  facet normal -0.659414 0.75178 0
    outer loop
      vertex 30.239 29.4917 3
      vertex 30.1161 29.3839 5.6
      vertex 30.239 29.4917 5.6
    endloop
  endfacet
  facet normal -0.659414 0.75178 0
    outer loop
      vertex 30.1161 29.3839 5.6
      vertex 30.239 29.4917 3
      vertex 30.1161 29.3839 3
    endloop
  endfacet
  facet normal -0.831674 0.555265 0
    outer loop
      vertex 29.9175 29.125 3
      vertex 30.0083 29.261 5.6
      vertex 30.0083 29.261 3
    endloop
  endfacet
  facet normal -0.831674 0.555265 0
    outer loop
      vertex 30.0083 29.261 5.6
      vertex 29.9175 29.125 3
      vertex 29.9175 29.125 5.6
    endloop
  endfacet
  facet normal 0.320993 0.947082 -0
    outer loop
      vertex 31.4784 29.6549 3
      vertex 31.3235 29.7074 5.6
      vertex 31.4784 29.6549 5.6
    endloop
  endfacet
  facet normal 0.320993 0.947082 0
    outer loop
      vertex 31.3235 29.7074 5.6
      vertex 31.4784 29.6549 3
      vertex 31.3235 29.7074 3
    endloop
  endfacet
  facet normal 0.659414 -0.75178 0
    outer loop
      vertex 31.761 27.5083 3
      vertex 31.8839 27.6161 5.6
      vertex 31.761 27.5083 5.6
    endloop
  endfacet
  facet normal 0.659414 -0.75178 0
    outer loop
      vertex 31.8839 27.6161 5.6
      vertex 31.761 27.5083 3
      vertex 31.8839 27.6161 3
    endloop
  endfacet
  facet normal -0.442805 0.896618 0
    outer loop
      vertex 30.5216 29.6549 3
      vertex 30.375 29.5825 5.6
      vertex 30.5216 29.6549 5.6
    endloop
  endfacet
  facet normal -0.442805 0.896618 0
    outer loop
      vertex 30.375 29.5825 5.6
      vertex 30.5216 29.6549 3
      vertex 30.375 29.5825 3
    endloop
  endfacet
  facet normal -0.0654233 -0.997858 0
    outer loop
      vertex 30.8368 27.2607 3
      vertex 31 27.25 5.6
      vertex 30.8368 27.2607 5.6
    endloop
  endfacet
  facet normal -0.0654233 -0.997858 -0
    outer loop
      vertex 31 27.25 5.6
      vertex 30.8368 27.2607 3
      vertex 31 27.25 3
    endloop
  endfacet
  facet normal 0.75178 -0.659414 0
    outer loop
      vertex 31.8839 27.6161 5.6
      vertex 31.9917 27.739 3
      vertex 31.9917 27.739 5.6
    endloop
  endfacet
  facet normal 0.75178 -0.659414 0
    outer loop
      vertex 31.9917 27.739 3
      vertex 31.8839 27.6161 5.6
      vertex 31.8839 27.6161 3
    endloop
  endfacet
  facet normal -0.947082 -0.320993 0
    outer loop
      vertex 29.8451 28.0216 3
      vertex 29.7926 28.1765 5.6
      vertex 29.7926 28.1765 3
    endloop
  endfacet
  facet normal -0.947082 -0.320993 0
    outer loop
      vertex 29.7926 28.1765 5.6
      vertex 29.8451 28.0216 3
      vertex 29.8451 28.0216 5.6
    endloop
  endfacet
  facet normal 0.320993 -0.947082 0
    outer loop
      vertex 31.3235 27.2926 3
      vertex 31.4784 27.3451 5.6
      vertex 31.3235 27.2926 5.6
    endloop
  endfacet
  facet normal 0.320993 -0.947082 0
    outer loop
      vertex 31.4784 27.3451 5.6
      vertex 31.3235 27.2926 3
      vertex 31.4784 27.3451 3
    endloop
  endfacet
  facet normal -0.320993 0.947082 0
    outer loop
      vertex 30.6765 29.7074 3
      vertex 30.5216 29.6549 5.6
      vertex 30.6765 29.7074 5.6
    endloop
  endfacet
  facet normal -0.320993 0.947082 0
    outer loop
      vertex 30.5216 29.6549 5.6
      vertex 30.6765 29.7074 3
      vertex 30.5216 29.6549 3
    endloop
  endfacet
  facet normal 0.75178 0.659414 0
    outer loop
      vertex 31.9917 29.261 5.6
      vertex 31.8839 29.3839 3
      vertex 31.8839 29.3839 5.6
    endloop
  endfacet
  facet normal 0.75178 0.659414 0
    outer loop
      vertex 31.8839 29.3839 3
      vertex 31.9917 29.261 5.6
      vertex 31.9917 29.261 3
    endloop
  endfacet
  facet normal -0.555265 0.831674 0
    outer loop
      vertex 30.375 29.5825 3
      vertex 30.239 29.4917 5.6
      vertex 30.375 29.5825 5.6
    endloop
  endfacet
  facet normal -0.555265 0.831674 0
    outer loop
      vertex 30.239 29.4917 5.6
      vertex 30.375 29.5825 3
      vertex 30.239 29.4917 3
    endloop
  endfacet
  facet normal -0.947082 0.320993 0
    outer loop
      vertex 29.7926 28.8235 3
      vertex 29.8451 28.9784 5.6
      vertex 29.8451 28.9784 3
    endloop
  endfacet
  facet normal -0.947082 0.320993 0
    outer loop
      vertex 29.8451 28.9784 5.6
      vertex 29.7926 28.8235 3
      vertex 29.7926 28.8235 5.6
    endloop
  endfacet
  facet normal 0.896618 0.442805 0
    outer loop
      vertex 32.1549 28.9784 5.6
      vertex 32.0825 29.125 3
      vertex 32.0825 29.125 5.6
    endloop
  endfacet
  facet normal 0.896618 0.442805 0
    outer loop
      vertex 32.0825 29.125 3
      vertex 32.1549 28.9784 5.6
      vertex 32.1549 28.9784 3
    endloop
  endfacet
  facet normal -0.195175 0.980768 0
    outer loop
      vertex 30.8368 29.7393 3
      vertex 30.6765 29.7074 5.6
      vertex 30.8368 29.7393 5.6
    endloop
  endfacet
  facet normal -0.195175 0.980768 0
    outer loop
      vertex 30.6765 29.7074 5.6
      vertex 30.8368 29.7393 3
      vertex 30.6765 29.7074 3
    endloop
  endfacet
  facet normal 0.659414 0.75178 -0
    outer loop
      vertex 31.8839 29.3839 3
      vertex 31.761 29.4917 5.6
      vertex 31.8839 29.3839 5.6
    endloop
  endfacet
  facet normal 0.659414 0.75178 0
    outer loop
      vertex 31.761 29.4917 5.6
      vertex 31.8839 29.3839 3
      vertex 31.761 29.4917 3
    endloop
  endfacet
  facet normal 0.997858 -0.0654233 0
    outer loop
      vertex 32.2393 28.3368 5.6
      vertex 32.25 28.5 3
      vertex 32.25 28.5 5.6
    endloop
  endfacet
  facet normal 0.997858 -0.0654233 0
    outer loop
      vertex 32.25 28.5 3
      vertex 32.2393 28.3368 5.6
      vertex 32.2393 28.3368 3
    endloop
  endfacet
  facet normal 0.442805 0.896618 -0
    outer loop
      vertex 31.625 29.5825 3
      vertex 31.4784 29.6549 5.6
      vertex 31.625 29.5825 5.6
    endloop
  endfacet
  facet normal 0.442805 0.896618 0
    outer loop
      vertex 31.4784 29.6549 5.6
      vertex 31.625 29.5825 3
      vertex 31.4784 29.6549 3
    endloop
  endfacet
  facet normal -0.320993 -0.947082 0
    outer loop
      vertex 30.5216 27.3451 3
      vertex 30.6765 27.2926 5.6
      vertex 30.5216 27.3451 5.6
    endloop
  endfacet
  facet normal -0.320993 -0.947082 -0
    outer loop
      vertex 30.6765 27.2926 5.6
      vertex 30.5216 27.3451 3
      vertex 30.6765 27.2926 3
    endloop
  endfacet
  facet normal -0.980768 0.195175 0
    outer loop
      vertex 29.7607 28.6632 3
      vertex 29.7926 28.8235 5.6
      vertex 29.7926 28.8235 3
    endloop
  endfacet
  facet normal -0.980768 0.195175 0
    outer loop
      vertex 29.7926 28.8235 5.6
      vertex 29.7607 28.6632 3
      vertex 29.7607 28.6632 5.6
    endloop
  endfacet
  facet normal -0.0654233 0.997858 0
    outer loop
      vertex 31 29.75 3
      vertex 30.8368 29.7393 5.6
      vertex 31 29.75 5.6
    endloop
  endfacet
  facet normal -0.0654233 0.997858 0
    outer loop
      vertex 30.8368 29.7393 5.6
      vertex 31 29.75 3
      vertex 30.8368 29.7393 3
    endloop
  endfacet
  facet normal -0.195175 -0.980768 0
    outer loop
      vertex 30.6765 27.2926 3
      vertex 30.8368 27.2607 5.6
      vertex 30.6765 27.2926 5.6
    endloop
  endfacet
  facet normal -0.195175 -0.980768 -0
    outer loop
      vertex 30.8368 27.2607 5.6
      vertex 30.6765 27.2926 3
      vertex 30.8368 27.2607 3
    endloop
  endfacet
  facet normal 0.947082 -0.320993 0
    outer loop
      vertex 32.1549 28.0216 5.6
      vertex 32.2074 28.1765 3
      vertex 32.2074 28.1765 5.6
    endloop
  endfacet
  facet normal 0.947082 -0.320993 0
    outer loop
      vertex 32.2074 28.1765 3
      vertex 32.1549 28.0216 5.6
      vertex 32.1549 28.0216 3
    endloop
  endfacet
  facet normal 0.831674 0.555265 0
    outer loop
      vertex 32.0825 29.125 5.6
      vertex 31.9917 29.261 3
      vertex 31.9917 29.261 5.6
    endloop
  endfacet
  facet normal 0.831674 0.555265 0
    outer loop
      vertex 31.9917 29.261 3
      vertex 32.0825 29.125 5.6
      vertex 32.0825 29.125 3
    endloop
  endfacet
  facet normal -0.896618 -0.442805 0
    outer loop
      vertex 29.9175 27.875 3
      vertex 29.8451 28.0216 5.6
      vertex 29.8451 28.0216 3
    endloop
  endfacet
  facet normal -0.896618 -0.442805 0
    outer loop
      vertex 29.8451 28.0216 5.6
      vertex 29.9175 27.875 3
      vertex 29.9175 27.875 5.6
    endloop
  endfacet
  facet normal 0.896618 -0.442805 0
    outer loop
      vertex 32.0825 27.875 5.6
      vertex 32.1549 28.0216 3
      vertex 32.1549 28.0216 5.6
    endloop
  endfacet
  facet normal 0.896618 -0.442805 0
    outer loop
      vertex 32.1549 28.0216 3
      vertex 32.0825 27.875 5.6
      vertex 32.0825 27.875 3
    endloop
  endfacet
  facet normal -0.75178 -0.659414 0
    outer loop
      vertex 30.1161 27.6161 3
      vertex 30.0083 27.739 5.6
      vertex 30.0083 27.739 3
    endloop
  endfacet
  facet normal -0.75178 -0.659414 0
    outer loop
      vertex 30.0083 27.739 5.6
      vertex 30.1161 27.6161 3
      vertex 30.1161 27.6161 5.6
    endloop
  endfacet
  facet normal 0.831674 -0.555265 0
    outer loop
      vertex 31.9917 27.739 5.6
      vertex 32.0825 27.875 3
      vertex 32.0825 27.875 5.6
    endloop
  endfacet
  facet normal 0.831674 -0.555265 0
    outer loop
      vertex 32.0825 27.875 3
      vertex 31.9917 27.739 5.6
      vertex 31.9917 27.739 3
    endloop
  endfacet
  facet normal -0.75178 0.659414 0
    outer loop
      vertex 30.0083 29.261 3
      vertex 30.1161 29.3839 5.6
      vertex 30.1161 29.3839 3
    endloop
  endfacet
  facet normal -0.75178 0.659414 0
    outer loop
      vertex 30.1161 29.3839 5.6
      vertex 30.0083 29.261 3
      vertex 30.0083 29.261 5.6
    endloop
  endfacet
  facet normal 0.0654233 0.997858 -0
    outer loop
      vertex 31.1632 29.7393 3
      vertex 31 29.75 5.6
      vertex 31.1632 29.7393 5.6
    endloop
  endfacet
  facet normal 0.0654233 0.997858 0
    outer loop
      vertex 31 29.75 5.6
      vertex 31.1632 29.7393 3
      vertex 31 29.75 3
    endloop
  endfacet
  facet normal 0.555265 0.831674 -0
    outer loop
      vertex 31.761 29.4917 3
      vertex 31.625 29.5825 5.6
      vertex 31.761 29.4917 5.6
    endloop
  endfacet
  facet normal 0.555265 0.831674 0
    outer loop
      vertex 31.625 29.5825 5.6
      vertex 31.761 29.4917 3
      vertex 31.625 29.5825 3
    endloop
  endfacet
  facet normal -0.442805 -0.896618 0
    outer loop
      vertex 30.375 27.4175 3
      vertex 30.5216 27.3451 5.6
      vertex 30.375 27.4175 5.6
    endloop
  endfacet
  facet normal -0.442805 -0.896618 -0
    outer loop
      vertex 30.5216 27.3451 5.6
      vertex 30.375 27.4175 3
      vertex 30.5216 27.3451 3
    endloop
  endfacet
  facet normal -0.831674 -0.555265 0
    outer loop
      vertex 30.0083 27.739 3
      vertex 29.9175 27.875 5.6
      vertex 29.9175 27.875 3
    endloop
  endfacet
  facet normal -0.831674 -0.555265 0
    outer loop
      vertex 29.9175 27.875 5.6
      vertex 30.0083 27.739 3
      vertex 30.0083 27.739 5.6
    endloop
  endfacet
  facet normal -0.980768 -0.195175 0
    outer loop
      vertex 29.7926 28.1765 3
      vertex 29.7607 28.3368 5.6
      vertex 29.7607 28.3368 3
    endloop
  endfacet
  facet normal -0.980768 -0.195175 0
    outer loop
      vertex 29.7607 28.3368 5.6
      vertex 29.7926 28.1765 3
      vertex 29.7926 28.1765 5.6
    endloop
  endfacet
  facet normal -0.659414 -0.75178 0
    outer loop
      vertex 30.1161 27.6161 3
      vertex 30.239 27.5083 5.6
      vertex 30.1161 27.6161 5.6
    endloop
  endfacet
  facet normal -0.659414 -0.75178 -0
    outer loop
      vertex 30.239 27.5083 5.6
      vertex 30.1161 27.6161 3
      vertex 30.239 27.5083 3
    endloop
  endfacet
  facet normal -0.896618 0.442805 0
    outer loop
      vertex 29.8451 28.9784 3
      vertex 29.9175 29.125 5.6
      vertex 29.9175 29.125 3
    endloop
  endfacet
  facet normal -0.896618 0.442805 0
    outer loop
      vertex 29.9175 29.125 5.6
      vertex 29.8451 28.9784 3
      vertex 29.8451 28.9784 5.6
    endloop
  endfacet
  facet normal -0.997858 -0.0654233 0
    outer loop
      vertex 29.7607 28.3368 3
      vertex 29.75 28.5 5.6
      vertex 29.75 28.5 3
    endloop
  endfacet
  facet normal -0.997858 -0.0654233 0
    outer loop
      vertex 29.75 28.5 5.6
      vertex 29.7607 28.3368 3
      vertex 29.7607 28.3368 5.6
    endloop
  endfacet
  facet normal 0.555265 -0.831674 0
    outer loop
      vertex 31.625 27.4175 3
      vertex 31.761 27.5083 5.6
      vertex 31.625 27.4175 5.6
    endloop
  endfacet
  facet normal 0.555265 -0.831674 0
    outer loop
      vertex 31.761 27.5083 5.6
      vertex 31.625 27.4175 3
      vertex 31.761 27.5083 3
    endloop
  endfacet
  facet normal -0.997858 0.0654233 0
    outer loop
      vertex 29.75 28.5 3
      vertex 29.7607 28.6632 5.6
      vertex 29.7607 28.6632 3
    endloop
  endfacet
  facet normal -0.997858 0.0654233 0
    outer loop
      vertex 29.7607 28.6632 5.6
      vertex 29.75 28.5 3
      vertex 29.75 28.5 5.6
    endloop
  endfacet
  facet normal -0.555265 -0.831674 0
    outer loop
      vertex 30.239 27.5083 3
      vertex 30.375 27.4175 5.6
      vertex 30.239 27.5083 5.6
    endloop
  endfacet
  facet normal -0.555265 -0.831674 -0
    outer loop
      vertex 30.375 27.4175 5.6
      vertex 30.239 27.5083 3
      vertex 30.375 27.4175 3
    endloop
  endfacet
  facet normal 0.706348 0.0463108 0.706348
    outer loop
      vertex 32.2393 28.6632 5.6
      vertex 31.75 28.5 6.1
      vertex 32.25 28.5 5.6
    endloop
  endfacet
  facet normal -0.531917 0.466961 0.706407
    outer loop
      vertex 30.4697 29.0303 6.1
      vertex 30.1161 29.3839 5.6
      vertex 30.405 28.9566 6.1
    endloop
  endfacet
  facet normal -0.694263 0.13816 0.706336
    outer loop
      vertex 29.7926 28.8235 5.6
      vertex 29.7607 28.6632 5.6
      vertex 30.2564 28.5979 6.1
    endloop
  endfacet
  facet normal 0.13816 0.694263 0.706336
    outer loop
      vertex 31.1632 29.7393 5.6
      vertex 31.0979 29.2436 6.1
      vertex 31.3235 29.7074 5.6
    endloop
  endfacet
  facet normal -0.670365 0.227206 0.706391
    outer loop
      vertex 29.8451 28.9784 5.6
      vertex 29.7926 28.8235 5.6
      vertex 30.3071 28.787 6.1
    endloop
  endfacet
  facet normal -0.227206 0.670365 0.706391
    outer loop
      vertex 30.6765 29.7074 5.6
      vertex 30.5216 29.6549 5.6
      vertex 30.713 29.1929 6.1
    endloop
  endfacet
  facet normal -0.706348 -0.0463108 0.706348
    outer loop
      vertex 30.25 28.5 6.1
      vertex 29.75 28.5 5.6
      vertex 29.7607 28.3368 5.6
    endloop
  endfacet
  facet normal 0.227297 0.670346 0.706379
    outer loop
      vertex 31.3235 29.7074 5.6
      vertex 31.1941 29.2244 6.1
      vertex 31.287 29.1929 6.1
    endloop
  endfacet
  facet normal 0.670346 -0.227297 0.706379
    outer loop
      vertex 31.7244 28.3059 6.1
      vertex 31.6929 28.213 6.1
      vertex 32.2074 28.1765 5.6
    endloop
  endfacet
  facet normal 0.588711 -0.393051 0.70635
    outer loop
      vertex 32.0825 27.875 5.6
      vertex 31.6495 28.125 6.1
      vertex 31.9917 27.739 5.6
    endloop
  endfacet
  facet normal 0.634679 0.313443 0.706354
    outer loop
      vertex 32.0825 29.125 5.6
      vertex 31.6495 28.875 6.1
      vertex 32.1549 28.9784 5.6
    endloop
  endfacet
  facet normal 0.706348 -0.0463108 0.706348
    outer loop
      vertex 32.25 28.5 5.6
      vertex 31.75 28.5 6.1
      vertex 32.2393 28.3368 5.6
    endloop
  endfacet
  facet normal -0.313074 -0.634805 0.706405
    outer loop
      vertex 30.625 27.8505 6.1
      vertex 30.5216 27.3451 5.6
      vertex 30.713 27.8071 6.1
    endloop
  endfacet
  facet normal 0.313074 -0.634805 0.706405
    outer loop
      vertex 31.375 27.8505 6.1
      vertex 31.287 27.8071 6.1
      vertex 31.4784 27.3451 5.6
    endloop
  endfacet
  facet normal 0.227206 0.670365 0.706391
    outer loop
      vertex 31.3235 29.7074 5.6
      vertex 31.287 29.1929 6.1
      vertex 31.4784 29.6549 5.6
    endloop
  endfacet
  facet normal -0.466762 0.532144 0.706368
    outer loop
      vertex 30.239 29.4917 5.6
      vertex 30.1161 29.3839 5.6
      vertex 30.5434 29.095 6.1
    endloop
  endfacet
  facet normal 0.531917 0.466961 0.706407
    outer loop
      vertex 31.8839 29.3839 5.6
      vertex 31.5303 29.0303 6.1
      vertex 31.595 28.9566 6.1
    endloop
  endfacet
  facet normal 0.313443 0.634679 0.706354
    outer loop
      vertex 31.4784 29.6549 5.6
      vertex 31.375 29.1495 6.1
      vertex 31.625 29.5825 5.6
    endloop
  endfacet
  facet normal -0.694263 -0.13816 0.706336
    outer loop
      vertex 30.2564 28.4021 6.1
      vertex 29.7607 28.3368 5.6
      vertex 29.7926 28.1765 5.6
    endloop
  endfacet
  facet normal 0.634679 -0.313443 0.706354
    outer loop
      vertex 32.1549 28.0216 5.6
      vertex 31.6495 28.125 6.1
      vertex 32.0825 27.875 5.6
    endloop
  endfacet
  facet normal 0.634805 -0.313074 0.706405
    outer loop
      vertex 31.6929 28.213 6.1
      vertex 31.6495 28.125 6.1
      vertex 32.1549 28.0216 5.6
    endloop
  endfacet
  facet normal -0.706374 0.0461777 0.70633
    outer loop
      vertex 30.2564 28.5979 6.1
      vertex 29.7607 28.6632 5.6
      vertex 30.25 28.5 6.1
    endloop
  endfacet
  facet normal 0.634805 0.313074 0.706405
    outer loop
      vertex 32.1549 28.9784 5.6
      vertex 31.6495 28.875 6.1
      vertex 31.6929 28.787 6.1
    endloop
  endfacet
  facet normal 0.694263 0.13816 0.706336
    outer loop
      vertex 32.2074 28.8235 5.6
      vertex 31.7436 28.5979 6.1
      vertex 32.2393 28.6632 5.6
    endloop
  endfacet
  facet normal -0.313074 0.634805 0.706405
    outer loop
      vertex 30.713 29.1929 6.1
      vertex 30.5216 29.6549 5.6
      vertex 30.625 29.1495 6.1
    endloop
  endfacet
  facet normal -0.531917 -0.466961 0.706407
    outer loop
      vertex 30.405 28.0434 6.1
      vertex 30.1161 27.6161 5.6
      vertex 30.4697 27.9697 6.1
    endloop
  endfacet
  facet normal 0.670365 0.227206 0.706391
    outer loop
      vertex 32.1549 28.9784 5.6
      vertex 31.6929 28.787 6.1
      vertex 32.2074 28.8235 5.6
    endloop
  endfacet
  facet normal 0.227297 -0.670346 0.706379
    outer loop
      vertex 31.287 27.8071 6.1
      vertex 31.1941 27.7756 6.1
      vertex 31.3235 27.2926 5.6
    endloop
  endfacet
  facet normal -0.634679 -0.313443 0.706354
    outer loop
      vertex 30.3505 28.125 6.1
      vertex 29.8451 28.0216 5.6
      vertex 29.9175 27.875 5.6
    endloop
  endfacet
  facet normal 0.393051 -0.588711 0.70635
    outer loop
      vertex 31.761 27.5083 5.6
      vertex 31.375 27.8505 6.1
      vertex 31.625 27.4175 5.6
    endloop
  endfacet
  facet normal 0.531917 -0.466961 0.706407
    outer loop
      vertex 31.595 28.0434 6.1
      vertex 31.5303 27.9697 6.1
      vertex 31.8839 27.6161 5.6
    endloop
  endfacet
  facet normal -0.694135 -0.138538 0.706388
    outer loop
      vertex 30.2564 28.4021 6.1
      vertex 29.7926 28.1765 5.6
      vertex 30.2756 28.3059 6.1
    endloop
  endfacet
  facet normal -0.393142 -0.588632 0.706365
    outer loop
      vertex 30.5434 27.905 6.1
      vertex 30.239 27.5083 5.6
      vertex 30.625 27.8505 6.1
    endloop
  endfacet
  facet normal 0.466961 0.531917 0.706407
    outer loop
      vertex 31.8839 29.3839 5.6
      vertex 31.4566 29.095 6.1
      vertex 31.5303 29.0303 6.1
    endloop
  endfacet
  facet normal -0.313443 0.634679 0.706354
    outer loop
      vertex 30.5216 29.6549 5.6
      vertex 30.375 29.5825 5.6
      vertex 30.625 29.1495 6.1
    endloop
  endfacet
  facet normal 0.138538 -0.694135 0.706388
    outer loop
      vertex 31.1941 27.7756 6.1
      vertex 31.0979 27.7564 6.1
      vertex 31.3235 27.2926 5.6
    endloop
  endfacet
  facet normal 0.588711 0.393051 0.70635
    outer loop
      vertex 31.9917 29.261 5.6
      vertex 31.6495 28.875 6.1
      vertex 32.0825 29.125 5.6
    endloop
  endfacet
  facet normal -0.706348 0.0463108 0.706348
    outer loop
      vertex 29.7607 28.6632 5.6
      vertex 29.75 28.5 5.6
      vertex 30.25 28.5 6.1
    endloop
  endfacet
  facet normal -0.694135 0.138538 0.706388
    outer loop
      vertex 30.2756 28.6941 6.1
      vertex 29.7926 28.8235 5.6
      vertex 30.2564 28.5979 6.1
    endloop
  endfacet
  facet normal 0.670346 0.227297 0.706379
    outer loop
      vertex 32.2074 28.8235 5.6
      vertex 31.6929 28.787 6.1
      vertex 31.7244 28.6941 6.1
    endloop
  endfacet
  facet normal -0.588632 0.393142 0.706365
    outer loop
      vertex 30.405 28.9566 6.1
      vertex 30.0083 29.261 5.6
      vertex 30.3505 28.875 6.1
    endloop
  endfacet
  facet normal -0.138538 0.694135 0.706388
    outer loop
      vertex 30.9021 29.2436 6.1
      vertex 30.6765 29.7074 5.6
      vertex 30.8059 29.2244 6.1
    endloop
  endfacet
  facet normal 0.0463108 0.706348 0.706348
    outer loop
      vertex 31 29.75 5.6
      vertex 31 29.25 6.1
      vertex 31.1632 29.7393 5.6
    endloop
  endfacet
  facet normal 0.227206 -0.670365 0.706391
    outer loop
      vertex 31.4784 27.3451 5.6
      vertex 31.287 27.8071 6.1
      vertex 31.3235 27.2926 5.6
    endloop
  endfacet
  facet normal 0.13816 -0.694263 0.706336
    outer loop
      vertex 31.3235 27.2926 5.6
      vertex 31.0979 27.7564 6.1
      vertex 31.1632 27.2607 5.6
    endloop
  endfacet
  facet normal 0 0 1
    outer loop
      vertex 31.7436 28.5979 6.1
      vertex 31.7436 28.4021 6.1
      vertex 31.75 28.5 6.1
    endloop
  endfacet
  facet normal 0 0 1
    outer loop
      vertex 31.7244 28.6941 6.1
      vertex 31.7436 28.4021 6.1
      vertex 31.7436 28.5979 6.1
    endloop
  endfacet
  facet normal 0 0 1
    outer loop
      vertex 31.7244 28.6941 6.1
      vertex 31.7244 28.3059 6.1
      vertex 31.7436 28.4021 6.1
    endloop
  endfacet
  facet normal 0 0 1
    outer loop
      vertex 31.6929 28.787 6.1
      vertex 31.7244 28.3059 6.1
      vertex 31.7244 28.6941 6.1
    endloop
  endfacet
  facet normal 0 0 1
    outer loop
      vertex 31.6929 28.787 6.1
      vertex 31.6929 28.213 6.1
      vertex 31.7244 28.3059 6.1
    endloop
  endfacet
  facet normal 0 0 1
    outer loop
      vertex 31.6495 28.875 6.1
      vertex 31.6929 28.213 6.1
      vertex 31.6929 28.787 6.1
    endloop
  endfacet
  facet normal 0 0 1
    outer loop
      vertex 31.6495 28.875 6.1
      vertex 31.6495 28.125 6.1
      vertex 31.6929 28.213 6.1
    endloop
  endfacet
  facet normal 0 0 1
    outer loop
      vertex 31.595 28.9566 6.1
      vertex 31.6495 28.125 6.1
      vertex 31.6495 28.875 6.1
    endloop
  endfacet
  facet normal 0 0 1
    outer loop
      vertex 31.595 28.9566 6.1
      vertex 31.595 28.0434 6.1
      vertex 31.6495 28.125 6.1
    endloop
  endfacet
  facet normal 0 0 1
    outer loop
      vertex 31.5303 29.0303 6.1
      vertex 31.595 28.0434 6.1
      vertex 31.595 28.9566 6.1
    endloop
  endfacet
  facet normal 0 0 1
    outer loop
      vertex 31.5303 29.0303 6.1
      vertex 31.5303 27.9697 6.1
      vertex 31.595 28.0434 6.1
    endloop
  endfacet
  facet normal 0 0 1
    outer loop
      vertex 31.4566 29.095 6.1
      vertex 31.5303 27.9697 6.1
      vertex 31.5303 29.0303 6.1
    endloop
  endfacet
  facet normal 0 0 1
    outer loop
      vertex 31.4566 29.095 6.1
      vertex 31.4566 27.905 6.1
      vertex 31.5303 27.9697 6.1
    endloop
  endfacet
  facet normal 0 0 1
    outer loop
      vertex 31.375 29.1495 6.1
      vertex 31.4566 27.905 6.1
      vertex 31.4566 29.095 6.1
    endloop
  endfacet
  facet normal 0 0 1
    outer loop
      vertex 31.375 29.1495 6.1
      vertex 31.375 27.8505 6.1
      vertex 31.4566 27.905 6.1
    endloop
  endfacet
  facet normal 0 0 1
    outer loop
      vertex 31.287 29.1929 6.1
      vertex 31.375 27.8505 6.1
      vertex 31.375 29.1495 6.1
    endloop
  endfacet
  facet normal 0 0 1
    outer loop
      vertex 31.287 29.1929 6.1
      vertex 31.287 27.8071 6.1
      vertex 31.375 27.8505 6.1
    endloop
  endfacet
  facet normal 0 0 1
    outer loop
      vertex 31.1941 29.2244 6.1
      vertex 31.287 27.8071 6.1
      vertex 31.287 29.1929 6.1
    endloop
  endfacet
  facet normal 0 0 1
    outer loop
      vertex 31.1941 29.2244 6.1
      vertex 31.1941 27.7756 6.1
      vertex 31.287 27.8071 6.1
    endloop
  endfacet
  facet normal 0 0 1
    outer loop
      vertex 31.0979 29.2436 6.1
      vertex 31.1941 27.7756 6.1
      vertex 31.1941 29.2244 6.1
    endloop
  endfacet
  facet normal 0 0 1
    outer loop
      vertex 31.0979 29.2436 6.1
      vertex 31.0979 27.7564 6.1
      vertex 31.1941 27.7756 6.1
    endloop
  endfacet
  facet normal 0 0 1
    outer loop
      vertex 31 29.25 6.1
      vertex 31.0979 27.7564 6.1
      vertex 31.0979 29.2436 6.1
    endloop
  endfacet
  facet normal 0 0 1
    outer loop
      vertex 31 29.25 6.1
      vertex 31 27.75 6.1
      vertex 31.0979 27.7564 6.1
    endloop
  endfacet
  facet normal -0 0 1
    outer loop
      vertex 30.9021 29.2436 6.1
      vertex 31 27.75 6.1
      vertex 31 29.25 6.1
    endloop
  endfacet
  facet normal 0 0 1
    outer loop
      vertex 30.9021 29.2436 6.1
      vertex 30.9021 27.7564 6.1
      vertex 31 27.75 6.1
    endloop
  endfacet
  facet normal -0 0 1
    outer loop
      vertex 30.8059 29.2244 6.1
      vertex 30.9021 27.7564 6.1
      vertex 30.9021 29.2436 6.1
    endloop
  endfacet
  facet normal 0 0 1
    outer loop
      vertex 30.8059 29.2244 6.1
      vertex 30.8059 27.7756 6.1
      vertex 30.9021 27.7564 6.1
    endloop
  endfacet
  facet normal -0 0 1
    outer loop
      vertex 30.713 29.1929 6.1
      vertex 30.8059 27.7756 6.1
      vertex 30.8059 29.2244 6.1
    endloop
  endfacet
  facet normal 0 0 1
    outer loop
      vertex 30.713 29.1929 6.1
      vertex 30.713 27.8071 6.1
      vertex 30.8059 27.7756 6.1
    endloop
  endfacet
  facet normal -0 0 1
    outer loop
      vertex 30.625 29.1495 6.1
      vertex 30.713 27.8071 6.1
      vertex 30.713 29.1929 6.1
    endloop
  endfacet
  facet normal 0 0 1
    outer loop
      vertex 30.625 29.1495 6.1
      vertex 30.625 27.8505 6.1
      vertex 30.713 27.8071 6.1
    endloop
  endfacet
  facet normal -0 0 1
    outer loop
      vertex 30.5434 29.095 6.1
      vertex 30.625 27.8505 6.1
      vertex 30.625 29.1495 6.1
    endloop
  endfacet
  facet normal 0 0 1
    outer loop
      vertex 30.5434 29.095 6.1
      vertex 30.5434 27.905 6.1
      vertex 30.625 27.8505 6.1
    endloop
  endfacet
  facet normal -0 0 1
    outer loop
      vertex 30.4697 29.0303 6.1
      vertex 30.5434 27.905 6.1
      vertex 30.5434 29.095 6.1
    endloop
  endfacet
  facet normal 0 0 1
    outer loop
      vertex 30.4697 29.0303 6.1
      vertex 30.4697 27.9697 6.1
      vertex 30.5434 27.905 6.1
    endloop
  endfacet
  facet normal -0 0 1
    outer loop
      vertex 30.405 28.9566 6.1
      vertex 30.4697 27.9697 6.1
      vertex 30.4697 29.0303 6.1
    endloop
  endfacet
  facet normal 0 0 1
    outer loop
      vertex 30.405 28.9566 6.1
      vertex 30.405 28.0434 6.1
      vertex 30.4697 27.9697 6.1
    endloop
  endfacet
  facet normal -0 0 1
    outer loop
      vertex 30.3505 28.875 6.1
      vertex 30.405 28.0434 6.1
      vertex 30.405 28.9566 6.1
    endloop
  endfacet
  facet normal 0 0 1
    outer loop
      vertex 30.3505 28.875 6.1
      vertex 30.3505 28.125 6.1
      vertex 30.405 28.0434 6.1
    endloop
  endfacet
  facet normal -0 0 1
    outer loop
      vertex 30.3071 28.787 6.1
      vertex 30.3505 28.125 6.1
      vertex 30.3505 28.875 6.1
    endloop
  endfacet
  facet normal 0 0 1
    outer loop
      vertex 30.3071 28.787 6.1
      vertex 30.3071 28.213 6.1
      vertex 30.3505 28.125 6.1
    endloop
  endfacet
  facet normal -0 0 1
    outer loop
      vertex 30.2756 28.6941 6.1
      vertex 30.3071 28.213 6.1
      vertex 30.3071 28.787 6.1
    endloop
  endfacet
  facet normal 0 0 1
    outer loop
      vertex 30.2756 28.6941 6.1
      vertex 30.2756 28.3059 6.1
      vertex 30.3071 28.213 6.1
    endloop
  endfacet
  facet normal -0 0 1
    outer loop
      vertex 30.2564 28.5979 6.1
      vertex 30.2756 28.3059 6.1
      vertex 30.2756 28.6941 6.1
    endloop
  endfacet
  facet normal 0 0 1
    outer loop
      vertex 30.2564 28.5979 6.1
      vertex 30.2564 28.4021 6.1
      vertex 30.2756 28.3059 6.1
    endloop
  endfacet
  facet normal 0 -0 1
    outer loop
      vertex 30.2564 28.4021 6.1
      vertex 30.2564 28.5979 6.1
      vertex 30.25 28.5 6.1
    endloop
  endfacet
  facet normal -0.670365 -0.227206 0.706391
    outer loop
      vertex 30.3071 28.213 6.1
      vertex 29.7926 28.1765 5.6
      vertex 29.8451 28.0216 5.6
    endloop
  endfacet
  facet normal 0.138538 0.694135 0.706388
    outer loop
      vertex 31.3235 29.7074 5.6
      vertex 31.0979 29.2436 6.1
      vertex 31.1941 29.2244 6.1
    endloop
  endfacet
  facet normal 0.313443 -0.634679 0.706354
    outer loop
      vertex 31.625 27.4175 5.6
      vertex 31.375 27.8505 6.1
      vertex 31.4784 27.3451 5.6
    endloop
  endfacet
  facet normal 0.670365 -0.227206 0.706391
    outer loop
      vertex 32.2074 28.1765 5.6
      vertex 31.6929 28.213 6.1
      vertex 32.1549 28.0216 5.6
    endloop
  endfacet
  facet normal 0.393142 0.588632 0.706365
    outer loop
      vertex 31.761 29.4917 5.6
      vertex 31.375 29.1495 6.1
      vertex 31.4566 29.095 6.1
    endloop
  endfacet
  facet normal -0.634805 0.313074 0.706405
    outer loop
      vertex 30.3505 28.875 6.1
      vertex 29.8451 28.9784 5.6
      vertex 30.3071 28.787 6.1
    endloop
  endfacet
  facet normal 0.532144 0.466762 0.706368
    outer loop
      vertex 31.8839 29.3839 5.6
      vertex 31.595 28.9566 6.1
      vertex 31.9917 29.261 5.6
    endloop
  endfacet
  facet normal 0.393142 -0.588632 0.706365
    outer loop
      vertex 31.4566 27.905 6.1
      vertex 31.375 27.8505 6.1
      vertex 31.761 27.5083 5.6
    endloop
  endfacet
  facet normal -0.313443 -0.634679 0.706354
    outer loop
      vertex 30.625 27.8505 6.1
      vertex 30.375 27.4175 5.6
      vertex 30.5216 27.3451 5.6
    endloop
  endfacet
  facet normal 0.393051 0.588711 0.70635
    outer loop
      vertex 31.625 29.5825 5.6
      vertex 31.375 29.1495 6.1
      vertex 31.761 29.4917 5.6
    endloop
  endfacet
  facet normal -0.466961 0.531917 0.706407
    outer loop
      vertex 30.5434 29.095 6.1
      vertex 30.1161 29.3839 5.6
      vertex 30.4697 29.0303 6.1
    endloop
  endfacet
  facet normal -0.670346 -0.227297 0.706379
    outer loop
      vertex 30.2756 28.3059 6.1
      vertex 29.7926 28.1765 5.6
      vertex 30.3071 28.213 6.1
    endloop
  endfacet
  facet normal -0.588632 -0.393142 0.706365
    outer loop
      vertex 30.3505 28.125 6.1
      vertex 30.0083 27.739 5.6
      vertex 30.405 28.0434 6.1
    endloop
  endfacet
  facet normal -0.634805 -0.313074 0.706405
    outer loop
      vertex 30.3071 28.213 6.1
      vertex 29.8451 28.0216 5.6
      vertex 30.3505 28.125 6.1
    endloop
  endfacet
  facet normal -0.670346 0.227297 0.706379
    outer loop
      vertex 30.3071 28.787 6.1
      vertex 29.7926 28.8235 5.6
      vertex 30.2756 28.6941 6.1
    endloop
  endfacet
  facet normal -0.138538 -0.694135 0.706388
    outer loop
      vertex 30.8059 27.7756 6.1
      vertex 30.6765 27.2926 5.6
      vertex 30.9021 27.7564 6.1
    endloop
  endfacet
  facet normal 0.466762 0.532144 0.706368
    outer loop
      vertex 31.761 29.4917 5.6
      vertex 31.4566 29.095 6.1
      vertex 31.8839 29.3839 5.6
    endloop
  endfacet
  facet normal -0.0463108 0.706348 0.706348
    outer loop
      vertex 31 29.75 5.6
      vertex 30.8368 29.7393 5.6
      vertex 31 29.25 6.1
    endloop
  endfacet
  facet normal -0.393051 0.588711 0.70635
    outer loop
      vertex 30.375 29.5825 5.6
      vertex 30.239 29.4917 5.6
      vertex 30.625 29.1495 6.1
    endloop
  endfacet
  facet normal -0.0461777 0.706374 0.70633
    outer loop
      vertex 31 29.25 6.1
      vertex 30.8368 29.7393 5.6
      vertex 30.9021 29.2436 6.1
    endloop
  endfacet
  facet normal 0.0461777 -0.706374 0.70633
    outer loop
      vertex 31.0979 27.7564 6.1
      vertex 31 27.75 6.1
      vertex 31.1632 27.2607 5.6
    endloop
  endfacet
  facet normal 0.588632 0.393142 0.706365
    outer loop
      vertex 31.9917 29.261 5.6
      vertex 31.595 28.9566 6.1
      vertex 31.6495 28.875 6.1
    endloop
  endfacet
  facet normal -0.13816 0.694263 0.706336
    outer loop
      vertex 30.8368 29.7393 5.6
      vertex 30.6765 29.7074 5.6
      vertex 30.9021 29.2436 6.1
    endloop
  endfacet
  facet normal 0.0461777 0.706374 0.70633
    outer loop
      vertex 31.1632 29.7393 5.6
      vertex 31 29.25 6.1
      vertex 31.0979 29.2436 6.1
    endloop
  endfacet
  facet normal 0.466961 -0.531917 0.706407
    outer loop
      vertex 31.5303 27.9697 6.1
      vertex 31.4566 27.905 6.1
      vertex 31.8839 27.6161 5.6
    endloop
  endfacet
  facet normal 0.694135 0.138538 0.706388
    outer loop
      vertex 32.2074 28.8235 5.6
      vertex 31.7244 28.6941 6.1
      vertex 31.7436 28.5979 6.1
    endloop
  endfacet
  facet normal 0.694263 -0.13816 0.706336
    outer loop
      vertex 32.2393 28.3368 5.6
      vertex 31.7436 28.4021 6.1
      vertex 32.2074 28.1765 5.6
    endloop
  endfacet
  facet normal 0.706374 -0.0461777 0.70633
    outer loop
      vertex 31.75 28.5 6.1
      vertex 31.7436 28.4021 6.1
      vertex 32.2393 28.3368 5.6
    endloop
  endfacet
  facet normal 0.532144 -0.466762 0.706368
    outer loop
      vertex 31.9917 27.739 5.6
      vertex 31.595 28.0434 6.1
      vertex 31.8839 27.6161 5.6
    endloop
  endfacet
  facet normal 0.466762 -0.532144 0.706368
    outer loop
      vertex 31.8839 27.6161 5.6
      vertex 31.4566 27.905 6.1
      vertex 31.761 27.5083 5.6
    endloop
  endfacet
  facet normal 0.313074 0.634805 0.706405
    outer loop
      vertex 31.4784 29.6549 5.6
      vertex 31.287 29.1929 6.1
      vertex 31.375 29.1495 6.1
    endloop
  endfacet
  facet normal -0.706374 -0.0461777 0.70633
    outer loop
      vertex 30.25 28.5 6.1
      vertex 29.7607 28.3368 5.6
      vertex 30.2564 28.4021 6.1
    endloop
  endfacet
  facet normal -0.466762 -0.532144 0.706368
    outer loop
      vertex 30.5434 27.905 6.1
      vertex 30.1161 27.6161 5.6
      vertex 30.239 27.5083 5.6
    endloop
  endfacet
  facet normal -0.227297 0.670346 0.706379
    outer loop
      vertex 30.8059 29.2244 6.1
      vertex 30.6765 29.7074 5.6
      vertex 30.713 29.1929 6.1
    endloop
  endfacet
  facet normal -0.466961 -0.531917 0.706407
    outer loop
      vertex 30.4697 27.9697 6.1
      vertex 30.1161 27.6161 5.6
      vertex 30.5434 27.905 6.1
    endloop
  endfacet
  facet normal -0.588711 0.393051 0.70635
    outer loop
      vertex 30.0083 29.261 5.6
      vertex 29.9175 29.125 5.6
      vertex 30.3505 28.875 6.1
    endloop
  endfacet
  facet normal -0.634679 0.313443 0.706354
    outer loop
      vertex 29.9175 29.125 5.6
      vertex 29.8451 28.9784 5.6
      vertex 30.3505 28.875 6.1
    endloop
  endfacet
  facet normal 0.588632 -0.393142 0.706365
    outer loop
      vertex 31.6495 28.125 6.1
      vertex 31.595 28.0434 6.1
      vertex 31.9917 27.739 5.6
    endloop
  endfacet
  facet normal -0.393051 -0.588711 0.70635
    outer loop
      vertex 30.625 27.8505 6.1
      vertex 30.239 27.5083 5.6
      vertex 30.375 27.4175 5.6
    endloop
  endfacet
  facet normal 0.0463108 -0.706348 0.706348
    outer loop
      vertex 31 27.75 6.1
      vertex 31 27.25 5.6
      vertex 31.1632 27.2607 5.6
    endloop
  endfacet
  facet normal -0.0463108 -0.706348 0.706348
    outer loop
      vertex 31 27.75 6.1
      vertex 30.8368 27.2607 5.6
      vertex 31 27.25 5.6
    endloop
  endfacet
  facet normal -0.588711 -0.393051 0.70635
    outer loop
      vertex 30.3505 28.125 6.1
      vertex 29.9175 27.875 5.6
      vertex 30.0083 27.739 5.6
    endloop
  endfacet
  facet normal 0.706374 0.0461777 0.70633
    outer loop
      vertex 32.2393 28.6632 5.6
      vertex 31.7436 28.5979 6.1
      vertex 31.75 28.5 6.1
    endloop
  endfacet
  facet normal 0.694135 -0.138538 0.706388
    outer loop
      vertex 31.7436 28.4021 6.1
      vertex 31.7244 28.3059 6.1
      vertex 32.2074 28.1765 5.6
    endloop
  endfacet
  facet normal -0.532144 0.466762 0.706368
    outer loop
      vertex 30.1161 29.3839 5.6
      vertex 30.0083 29.261 5.6
      vertex 30.405 28.9566 6.1
    endloop
  endfacet
  facet normal -0.13816 -0.694263 0.706336
    outer loop
      vertex 30.9021 27.7564 6.1
      vertex 30.6765 27.2926 5.6
      vertex 30.8368 27.2607 5.6
    endloop
  endfacet
  facet normal -0.0461777 -0.706374 0.70633
    outer loop
      vertex 30.9021 27.7564 6.1
      vertex 30.8368 27.2607 5.6
      vertex 31 27.75 6.1
    endloop
  endfacet
  facet normal -0.532144 -0.466762 0.706368
    outer loop
      vertex 30.405 28.0434 6.1
      vertex 30.0083 27.739 5.6
      vertex 30.1161 27.6161 5.6
    endloop
  endfacet
  facet normal -0.393142 0.588632 0.706365
    outer loop
      vertex 30.625 29.1495 6.1
      vertex 30.239 29.4917 5.6
      vertex 30.5434 29.095 6.1
    endloop
  endfacet
  facet normal -0.227297 -0.670346 0.706379
    outer loop
      vertex 30.713 27.8071 6.1
      vertex 30.6765 27.2926 5.6
      vertex 30.8059 27.7756 6.1
    endloop
  endfacet
  facet normal -0.227206 -0.670365 0.706391
    outer loop
      vertex 30.713 27.8071 6.1
      vertex 30.5216 27.3451 5.6
      vertex 30.6765 27.2926 5.6
    endloop
  endfacet
  facet normal 0 0 1
    outer loop
      vertex 34.1 32.55 4.6
      vertex 36.1 31.55 4.6
      vertex 36.0743 31.9416 4.6
    endloop
  endfacet
  facet normal 0 0 1
    outer loop
      vertex 36.1 31.55 4.6
      vertex 34.1 32.55 4.6
      vertex 36.1 -31.55 4.6
    endloop
  endfacet
  facet normal 0 0 1
    outer loop
      vertex 34.1 32.55 4.6
      vertex 36.0743 31.9416 4.6
      vertex 35.9978 32.3264 4.6
    endloop
  endfacet
  facet normal 0 0 1
    outer loop
      vertex 34.1 -32.55 4.6
      vertex 36.1 -31.55 4.6
      vertex 34.1 32.55 4.6
    endloop
  endfacet
  facet normal -0 0 1
    outer loop
      vertex 34.1 32.55 4.6
      vertex 35.9978 32.3264 4.6
      vertex 35.8716 32.698 4.6
    endloop
  endfacet
  facet normal 0 0 1
    outer loop
      vertex 36.1 -31.55 4.6
      vertex 34.1 -32.55 4.6
      vertex 36.0743 -31.9416 4.6
    endloop
  endfacet
  facet normal 0 0 1
    outer loop
      vertex 34.1 32.55 4.6
      vertex 35.8716 32.698 4.6
      vertex 35.6981 33.05 4.6
    endloop
  endfacet
  facet normal 0 0 1
    outer loop
      vertex 36.0743 -31.9416 4.6
      vertex 34.1 -32.55 4.6
      vertex 35.9978 -32.3264 4.6
    endloop
  endfacet
  facet normal 0 0 1
    outer loop
      vertex 34.1 32.55 4.6
      vertex 35.6981 33.05 4.6
      vertex 35.4801 33.3763 4.6
    endloop
  endfacet
  facet normal 0 0 1
    outer loop
      vertex 35.9978 -32.3264 4.6
      vertex 34.1 -32.55 4.6
      vertex 35.8716 -32.698 4.6
    endloop
  endfacet
  facet normal 0 0 1
    outer loop
      vertex 34.1 32.55 4.6
      vertex 35.4801 33.3763 4.6
      vertex 35.2213 33.6713 4.6
    endloop
  endfacet
  facet normal 0 0 1
    outer loop
      vertex 35.8716 -32.698 4.6
      vertex 34.1 -32.55 4.6
      vertex 35.6981 -33.05 4.6
    endloop
  endfacet
  facet normal 0 0 1
    outer loop
      vertex 34.1 32.55 4.6
      vertex 35.2213 33.6713 4.6
      vertex 34.9263 33.9301 4.6
    endloop
  endfacet
  facet normal 0 0 1
    outer loop
      vertex 35.6981 -33.05 4.6
      vertex 34.1 -32.55 4.6
      vertex 35.4801 -33.3763 4.6
    endloop
  endfacet
  facet normal 0 0 1
    outer loop
      vertex 34.1 32.55 4.6
      vertex 34.9263 33.9301 4.6
      vertex 34.6 34.1481 4.6
    endloop
  endfacet
  facet normal 0 0 1
    outer loop
      vertex 35.4801 -33.3763 4.6
      vertex 34.1 -32.55 4.6
      vertex 35.2213 -33.6713 4.6
    endloop
  endfacet
  facet normal 0 0 1
    outer loop
      vertex 34.1 32.55 4.6
      vertex 34.6 34.1481 4.6
      vertex 34.248 34.3216 4.6
    endloop
  endfacet
  facet normal 0 0 1
    outer loop
      vertex 35.2213 -33.6713 4.6
      vertex 34.1 -32.55 4.6
      vertex 34.9263 -33.9301 4.6
    endloop
  endfacet
  facet normal 0 0 1
    outer loop
      vertex 34.9263 -33.9301 4.6
      vertex 34.1 -32.55 4.6
      vertex 34.6 -34.1481 4.6
    endloop
  endfacet
  facet normal 0 0 1
    outer loop
      vertex 33.8764 34.4478 4.6
      vertex 34.1 32.55 4.6
      vertex 34.248 34.3216 4.6
    endloop
  endfacet
  facet normal 0 0 1
    outer loop
      vertex 33.4916 34.5243 4.6
      vertex 34.1 32.55 4.6
      vertex 33.8764 34.4478 4.6
    endloop
  endfacet
  facet normal 0 0 1
    outer loop
      vertex 33.1 34.55 4.6
      vertex 34.1 32.55 4.6
      vertex 33.4916 34.5243 4.6
    endloop
  endfacet
  facet normal -0 0 1
    outer loop
      vertex -33.1 34.55 4.6
      vertex 34.1 32.55 4.6
      vertex 33.1 34.55 4.6
    endloop
  endfacet
  facet normal 0 0 1
    outer loop
      vertex -34.1 32.55 4.6
      vertex -33.1 34.55 4.6
      vertex -33.4916 34.5243 4.6
    endloop
  endfacet
  facet normal 0 0 1
    outer loop
      vertex -34.1 32.55 4.6
      vertex -33.4916 34.5243 4.6
      vertex -33.8764 34.4478 4.6
    endloop
  endfacet
  facet normal 0 0 1
    outer loop
      vertex -33.1 34.55 4.6
      vertex -34.1 32.55 4.6
      vertex 34.1 32.55 4.6
    endloop
  endfacet
  facet normal -0 0 1
    outer loop
      vertex -34.6 34.1481 4.6
      vertex -34.1 32.55 4.6
      vertex -34.248 34.3216 4.6
    endloop
  endfacet
  facet normal -0 0 1
    outer loop
      vertex -34.248 34.3216 4.6
      vertex -34.1 32.55 4.6
      vertex -33.8764 34.4478 4.6
    endloop
  endfacet
  facet normal 0 0 1
    outer loop
      vertex 34.6 -34.1481 4.6
      vertex 34.1 -32.55 4.6
      vertex 34.248 -34.3216 4.6
    endloop
  endfacet
  facet normal 0 0 1
    outer loop
      vertex 34.1 -32.55 4.6
      vertex 33.8764 -34.4478 4.6
      vertex 34.248 -34.3216 4.6
    endloop
  endfacet
  facet normal 0 0 1
    outer loop
      vertex 34.1 -32.55 4.6
      vertex 33.4916 -34.5243 4.6
      vertex 33.8764 -34.4478 4.6
    endloop
  endfacet
  facet normal 0 0 1
    outer loop
      vertex 34.1 -32.55 4.6
      vertex 33.1 -34.55 4.6
      vertex 33.4916 -34.5243 4.6
    endloop
  endfacet
  facet normal 0 0 1
    outer loop
      vertex 34.1 -32.55 4.6
      vertex -33.1 -34.55 4.6
      vertex 33.1 -34.55 4.6
    endloop
  endfacet
  facet normal -0 0 1
    outer loop
      vertex -34.1 -32.55 4.6
      vertex -33.1 -34.55 4.6
      vertex 34.1 -32.55 4.6
    endloop
  endfacet
  facet normal 0 0 1
    outer loop
      vertex -33.1 -34.55 4.6
      vertex -34.1 -32.55 4.6
      vertex -33.4916 -34.5243 4.6
    endloop
  endfacet
  facet normal 0 0 1
    outer loop
      vertex -33.4916 -34.5243 4.6
      vertex -34.1 -32.55 4.6
      vertex -33.8764 -34.4478 4.6
    endloop
  endfacet
  facet normal 0 0 1
    outer loop
      vertex -34.1 -32.55 4.6
      vertex -34.248 -34.3216 4.6
      vertex -33.8764 -34.4478 4.6
    endloop
  endfacet
  facet normal 0 0 1
    outer loop
      vertex -34.1 32.55 4.6
      vertex -36.1 31.55 4.6
      vertex -34.1 -32.55 4.6
    endloop
  endfacet
  facet normal -0 0 1
    outer loop
      vertex -34.9263 33.9301 4.6
      vertex -34.1 32.55 4.6
      vertex -34.6 34.1481 4.6
    endloop
  endfacet
  facet normal -0 0 1
    outer loop
      vertex -36.1 -31.55 4.6
      vertex -34.1 -32.55 4.6
      vertex -36.1 31.55 4.6
    endloop
  endfacet
  facet normal -0 0 1
    outer loop
      vertex -35.2213 33.6713 4.6
      vertex -34.1 32.55 4.6
      vertex -34.9263 33.9301 4.6
    endloop
  endfacet
  facet normal -0 -0 1
    outer loop
      vertex -36.0743 -31.9416 4.6
      vertex -34.1 -32.55 4.6
      vertex -36.1 -31.55 4.6
    endloop
  endfacet
  facet normal -0 0 1
    outer loop
      vertex -35.4801 33.3763 4.6
      vertex -34.1 32.55 4.6
      vertex -35.2213 33.6713 4.6
    endloop
  endfacet
  facet normal 0 0 1
    outer loop
      vertex -34.1 -32.55 4.6
      vertex -34.6 -34.1481 4.6
      vertex -34.248 -34.3216 4.6
    endloop
  endfacet
  facet normal -0 0 1
    outer loop
      vertex -35.6981 33.05 4.6
      vertex -34.1 32.55 4.6
      vertex -35.4801 33.3763 4.6
    endloop
  endfacet
  facet normal 0 0 1
    outer loop
      vertex -34.1 -32.55 4.6
      vertex -34.9263 -33.9301 4.6
      vertex -34.6 -34.1481 4.6
    endloop
  endfacet
  facet normal -0 0 1
    outer loop
      vertex -35.8716 32.698 4.6
      vertex -34.1 32.55 4.6
      vertex -35.6981 33.05 4.6
    endloop
  endfacet
  facet normal 0 0 1
    outer loop
      vertex -34.1 -32.55 4.6
      vertex -35.2213 -33.6713 4.6
      vertex -34.9263 -33.9301 4.6
    endloop
  endfacet
  facet normal 0 0 1
    outer loop
      vertex -35.9978 32.3264 4.6
      vertex -34.1 32.55 4.6
      vertex -35.8716 32.698 4.6
    endloop
  endfacet
  facet normal 0 0 1
    outer loop
      vertex -34.1 -32.55 4.6
      vertex -35.4801 -33.3763 4.6
      vertex -35.2213 -33.6713 4.6
    endloop
  endfacet
  facet normal 0 0 1
    outer loop
      vertex -36.0743 31.9416 4.6
      vertex -34.1 32.55 4.6
      vertex -35.9978 32.3264 4.6
    endloop
  endfacet
  facet normal 0 0 1
    outer loop
      vertex -34.1 -32.55 4.6
      vertex -35.6981 -33.05 4.6
      vertex -35.4801 -33.3763 4.6
    endloop
  endfacet
  facet normal 0 0 1
    outer loop
      vertex -34.1 32.55 4.6
      vertex -36.0743 31.9416 4.6
      vertex -36.1 31.55 4.6
    endloop
  endfacet
  facet normal 0 0 1
    outer loop
      vertex -34.1 -32.55 4.6
      vertex -35.8716 -32.698 4.6
      vertex -35.6981 -33.05 4.6
    endloop
  endfacet
  facet normal 0 0 1
    outer loop
      vertex -34.1 -32.55 4.6
      vertex -35.9978 -32.3264 4.6
      vertex -35.8716 -32.698 4.6
    endloop
  endfacet
  facet normal 0 0 1
    outer loop
      vertex -34.1 -32.55 4.6
      vertex -36.0743 -31.9416 4.6
      vertex -35.9978 -32.3264 4.6
    endloop
  endfacet
  facet normal 1 0 0
    outer loop
      vertex -34.1 32.55 4.6
      vertex -34.1 30.1103 3
      vertex -34.1 32.55 1.2
    endloop
  endfacet
  facet normal 1 0 0
    outer loop
      vertex -34.1 32.55 4.6
      vertex -34.1 26.8897 3
      vertex -34.1 30.1103 3
    endloop
  endfacet
  facet normal 1 0 0
    outer loop
      vertex -34.1 26.8897 3
      vertex -34.1 -26.8897 3
      vertex -34.1 26.8897 1.2
    endloop
  endfacet
  facet normal 1 0 0
    outer loop
      vertex -34.1 32.55 4.6
      vertex -34.1 -26.8897 3
      vertex -34.1 26.8897 3
    endloop
  endfacet
  facet normal 1 -0 0
    outer loop
      vertex -34.1 -32.55 4.6
      vertex -34.1 -26.8897 3
      vertex -34.1 32.55 4.6
    endloop
  endfacet
  facet normal 1 0 0
    outer loop
      vertex -34.1 -26.8897 3
      vertex -34.1 -32.55 4.6
      vertex -34.1 -30.1103 3
    endloop
  endfacet
  facet normal 1 0 0
    outer loop
      vertex -34.1 -32.55 1.2
      vertex -34.1 -30.1103 3
      vertex -34.1 -32.55 4.6
    endloop
  endfacet
  facet normal 1 0 0
    outer loop
      vertex -34.1 -30.1103 3
      vertex -34.1 -32.55 1.2
      vertex -34.1 -30.1103 1.2
    endloop
  endfacet
  facet normal 1 0 0
    outer loop
      vertex -34.1 32.55 1.2
      vertex -34.1 30.1103 3
      vertex -34.1 30.1103 1.2
    endloop
  endfacet
  facet normal 1 0 0
    outer loop
      vertex -34.1 26.8897 1.2
      vertex -34.1 -26.8897 3
      vertex -34.1 -26.8897 1.2
    endloop
  endfacet
  facet normal 0 -1 0
    outer loop
      vertex -34.1 32.55 1.2
      vertex 34.1 32.55 4.6
      vertex -34.1 32.55 4.6
    endloop
  endfacet
  facet normal 0 -1 -0
    outer loop
      vertex 34.1 32.55 4.6
      vertex -34.1 32.55 1.2
      vertex 34.1 32.55 1.2
    endloop
  endfacet
  facet normal -1 0 0
    outer loop
      vertex 34.1 -30.1103 1.2
      vertex 34.1 -32.55 1.2
      vertex 34.1 -30.1103 3
    endloop
  endfacet
  facet normal -1 0 0
    outer loop
      vertex 34.1 26.8897 1.2
      vertex 34.1 -26.8897 1.2
      vertex 34.1 26.8897 3
    endloop
  endfacet
  facet normal -1 0 0
    outer loop
      vertex 34.1 30.1103 3
      vertex 34.1 32.55 1.2
      vertex 34.1 30.1103 1.2
    endloop
  endfacet
  facet normal -1 0 0
    outer loop
      vertex 34.1 32.55 1.2
      vertex 34.1 30.1103 3
      vertex 34.1 32.55 4.6
    endloop
  endfacet
  facet normal -1 0 0
    outer loop
      vertex 34.1 26.8897 3
      vertex 34.1 32.55 4.6
      vertex 34.1 30.1103 3
    endloop
  endfacet
  facet normal -1 0 0
    outer loop
      vertex 34.1 -26.8897 3
      vertex 34.1 26.8897 3
      vertex 34.1 -26.8897 1.2
    endloop
  endfacet
  facet normal -1 0 0
    outer loop
      vertex 34.1 26.8897 3
      vertex 34.1 -26.8897 3
      vertex 34.1 32.55 4.6
    endloop
  endfacet
  facet normal -1 0 0
    outer loop
      vertex 34.1 -32.55 4.6
      vertex 34.1 -26.8897 3
      vertex 34.1 -30.1103 3
    endloop
  endfacet
  facet normal -1 0 0
    outer loop
      vertex 34.1 -26.8897 3
      vertex 34.1 -32.55 4.6
      vertex 34.1 32.55 4.6
    endloop
  endfacet
  facet normal -1 0 0
    outer loop
      vertex 34.1 -32.55 4.6
      vertex 34.1 -30.1103 3
      vertex 34.1 -32.55 1.2
    endloop
  endfacet
  facet normal 0 1 -0
    outer loop
      vertex 34.1 -32.55 1.2
      vertex -34.1 -32.55 4.6
      vertex 34.1 -32.55 4.6
    endloop
  endfacet
  facet normal 0 1 0
    outer loop
      vertex -34.1 -32.55 4.6
      vertex 34.1 -32.55 1.2
      vertex -34.1 -32.55 1.2
    endloop
  endfacet
endsolid OpenSCAD_Model
